사고번호,사고일시,요일,시군구,사고내용,사망자수,중상자수,경상자수,부상신고자수,사고유형,법규위반,노면상태,기상상태,도로형태,가해운전자 차종,가해운전자 성별,가해운전자 연령,가해운전자 상해정도,피해운전자 차종,피해운전자 성별,피해운전자 연령,피해운전자 상해정도
2016011500100511,2016년 1월 15일 20시,금요일,대구광역시 달서구 대천동,경상사고,0,0,1,0,차대차 - 추돌,안전거리미확보,건조,맑음,교차로 - 교차로부근,승용,남,37세,상해없음,화물,남,42세,경상
2016011500100512,2016년 1월 15일 20시,금요일,대구광역시 달서구 호산동,중상사고,0,1,0,0,차대차 - 측면충돌,안전운전불이행,건조,맑음,단일로 - 기타,승용,남,57세,상해없음,자전거,여,20세,중상
2016011500100542,2016년 1월 15일 21시,금요일,대구광역시 남구 봉덕동,경상사고,0,0,1,0,차대사람 - 횡단중,안전운전불이행,건조,맑음,기타 - 기타,승용,남,34세,상해없음,보행자,남,62세,경상
2016011500100543,2016년 1월 15일 21시,금요일,대구광역시 북구 침산동,경상사고,0,0,1,0,차대차 - 측면직각충돌,차로위반,건조,맑음,단일로 - 기타,승용,여,44세,상해없음,승용,남,25세,경상
2016011500100573,2016년 1월 15일 22시,금요일,대구광역시 동구 신암동,경상사고,0,0,1,0,차대차 - 측면충돌,안전운전불이행,건조,맑음,교차로 - 교차로안,이륜,남,16세,경상,승용,남,42세,상해없음
2016011500100574,2016년 1월 15일 22시,금요일,대구광역시 동구 불로동,경상사고,0,0,1,0,차대차 - 측면직각충돌,안전운전불이행,건조,맑음,단일로 - 기타,승용,여,63세,상해없음,이륜,남,18세,경상
2016011500100575,2016년 1월 15일 22시,금요일,대구광역시 동구 신암동,경상사고,0,0,2,0,차대차 - 추돌,안전거리미확보,건조,맑음,단일로 - 기타,승용,남,60세,상해없음,승용,여,23세,경상
2016011500100604,2016년 1월 15일 23시,금요일,대구광역시 수성구 황금동,경상사고,0,0,4,0,차대차 - 측면직각충돌,차로위반,건조,맑음,교차로 - 교차로부근,승용,남,41세,기타불명,승용,남,58세,경상
2016011600100024,2016년 1월 16일 00시,토요일,대구광역시 동구 신암동,중상사고,0,1,0,0,차대사람 - 횡단중,안전운전불이행,건조,맑음,단일로 - 기타,승용,여,63세,상해없음,보행자,남,49세,중상
2016011600100049,2016년 1월 16일 01시,토요일,대구광역시 동구 검사동,중상사고,0,1,1,0,차대차 - 추돌,안전운전불이행,건조,맑음,교차로 - 교차로부근,승용,남,35세,상해없음,승용,남,42세,중상
2016011600100050,2016년 1월 16일 01시,토요일,대구광역시 달서구 이곡동,경상사고,0,0,1,0,차대사람 - 횡단중,안전운전불이행,건조,맑음,교차로 - 교차로안,승용,남,47세,상해없음,보행자,여,26세,경상
2016011600100051,2016년 1월 16일 01시,토요일,대구광역시 북구 매천동,중상사고,0,1,1,0,차대차 - 측면충돌,안전거리미확보,건조,맑음,단일로 - 기타,승용,남,48세,상해없음,승용,남,47세,중상
2016011600100072,2016년 1월 16일 02시,토요일,대구광역시 달서구 본동,중상사고,0,1,0,0,차대사람 - 횡단중,안전운전불이행,건조,맑음,단일로 - 기타,승용,남,27세,상해없음,보행자,남,40세,중상
2016011600100073,2016년 1월 16일 02시,토요일,대구광역시 서구 중리동,경상사고,0,0,2,0,차대차 - 추돌,안전운전불이행,건조,맑음,단일로 - 기타,화물,남,43세,상해없음,승용,남,23세,경상
2016011600100087,2016년 1월 16일 03시,토요일,대구광역시 달서구 용산동,경상사고,0,0,1,0,차대차 - 측면충돌,안전거리미확보,건조,맑음,단일로 - 기타,승용,남,58세,상해없음,승합,남,40세,경상
2016011600100096,2016년 1월 16일 04시,토요일,대구광역시 수성구 지산동,사망사고,2,0,0,0,차량단독 - 전도전복,안전운전불이행,건조,맑음,교차로 - 교차로부근,원동기,남,17세,사망,,,,
2016011600100181,2016년 1월 16일 09시,토요일,대구광역시 수성구 만촌동,경상사고,0,0,1,0,차대차 - 측면직각충돌,안전운전불이행,건조,맑음,단일로 - 기타,승용,남,37세,상해없음,승용,남,64세,경상
2016011600100182,2016년 1월 16일 09시,토요일,대구광역시 달서구 진천동,경상사고,0,0,1,0,차대사람 - 기타,안전운전불이행,건조,맑음,단일로 - 기타,승용,여,74세,상해없음,보행자,여,59세,경상
2016011600100183,2016년 1월 16일 09시,토요일,대구광역시 달성군 가창면,중상사고,0,1,0,0,차대차 - 측면직각충돌,신호위반,건조,맑음,교차로 - 교차로안,승용,남,79세,상해없음,승용,여,61세,중상
2016011600100184,2016년 1월 16일 09시,토요일,대구광역시 중구 태평로1가,경상사고,0,0,2,0,차대차 - 정면충돌,안전거리미확보,건조,맑음,단일로 - 기타,화물,남,62세,상해없음,승합,남,35세,경상
2016011600100185,2016년 1월 16일 09시,토요일,대구광역시 북구 태전동,경상사고,0,0,1,0,차량단독 - 공작물충돌,안전운전불이행,건조,맑음,단일로 - 기타,화물,남,23세,경상,,,,
2016011600100211,2016년 1월 16일 10시,토요일,대구광역시 달성군 다사읍,중상사고,0,1,0,0,차대사람 - 횡단중,안전운전불이행,건조,맑음,교차로 - 교차로부근,승용,여,47세,상해없음,보행자,남,13세,중상
2016011600100212,2016년 1월 16일 10시,토요일,대구광역시 서구 비산동,경상사고,0,0,2,0,차대차 - 추돌,안전운전불이행,건조,맑음,단일로 - 기타,승용,남,30세,상해없음,승합,남,55세,경상
2016011600100234,2016년 1월 16일 11시,토요일,대구광역시 수성구 범물동,중상사고,0,2,2,0,차대차 - 측면직각충돌,직진우회전진행방해,건조,맑음,교차로 - 교차로안,승용,남,78세,기타불명,승용,남,56세,중상
2016011600100235,2016년 1월 16일 11시,토요일,대구광역시 달서구 송현동,중상사고,0,1,0,0,차대차 - 기타,중앙선침범,건조,맑음,단일로 - 기타,승용,남,42세,상해없음,이륜,남,37세,중상
2016011600100266,2016년 1월 16일 12시,토요일,대구광역시 동구 검사동,경상사고,0,0,1,0,차대사람 - 횡단중,안전운전불이행,건조,맑음,교차로 - 교차로안,승용,남,34세,상해없음,보행자,남,24세,경상
2016011600100267,2016년 1월 16일 12시,토요일,대구광역시 동구 신암동,경상사고,0,0,1,0,차량단독 - 기타,기타,건조,맑음,단일로 - 기타,승합,남,60세,상해없음,,,,
2016011600100268,2016년 1월 16일 12시,토요일,대구광역시 달서구 감삼동,중상사고,0,1,0,0,차대차 - 측면충돌,불법유턴,건조,맑음,단일로 - 기타,이륜,남,45세,중상,화물,남,42세,상해없음
2016011600100298,2016년 1월 16일 13시,토요일,대구광역시 동구 신서동,경상사고,0,0,1,1,차대차 - 측면충돌,신호위반,건조,맑음,교차로 - 교차로안,승용,남,68세,부상신고,승용,남,62세,경상
2016011600100318,2016년 1월 16일 14시,토요일,대구광역시 수성구 황금동,중상사고,0,2,1,0,차대차 - 측면충돌,신호위반,건조,맑음,교차로 - 교차로안,건설기계,남,53세,상해없음,승용,남,27세,경상
2016011600100345,2016년 1월 16일 15시,토요일,대구광역시 중구 동인동1가,중상사고,0,1,0,0,차대차 - 기타,신호위반,건조,맑음,교차로 - 교차로안,승용,남,29세,상해없음,승용,여,24세,중상
2016011600100346,2016년 1월 16일 15시,토요일,대구광역시 중구 삼덕동2가,경상사고,0,0,1,0,차대사람 - 횡단중,안전운전불이행,건조,맑음,단일로 - 기타,승용,남,37세,상해없음,보행자,여,61세,경상
2016011600100347,2016년 1월 16일 15시,토요일,대구광역시 달서구 본리동,경상사고,0,0,1,0,차대차 - 측면충돌,안전거리미확보,건조,맑음,교차로 - 교차로부근,승용,여,49세,상해없음,승용,남,59세,경상
2016011600100370,2016년 1월 16일 16시,토요일,대구광역시 수성구 범어동,경상사고,0,0,2,0,차대차 - 측면충돌,안전운전불이행,건조,맑음,교차로 - 교차로부근,화물,남,23세,상해없음,승용,여,42세,경상
2016011600100371,2016년 1월 16일 16시,토요일,대구광역시 달성군 가창면,경상사고,0,0,2,0,차대차 - 정면충돌,안전운전불이행,건조,맑음,교차로 - 교차로부근,승용,남,51세,상해없음,승용,남,28세,경상
2016011600100402,2016년 1월 16일 17시,토요일,대구광역시 달서구 상인동,중상사고,0,1,0,0,차대차 - 측면충돌,안전운전불이행,건조,맑음,교차로 - 교차로부근,화물,남,22세,상해없음,자전거,남,70세,중상
2016011600100403,2016년 1월 16일 17시,토요일,대구광역시 서구 평리동,경상사고,0,0,1,0,차대차 - 측면충돌,안전운전불이행,건조,맑음,단일로 - 기타,이륜,남,16세,경상,승용,남,31세,상해없음
2016011600100404,2016년 1월 16일 17시,토요일,대구광역시 북구 국우동,경상사고,0,0,1,0,차량단독 - 기타,안전운전불이행,건조,맑음,단일로 - 기타,승합,남,52세,상해없음,,,,
2016011600100452,2016년 1월 16일 18시,토요일,대구광역시 북구 사수동,경상사고,0,0,5,0,차대차 - 추돌,안전운전불이행,건조,맑음,단일로 - 기타,승용,남,64세,상해없음,승용,남,51세,경상
2016011600100456,2016년 1월 16일 18시,토요일,대구광역시 동구 신천동,경상사고,0,0,1,0,차대차 - 측면충돌,교차로운행방법위반,건조,맑음,교차로 - 교차로안,이륜,남,21세,경상,승용,남,50세,상해없음
2016011600100457,2016년 1월 16일 18시,토요일,대구광역시 수성구 범물동,중상사고,0,1,0,0,차대차 - 측면충돌,안전운전불이행,건조,맑음,기타 - 기타,승용,남,44세,상해없음,이륜,남,48세,중상
2016011600100458,2016년 1월 16일 18시,토요일,대구광역시 동구 효목동,경상사고,0,0,2,0,차대차 - 측면충돌,교차로운행방법위반,건조,맑음,교차로 - 교차로부근,승용,남,65세,상해없음,승용,남,44세,상해없음
2016011600100459,2016년 1월 16일 18시,토요일,대구광역시 북구 침산동,중상사고,0,1,0,0,차대차 - 측면직각충돌,안전운전불이행,건조,맑음,교차로 - 교차로부근,승용,여,43세,상해없음,이륜,남,17세,중상
2016011600100460,2016년 1월 16일 18시,토요일,대구광역시 서구 이현동,중상사고,0,1,0,0,차대차 - 측면충돌,불법유턴,건조,맑음,단일로 - 기타,자전거,남,61세,중상,승용,남,58세,상해없음
2016011600100499,2016년 1월 16일 19시,토요일,대구광역시 수성구 매호동,중상사고,0,1,0,0,차대사람 - 횡단중,안전운전불이행,건조,맑음,교차로 - 교차로부근,화물,남,58세,상해없음,보행자,남,41세,중상
2016011600100500,2016년 1월 16일 19시,토요일,대구광역시 달서구 월성동,중상사고,0,1,4,0,차대차 - 추돌,안전운전불이행,건조,맑음,단일로 - 기타,승용,남,42세,기타불명,승용,여,50세,경상
2016011600100501,2016년 1월 16일 19시,토요일,대구광역시 달성군 다사읍서재출장,경상사고,0,0,1,0,차대차 - 측면충돌,안전운전불이행,건조,맑음,교차로 - 교차로안,승용,남,56세,기타불명,이륜,남,24세,경상
2016011600100502,2016년 1월 16일 19시,토요일,대구광역시 중구 달성동,경상사고,0,0,2,0,차대차 - 측면직각충돌,안전운전불이행,건조,맑음,교차로 - 교차로부근,승용,남,27세,상해없음,승용,남,50세,경상
2016011600100503,2016년 1월 16일 19시,토요일,대구광역시 달서구 이곡동,경상사고,0,0,1,0,차대차 - 측면충돌,안전거리미확보,건조,맑음,단일로 - 기타,승용,남,33세,상해없음,이륜,남,35세,경상
2016011600100504,2016년 1월 16일 19시,토요일,대구광역시 북구 서변동,경상사고,0,0,2,0,차대차 - 측면충돌,안전운전불이행,건조,맑음,단일로 - 기타,승용,남,61세,상해없음,승용,남,55세,경상
2016011600100548,2016년 1월 16일 20시,토요일,대구광역시 북구 관음동,경상사고,0,0,1,0,차대사람 - 기타,안전운전불이행,건조,맑음,기타 - 기타,승용,여,40세,기타불명,보행자,남,21세,경상
2016011600100585,2016년 1월 16일 21시,토요일,대구광역시 동구 신암동,경상사고,0,0,1,0,차대사람 - 횡단중,안전운전불이행,건조,맑음,단일로 - 기타,승용,남,58세,상해없음,보행자,여,26세,경상
2016011600100586,2016년 1월 16일 21시,토요일,대구광역시 서구 비산동,중상사고,0,1,0,0,차대사람 - 기타,안전운전불이행,건조,맑음,단일로 - 기타,승용,여,60세,상해없음,보행자,남,55세,중상
2016011600100587,2016년 1월 16일 21시,토요일,대구광역시 달서구 신당동,경상사고,0,0,1,0,차대차 - 측면충돌,안전거리미확보,건조,흐림,교차로 - 교차로부근,이륜,남,21세,경상,승용,남,52세,상해없음
2016011600100588,2016년 1월 16일 21시,토요일,대구광역시 달서구 감삼동,경상사고,0,0,7,0,차대차 - 추돌,안전운전불이행,건조,맑음,단일로 - 기타,승용,남,46세,상해없음,승용,남,46세,경상
2016011600100589,2016년 1월 16일 21시,토요일,대구광역시 북구 태전동,부상신고사고,0,0,0,1,차대차 - 측면충돌,안전거리미확보,건조,맑음,단일로 - 기타,승용,남,44세,상해없음,원동기,남,20세,부상신고
2016011600100616,2016년 1월 16일 22시,토요일,대구광역시 북구 읍내동,부상신고사고,0,0,0,1,차대차 - 기타,안전운전불이행,건조,맑음,단일로 - 기타,이륜,남,27세,부상신고,이륜,남,40세,상해없음
2016011600100642,2016년 1월 16일 23시,토요일,대구광역시 동구 신천동,중상사고,0,1,0,0,차대차 - 정면충돌,신호위반,건조,맑음,교차로 - 교차로안,승용,여,61세,상해없음,승용,남,25세,중상
2016011600100643,2016년 1월 16일 23시,토요일,대구광역시 수성구 수성동3가,경상사고,0,0,2,0,차대차 - 측면직각충돌,안전거리미확보,건조,맑음,단일로 - 기타,승용,남,52세,상해없음,승용,남,65세,경상
2016011600100644,2016년 1월 16일 23시,토요일,대구광역시 북구 구암동,경상사고,0,0,1,1,차대차 - 측면직각충돌,신호위반,건조,맑음,교차로 - 교차로안,화물,남,47세,부상신고,승용,남,21세,경상
2016011700100022,2016년 1월 17일 00시,일요일,대구광역시 북구 금호동,경상사고,0,0,1,0,차대차 - 측면충돌,안전운전불이행,건조,맑음,단일로 - 기타,승용,남,57세,상해없음,승용,남,48세,상해없음
2016011700100040,2016년 1월 17일 01시,일요일,대구광역시 수성구 지산동,경상사고,0,0,1,0,차대사람 - 기타,안전운전불이행,건조,맑음,단일로 - 기타,승용,남,22세,상해없음,보행자,남,33세,경상
2016011700100073,2016년 1월 17일 03시,일요일,대구광역시 남구 봉덕동,중상사고,0,1,1,0,차대차 - 정면충돌,신호위반,건조,맑음,교차로 - 교차로안,승용,남,56세,상해없음,승용,남,66세,중상
2016011700100074,2016년 1월 17일 03시,일요일,대구광역시 남구 대명동,중상사고,0,1,0,0,차대차 - 측면충돌,안전운전불이행,건조,맑음,교차로 - 교차로부근,승용,남,27세,상해없음,승용,여,42세,중상
2016011700100075,2016년 1월 17일 03시,일요일,대구광역시 달서구 상인동,경상사고,0,0,1,0,차량단독 - 공작물충돌,안전운전불이행,건조,맑음,교차로 - 교차로안,승용,남,22세,경상,,,,
2016011700100076,2016년 1월 17일 03시,일요일,대구광역시 서구 비산동,경상사고,0,0,1,0,차량단독 - 전도전복,안전운전불이행,건조,맑음,단일로 - 기타,승용,남,29세,경상,,,,
2016011700100077,2016년 1월 17일 03시,일요일,대구광역시 달서구 본리동,경상사고,0,0,1,0,차대사람 - 횡단중,안전운전불이행,건조,맑음,단일로 - 기타,승용,남,42세,상해없음,보행자,남,52세,경상
2016011700100100,2016년 1월 17일 05시,일요일,대구광역시 달서구 진천동,부상신고사고,0,0,0,1,차대차 - 기타,안전운전불이행,건조,맑음,교차로 - 교차로안,이륜,남,30세,부상신고,승용,남,46세,상해없음
2016011700100101,2016년 1월 17일 05시,일요일,대구광역시 중구 봉산동,부상신고사고,0,0,0,1,차량단독 - 공작물충돌,안전운전불이행,건조,맑음,단일로 - 기타,이륜,남,24세,부상신고,,,,
2016011700100121,2016년 1월 17일 06시,일요일,대구광역시 남구 이천동,중상사고,0,1,0,0,차대사람 - 기타,안전운전불이행,건조,맑음,단일로 - 기타,기타불명,기타불명,기타불명,기타불명,보행자,남,21세,중상
2016011700100122,2016년 1월 17일 06시,일요일,대구광역시 수성구 시지동,중상사고,0,1,0,0,차대사람 - 횡단중,안전운전불이행,건조,맑음,교차로 - 교차로부근,승용,기타불명,기타불명,기타불명,보행자,여,71세,중상
2016011700100131,2016년 1월 17일 07시,일요일,대구광역시 동구 신암동,경상사고,0,0,1,0,차대차 - 측면직각충돌,안전운전불이행,건조,맑음,단일로 - 기타,승용,남,67세,상해없음,승용,남,30세,경상
2016011700100141,2016년 1월 17일 08시,일요일,대구광역시 북구 국우동,경상사고,0,0,4,0,차대차 - 측면충돌,안전운전불이행,건조,맑음,단일로 - 기타,승용,남,39세,상해없음,승용,남,42세,경상
2016011700100198,2016년 1월 17일 12시,일요일,대구광역시 달성군 옥포면,중상사고,0,2,0,0,차대차 - 정면충돌,중앙선침범,습기,비,단일로 - 기타,승용,남,41세,상해없음,승용,남,64세,중상
2016011700100199,2016년 1월 17일 12시,일요일,대구광역시 북구 구암동,경상사고,0,0,2,0,차대차 - 추돌,안전운전불이행,건조,맑음,교차로 - 교차로부근,승용,여,49세,상해없음,승용,여,51세,경상
2016011700100222,2016년 1월 17일 13시,일요일,대구광역시 동구 용계동,경상사고,0,0,1,0,차대차 - 측면충돌,신호위반,건조,맑음,교차로 - 교차로안,승용,남,32세,상해없음,원동기,남,48세,경상
2016011700100223,2016년 1월 17일 13시,일요일,대구광역시 서구 상리동,중상사고,0,1,1,0,차대차 - 정면충돌,직진우회전진행방해,건조,맑음,교차로 - 교차로안,승용,남,37세,상해없음,승용,여,56세,경상
2016011700100241,2016년 1월 17일 14시,일요일,대구광역시 수성구 만촌동,경상사고,0,0,1,0,차대차 - 추돌,교차로운행방법위반,건조,맑음,교차로 - 교차로부근,승용,여,37세,상해없음,승용,남,40세,경상
2016011700100242,2016년 1월 17일 14시,일요일,대구광역시 달성군 화원읍,경상사고,0,0,1,0,차대차 - 측면직각충돌,안전운전불이행,건조,맑음,교차로 - 교차로부근,이륜,남,79세,경상,승합,남,52세,상해없음
2016011700100243,2016년 1월 17일 14시,일요일,대구광역시 달서구 이곡동,경상사고,0,0,1,0,차대차 - 추돌,안전운전불이행,습기,비,단일로 - 기타,승용,남,38세,상해없음,승용,남,32세,경상
2016011700100262,2016년 1월 17일 15시,일요일,대구광역시 수성구 범어동,중상사고,0,2,1,0,차대차 - 측면충돌,안전운전불이행,건조,맑음,단일로 - 기타,승용,남,31세,상해없음,승용,여,42세,중상
2016011700100263,2016년 1월 17일 15시,일요일,대구광역시 달서구 본리동,경상사고,0,0,1,0,차대사람 - 횡단중,안전운전불이행,건조,맑음,교차로 - 교차로부근,승용,남,54세,상해없음,보행자,남,43세,경상
2016011700100264,2016년 1월 17일 15시,일요일,대구광역시 달서구 두류동,중상사고,0,1,3,0,차대차 - 추돌,안전운전불이행,건조,맑음,교차로 - 교차로부근,승용,남,53세,상해없음,승용,남,53세,중상
2016011700100287,2016년 1월 17일 16시,일요일,대구광역시 달서구 상인동,경상사고,0,0,1,0,차대차 - 추돌,안전운전불이행,습기,비,교차로 - 교차로부근,원동기,남,23세,경상,승용,여,36세,상해없음
2016011700100288,2016년 1월 17일 16시,일요일,대구광역시 달성군 다사읍,경상사고,0,0,1,0,차대차 - 정면충돌,안전운전불이행,건조,맑음,교차로 - 교차로부근,승용,여,62세,상해없음,승용,여,36세,경상
2016011700100289,2016년 1월 17일 16시,일요일,대구광역시 북구 태전동,경상사고,0,0,1,0,차대차 - 추돌,안전운전불이행,습기,비,단일로 - 기타,승용,남,50세,상해없음,승용,여,51세,경상
2016011700100290,2016년 1월 17일 16시,일요일,대구광역시 북구 동천동,경상사고,0,0,1,0,차대차 - 추돌,안전운전불이행,건조,맑음,교차로 - 교차로부근,승용,남,50세,상해없음,이륜,남,29세,경상
2016011700100358,2016년 1월 17일 18시,일요일,대구광역시 동구 율하동,중상사고,0,1,1,1,차대사람 - 횡단중,보행자보호의무위반,습기,비,교차로 - 교차로안,이륜,남,18세,부상신고,보행자,남,45세,중상
2016011700100359,2016년 1월 17일 18시,일요일,대구광역시 북구 동호동,경상사고,0,0,2,0,차대차 - 측면충돌,안전운전불이행,건조,맑음,교차로 - 교차로부근,승용,남,62세,상해없음,승용,여,55세,경상
2016011700100403,2016년 1월 17일 19시,일요일,대구광역시 수성구 신매동,경상사고,0,0,1,0,차대차 - 측면충돌,기타,습기,비,단일로 - 기타,승용,남,42세,상해없음,원동기,남,17세,경상
2016011700100404,2016년 1월 17일 19시,일요일,대구광역시 수성구 사월동,경상사고,0,0,4,0,차대차 - 추돌,안전운전불이행,건조,맑음,교차로 - 교차로부근,승용,남,49세,상해없음,승용,남,57세,경상
2016011700100405,2016년 1월 17일 19시,일요일,대구광역시 달서구 진천동,경상사고,0,0,1,0,차대차 - 기타,차로위반,습기,비,단일로 - 기타,승용,남,59세,상해없음,이륜,남,20세,경상
2016011700100406,2016년 1월 17일 19시,일요일,대구광역시 달서구 감삼동,경상사고,0,0,1,0,차대차 - 기타,안전거리미확보,건조,맑음,단일로 - 기타,기타불명,기타불명,40세,기타불명,이륜,여,52세,경상
2016011700100452,2016년 1월 17일 20시,일요일,대구광역시 달서구 송현동,부상신고사고,0,0,0,1,차대사람 - 기타,안전운전불이행,습기,비,단일로 - 기타,이륜,기타불명,기타불명,기타불명,보행자,여,23세,부상신고
2016011700100453,2016년 1월 17일 20시,일요일,대구광역시 달서구 본동,경상사고,0,0,3,0,차대차 - 기타,안전거리미확보,습기,비,단일로 - 기타,승용,남,57세,상해없음,화물,남,34세,경상
2016011700100454,2016년 1월 17일 20시,일요일,대구광역시 달서구 송현동,경상사고,0,0,1,0,차대차 - 측면충돌,직진우회전진행방해,건조,맑음,교차로 - 교차로안,승용,남,30세,상해없음,원동기,남,25세,경상
2016011700100455,2016년 1월 17일 20시,일요일,대구광역시 달서구 진천동,경상사고,0,0,2,0,차대차 - 정면충돌,중앙선침범,습기,비,단일로 - 기타,승용,남,42세,상해없음,승용,남,58세,경상
2016011700100456,2016년 1월 17일 20시,일요일,대구광역시 달서구 본리동,경상사고,0,0,1,0,차대차 - 추돌,안전운전불이행,습기,비,단일로 - 기타,승용,남,42세,상해없음,승용,여,31세,경상
2016011700100457,2016년 1월 17일 20시,일요일,대구광역시 달서구 두류동,중상사고,0,1,0,0,차대사람 - 횡단중,안전운전불이행,습기,비,교차로 - 교차로부근,승용,남,54세,상해없음,보행자,여,59세,중상
2016011700100478,2016년 1월 17일 21시,일요일,대구광역시 수성구 만촌동,경상사고,0,0,2,0,차대차 - 추돌,안전운전불이행,습기,비,교차로 - 교차로안,승용,여,36세,상해없음,승용,남,45세,경상
2016011700100506,2016년 1월 17일 22시,일요일,대구광역시 서구 내당동,중상사고,0,1,0,0,차대사람 - 차도통행중,안전운전불이행,습기,비,교차로 - 교차로부근,승용,남,61세,상해없음,보행자,남,27세,중상
2016011800100021,2016년 1월 18일 01시,월요일,대구광역시 북구 침산동,경상사고,0,0,2,0,차량단독 - 공작물충돌,안전운전불이행,습기,비,미분류 - 미분류,승용,남,56세,기타불명,,,,
2016011800100025,2016년 1월 18일 02시,월요일,대구광역시 달서구 본동,경상사고,0,0,1,0,차대차 - 기타,안전거리미확보,습기,비,단일로 - 기타,승용,남,47세,상해없음,승용,남,58세,상해없음
2016011800100026,2016년 1월 18일 02시,월요일,대구광역시 북구 노원동3가,경상사고,0,0,1,0,차대차 - 측면충돌,안전운전불이행,건조,맑음,단일로 - 기타,승용,남,35세,기타불명,승용,여,28세,기타불명
2016011800100077,2016년 1월 18일 06시,월요일,대구광역시 남구 봉덕동,경상사고,0,0,1,0,차대차 - 정면충돌,중앙선침범,건조,맑음,단일로 - 기타,승용,남,28세,상해없음,승합,남,49세,경상
2016011800100078,2016년 1월 18일 06시,월요일,대구광역시 중구 남산동,중상사고,0,1,0,0,차대차 - 정면충돌,안전운전불이행,건조,맑음,단일로 - 기타,승합,남,47세,상해없음,원동기,남,69세,중상
2016011800100117,2016년 1월 18일 07시,월요일,대구광역시 서구 평리동,중상사고,0,1,2,0,차대차 - 측면충돌,안전운전불이행,건조,맑음,단일로 - 기타,승용,남,47세,경상,승용,남,64세,경상
2016011800100151,2016년 1월 18일 08시,월요일,대구광역시 달서구 용산동,경상사고,0,0,1,0,차대차 - 추돌,안전운전불이행,건조,맑음,단일로 - 기타,승용,남,28세,상해없음,승용,남,50세,경상
2016011800100206,2016년 1월 18일 10시,월요일,대구광역시 수성구 중동,경상사고,0,0,1,0,차대차 - 측면충돌,신호위반,건조,맑음,교차로 - 교차로안,승용,남,67세,상해없음,승용,남,65세,경상
2016011800100207,2016년 1월 18일 10시,월요일,대구광역시 수성구 범어동,경상사고,0,0,1,0,차대차 - 추돌,안전운전불이행,건조,맑음,단일로 - 기타,화물,남,55세,기타불명,승용,여,27세,경상
2016011800100208,2016년 1월 18일 10시,월요일,대구광역시 달성군 화원읍,중상사고,0,1,0,0,차대사람 - 횡단중,안전운전불이행,건조,맑음,단일로 - 기타,승합,남,24세,상해없음,보행자,여,74세,중상
2016011800100209,2016년 1월 18일 10시,월요일,대구광역시 달성군 유가면,중상사고,0,1,0,0,차대차 - 정면충돌,안전운전불이행,건조,맑음,교차로 - 교차로안,화물,남,57세,상해없음,이륜,남,70세,중상
2016011800100263,2016년 1월 18일 12시,월요일,대구광역시 동구 신서동,경상사고,0,0,1,0,차대차 - 측면충돌,교차로운행방법위반,건조,맑음,교차로 - 교차로안,승용,여,43세,경상,화물,남,55세,상해없음
2016011800100264,2016년 1월 18일 12시,월요일,대구광역시 수성구 두산동,중상사고,0,1,0,0,차대차 - 추돌,안전거리미확보,건조,맑음,단일로 - 기타,승용,남,24세,상해없음,승용,남,63세,중상
2016011800100355,2016년 1월 18일 15시,월요일,대구광역시 달서구 진천동,경상사고,0,0,1,0,차대사람 - 횡단중,안전운전불이행,건조,맑음,교차로 - 교차로안,승용,남,64세,상해없음,보행자,여,9세,경상
2016011800100356,2016년 1월 18일 15시,월요일,대구광역시 중구 동문동,경상사고,0,0,1,0,차대차 - 기타,안전운전불이행,건조,맑음,교차로 - 교차로부근,승용,여,42세,상해없음,자전거,남,57세,경상
2016011800100391,2016년 1월 18일 16시,월요일,대구광역시 수성구 범어동,중상사고,0,2,0,0,차대차 - 측면충돌,안전운전불이행,건조,맑음,단일로 - 기타,승용,여,40세,상해없음,승용,남,39세,중상
2016011800100392,2016년 1월 18일 16시,월요일,대구광역시 북구 구암동,사망사고,1,0,0,0,차대차 - 측면직각충돌,신호위반,건조,맑음,단일로 - 횡단보도상,승합,남,41세,상해없음,자전거,남,63세,사망
2016011800100430,2016년 1월 18일 17시,월요일,대구광역시 남구 봉덕동,경상사고,0,0,1,0,차대차 - 기타,안전운전불이행,건조,맑음,단일로 - 기타,승용,남,28세,상해없음,이륜,남,34세,경상
2016011800100431,2016년 1월 18일 17시,월요일,대구광역시 중구 태평로1가,경상사고,0,0,1,0,차대차 - 측면충돌,안전운전불이행,건조,맑음,단일로 - 기타,승용,여,39세,상해없음,자전거,여,8세,경상
2016011800100485,2016년 1월 18일 18시,월요일,대구광역시 남구 봉덕동,중상사고,0,2,0,0,차대차 - 추돌,안전운전불이행,건조,맑음,단일로 - 기타,승용,여,50세,상해없음,승용,여,47세,중상
2016011800100486,2016년 1월 18일 18시,월요일,대구광역시 달서구 상인동,경상사고,0,0,1,0,차대차 - 추돌,안전운전불이행,건조,맑음,교차로 - 교차로안,승합,남,50세,상해없음,원동기,남,34세,경상
2016011800100487,2016년 1월 18일 18시,월요일,대구광역시 달서구 상인동,경상사고,0,0,1,0,차대차 - 측면직각충돌,교차로운행방법위반,건조,맑음,교차로 - 교차로안,승용,여,44세,상해없음,승용,여,43세,경상
2016011800100488,2016년 1월 18일 18시,월요일,대구광역시 서구 비산동,경상사고,0,0,1,0,차대차 - 추돌,안전운전불이행,건조,맑음,단일로 - 기타,이륜,남,44세,상해없음,자전거,남,55세,경상