사고번호,사고일시,요일,시군구,사고내용,사망자수,중상자수,경상자수,부상신고자수,사고유형,법규위반,노면상태,기상상태,도로형태,가해운전자 차종,가해운전자 성별,가해운전자 연령,가해운전자 상해정도,피해운전자 차종,피해운전자 성별,피해운전자 연령,피해운전자 상해정도
2016011800100489,2016년 1월 18일 18시,월요일,대구광역시 중구 동산동,부상신고사고,0,0,0,2,차대차 - 측면충돌,안전운전불이행,건조,맑음,교차로 - 교차로부근,승용,남,57세,부상신고,승용,남,66세,상해없음
2016011800100490,2016년 1월 18일 18시,월요일,대구광역시 북구 구암동,중상사고,0,1,0,0,차대차 - 측면충돌,안전운전불이행,건조,맑음,교차로 - 교차로부근,승용,남,33세,기타불명,승용,여,29세,중상
2016011800100523,2016년 1월 18일 19시,월요일,대구광역시 서구 평리동,경상사고,0,0,4,0,차대차 - 추돌,안전운전불이행,건조,맑음,단일로 - 기타,승용,남,60세,상해없음,화물,남,49세,경상
2016011800100524,2016년 1월 18일 19시,월요일,대구광역시 서구 비산동,경상사고,0,0,1,0,차대사람 - 횡단중,안전운전불이행,건조,맑음,교차로 - 교차로안,화물,남,50세,상해없음,보행자,남,53세,경상
2016011800100525,2016년 1월 18일 19시,월요일,대구광역시 달서구 용산동,경상사고,0,0,1,0,차대차 - 측면충돌,신호위반,건조,맑음,교차로 - 교차로안,승용,남,69세,상해없음,이륜,남,19세,경상
2016011800100550,2016년 1월 18일 20시,월요일,대구광역시 달서구 용산동,중상사고,0,1,0,0,차대차 - 기타,안전운전불이행,건조,맑음,단일로 - 기타,승용,여,49세,상해없음,자전거,남,15세,중상
2016011800100571,2016년 1월 18일 21시,월요일,대구광역시 북구 칠성동2가,경상사고,0,0,1,1,차대차 - 기타,안전거리미확보,건조,맑음,단일로 - 기타,이륜,남,19세,부상신고,승용,남,75세,상해없음
2016011800100572,2016년 1월 18일 21시,월요일,대구광역시 북구 산격동,경상사고,0,0,1,0,차대차 - 측면직각충돌,안전운전불이행,건조,맑음,교차로 - 교차로부근,승용,남,32세,상해없음,승용,여,66세,경상
2016011800100573,2016년 1월 18일 21시,월요일,대구광역시 북구 복현동,경상사고,0,0,1,0,차대사람 - 횡단중,보행자보호의무위반,건조,맑음,교차로 - 교차로안,승용,남,49세,상해없음,보행자,여,68세,경상
2016011800100600,2016년 1월 18일 22시,월요일,대구광역시 동구 율하동,경상사고,0,0,2,0,차대차 - 측면직각충돌,교차로운행방법위반,건조,맑음,교차로 - 교차로안,승용,여,58세,경상,승용,여,55세,경상
2016011800100628,2016년 1월 18일 23시,월요일,대구광역시 동구 신천동,중상사고,0,1,0,1,차대차 - 추돌,안전운전불이행,건조,맑음,단일로 - 기타,승용,남,67세,부상신고,이륜,남,27세,중상
2016011900100010,2016년 1월 19일 00시,화요일,대구광역시 북구 산격동,경상사고,0,0,3,0,차대차 - 측면충돌,불법유턴,건조,맑음,단일로 - 기타,승용,남,60세,상해없음,승용,남,19세,경상
2016011900100011,2016년 1월 19일 00시,화요일,대구광역시 중구 공평동,경상사고,0,0,1,0,차대차 - 측면직각충돌,안전거리미확보,건조,맑음,단일로 - 기타,승용,여,42세,상해없음,원동기,남,30세,경상
2016011900100029,2016년 1월 19일 01시,화요일,대구광역시 수성구 파동,중상사고,0,1,0,0,차대차 - 측면직각충돌,안전운전불이행,건조,맑음,교차로 - 교차로안,승용,남,67세,상해없음,승용,남,24세,중상
2016011900100050,2016년 1월 19일 04시,화요일,대구광역시 동구 신암동,경상사고,0,0,4,0,차대차 - 측면충돌,차로위반,건조,맑음,교차로 - 교차로안,승용,남,36세,상해없음,승용,남,18세,경상
2016011900100051,2016년 1월 19일 04시,화요일,대구광역시 수성구 범물동,경상사고,0,0,1,0,차대차 - 정면충돌,신호위반,건조,맑음,교차로 - 교차로부근,승용,여,48세,기타불명,승용,남,44세,경상
2016011900100059,2016년 1월 19일 05시,화요일,대구광역시 수성구 두산동,중상사고,0,1,0,0,차대사람 - 기타,보행자보호의무위반,건조,맑음,단일로 - 횡단보도상,승용,여,44세,상해없음,보행자,여,90세 이상,중상
2016011900100060,2016년 1월 19일 05시,화요일,대구광역시 달서구 성당동,경상사고,0,0,3,0,차대차 - 측면직각충돌,안전운전불이행,건조,맑음,단일로 - 기타,승용,남,59세,상해없음,승용,남,59세,경상
2016011900100071,2016년 1월 19일 06시,화요일,대구광역시 서구 내당동,경상사고,0,0,1,0,차대차 - 측면충돌,안전거리미확보,건조,맑음,단일로 - 기타,승용,남,73세,상해없음,원동기,남,47세,경상
2016011900100072,2016년 1월 19일 06시,화요일,대구광역시 서구 중리동,경상사고,0,0,1,0,차대차 - 측면직각충돌,교차로운행방법위반,건조,맑음,교차로 - 교차로안,화물,남,35세,상해없음,승용,남,44세,경상
2016011900100123,2016년 1월 19일 08시,화요일,대구광역시 서구 평리동,중상사고,0,1,0,0,차대차 - 측면충돌,안전운전불이행,건조,맑음,단일로 - 기타,승용,여,58세,상해없음,이륜,남,49세,중상
2016011900100124,2016년 1월 19일 08시,화요일,대구광역시 중구 남산동,경상사고,0,0,1,1,차대차 - 정면충돌,신호위반,건조,맑음,교차로 - 교차로안,이륜,남,66세,부상신고,승용,남,28세,경상
2016011900100151,2016년 1월 19일 09시,화요일,대구광역시 동구 신천동,중상사고,0,1,0,0,차대차 - 측면직각충돌,신호위반,건조,맑음,교차로 - 교차로안,승용,남,44세,상해없음,승용,남,59세,중상
2016011900100152,2016년 1월 19일 09시,화요일,대구광역시 수성구 신매동,경상사고,0,0,1,0,차대차 - 기타,직진우회전진행방해,건조,맑음,교차로 - 교차로안,승용,여,39세,상해없음,승용,여,57세,경상
2016011900100185,2016년 1월 19일 10시,화요일,대구광역시 수성구 수성동3가,중상사고,0,1,0,0,차대차 - 측면직각충돌,신호위반,건조,맑음,단일로 - 횡단보도상,승용,남,62세,상해없음,이륜,남,51세,중상
2016011900100186,2016년 1월 19일 10시,화요일,대구광역시 서구 비산동,경상사고,0,0,1,0,차량단독 - 기타,안전운전불이행,건조,맑음,단일로 - 기타,승용,남,56세,상해없음,,,,
2016011900100258,2016년 1월 19일 13시,화요일,대구광역시 달성군 화원읍,경상사고,0,0,1,0,차량단독 - 공작물충돌,안전운전불이행,건조,맑음,교차로 - 교차로부근,승용,남,42세,경상,,,,
2016011900100282,2016년 1월 19일 14시,화요일,대구광역시 동구 신암동,중상사고,0,1,0,0,차대차 - 측면직각충돌,안전거리미확보,건조,맑음,단일로 - 기타,승용,여,43세,상해없음,승용,여,57세,중상
2016011900100283,2016년 1월 19일 14시,화요일,대구광역시 달서구 송현동,경상사고,0,0,1,0,차대차 - 측면충돌,차로위반,건조,맑음,단일로 - 기타,승용,여,62세,상해없음,이륜,남,23세,경상
2016011900100284,2016년 1월 19일 14시,화요일,대구광역시 달성군 논공읍,경상사고,0,0,1,0,차대차 - 측면충돌,신호위반,건조,맑음,교차로 - 교차로안,승용,남,51세,상해없음,화물,남,63세,경상
2016011900100285,2016년 1월 19일 14시,화요일,대구광역시 달성군 가창면,경상사고,0,0,3,0,차대차 - 측면충돌,신호위반,건조,맑음,교차로 - 교차로안,승용,여,55세,경상,승용,여,49세,경상
2016011900100286,2016년 1월 19일 14시,화요일,대구광역시 달서구 이곡동,부상신고사고,0,0,0,1,차대차 - 측면충돌,교차로운행방법위반,건조,맑음,교차로 - 교차로부근,승용,여,55세,부상신고,화물,남,51세,상해없음
2016011900100313,2016년 1월 19일 15시,화요일,대구광역시 남구 봉덕동,중상사고,0,1,2,0,차대차 - 정면충돌,교차로운행방법위반,건조,맑음,교차로 - 교차로안,승용,여,44세,상해없음,승용,남,51세,경상
2016011900100314,2016년 1월 19일 15시,화요일,대구광역시 북구 대현동,부상신고사고,0,0,0,1,차대차 - 기타,직진우회전진행방해,건조,맑음,교차로 - 교차로안,자전거,남,13세,부상신고,화물,남,47세,상해없음
2016011900100342,2016년 1월 19일 16시,화요일,대구광역시 수성구 중동,중상사고,0,1,0,0,차대사람 - 횡단중,보행자보호의무위반,건조,맑음,단일로 - 기타,화물,남,23세,상해없음,보행자,남,73세,중상
2016011900100363,2016년 1월 19일 17시,화요일,대구광역시 동구 신천동,중상사고,0,1,1,0,차대차 - 정면충돌,신호위반,건조,맑음,교차로 - 교차로안,승용,여,57세,상해없음,승용,남,63세,중상
2016011900100364,2016년 1월 19일 17시,화요일,대구광역시 달서구 송현동,경상사고,0,0,1,0,차대차 - 추돌,안전운전불이행,건조,맑음,교차로 - 교차로안,이륜,남,18세,경상,승용,남,55세,상해없음
2016011900100391,2016년 1월 19일 18시,화요일,대구광역시 남구 봉덕동,경상사고,0,0,1,0,차대차 - 기타,안전거리미확보,건조,맑음,단일로 - 기타,승용,남,56세,상해없음,승용,여,28세,경상
2016011900100392,2016년 1월 19일 18시,화요일,대구광역시 수성구 파동,중상사고,0,1,0,0,차대차 - 측면충돌,안전운전불이행,건조,맑음,교차로 - 교차로안,승용,남,62세,상해없음,이륜,남,22세,중상
2016011900100393,2016년 1월 19일 18시,화요일,대구광역시 북구 검단동,사망사고,1,0,0,0,차대사람 - 차도통행중,안전운전불이행,건조,맑음,단일로 - 기타,원동기,남,44세,상해없음,보행자,남,76세,사망
2016011900100394,2016년 1월 19일 18시,화요일,대구광역시 북구 검단동,중상사고,0,1,0,0,차대차 - 측면충돌,안전운전불이행,건조,맑음,교차로 - 교차로안,이륜,남,41세,중상,이륜,남,41세,상해없음
2016011900100395,2016년 1월 19일 18시,화요일,대구광역시 달서구 용산동,경상사고,0,0,2,0,차대차 - 추돌,안전운전불이행,건조,맑음,단일로 - 기타,승용,남,46세,상해없음,승용,여,39세,경상
2016011900100437,2016년 1월 19일 19시,화요일,대구광역시 남구 봉덕동,중상사고,0,1,6,0,차대차 - 기타,안전운전불이행,건조,맑음,단일로 - 기타,승용,남,45세,상해없음,승용,남,44세,경상
2016011900100438,2016년 1월 19일 19시,화요일,대구광역시 동구 신암동,중상사고,0,1,0,0,차대사람 - 횡단중,안전운전불이행,건조,맑음,교차로 - 교차로안,승용,여,57세,상해없음,보행자,여,74세,중상
2016011900100439,2016년 1월 19일 19시,화요일,대구광역시 수성구 두산동,경상사고,0,0,1,1,차대차 - 측면충돌,교차로운행방법위반,건조,맑음,교차로 - 교차로안,승용,여,54세,상해없음,승용,여,42세,경상
2016011900100440,2016년 1월 19일 19시,화요일,대구광역시 달서구 상인동,경상사고,0,0,1,0,차대차 - 측면충돌,기타,건조,맑음,단일로 - 기타,승용,남,38세,상해없음,원동기,남,26세,경상
2016011900100441,2016년 1월 19일 19시,화요일,대구광역시 남구 대명동,경상사고,0,0,1,0,차대사람 - 횡단중,안전운전불이행,건조,맑음,교차로 - 교차로부근,승용,남,57세,상해없음,보행자,남,57세,경상
2016011900100442,2016년 1월 19일 19시,화요일,대구광역시 중구 대신동,중상사고,0,1,0,0,차대사람 - 횡단중,안전운전불이행,건조,맑음,교차로 - 교차로부근,승합,남,59세,상해없음,보행자,남,60세,중상
2016011900100443,2016년 1월 19일 19시,화요일,대구광역시 북구 태전동,부상신고사고,0,0,0,1,차대차 - 기타,교차로운행방법위반,건조,맑음,교차로 - 교차로부근,원동기,남,18세,부상신고,화물,여,66세,상해없음
2016011900100444,2016년 1월 19일 19시,화요일,대구광역시 북구 태전동,경상사고,0,0,1,0,차대차 - 측면직각충돌,안전거리미확보,건조,맑음,단일로 - 기타,승용,남,64세,상해없음,승용,남,56세,상해없음
2016011900100475,2016년 1월 19일 20시,화요일,대구광역시 동구 동호동,경상사고,0,0,2,0,차대차 - 측면충돌,교차로운행방법위반,건조,맑음,교차로 - 교차로안,이륜,남,23세,경상,이륜,남,53세,경상
2016011900100476,2016년 1월 19일 20시,화요일,대구광역시 달성군 다사읍,경상사고,0,0,1,0,차대차 - 정면충돌,안전운전불이행,건조,맑음,단일로 - 기타,이륜,남,25세,경상,승용,여,56세,상해없음
2016011900100498,2016년 1월 19일 21시,화요일,대구광역시 남구 대명동,부상신고사고,0,0,0,1,차대사람 - 횡단중,안전운전불이행,건조,맑음,단일로 - 기타,승용,남,63세,상해없음,보행자,남,39세,부상신고
2016011900100499,2016년 1월 19일 21시,화요일,대구광역시 동구 불로동,중상사고,0,1,0,0,차대사람 - 횡단중,안전운전불이행,건조,맑음,단일로 - 기타,승용,남,43세,상해없음,보행자,남,35세,중상
2016011900100500,2016년 1월 19일 21시,화요일,대구광역시 서구 비산동,경상사고,0,0,1,0,차대차 - 측면충돌,안전운전불이행,건조,맑음,단일로 - 기타,화물,여,55세,상해없음,이륜,남,37세,경상
2016011900100501,2016년 1월 19일 21시,화요일,대구광역시 서구 평리동,경상사고,0,0,2,2,차대차 - 측면충돌,안전운전불이행,건조,맑음,단일로 - 기타,승용,여,34세,상해없음,승용,남,54세,경상
2016011900100548,2016년 1월 19일 23시,화요일,대구광역시 동구 불로동,중상사고,0,1,0,0,차대차 - 추돌,안전운전불이행,건조,맑음,교차로 - 교차로안,승용,남,35세,상해없음,승용,남,46세,중상
2016011900100549,2016년 1월 19일 23시,화요일,대구광역시 수성구 수성동2가,경상사고,0,0,2,0,차대차 - 기타,안전운전불이행,건조,맑음,단일로 - 기타,승용,남,56세,상해없음,승용,남,43세,경상
2016012000100045,2016년 1월 20일 05시,수요일,대구광역시 수성구 성동,경상사고,0,0,3,0,차대차 - 측면충돌,안전운전불이행,건조,맑음,교차로 - 교차로안,승용,남,55세,기타불명,승용,남,44세,경상
2016012000100073,2016년 1월 20일 07시,수요일,대구광역시 수성구 범어동,경상사고,0,0,1,0,차대차 - 측면충돌,불법유턴,건조,맑음,교차로 - 교차로부근,승용,남,49세,상해없음,승용,남,57세,경상
2016012000100074,2016년 1월 20일 07시,수요일,대구광역시 서구 평리동,경상사고,0,0,1,0,차대차 - 정면충돌,안전운전불이행,건조,맑음,단일로 - 기타,승용,남,43세,상해없음,승합,남,51세,상해없음
2016012000100075,2016년 1월 20일 07시,수요일,대구광역시 북구 구암동,중상사고,0,1,0,0,차대차 - 추돌,안전운전불이행,건조,맑음,단일로 - 기타,승용,남,38세,상해없음,자전거,남,75세,중상
2016012000100104,2016년 1월 20일 08시,수요일,대구광역시 중구 남산동,경상사고,0,0,1,0,차대사람 - 횡단중,신호위반,건조,맑음,단일로 - 횡단보도상,화물,남,57세,상해없음,보행자,남,67세,경상
2016012000100105,2016년 1월 20일 08시,수요일,대구광역시 남구 대명동,경상사고,0,0,1,0,차대차 - 기타,안전운전불이행,건조,맑음,단일로 - 기타,승용,남,31세,상해없음,승용,남,66세,상해없음
2016012000100106,2016년 1월 20일 08시,수요일,대구광역시 중구 남산동,경상사고,0,0,1,0,차대차 - 정면충돌,안전운전불이행,건조,맑음,단일로 - 기타,승용,여,42세,상해없음,승용,남,59세,경상
2016012000100107,2016년 1월 20일 08시,수요일,대구광역시 북구 동변동,부상신고사고,0,0,0,1,차대사람 - 횡단중,보행자보호의무위반,건조,맑음,교차로 - 교차로부근,승용,여,62세,상해없음,보행자,남,5세,부상신고
2016012000100137,2016년 1월 20일 09시,수요일,대구광역시 달서구 진천동,경상사고,0,0,3,0,차대차 - 추돌,안전거리미확보,건조,맑음,단일로 - 기타,승용,남,37세,상해없음,승용,남,47세,경상
2016012000100138,2016년 1월 20일 09시,수요일,대구광역시 달서구 호림동,경상사고,0,0,2,0,차대차 - 측면충돌,안전운전불이행,건조,맑음,교차로 - 교차로안,승용,여,24세,상해없음,승용,남,38세,경상
2016012000100168,2016년 1월 20일 10시,수요일,대구광역시 수성구 만촌동,경상사고,0,0,1,0,차대차 - 측면충돌,안전거리미확보,건조,맑음,단일로 - 기타,승용,남,53세,상해없음,승용,여,33세,경상
2016012000100218,2016년 1월 20일 12시,수요일,대구광역시 동구 신암동,경상사고,0,0,1,0,차대사람 - 횡단중,신호위반,건조,맑음,단일로 - 횡단보도상,원동기,기타불명,기타불명,기타불명,보행자,여,7세,경상
2016012000100219,2016년 1월 20일 12시,수요일,대구광역시 수성구 지산동,중상사고,0,1,0,0,차대차 - 측면직각충돌,직진우회전진행방해,건조,맑음,교차로 - 교차로안,이륜,남,23세,중상,승용,남,47세,상해없음
2016012000100261,2016년 1월 20일 14시,수요일,대구광역시 달서구 감삼동,중상사고,0,1,0,0,차대차 - 추돌,안전운전불이행,건조,맑음,교차로 - 교차로부근,화물,남,58세,상해없음,승용,여,42세,중상
2016012000100291,2016년 1월 20일 15시,수요일,대구광역시 수성구 황금동,경상사고,0,0,1,0,차대차 - 기타,안전거리미확보,건조,맑음,단일로 - 기타,기타불명,기타불명,기타불명,기타불명,승용,남,52세,상해없음
2016012000100292,2016년 1월 20일 15시,수요일,대구광역시 달성군 현풍면,중상사고,0,1,0,0,차대차 - 측면직각충돌,직진우회전진행방해,건조,맑음,교차로 - 교차로안,승용,여,40세,상해없음,이륜,남,21세,중상
2016012000100293,2016년 1월 20일 15시,수요일,대구광역시 달성군 옥포면,경상사고,0,0,1,0,차대사람 - 횡단중,신호위반,건조,맑음,교차로 - 교차로부근,기타불명,기타불명,기타불명,기타불명,보행자,여,52세,경상
2016012000100294,2016년 1월 20일 15시,수요일,대구광역시 달서구 두류동,경상사고,0,0,1,0,차대차 - 정면충돌,안전운전불이행,건조,맑음,교차로 - 교차로안,승용,기타불명,40세,기타불명,자전거,남,11세,경상
2016012000100335,2016년 1월 20일 16시,수요일,대구광역시 달서구 성당동,중상사고,0,1,0,0,차대차 - 측면충돌,안전운전불이행,건조,맑음,단일로 - 기타,승용,여,65세,상해없음,이륜,남,46세,중상
2016012000100359,2016년 1월 20일 17시,수요일,대구광역시 북구 칠성동2가,중상사고,0,1,0,0,차대차 - 측면충돌,안전거리미확보,건조,맑음,교차로 - 교차로부근,화물,남,27세,상해없음,이륜,남,62세,중상
2016012000100360,2016년 1월 20일 17시,수요일,대구광역시 서구 평리동,경상사고,0,0,1,0,차대사람 - 차도통행중,안전운전불이행,건조,맑음,단일로 - 기타,승용,남,28세,상해없음,보행자,남,54세,경상
2016012000100361,2016년 1월 20일 17시,수요일,대구광역시 북구 동천동,중상사고,0,1,0,0,차대차 - 기타,안전운전불이행,건조,맑음,단일로 - 기타,승용,남,42세,상해없음,이륜,남,45세,중상
2016012000100403,2016년 1월 20일 18시,수요일,대구광역시 남구 대명동,경상사고,0,0,1,0,차대차 - 측면충돌,안전운전불이행,건조,맑음,교차로 - 교차로안,자전거,남,71세,경상,화물,남,73세,상해없음
2016012000100404,2016년 1월 20일 18시,수요일,대구광역시 북구 복현동,부상신고사고,0,0,0,1,차대차 - 기타,안전운전불이행,건조,맑음,교차로 - 교차로부근,기타불명,기타불명,기타불명,기타불명,원동기,남,42세,부상신고
2016012000100405,2016년 1월 20일 18시,수요일,대구광역시 서구 내당동,중상사고,0,1,0,0,차대사람 - 횡단중,신호위반,건조,맑음,단일로 - 기타,승용,여,50세,상해없음,보행자,남,23세,중상
2016012000100406,2016년 1월 20일 18시,수요일,대구광역시 달서구 두류동,경상사고,0,0,1,0,차대사람 - 횡단중,안전운전불이행,건조,맑음,단일로 - 기타,승용,남,52세,상해없음,보행자,여,36세,경상
2016012000100453,2016년 1월 20일 19시,수요일,대구광역시 남구 대명동,경상사고,0,0,1,0,차대차 - 정면충돌,신호위반,건조,맑음,교차로 - 교차로안,승용,남,51세,상해없음,이륜,남,66세,경상
2016012000100454,2016년 1월 20일 19시,수요일,대구광역시 남구 대명동,부상신고사고,0,0,0,1,차대차 - 정면충돌,안전운전불이행,건조,맑음,단일로 - 기타,자전거,여,66세,부상신고,승용,남,58세,상해없음
2016012000100455,2016년 1월 20일 19시,수요일,대구광역시 동구 용계동,경상사고,0,0,2,0,차대차 - 추돌,안전운전불이행,건조,맑음,단일로 - 기타,화물,남,68세,상해없음,승용,남,29세,경상
2016012000100456,2016년 1월 20일 19시,수요일,대구광역시 수성구 범어동,경상사고,0,0,1,0,차대차 - 측면충돌,안전운전불이행,건조,맑음,단일로 - 기타,승용,남,33세,상해없음,승용,여,49세,경상
2016012000100457,2016년 1월 20일 19시,수요일,대구광역시 달성군 화원읍,중상사고,0,1,0,0,차대차 - 측면직각충돌,과속,건조,맑음,교차로 - 교차로안,승용,남,41세,상해없음,승용,남,41세,중상
2016012000100458,2016년 1월 20일 19시,수요일,대구광역시 서구 평리동,부상신고사고,0,0,0,1,차대차 - 측면충돌,안전운전불이행,건조,맑음,단일로 - 기타,승용,여,29세,상해없음,승용,남,24세,부상신고
2016012000100483,2016년 1월 20일 20시,수요일,대구광역시 수성구 중동,중상사고,0,2,1,1,차대차 - 측면충돌,불법유턴,건조,맑음,교차로 - 교차로부근,승용,남,45세,기타불명,승용,남,65세,경상
2016012000100542,2016년 1월 20일 22시,수요일,대구광역시 달서구 감삼동,중상사고,0,1,0,0,차대사람 - 횡단중,안전운전불이행,건조,맑음,단일로 - 횡단보도상,승용,남,31세,상해없음,보행자,남,23세,중상
2016012000100543,2016년 1월 20일 22시,수요일,대구광역시 달서구 죽전동,경상사고,0,0,1,0,차대차 - 추돌,안전운전불이행,건조,맑음,단일로 - 기타,승용,남,60세,상해없음,원동기,남,18세,경상
2016012000100572,2016년 1월 20일 23시,수요일,대구광역시 중구 삼덕동1가,부상신고사고,0,0,0,1,차대사람 - 길가장자리구역통행중,안전운전불이행,건조,맑음,단일로 - 기타,이륜,남,35세,상해없음,보행자,남,39세,부상신고
2016012100100027,2016년 1월 21일 01시,목요일,대구광역시 중구 공평동,중상사고,0,1,0,0,차대차 - 정면충돌,안전거리미확보,건조,맑음,단일로 - 기타,승용,남,25세,상해없음,승용,남,39세,중상
2016012100100055,2016년 1월 21일 03시,목요일,대구광역시 달서구 호산동,경상사고,0,0,1,0,차대차 - 추돌,안전운전불이행,건조,맑음,단일로 - 기타,승용,남,49세,상해없음,승용,남,40세,경상
2016012100100062,2016년 1월 21일 04시,목요일,대구광역시 서구 원대동1가,경상사고,0,0,1,0,차대차 - 추돌,안전운전불이행,건조,맑음,단일로 - 기타,승용,남,40세,상해없음,승합,남,56세,경상
2016012100100065,2016년 1월 21일 05시,목요일,대구광역시 북구 칠성동1가,중상사고,0,1,1,0,차량단독 - 기타,안전운전불이행,건조,맑음,단일로 - 교량,승합,남,55세,상해없음,,,,
2016012100100084,2016년 1월 21일 06시,목요일,대구광역시 중구 교동,경상사고,0,0,2,0,차대차 - 추돌,안전운전불이행,건조,맑음,교차로 - 교차로부근,승용,남,35세,상해없음,화물,남,63세,경상
2016012100100099,2016년 1월 21일 07시,목요일,대구광역시 수성구 만촌동,경상사고,0,0,1,0,차대차 - 측면충돌,안전운전불이행,건조,맑음,단일로 - 기타,승용,여,41세,상해없음,화물,남,52세,경상
2016012100100100,2016년 1월 21일 07시,목요일,대구광역시 수성구 만촌동,중상사고,0,1,0,0,차대차 - 측면충돌,안전운전불이행,건조,맑음,단일로 - 기타,승용,남,37세,상해없음,이륜,남,68세,중상
2016012100100101,2016년 1월 21일 07시,목요일,대구광역시 달서구 송현동,경상사고,0,0,1,0,차대차 - 측면충돌,안전운전불이행,건조,맑음,교차로 - 교차로안,승용,여,55세,상해없음,승용,남,53세,경상
2016012100100125,2016년 1월 21일 08시,목요일,대구광역시 달서구 월암동,경상사고,0,0,2,0,차대차 - 기타,안전운전불이행,건조,맑음,단일로 - 기타,승용,여,59세,상해없음,화물,남,22세,경상
2016012100100127,2016년 1월 21일 08시,목요일,대구광역시 북구 노원동1가,경상사고,0,0,1,0,차대차 - 측면충돌,직진우회전진행방해,건조,맑음,교차로 - 교차로안,승용,남,47세,상해없음,자전거,여,57세,경상
2016012100100153,2016년 1월 21일 09시,목요일,대구광역시 북구 침산동,경상사고,0,0,1,0,차대차 - 측면충돌,안전운전불이행,건조,맑음,교차로 - 교차로안,승용,남,71세,상해없음,승용,여,45세,경상
2016012100100154,2016년 1월 21일 09시,목요일,대구광역시 서구 원대동1가,경상사고,0,0,1,0,차대차 - 측면직각충돌,신호위반,건조,맑음,교차로 - 교차로안,화물,남,53세,상해없음,승용,남,50세,경상
2016012100100171,2016년 1월 21일 10시,목요일,대구광역시 수성구 대흥동,경상사고,0,0,2,0,차대차 - 측면충돌,안전운전불이행,건조,맑음,단일로 - 기타,건설기계,남,64세,상해없음,승용,남,29세,경상
2016012100100212,2016년 1월 21일 12시,목요일,대구광역시 동구 신천동,경상사고,0,0,1,0,차대차 - 측면충돌,안전운전불이행,건조,맑음,단일로 - 기타,이륜,남,18세,경상,승용,남,48세,상해없음
2016012100100238,2016년 1월 21일 13시,목요일,대구광역시 동구 신천동,중상사고,0,2,0,0,차대차 - 추돌,안전거리미확보,건조,맑음,교차로 - 교차로부근,승용,남,58세,상해없음,승용,남,56세,중상
2016012100100239,2016년 1월 21일 13시,목요일,대구광역시 서구 평리동,경상사고,0,0,1,0,차대차 - 측면충돌,안전운전불이행,건조,맑음,단일로 - 기타,승용,남,57세,상해없음,원동기,남,55세,경상
2016012100100268,2016년 1월 21일 14시,목요일,대구광역시 동구 신기동,경상사고,0,0,2,0,차대차 - 측면충돌,안전운전불이행,건조,맑음,단일로 - 기타,승용,여,42세,상해없음,승용,남,70세,경상
2016012100100292,2016년 1월 21일 15시,목요일,대구광역시 남구 봉덕동,중상사고,0,1,0,0,차대사람 - 횡단중,보행자보호의무위반,건조,맑음,단일로 - 횡단보도상,승용,여,35세,상해없음,보행자,여,69세,중상
2016012100100293,2016년 1월 21일 15시,목요일,대구광역시 달서구 용산동,중상사고,0,1,0,0,차대사람 - 기타,안전운전불이행,건조,맑음,단일로 - 기타,승용,여,48세,상해없음,보행자,남,11세,중상
2016012100100318,2016년 1월 21일 16시,목요일,대구광역시 수성구 두산동,경상사고,0,0,1,0,차대차 - 측면직각충돌,교차로운행방법위반,건조,맑음,교차로 - 교차로안,승용,여,49세,상해없음,이륜,여,44세,경상
2016012100100319,2016년 1월 21일 16시,목요일,대구광역시 북구 산격동,경상사고,0,0,1,0,차대차 - 추돌,안전운전불이행,건조,맑음,단일로 - 기타,승용,남,64세,기타불명,승용,남,48세,경상
2016012100100320,2016년 1월 21일 16시,목요일,대구광역시 달서구 신당동,경상사고,0,0,4,0,차대차 - 측면직각충돌,안전거리미확보,건조,맑음,단일로 - 기타,승용,여,45세,경상,승합,남,55세,경상
2016012100100384,2016년 1월 21일 18시,목요일,대구광역시 남구 대명동,부상신고사고,0,0,0,1,차대차 - 기타,안전운전불이행,건조,맑음,기타 - 기타,승용,여,60세,상해없음,승용,남,48세,부상신고
2016012100100385,2016년 1월 21일 18시,목요일,대구광역시 수성구 범어동,경상사고,0,0,1,0,차대차 - 측면충돌,안전운전불이행,건조,맑음,단일로 - 기타,승용,남,34세,상해없음,원동기,남,30세,경상
2016012100100386,2016년 1월 21일 18시,목요일,대구광역시 달서구 장동,경상사고,0,0,2,0,차대차 - 측면충돌,안전운전불이행,건조,맑음,단일로 - 기타,승용,남,56세,상해없음,승용,남,35세,경상
2016012100100387,2016년 1월 21일 18시,목요일,대구광역시 북구 태전동,경상사고,0,0,1,0,차대차 - 측면충돌,교차로운행방법위반,건조,맑음,교차로 - 교차로안,자전거,남,54세,경상,이륜,여,46세,상해없음
2016012100100426,2016년 1월 21일 19시,목요일,대구광역시 달성군 논공읍,경상사고,0,0,1,1,차대차 - 측면직각충돌,안전거리미확보,건조,맑음,교차로 - 교차로부근,승용,남,62세,부상신고,승용,남,21세,경상
2016012100100427,2016년 1월 21일 19시,목요일,대구광역시 북구 칠성동1가,경상사고,0,0,1,0,차대차 - 추돌,안전운전불이행,건조,맑음,미분류 - 미분류,승용,남,33세,상해없음,승용,남,51세,경상
2016012100100428,2016년 1월 21일 19시,목요일,대구광역시 달서구 두류동,부상신고사고,0,0,0,1,차대차 - 측면충돌,안전운전불이행,건조,맑음,단일로 - 기타,승용,남,66세,상해없음,승용,여,39세,부상신고
2016012100100456,2016년 1월 21일 20시,목요일,대구광역시 남구 봉덕동,경상사고,0,0,1,0,차대차 - 정면충돌,안전운전불이행,건조,맑음,교차로 - 교차로안,승용,남,77세,상해없음,승용,여,42세,경상