사고번호,사고일시,요일,시군구,사고내용,사망자수,중상자수,경상자수,부상신고자수,사고유형,법규위반,노면상태,기상상태,도로형태,가해운전자 차종,가해운전자 성별,가해운전자 연령,가해운전자 상해정도,피해운전자 차종,피해운전자 성별,피해운전자 연령,피해운전자 상해정도
2016012100100457,2016년 1월 21일 20시,목요일,대구광역시 수성구 범어동,중상사고,0,1,2,0,차대차 - 측면충돌,신호위반,건조,맑음,교차로 - 교차로안,승용,남,60세,상해없음,승용,남,54세,중상
2016012100100458,2016년 1월 21일 20시,목요일,대구광역시 동구 용계동,중상사고,0,1,4,0,차대차 - 추돌,안전거리미확보,건조,맑음,단일로 - 기타,승용,남,29세,기타불명,승용,남,30세,중상
2016012100100459,2016년 1월 21일 20시,목요일,대구광역시 북구 태전동,경상사고,0,0,1,0,차대차 - 측면충돌,안전거리미확보,건조,맑음,단일로 - 기타,승용,여,48세,상해없음,승용,남,59세,경상
2016012100100494,2016년 1월 21일 21시,목요일,대구광역시 수성구 지산동,경상사고,0,0,1,0,차대차 - 측면직각충돌,안전운전불이행,건조,맑음,교차로 - 교차로안,이륜,남,60세,기타불명,승용,남,45세,상해없음
2016012100100495,2016년 1월 21일 21시,목요일,대구광역시 북구 동천동,중상사고,0,1,0,0,차대차 - 측면충돌,안전거리미확보,건조,맑음,단일로 - 기타,승용,남,33세,상해없음,이륜,남,20세,중상
2016012100100542,2016년 1월 21일 23시,목요일,대구광역시 남구 봉덕동,중상사고,0,1,2,0,차대차 - 추돌,안전운전불이행,건조,맑음,단일로 - 교량,승용,남,23세,상해없음,승용,여,28세,중상
2016012100100543,2016년 1월 21일 23시,목요일,대구광역시 수성구 두산동,경상사고,0,0,1,0,차대차 - 측면충돌,신호위반,건조,맑음,교차로 - 교차로안,승용,남,43세,상해없음,승용,남,49세,경상
2016012200100011,2016년 1월 22일 00시,금요일,대구광역시 수성구 황금동,경상사고,0,0,5,0,차대차 - 측면직각충돌,안전거리미확보,건조,맑음,단일로 - 기타,승용,여,25세,기타불명,승용,남,20세,경상
2016012200100012,2016년 1월 22일 00시,금요일,대구광역시 달성군 다사읍서재출장,사망사고,1,0,0,0,차량단독 - 공작물충돌,안전운전불이행,건조,맑음,단일로 - 기타,승용,남,33세,사망,,,,
2016012200100028,2016년 1월 22일 01시,금요일,대구광역시 동구 동호동,사망사고,1,1,0,0,차대차 - 측면충돌,신호위반,건조,맑음,교차로 - 교차로안,승용,남,37세,상해없음,승용,남,50세,중상
2016012200100041,2016년 1월 22일 02시,금요일,대구광역시 남구 봉덕동,중상사고,0,1,0,0,차대사람 - 길가장자리구역통행중,안전운전불이행,건조,맑음,단일로 - 기타,기타불명,기타불명,기타불명,기타불명,보행자,여,46세,중상
2016012200100042,2016년 1월 22일 02시,금요일,대구광역시 수성구 두산동,중상사고,0,1,0,0,차대사람 - 횡단중,안전운전불이행,건조,맑음,단일로 - 횡단보도상,승용,남,41세,상해없음,보행자,여,27세,중상
2016012200100043,2016년 1월 22일 02시,금요일,대구광역시 수성구 지산동,중상사고,0,1,0,0,차대차 - 추돌,안전운전불이행,건조,맑음,단일로 - 기타,승용,남,25세,상해없음,승용,남,56세,중상
2016012200100049,2016년 1월 22일 03시,금요일,대구광역시 남구 대명동,중상사고,0,2,1,0,차대차 - 측면직각충돌,안전운전불이행,건조,맑음,단일로 - 기타,승용,남,34세,중상,승용,남,43세,경상
2016012200100053,2016년 1월 22일 04시,금요일,대구광역시 서구 평리동,경상사고,0,0,3,1,차대차 - 추돌,안전운전불이행,건조,맑음,교차로 - 교차로안,승용,남,21세,부상신고,승용,남,45세,경상
2016012200100064,2016년 1월 22일 05시,금요일,대구광역시 수성구 수성동3가,중상사고,0,1,0,0,차대사람 - 기타,안전운전불이행,건조,맑음,단일로 - 기타,승용,남,52세,상해없음,보행자,여,74세,중상
2016012200100082,2016년 1월 22일 06시,금요일,대구광역시 달서구 송현동,경상사고,0,0,1,0,차대차 - 측면직각충돌,신호위반,건조,맑음,교차로 - 교차로안,승용,남,54세,상해없음,승용,남,63세,경상
2016012200100141,2016년 1월 22일 08시,금요일,대구광역시 달서구 대곡동,경상사고,0,0,1,0,차대차 - 측면충돌,안전운전불이행,건조,맑음,교차로 - 교차로안,승용,여,51세,기타불명,승용,여,44세,경상
2016012200100142,2016년 1월 22일 08시,금요일,대구광역시 달성군 화원읍,경상사고,0,0,1,0,차대차 - 기타,안전운전불이행,건조,맑음,교차로 - 교차로부근,승용,남,65세,상해없음,자전거,남,12세,경상
2016012200100175,2016년 1월 22일 09시,금요일,대구광역시 달서구 죽전동,중상사고,0,1,0,0,차대사람 - 횡단중,신호위반,건조,맑음,단일로 - 횡단보도상,승용,남,27세,상해없음,보행자,여,22세,중상
2016012200100198,2016년 1월 22일 10시,금요일,대구광역시 수성구 파동,중상사고,0,1,0,0,차대차 - 추돌,안전거리미확보,건조,맑음,단일로 - 기타,승용,남,74세,상해없음,승용,남,77세,중상
2016012200100230,2016년 1월 22일 11시,금요일,대구광역시 남구 대명동,경상사고,0,0,1,0,차대차 - 측면충돌,안전운전불이행,건조,맑음,단일로 - 기타,승용,남,87세,상해없음,승용,여,64세,경상
2016012200100231,2016년 1월 22일 11시,금요일,대구광역시 수성구 만촌동,중상사고,0,1,0,0,차대차 - 추돌,안전거리미확보,건조,맑음,단일로 - 기타,화물,남,35세,상해없음,승합,남,58세,상해없음
2016012200100233,2016년 1월 22일 11시,금요일,대구광역시 서구 비산동,중상사고,0,1,0,0,차대차 - 기타,안전운전불이행,건조,맑음,단일로 - 기타,승용,남,21세,상해없음,화물,남,40세,상해없음
2016012200100279,2016년 1월 22일 13시,금요일,대구광역시 중구 달성동,부상신고사고,0,0,0,1,차대차 - 측면직각충돌,신호위반,건조,맑음,단일로 - 횡단보도상,이륜,남,65세,상해없음,이륜,남,73세,부상신고
2016012200100311,2016년 1월 22일 14시,금요일,대구광역시 수성구 매호동,경상사고,0,0,2,0,차대차 - 정면충돌,교차로운행방법위반,건조,맑음,교차로 - 교차로안,승용,여,32세,상해없음,승합,여,48세,경상
2016012200100312,2016년 1월 22일 14시,금요일,대구광역시 서구 비산동,경상사고,0,0,3,0,차대차 - 측면충돌,안전운전불이행,건조,맑음,교차로 - 교차로부근,승용,남,24세,상해없음,승용,남,36세,경상
2016012200100313,2016년 1월 22일 14시,금요일,대구광역시 달서구 두류동,경상사고,0,0,1,0,차대차 - 추돌,안전운전불이행,건조,맑음,단일로 - 기타,이륜,남,42세,경상,승용,여,46세,상해없음
2016012200100314,2016년 1월 22일 14시,금요일,대구광역시 달서구 신당동,경상사고,0,0,1,0,차대차 - 측면직각충돌,신호위반,건조,맑음,교차로 - 교차로안,승용,남,19세,상해없음,승용,남,60세,경상
2016012200100342,2016년 1월 22일 15시,금요일,대구광역시 수성구 황금동,경상사고,0,0,2,0,차대차 - 측면충돌,안전운전불이행,건조,맑음,교차로 - 교차로안,화물,남,45세,상해없음,승용,남,73세,상해없음
2016012200100343,2016년 1월 22일 15시,금요일,대구광역시 수성구 황금동,중상사고,0,1,1,0,차대사람 - 기타,기타,결빙,맑음,교차로 - 교차로안,승용,남,48세,상해없음,보행자,여,69세,경상
2016012200100344,2016년 1월 22일 15시,금요일,대구광역시 달서구 상인동,경상사고,0,0,3,0,차대차 - 추돌,안전거리미확보,건조,맑음,단일로 - 기타,승용,여,49세,경상,화물,남,52세,경상
2016012200100375,2016년 1월 22일 16시,금요일,대구광역시 서구 내당동,경상사고,0,0,1,0,차대차 - 측면직각충돌,안전운전불이행,건조,맑음,단일로 - 기타,승용,남,57세,상해없음,자전거,남,36세,경상
2016012200100403,2016년 1월 22일 17시,금요일,대구광역시 중구 동인동4가,경상사고,0,0,1,0,차대차 - 측면직각충돌,안전거리미확보,건조,맑음,단일로 - 기타,승용,남,53세,상해없음,이륜,남,43세,경상
2016012200100404,2016년 1월 22일 17시,금요일,대구광역시 달서구 본리동,경상사고,0,0,1,0,차대차 - 기타,안전운전불이행,건조,맑음,교차로 - 교차로부근,승용,남,50세,상해없음,승용,여,52세,상해없음
2016012200100452,2016년 1월 22일 18시,금요일,대구광역시 남구 대명동,중상사고,0,1,0,0,차대차 - 측면충돌,중앙선침범,건조,맑음,단일로 - 기타,승용,남,54세,상해없음,이륜,남,20세,중상
2016012200100454,2016년 1월 22일 18시,금요일,대구광역시 수성구 파동,중상사고,0,1,0,0,차대차 - 측면충돌,안전운전불이행,건조,맑음,단일로 - 기타,승용,여,49세,상해없음,이륜,남,19세,중상
2016012200100455,2016년 1월 22일 18시,금요일,대구광역시 북구 침산동,경상사고,0,0,1,0,차대차 - 측면충돌,안전운전불이행,건조,맑음,단일로 - 횡단보도상,승용,남,61세,상해없음,자전거,여,33세,경상
2016012200100456,2016년 1월 22일 18시,금요일,대구광역시 북구 노원동2가,경상사고,0,0,1,0,차대차 - 측면충돌,안전운전불이행,건조,맑음,단일로 - 기타,원동기,남,66세,상해없음,자전거,남,58세,경상
2016012200100457,2016년 1월 22일 18시,금요일,대구광역시 북구 복현동,경상사고,0,0,2,0,차대차 - 측면충돌,신호위반,건조,맑음,교차로 - 교차로안,승용,여,32세,상해없음,승용,여,54세,상해없음
2016012200100458,2016년 1월 22일 18시,금요일,대구광역시 달서구 본리동,경상사고,0,0,1,0,차대사람 - 횡단중,보행자보호의무위반,건조,맑음,단일로 - 횡단보도상,승용,남,28세,상해없음,보행자,여,16세,경상
2016012200100459,2016년 1월 22일 18시,금요일,대구광역시 북구 구암동,경상사고,0,0,2,0,차대차 - 측면충돌,신호위반,건조,맑음,교차로 - 교차로부근,승용,여,28세,상해없음,이륜,남,18세,경상
2016012200100493,2016년 1월 22일 19시,금요일,대구광역시 동구 검사동,중상사고,0,1,0,0,차대차 - 측면충돌,안전운전불이행,건조,맑음,교차로 - 교차로부근,승용,남,43세,상해없음,자전거,남,61세,중상
2016012200100494,2016년 1월 22일 19시,금요일,대구광역시 수성구 중동,중상사고,0,1,0,0,차대사람 - 길가장자리구역통행중,안전운전불이행,건조,맑음,단일로 - 기타,승합,남,54세,상해없음,보행자,남,46세,중상
2016012200100495,2016년 1월 22일 19시,금요일,대구광역시 북구 노원동3가,사망사고,1,0,0,0,차대차 - 측면충돌,안전운전불이행,건조,맑음,교차로 - 교차로안,화물,남,25세,상해없음,원동기,남,53세,사망
2016012200100519,2016년 1월 22일 20시,금요일,대구광역시 북구 태전동,중상사고,0,1,0,0,차대차 - 측면충돌,차로위반,건조,맑음,단일로 - 기타,화물,남,38세,상해없음,승용,여,35세,중상
2016012200100553,2016년 1월 22일 21시,금요일,대구광역시 남구 대명동,부상신고사고,0,0,0,1,차대차 - 추돌,안전운전불이행,건조,맑음,단일로 - 기타,이륜,남,18세,부상신고,승용,남,55세,상해없음
2016012200100554,2016년 1월 22일 21시,금요일,대구광역시 달성군 하빈면,중상사고,0,2,0,0,차대차 - 정면충돌,중앙선침범,건조,맑음,단일로 - 기타,승용,남,52세,상해없음,승용,여,57세,중상
2016012200100555,2016년 1월 22일 21시,금요일,대구광역시 서구 내당동,경상사고,0,0,1,0,차대차 - 측면충돌,안전거리미확보,건조,맑음,단일로 - 기타,승용,남,55세,상해없음,이륜,남,17세,경상
2016012200100581,2016년 1월 22일 22시,금요일,대구광역시 동구 신암동,중상사고,0,1,1,0,차대차 - 추돌,안전운전불이행,건조,맑음,단일로 - 기타,승용,여,32세,상해없음,승용,남,58세,상해없음
2016012300100029,2016년 1월 23일 00시,토요일,대구광역시 달서구 송현동,경상사고,0,0,2,0,차대차 - 측면충돌,안전거리미확보,건조,맑음,단일로 - 기타,승용,여,34세,상해없음,승합,남,34세,경상
2016012300100030,2016년 1월 23일 00시,토요일,대구광역시 달서구 두류동,경상사고,0,0,1,0,차대차 - 측면충돌,안전운전불이행,건조,맑음,단일로 - 기타,승용,남,56세,상해없음,승용,여,37세,경상
2016012300100058,2016년 1월 23일 02시,토요일,대구광역시 북구 칠성동2가,경상사고,0,0,1,0,차대차 - 측면충돌,직진우회전진행방해,건조,맑음,교차로 - 교차로안,승용,남,57세,상해없음,승용,남,59세,경상
2016012300100067,2016년 1월 23일 03시,토요일,대구광역시 서구 비산동,경상사고,0,0,2,0,차대차 - 측면직각충돌,안전거리미확보,건조,맑음,단일로 - 기타,승용,남,36세,상해없음,승용,남,60세,경상
2016012300100068,2016년 1월 23일 03시,토요일,대구광역시 중구 동산동,경상사고,0,0,1,0,차대차 - 추돌,안전운전불이행,건조,맑음,교차로 - 교차로부근,승용,남,30세,상해없음,승용,남,38세,경상
2016012300100075,2016년 1월 23일 04시,토요일,대구광역시 동구 신암동,경상사고,0,0,1,0,차대차 - 추돌,안전운전불이행,건조,맑음,단일로 - 기타,승용,남,57세,상해없음,자전거,남,73세,경상
2016012300100076,2016년 1월 23일 04시,토요일,대구광역시 수성구 범어동,경상사고,0,0,1,0,차대차 - 측면직각충돌,안전운전불이행,건조,맑음,단일로 - 기타,승용,남,32세,기타불명,승용,남,32세,경상
2016012300100094,2016년 1월 23일 06시,토요일,대구광역시 동구 신암동,중상사고,0,1,0,1,차대차 - 정면충돌,신호위반,건조,맑음,교차로 - 교차로안,승합,남,24세,부상신고,승용,여,55세,중상
2016012300100095,2016년 1월 23일 06시,토요일,대구광역시 북구 칠성동2가,경상사고,0,0,1,0,차대차 - 추돌,안전거리미확보,건조,맑음,교차로 - 교차로안,승용,남,69세,상해없음,승용,남,60세,경상
2016012300100096,2016년 1월 23일 06시,토요일,대구광역시 중구 대신동,중상사고,0,1,0,0,차대사람 - 횡단중,보행자보호의무위반,건조,맑음,교차로 - 교차로안,승용,남,58세,상해없음,보행자,남,45세,중상
2016012300100118,2016년 1월 23일 08시,토요일,대구광역시 북구 태전동,경상사고,0,0,3,0,차대차 - 측면충돌,직진우회전진행방해,건조,맑음,교차로 - 교차로안,승용,남,29세,경상,승용,여,22세,경상
2016012300100131,2016년 1월 23일 09시,토요일,대구광역시 동구 효목동,경상사고,0,0,1,0,차대차 - 정면충돌,신호위반,건조,맑음,교차로 - 교차로안,승용,여,25세,상해없음,승용,여,57세,경상
2016012300100132,2016년 1월 23일 09시,토요일,대구광역시 서구 비산동,경상사고,0,0,1,0,차대차 - 측면충돌,안전거리미확보,건조,맑음,단일로 - 기타,화물,남,47세,기타불명,승합,남,46세,경상
2016012300100133,2016년 1월 23일 09시,토요일,대구광역시 중구 남성로,경상사고,0,0,1,1,차대차 - 측면직각충돌,교차로운행방법위반,건조,맑음,교차로 - 교차로안,이륜,남,64세,부상신고,승용,여,42세,경상
2016012300100180,2016년 1월 23일 11시,토요일,대구광역시 수성구 범어동,경상사고,0,0,2,3,차대차 - 측면직각충돌,안전운전불이행,건조,맑음,단일로 - 기타,승용,남,64세,상해없음,승용,여,35세,부상신고
2016012300100205,2016년 1월 23일 12시,토요일,대구광역시 달서구 이곡동,경상사고,0,0,1,0,차대차 - 추돌,안전운전불이행,건조,맑음,단일로 - 기타,승용,여,35세,상해없음,승용,남,29세,경상
2016012300100206,2016년 1월 23일 12시,토요일,대구광역시 북구 서변동,경상사고,0,0,1,0,차대차 - 추돌,안전운전불이행,건조,맑음,단일로 - 교량,승용,여,44세,상해없음,승용,여,67세,경상
2016012300100226,2016년 1월 23일 13시,토요일,대구광역시 북구 구암동,경상사고,0,0,2,0,차대차 - 측면충돌,교차로운행방법위반,건조,맑음,교차로 - 교차로안,이륜,남,44세,경상,승용,여,35세,경상
2016012300100263,2016년 1월 23일 14시,토요일,대구광역시 달서구 감삼동,경상사고,0,0,1,0,차대차 - 기타,안전거리미확보,건조,맑음,단일로 - 기타,승합,남,54세,상해없음,이륜,남,38세,경상
2016012300100299,2016년 1월 23일 15시,토요일,대구광역시 수성구 만촌동,경상사고,0,0,2,0,차대차 - 측면직각충돌,안전거리미확보,건조,맑음,단일로 - 기타,승용,남,23세,상해없음,승합,남,44세,상해없음
2016012300100300,2016년 1월 23일 15시,토요일,대구광역시 수성구 범물동,경상사고,0,0,1,0,차대차 - 측면충돌,안전운전불이행,건조,맑음,단일로 - 기타,승용,여,55세,상해없음,승용,여,46세,경상
2016012300100321,2016년 1월 23일 16시,토요일,대구광역시 달서구 갈산동,중상사고,0,1,2,0,차대차 - 추돌,신호위반,건조,맑음,교차로 - 교차로안,승합,남,60세,기타불명,승용,남,26세,중상
2016012300100341,2016년 1월 23일 17시,토요일,대구광역시 남구 봉덕동,경상사고,0,0,1,0,차대사람 - 횡단중,보행자보호의무위반,건조,맑음,교차로 - 교차로안,승용,여,62세,상해없음,보행자,남,57세,경상
2016012300100342,2016년 1월 23일 17시,토요일,대구광역시 동구 용계동,경상사고,0,0,1,0,차대차 - 추돌,안전운전불이행,건조,맑음,단일로 - 기타,승용,여,51세,상해없음,승용,여,32세,경상
2016012300100382,2016년 1월 23일 18시,토요일,대구광역시 수성구 신매동,경상사고,0,0,1,0,차대사람 - 기타,안전운전불이행,건조,맑음,단일로 - 기타,승용,여,47세,기타불명,보행자,여,16세,경상
2016012300100383,2016년 1월 23일 18시,토요일,대구광역시 수성구 만촌동,경상사고,0,0,4,0,차대차 - 측면충돌,안전거리미확보,건조,맑음,단일로 - 기타,승용,남,51세,상해없음,승용,남,61세,상해없음
2016012300100384,2016년 1월 23일 18시,토요일,대구광역시 서구 평리동,부상신고사고,0,0,0,1,차대사람 - 횡단중,보행자보호의무위반,건조,맑음,교차로 - 교차로부근,승합,기타불명,기타불명,기타불명,보행자,여,46세,부상신고
2016012300100385,2016년 1월 23일 18시,토요일,대구광역시 달서구 본리동,경상사고,0,0,1,0,차대차 - 측면직각충돌,안전운전불이행,건조,맑음,교차로 - 교차로안,승용,여,57세,상해없음,이륜,남,54세,경상
2016012300100386,2016년 1월 23일 18시,토요일,대구광역시 달서구 감삼동,경상사고,0,0,1,0,차대차 - 측면충돌,교차로운행방법위반,건조,맑음,교차로 - 교차로안,승용,남,49세,상해없음,이륜,남,36세,경상
2016012300100413,2016년 1월 23일 19시,토요일,대구광역시 남구 대명동,부상신고사고,0,0,0,1,차대사람 - 횡단중,안전운전불이행,적설,흐림,교차로 - 교차로부근,승용,기타불명,기타불명,기타불명,보행자,남,23세,부상신고
2016012300100414,2016년 1월 23일 19시,토요일,대구광역시 중구 남산동,경상사고,0,0,1,1,차대차 - 추돌,안전운전불이행,건조,맑음,교차로 - 교차로안,승용,남,31세,상해없음,승용,남,41세,부상신고
2016012300100484,2016년 1월 23일 22시,토요일,대구광역시 달서구 송현동,경상사고,0,0,1,0,차대차 - 측면충돌,교차로운행방법위반,건조,맑음,교차로 - 교차로안,승용,남,59세,상해없음,원동기,남,25세,경상
2016012300100485,2016년 1월 23일 22시,토요일,대구광역시 북구 읍내동,중상사고,0,1,0,0,차대차 - 측면충돌,신호위반,건조,맑음,교차로 - 교차로안,원동기,남,51세,중상,승용,남,35세,상해없음
2016012300100505,2016년 1월 23일 23시,토요일,대구광역시 수성구 지산동,부상신고사고,0,0,0,1,차대차 - 측면충돌,교차로운행방법위반,건조,맑음,교차로 - 교차로안,이륜,남,36세,부상신고,승용,남,46세,상해없음
2016012400100037,2016년 1월 24일 01시,일요일,대구광역시 서구 평리동,경상사고,0,0,1,0,차대차 - 측면충돌,안전운전불이행,건조,맑음,단일로 - 기타,화물,남,51세,상해없음,승용,남,45세,경상
2016012400100046,2016년 1월 24일 02시,일요일,대구광역시 중구 남산동,경상사고,0,0,1,0,차대차 - 기타,안전거리미확보,습기,눈,단일로 - 기타,승용,남,16세,상해없음,이륜,남,16세,경상
2016012400100055,2016년 1월 24일 03시,일요일,대구광역시 북구 산격동,경상사고,0,0,3,0,차대차 - 추돌,안전운전불이행,기타,흐림,단일로 - 기타,승용,남,46세,상해없음,승용,남,34세,경상
2016012400100056,2016년 1월 24일 03시,일요일,대구광역시 중구 삼덕동3가,경상사고,0,0,3,0,차대차 - 정면충돌,신호위반,건조,맑음,교차로 - 교차로안,승용,여,23세,경상,승용,남,23세,경상
2016012400100062,2016년 1월 24일 04시,일요일,대구광역시 수성구 시지동,중상사고,0,1,0,0,차대차 - 추돌,안전운전불이행,건조,맑음,교차로 - 교차로부근,승용,여,41세,상해없음,승용,남,29세,중상
2016012400100063,2016년 1월 24일 04시,일요일,대구광역시 중구 삼덕동1가,경상사고,0,0,1,0,차대사람 - 기타,안전운전불이행,건조,맑음,단일로 - 기타,승용,여,39세,상해없음,보행자,남,22세,경상
2016012400100075,2016년 1월 24일 05시,일요일,대구광역시 북구 매천동,중상사고,0,1,0,0,차량단독 - 전도전복,안전운전불이행,건조,맑음,단일로 - 기타,이륜,남,50세,중상,,,,
2016012400100083,2016년 1월 24일 06시,일요일,대구광역시 달서구 송현동,경상사고,0,0,2,0,차대차 - 추돌,안전운전불이행,건조,맑음,교차로 - 교차로부근,승용,남,35세,기타불명,승용,남,46세,경상
2016012400100090,2016년 1월 24일 07시,일요일,대구광역시 동구 신천동,중상사고,0,1,0,0,차대사람 - 횡단중,중앙선침범,건조,맑음,단일로 - 기타,승용,남,22세,상해없음,보행자,남,51세,중상
2016012400100139,2016년 1월 24일 11시,일요일,대구광역시 북구 검단동,중상사고,0,1,0,0,차대차 - 기타,안전운전불이행,건조,맑음,단일로 - 기타,이륜,남,34세,중상,승용,남,38세,상해없음
2016012400100140,2016년 1월 24일 11시,일요일,대구광역시 달서구 용산동,경상사고,0,0,1,0,차대차 - 측면충돌,안전운전불이행,건조,맑음,단일로 - 기타,이륜,남,52세,경상,승용,여,55세,상해없음
2016012400100157,2016년 1월 24일 12시,일요일,대구광역시 남구 봉덕동,경상사고,0,0,2,0,차대차 - 추돌,안전거리미확보,건조,맑음,단일로 - 기타,승용,남,54세,상해없음,승용,여,53세,경상
2016012400100158,2016년 1월 24일 12시,일요일,대구광역시 남구 봉덕동,중상사고,0,1,0,0,차대사람 - 횡단중,안전운전불이행,건조,맑음,단일로 - 기타,승용,남,60세,상해없음,보행자,남,86세,중상
2016012400100182,2016년 1월 24일 13시,일요일,대구광역시 중구 대봉동,경상사고,0,0,1,0,차대차 - 측면충돌,안전운전불이행,건조,맑음,교차로 - 교차로부근,승용,남,54세,상해없음,승용,남,54세,경상
2016012400100214,2016년 1월 24일 14시,일요일,대구광역시 달서구 호산동,경상사고,0,0,1,0,차대차 - 측면충돌,안전운전불이행,건조,맑음,교차로 - 교차로안,승용,여,48세,상해없음,이륜,남,24세,경상
2016012400100235,2016년 1월 24일 15시,일요일,대구광역시 달서구 두류동,경상사고,0,0,1,0,차대차 - 측면충돌,안전운전불이행,건조,맑음,단일로 - 기타,승용,남,27세,기타불명,승용,남,50세,경상
2016012400100260,2016년 1월 24일 16시,일요일,대구광역시 남구 이천동,중상사고,0,1,0,0,차대사람 - 횡단중,안전운전불이행,건조,맑음,단일로 - 기타,승용,여,51세,상해없음,보행자,여,19세,중상
2016012400100261,2016년 1월 24일 16시,일요일,대구광역시 동구 효목동,경상사고,0,0,3,0,차대차 - 추돌,안전운전불이행,건조,맑음,단일로 - 기타,승용,남,47세,상해없음,승용,남,43세,경상
2016012400100262,2016년 1월 24일 16시,일요일,대구광역시 동구 방촌동,경상사고,0,0,1,0,차대사람 - 횡단중,안전운전불이행,건조,맑음,단일로 - 기타,승용,남,26세,상해없음,보행자,남,37세,경상
2016012400100263,2016년 1월 24일 16시,일요일,대구광역시 북구 매천동,경상사고,0,0,2,0,차대차 - 추돌,안전운전불이행,건조,맑음,단일로 - 기타,승용,여,70세,상해없음,승용,남,57세,경상
2016012400100281,2016년 1월 24일 17시,일요일,대구광역시 동구 신암동,중상사고,0,1,0,0,차대사람 - 횡단중,안전운전불이행,건조,맑음,단일로 - 기타,승용,남,61세,상해없음,보행자,여,69세,중상
2016012400100282,2016년 1월 24일 17시,일요일,대구광역시 달서구 본동,부상신고사고,0,0,0,1,차대차 - 추돌,안전운전불이행,건조,맑음,교차로 - 교차로부근,승용,남,44세,상해없음,승용,남,23세,부상신고
2016012400100283,2016년 1월 24일 17시,일요일,대구광역시 달성군 다사읍,중상사고,0,1,0,0,차대사람 - 횡단중,안전운전불이행,건조,맑음,단일로 - 기타,이륜,남,46세,상해없음,보행자,여,67세,중상
2016012400100284,2016년 1월 24일 17시,일요일,대구광역시 북구 침산동,부상신고사고,0,0,0,1,차대사람 - 보도통행중,기타,건조,맑음,단일로 - 기타,승합,남,44세,상해없음,보행자,남,27세,부상신고
2016012400100305,2016년 1월 24일 18시,일요일,대구광역시 중구 봉산동,중상사고,0,1,0,0,차대차 - 기타,안전운전불이행,건조,맑음,단일로 - 기타,기타불명,기타불명,기타불명,기타불명,기타불명,여,76세,중상
2016012400100306,2016년 1월 24일 18시,일요일,대구광역시 달서구 용산동,경상사고,0,0,1,0,차대사람 - 횡단중,보행자보호의무위반,건조,맑음,단일로 - 횡단보도상,승용,남,57세,상해없음,보행자,남,20세,경상
2016012400100307,2016년 1월 24일 18시,일요일,대구광역시 달서구 이곡동,중상사고,0,1,0,0,차대차 - 기타,안전거리미확보,건조,맑음,단일로 - 기타,승용,남,62세,상해없음,이륜,남,39세,중상
2016012400100308,2016년 1월 24일 18시,일요일,대구광역시 북구 읍내동,경상사고,0,0,2,1,차대차 - 측면충돌,안전운전불이행,건조,맑음,단일로 - 기타,이륜,남,48세,부상신고,승용,남,46세,경상
2016012400100333,2016년 1월 24일 19시,일요일,대구광역시 동구 신천동,중상사고,0,1,0,0,차대사람 - 횡단중,안전운전불이행,건조,맑음,단일로 - 횡단보도상,승용,남,57세,상해없음,보행자,여,32세,중상
2016012400100334,2016년 1월 24일 19시,일요일,대구광역시 동구 신서동,사망사고,1,0,0,0,차대사람 - 횡단중,보행자보호의무위반,건조,맑음,단일로 - 횡단보도상,승용,여,61세,상해없음,보행자,남,59세,사망
2016012400100335,2016년 1월 24일 19시,일요일,대구광역시 달서구 신당동,경상사고,0,0,1,0,차대차 - 추돌,안전거리미확보,건조,맑음,단일로 - 기타,승용,남,33세,상해없음,승용,여,55세,경상
2016012400100336,2016년 1월 24일 19시,일요일,대구광역시 달서구 성당동,경상사고,0,0,1,0,차대차 - 기타,안전운전불이행,건조,맑음,교차로 - 교차로안,이륜,남,33세,경상,승용,남,52세,상해없음
2016012400100362,2016년 1월 24일 20시,일요일,대구광역시 동구 지저동,경상사고,0,0,1,0,차대차 - 추돌,안전운전불이행,건조,맑음,단일로 - 기타,승용,남,60세,상해없음,승용,여,63세,경상
2016012400100363,2016년 1월 24일 20시,일요일,대구광역시 수성구 시지동,부상신고사고,0,0,0,1,차량단독 - 전도전복,안전운전불이행,건조,맑음,단일로 - 기타,이륜,남,26세,부상신고,,,,
2016012400100364,2016년 1월 24일 20시,일요일,대구광역시 북구 팔달동,경상사고,0,0,1,0,차대차 - 추돌,안전운전불이행,건조,맑음,단일로 - 기타,화물,남,52세,상해없음,승용,남,30세,경상
2016012400100365,2016년 1월 24일 20시,일요일,대구광역시 북구 태전동,부상신고사고,0,0,0,1,차대차 - 측면충돌,교차로운행방법위반,건조,맑음,교차로 - 교차로안,이륜,남,26세,부상신고,승용,남,33세,상해없음
2016012400100379,2016년 1월 24일 21시,일요일,대구광역시 남구 대명동,경상사고,0,0,2,0,차대차 - 측면충돌,안전거리미확보,건조,맑음,교차로 - 교차로부근,승용,남,29세,상해없음,승용,남,55세,경상
2016012400100380,2016년 1월 24일 21시,일요일,대구광역시 동구 신천동,중상사고,0,1,1,0,차대차 - 정면충돌,과속,건조,맑음,교차로 - 교차로안,승용,남,49세,중상,승용,남,55세,경상
2016012400100381,2016년 1월 24일 21시,일요일,대구광역시 서구 평리동,경상사고,0,0,1,0,차대차 - 추돌,안전운전불이행,건조,맑음,단일로 - 기타,승용,남,44세,상해없음,승용,남,34세,경상