사고번호,사고일시,요일,시군구,사고내용,사망자수,중상자수,경상자수,부상신고자수,사고유형,법규위반,노면상태,기상상태,도로형태,가해운전자 차종,가해운전자 성별,가해운전자 연령,가해운전자 상해정도,피해운전자 차종,피해운전자 성별,피해운전자 연령,피해운전자 상해정도
2016012400100382,2016년 1월 24일 21시,일요일,대구광역시 중구 태평로2가,중상사고,0,1,0,0,차대차 - 기타,안전거리미확보,건조,맑음,단일로 - 기타,화물,여,24세,상해없음,이륜,남,25세,중상
2016012400100404,2016년 1월 24일 22시,일요일,대구광역시 수성구 두산동,경상사고,0,0,1,0,차대차 - 측면직각충돌,교차로운행방법위반,건조,맑음,교차로 - 교차로안,승용,여,48세,상해없음,원동기,남,53세,경상
2016012400100405,2016년 1월 24일 22시,일요일,대구광역시 달서구 이곡동,경상사고,0,0,1,0,차대차 - 측면충돌,신호위반,건조,흐림,단일로 - 기타,이륜,남,57세,상해없음,자전거,여,54세,경상
2016012400100418,2016년 1월 24일 23시,일요일,대구광역시 수성구 지산동,경상사고,0,0,1,0,차대차 - 기타,안전거리미확보,습기,맑음,단일로 - 기타,승용,남,26세,상해없음,이륜,남,25세,경상
2016012400100419,2016년 1월 24일 23시,일요일,대구광역시 북구 노원동3가,중상사고,0,1,0,0,차대차 - 측면충돌,불법유턴,건조,맑음,단일로 - 기타,승용,남,55세,상해없음,승용,남,58세,중상
2016012500100015,2016년 1월 25일 01시,월요일,대구광역시 달성군 화원읍,경상사고,0,0,2,0,차대차 - 측면충돌,안전운전불이행,건조,맑음,단일로 - 기타,승합,남,59세,상해없음,승용,남,59세,경상
2016012500100021,2016년 1월 25일 02시,월요일,대구광역시 남구 이천동,경상사고,0,0,1,0,차대차 - 정면충돌,안전운전불이행,건조,맑음,단일로 - 기타,승용,남,24세,경상,특수,남,37세,상해없음
2016012500100022,2016년 1월 25일 02시,월요일,대구광역시 남구 대명동,부상신고사고,0,0,0,4,차대차 - 측면직각충돌,기타,건조,맑음,교차로 - 교차로안,승용,남,33세,상해없음,승용,남,21세,부상신고
2016012500100025,2016년 1월 25일 04시,월요일,대구광역시 남구 대명동,사망사고,1,0,0,0,차대사람 - 횡단중,안전운전불이행,건조,맑음,교차로 - 교차로안,승용,남,24세,상해없음,보행자,남,27세,사망
2016012500100065,2016년 1월 25일 07시,월요일,대구광역시 동구 불로동,경상사고,0,0,2,0,차대차 - 측면충돌,안전운전불이행,건조,맑음,단일로 - 기타,승용,남,59세,상해없음,승용,남,41세,상해없음
2016012500100066,2016년 1월 25일 07시,월요일,대구광역시 수성구 만촌동,경상사고,0,0,2,0,차대차 - 정면충돌,안전운전불이행,건조,맑음,단일로 - 기타,승용,남,65세,경상,승용,여,36세,경상
2016012500100067,2016년 1월 25일 07시,월요일,대구광역시 달서구 신당동,경상사고,0,0,1,0,차대차 - 측면충돌,안전운전불이행,건조,맑음,단일로 - 기타,승용,남,49세,기타불명,승용,남,54세,경상
2016012500100105,2016년 1월 25일 08시,월요일,대구광역시 달서구 상인동,경상사고,0,0,1,0,차대차 - 추돌,안전운전불이행,건조,맑음,교차로 - 교차로부근,승용,남,51세,상해없음,승용,여,32세,경상
2016012500100133,2016년 1월 25일 09시,월요일,대구광역시 달성군 현풍면,중상사고,0,1,0,0,차대차 - 측면직각충돌,안전운전불이행,결빙,맑음,교차로 - 교차로부근,화물,여,60세,중상,승용,남,63세,기타불명
2016012500100134,2016년 1월 25일 09시,월요일,대구광역시 북구 산격동,경상사고,0,0,2,0,차대차 - 추돌,안전운전불이행,건조,맑음,미분류 - 미분류,승용,남,61세,상해없음,화물,남,48세,경상
2016012500100159,2016년 1월 25일 10시,월요일,대구광역시 동구 용계동,중상사고,0,1,0,0,차대차 - 측면충돌,신호위반,건조,맑음,교차로 - 교차로안,승용,남,65세,상해없음,승용,남,55세,중상
2016012500100160,2016년 1월 25일 10시,월요일,대구광역시 동구 효목동,경상사고,0,0,1,0,차대차 - 정면충돌,안전운전불이행,건조,맑음,단일로 - 기타,승용,남,70세,상해없음,승용,남,36세,경상
2016012500100161,2016년 1월 25일 10시,월요일,대구광역시 수성구 범어동,부상신고사고,0,0,0,1,차대차 - 측면충돌,안전운전불이행,건조,맑음,교차로 - 교차로부근,승용,여,40세,상해없음,자전거,남,13세,부상신고
2016012500100162,2016년 1월 25일 10시,월요일,대구광역시 북구 산격동,경상사고,0,0,1,0,차대차 - 측면직각충돌,안전거리미확보,건조,맑음,단일로 - 기타,승용,남,80세,상해없음,승용,여,31세,경상
2016012500100186,2016년 1월 25일 11시,월요일,대구광역시 동구 신암동,경상사고,0,0,1,0,차대차 - 측면충돌,안전운전불이행,건조,맑음,단일로 - 기타,화물,남,40세,경상,승용,남,34세,상해없음
2016012500100187,2016년 1월 25일 11시,월요일,대구광역시 중구 공평동,경상사고,0,0,1,0,차대차 - 측면직각충돌,안전거리미확보,건조,맑음,교차로 - 교차로부근,승용,여,27세,상해없음,승합,남,43세,경상
2016012500100226,2016년 1월 25일 12시,월요일,대구광역시 달성군 현풍면,중상사고,0,1,0,0,차대차 - 측면직각충돌,안전운전불이행,건조,맑음,교차로 - 교차로안,승용,남,24세,상해없음,자전거,남,48세,중상
2016012500100247,2016년 1월 25일 13시,월요일,대구광역시 동구 신서동,경상사고,0,0,1,0,차대사람 - 횡단중,안전운전불이행,건조,맑음,단일로 - 기타,승용,여,55세,상해없음,보행자,남,29세,경상
2016012500100248,2016년 1월 25일 13시,월요일,대구광역시 수성구 범어동,경상사고,0,0,1,0,차대차 - 정면충돌,교차로운행방법위반,건조,맑음,교차로 - 교차로안,승용,여,39세,상해없음,원동기,남,31세,경상
2016012500100249,2016년 1월 25일 13시,월요일,대구광역시 수성구 범어동,경상사고,0,0,3,1,차대차 - 추돌,안전운전불이행,건조,맑음,단일로 - 기타,승용,남,39세,상해없음,승용,남,41세,경상
2016012500100250,2016년 1월 25일 13시,월요일,대구광역시 서구 비산동,중상사고,0,1,0,0,차대차 - 측면직각충돌,교차로운행방법위반,건조,맑음,교차로 - 교차로안,화물,남,31세,상해없음,이륜,남,74세,중상
2016012500100283,2016년 1월 25일 14시,월요일,대구광역시 수성구 대흥동,중상사고,0,1,2,0,차대차 - 추돌,안전운전불이행,건조,맑음,교차로 - 교차로부근,화물,남,38세,상해없음,승용,남,59세,중상
2016012500100315,2016년 1월 25일 15시,월요일,대구광역시 달서구 진천동,중상사고,0,1,0,0,차대차 - 측면직각충돌,교차로운행방법위반,건조,맑음,교차로 - 교차로안,승용,남,37세,상해없음,원동기,남,54세,중상
2016012500100316,2016년 1월 25일 15시,월요일,대구광역시 중구 대봉동,중상사고,0,1,2,1,차대차 - 추돌,안전거리미확보,건조,맑음,단일로 - 기타,화물,남,42세,상해없음,승용,남,66세,중상
2016012500100347,2016년 1월 25일 16시,월요일,대구광역시 북구 노원동1가,중상사고,0,1,0,0,차대차 - 측면충돌,안전운전불이행,건조,맑음,단일로 - 기타,승용,남,60세,상해없음,이륜,남,53세,중상
2016012500100348,2016년 1월 25일 16시,월요일,대구광역시 달서구 두류동,경상사고,0,0,1,0,차대사람 - 횡단중,안전운전불이행,건조,맑음,단일로 - 기타,승용,여,40세,상해없음,보행자,여,48세,경상
2016012500100425,2016년 1월 25일 18시,월요일,대구광역시 동구 신서동,경상사고,0,0,1,0,차대사람 - 횡단중,보행자보호의무위반,건조,맑음,기타 - 기타,원동기,남,17세,상해없음,보행자,여,63세,경상
2016012500100426,2016년 1월 25일 18시,월요일,대구광역시 달성군 구지면,중상사고,0,1,0,0,차대차 - 추돌,안전운전불이행,건조,맑음,교차로 - 교차로부근,승용,남,38세,상해없음,화물,남,71세,중상
2016012500100427,2016년 1월 25일 18시,월요일,대구광역시 달서구 감삼동,중상사고,0,1,0,0,차대사람 - 기타,기타,건조,맑음,단일로 - 기타,승합,남,54세,상해없음,보행자,여,61세,중상
2016012500100428,2016년 1월 25일 18시,월요일,대구광역시 북구 태전동,중상사고,0,1,1,0,차대사람 - 횡단중,보행자보호의무위반,결빙,맑음,교차로 - 교차로안,이륜,남,16세,경상,보행자,여,25세,중상
2016012500100465,2016년 1월 25일 19시,월요일,대구광역시 달서구 상인동,경상사고,0,0,2,0,차대차 - 추돌,안전운전불이행,건조,맑음,교차로 - 교차로부근,이륜,남,17세,경상,승용,남,44세,상해없음
2016012500100498,2016년 1월 25일 20시,월요일,대구광역시 달서구 용산동,경상사고,0,0,1,0,차대차 - 측면충돌,안전거리미확보,건조,맑음,기타 - 기타,승용,여,50세,상해없음,승용,남,28세,경상
2016012500100538,2016년 1월 25일 21시,월요일,대구광역시 서구 평리동,경상사고,0,0,1,0,차대차 - 추돌,안전운전불이행,건조,맑음,단일로 - 기타,승용,남,56세,상해없음,승합,여,52세,경상
2016012500100539,2016년 1월 25일 21시,월요일,대구광역시 중구 남산동,경상사고,0,0,1,0,차대차 - 측면충돌,안전운전불이행,건조,맑음,단일로 - 기타,승용,남,30세,상해없음,승용,남,67세,경상
2016012500100561,2016년 1월 25일 22시,월요일,대구광역시 수성구 상동,경상사고,0,0,1,0,차대차 - 추돌,안전운전불이행,건조,맑음,교차로 - 교차로부근,화물,남,48세,상해없음,승용,남,35세,경상
2016012500100562,2016년 1월 25일 22시,월요일,대구광역시 중구 대봉동,경상사고,0,0,1,0,차대차 - 측면충돌,신호위반,건조,맑음,교차로 - 교차로안,승용,남,50세,상해없음,자전거,남,52세,경상
2016012500100594,2016년 1월 25일 23시,월요일,대구광역시 달서구 두류동,경상사고,0,0,1,0,차대사람 - 횡단중,안전운전불이행,건조,맑음,단일로 - 기타,승용,남,25세,상해없음,보행자,남,27세,경상
2016012600100009,2016년 1월 26일 00시,화요일,대구광역시 달서구 상인동,경상사고,0,0,3,0,차대차 - 측면직각충돌,교차로운행방법위반,건조,맑음,교차로 - 교차로안,승용,남,47세,경상,승용,남,61세,경상
2016012600100044,2016년 1월 26일 04시,화요일,대구광역시 북구 산격동,경상사고,0,0,1,0,차량단독 - 전도전복,기타,건조,맑음,단일로 - 교량,이륜,남,18세,경상,,,,
2016012600100087,2016년 1월 26일 07시,화요일,대구광역시 달서구 유천동,경상사고,0,0,1,0,차대차 - 추돌,안전거리미확보,건조,맑음,단일로 - 기타,승용,남,50세,기타불명,승용,남,56세,경상
2016012600100088,2016년 1월 26일 07시,화요일,대구광역시 달성군 화원읍,부상신고사고,0,0,0,1,차대차 - 측면직각충돌,교차로운행방법위반,건조,맑음,교차로 - 교차로부근,화물,남,57세,부상신고,승합,남,62세,상해없음
2016012600100117,2016년 1월 26일 08시,화요일,대구광역시 동구 신암동,경상사고,0,0,1,0,차대사람 - 기타,안전운전불이행,건조,맑음,단일로 - 기타,승용,남,61세,상해없음,보행자,여,51세,경상
2016012600100118,2016년 1월 26일 08시,화요일,대구광역시 수성구 지산동,중상사고,0,1,0,0,차대사람 - 횡단중,안전운전불이행,건조,맑음,단일로 - 기타,승용,남,51세,상해없음,보행자,여,71세,중상
2016012600100119,2016년 1월 26일 08시,화요일,대구광역시 달서구 본동,경상사고,0,0,2,0,차대차 - 기타,교차로운행방법위반,건조,맑음,교차로 - 교차로부근,승용,여,30세,상해없음,승용,여,41세,경상
2016012600100120,2016년 1월 26일 08시,화요일,대구광역시 달서구 성당동,경상사고,0,0,1,0,차대차 - 측면충돌,안전운전불이행,건조,맑음,단일로 - 기타,화물,남,64세,상해없음,승용,남,71세,경상
2016012600100139,2016년 1월 26일 09시,화요일,대구광역시 북구 칠성동2가,경상사고,0,0,2,1,차대차 - 측면충돌,신호위반,건조,맑음,교차로 - 교차로안,승용,여,69세,부상신고,화물,남,37세,경상
2016012600100140,2016년 1월 26일 09시,화요일,대구광역시 서구 내당동,경상사고,0,0,1,0,차대사람 - 기타,안전운전불이행,건조,맑음,단일로 - 기타,승용,남,58세,상해없음,보행자,남,63세,경상
2016012600100195,2016년 1월 26일 11시,화요일,대구광역시 남구 대명동,중상사고,0,1,0,0,차대차 - 측면직각충돌,교차로운행방법위반,건조,맑음,교차로 - 교차로안,화물,남,53세,상해없음,이륜,남,85세,중상
2016012600100197,2016년 1월 26일 11시,화요일,대구광역시 북구 읍내동,경상사고,0,0,1,0,차대차 - 추돌,안전운전불이행,건조,맑음,단일로 - 기타,승용,남,73세,상해없음,화물,남,25세,경상
2016012600100221,2016년 1월 26일 12시,화요일,대구광역시 수성구 수성동2가,중상사고,0,1,0,0,차대차 - 측면직각충돌,안전거리미확보,건조,맑음,단일로 - 기타,승용,남,42세,상해없음,이륜,남,34세,중상
2016012600100222,2016년 1월 26일 12시,화요일,대구광역시 중구 동인동4가,경상사고,0,0,1,0,차대차 - 측면충돌,안전운전불이행,건조,맑음,단일로 - 횡단보도상,승용,남,58세,상해없음,자전거,여,54세,경상
2016012600100247,2016년 1월 26일 13시,화요일,대구광역시 달성군 가창면,중상사고,0,1,0,0,차량단독 - 전도전복,안전운전불이행,건조,맑음,단일로 - 기타,승용,여,50세,중상,,,,
2016012600100248,2016년 1월 26일 13시,화요일,대구광역시 달서구 죽전동,경상사고,0,0,4,0,차대차 - 측면충돌,안전운전불이행,건조,맑음,단일로 - 기타,승용,남,65세,경상,승용,여,21세,경상
2016012600100281,2016년 1월 26일 14시,화요일,대구광역시 동구 동호동,경상사고,0,0,1,0,차대사람 - 횡단중,안전운전불이행,건조,맑음,교차로 - 교차로부근,승용,여,24세,상해없음,보행자,여,13세,경상
2016012600100282,2016년 1월 26일 14시,화요일,대구광역시 수성구 수성동4가,경상사고,0,0,3,0,차대차 - 측면충돌,안전거리미확보,건조,맑음,단일로 - 기타,승용,여,40세,상해없음,승용,남,28세,경상
2016012600100283,2016년 1월 26일 14시,화요일,대구광역시 서구 비산동,중상사고,0,1,0,0,차대사람 - 횡단중,보행자보호의무위반,건조,맑음,교차로 - 교차로부근,승용,남,34세,상해없음,보행자,여,54세,중상
2016012600100284,2016년 1월 26일 14시,화요일,대구광역시 북구 태전동,경상사고,0,0,1,0,차대차 - 측면충돌,안전운전불이행,건조,맑음,교차로 - 교차로부근,원동기,남,16세,경상,승용,남,26세,상해없음
2016012600100314,2016년 1월 26일 15시,화요일,대구광역시 달서구 송현동,경상사고,0,0,2,0,차대차 - 기타,직진우회전진행방해,건조,맑음,교차로 - 교차로부근,승용,여,43세,기타불명,승합,남,53세,경상
2016012600100315,2016년 1월 26일 15시,화요일,대구광역시 달서구 호산동,경상사고,0,0,2,0,차대차 - 측면충돌,교차로운행방법위반,건조,맑음,교차로 - 교차로안,승용,여,49세,경상,승용,여,27세,경상
2016012600100316,2016년 1월 26일 15시,화요일,대구광역시 달서구 이곡동,경상사고,0,0,1,0,차대차 - 측면직각충돌,교차로운행방법위반,건조,맑음,교차로 - 교차로안,화물,남,60세,상해없음,승용,남,54세,경상
2016012600100371,2016년 1월 26일 17시,화요일,대구광역시 북구 동천동,경상사고,0,0,1,0,차대차 - 추돌,안전운전불이행,건조,맑음,교차로 - 교차로부근,승용,여,52세,상해없음,승용,여,44세,경상
2016012600100423,2016년 1월 26일 18시,화요일,대구광역시 남구 대명동,중상사고,0,1,0,0,차대차 - 측면충돌,안전운전불이행,건조,맑음,단일로 - 기타,화물,남,50세,상해없음,이륜,남,44세,중상
2016012600100424,2016년 1월 26일 18시,화요일,대구광역시 동구 신서동,중상사고,0,1,0,0,차대차 - 추돌,안전운전불이행,건조,맑음,교차로 - 교차로안,화물,남,44세,상해없음,승용,남,62세,중상
2016012600100425,2016년 1월 26일 18시,화요일,대구광역시 달서구 월성동,경상사고,0,0,1,0,차대사람 - 기타,안전운전불이행,건조,맑음,단일로 - 기타,원동기,남,29세,상해없음,보행자,여,74세,경상
2016012600100426,2016년 1월 26일 18시,화요일,대구광역시 서구 비산동,경상사고,0,0,1,0,차대차 - 측면직각충돌,안전거리미확보,건조,맑음,단일로 - 기타,승용,여,56세,상해없음,승용,남,82세,상해없음
2016012600100494,2016년 1월 26일 20시,화요일,대구광역시 달서구 신당동,중상사고,0,1,0,0,차대사람 - 횡단중,안전운전불이행,건조,맑음,단일로 - 기타,이륜,남,19세,상해없음,보행자,남,18세,중상
2016012600100531,2016년 1월 26일 21시,화요일,대구광역시 달서구 도원동,부상신고사고,0,0,0,1,차대차 - 측면직각충돌,안전운전불이행,건조,맑음,단일로 - 기타,원동기,남,16세,부상신고,승용,여,23세,상해없음
2016012600100559,2016년 1월 26일 22시,화요일,대구광역시 북구 동천동,경상사고,0,0,1,0,차대사람 - 횡단중,불법유턴,건조,맑음,단일로 - 기타,승용,남,49세,상해없음,보행자,남,33세,경상
2016012600100590,2016년 1월 26일 23시,화요일,대구광역시 수성구 황금동,경상사고,0,0,1,0,차대사람 - 횡단중,보행자보호의무위반,건조,맑음,단일로 - 횡단보도상,승용,남,66세,상해없음,보행자,여,55세,경상
2016012700100021,2016년 1월 27일 00시,수요일,대구광역시 서구 내당동,중상사고,0,2,3,0,차대차 - 추돌,안전운전불이행,건조,맑음,단일로 - 기타,승용,남,54세,상해없음,승용,남,51세,중상
2016012700100054,2016년 1월 27일 04시,수요일,대구광역시 동구 신천동,중상사고,0,1,0,0,차대차 - 측면충돌,안전운전불이행,건조,맑음,단일로 - 기타,승용,남,50세,상해없음,승용,남,27세,중상
2016012700100055,2016년 1월 27일 04시,수요일,대구광역시 수성구 황금동,부상신고사고,0,0,0,1,차량단독 - 전도전복,안전운전불이행,건조,맑음,교차로 - 교차로부근,승용,남,50세,부상신고,,,,
2016012700100088,2016년 1월 27일 06시,수요일,대구광역시 수성구 범어동,경상사고,0,0,3,0,차대차 - 정면충돌,안전운전불이행,건조,맑음,단일로 - 기타,승용,남,81세,상해없음,승용,남,25세,경상
2016012700100107,2016년 1월 27일 07시,수요일,대구광역시 남구 봉덕동,경상사고,0,0,1,0,차대차 - 정면충돌,교차로운행방법위반,건조,맑음,교차로 - 교차로안,승용,남,32세,상해없음,승용,여,50세,경상
2016012700100147,2016년 1월 27일 08시,수요일,대구광역시 수성구 범어동,경상사고,0,0,1,0,차대차 - 측면충돌,안전운전불이행,건조,맑음,단일로 - 기타,승용,여,40세,상해없음,승용,여,29세,경상
2016012700100180,2016년 1월 27일 09시,수요일,대구광역시 서구 내당동,중상사고,0,1,0,0,차대차 - 기타,안전거리미확보,건조,맑음,단일로 - 기타,화물,남,47세,상해없음,원동기,남,28세,중상
2016012700100204,2016년 1월 27일 10시,수요일,대구광역시 북구 노원동3가,중상사고,0,1,0,0,차대차 - 측면충돌,기타,건조,맑음,교차로 - 교차로부근,승용,남,57세,상해없음,원동기,여,70세,중상
2016012700100205,2016년 1월 27일 10시,수요일,대구광역시 북구 동천동,경상사고,0,0,4,0,차대차 - 측면직각충돌,신호위반,건조,맑음,교차로 - 교차로안,승용,여,71세,상해없음,승용,남,69세,경상
2016012700100249,2016년 1월 27일 12시,수요일,대구광역시 달서구 장기동,경상사고,0,0,1,0,차대사람 - 횡단중,안전운전불이행,건조,맑음,기타 - 기타,승용,남,54세,상해없음,보행자,남,40세,경상
2016012700100333,2016년 1월 27일 15시,수요일,대구광역시 수성구 지산동,경상사고,0,0,1,0,차대차 - 추돌,안전운전불이행,건조,맑음,교차로 - 교차로부근,승용,남,39세,상해없음,승용,남,57세,경상
2016012700100364,2016년 1월 27일 16시,수요일,대구광역시 북구 서변동,경상사고,0,0,1,0,차대차 - 추돌,안전운전불이행,건조,맑음,단일로 - 기타,승용,여,41세,상해없음,화물,남,32세,경상
2016012700100367,2016년 1월 27일 16시,수요일,대구광역시 북구 대현동,경상사고,0,0,1,0,차대차 - 기타,안전운전불이행,건조,맑음,단일로 - 기타,이륜,남,76세,경상,승용,남,64세,상해없음
2016012700100368,2016년 1월 27일 16시,수요일,대구광역시 달서구 신당동,중상사고,0,1,0,0,차대차 - 기타,교차로운행방법위반,건조,맑음,교차로 - 교차로부근,승용,남,50세,상해없음,자전거,남,70세,중상
2016012700100402,2016년 1월 27일 17시,수요일,대구광역시 중구 대신동,중상사고,0,1,0,0,차대차 - 추돌,안전운전불이행,건조,맑음,단일로 - 기타,승용,남,55세,상해없음,승용,여,53세,중상
2016012700100455,2016년 1월 27일 18시,수요일,대구광역시 동구 용계동,중상사고,0,1,0,0,차대차 - 측면충돌,안전운전불이행,건조,맑음,교차로 - 교차로안,승용,기타불명,기타불명,기타불명,승용,남,41세,중상
2016012700100456,2016년 1월 27일 18시,수요일,대구광역시 동구 각산동,경상사고,0,0,3,0,차대차 - 측면직각충돌,안전운전불이행,건조,맑음,교차로 - 교차로안,승용,여,51세,상해없음,승용,남,46세,경상
2016012700100457,2016년 1월 27일 18시,수요일,대구광역시 북구 칠성동2가,경상사고,0,0,1,0,차대차 - 기타,안전운전불이행,건조,맑음,교차로 - 교차로안,기타불명,기타불명,기타불명,기타불명,승합,남,58세,상해없음
2016012700100458,2016년 1월 27일 18시,수요일,대구광역시 서구 평리동,중상사고,0,1,0,0,차대차 - 측면충돌,안전거리미확보,건조,맑음,단일로 - 기타,화물,남,62세,상해없음,이륜,남,64세,중상
2016012700100459,2016년 1월 27일 18시,수요일,대구광역시 서구 내당동,경상사고,0,0,1,0,차대차 - 정면충돌,신호위반,건조,맑음,교차로 - 교차로안,승용,여,54세,상해없음,원동기,남,34세,경상
2016012700100491,2016년 1월 27일 19시,수요일,대구광역시 동구 불로동,경상사고,0,0,1,0,차대차 - 측면직각충돌,안전거리미확보,건조,맑음,단일로 - 기타,승용,남,78세,상해없음,이륜,남,18세,경상
2016012700100492,2016년 1월 27일 19시,수요일,대구광역시 수성구 수성동4가,경상사고,0,0,2,0,차대차 - 정면충돌,안전운전불이행,건조,맑음,교차로 - 교차로안,승용,남,33세,상해없음,승용,남,62세,경상
2016012700100493,2016년 1월 27일 19시,수요일,대구광역시 수성구 만촌동,경상사고,0,0,1,0,차대차 - 측면충돌,안전운전불이행,건조,맑음,단일로 - 횡단보도부근,승용,여,29세,상해없음,승용,여,49세,경상
2016012700100537,2016년 1월 27일 20시,수요일,대구광역시 서구 평리동,중상사고,0,1,0,0,차대사람 - 횡단중,안전운전불이행,건조,맑음,단일로 - 기타,화물,남,34세,상해없음,보행자,남,47세,중상
2016012700100538,2016년 1월 27일 20시,수요일,대구광역시 북구 구암동,경상사고,0,0,1,0,차대차 - 추돌,안전운전불이행,건조,맑음,교차로 - 교차로부근,화물,남,46세,상해없음,승용,남,28세,경상
2016012700100567,2016년 1월 27일 21시,수요일,대구광역시 동구 신기동,중상사고,0,1,0,0,차대사람 - 횡단중,안전운전불이행,건조,맑음,단일로 - 기타,승용,남,72세,상해없음,보행자,남,57세,중상
2016012700100595,2016년 1월 27일 22시,수요일,대구광역시 수성구 이천동,경상사고,0,0,1,0,차대차 - 추돌,안전거리미확보,건조,맑음,교차로 - 교차로부근,승용,남,47세,상해없음,승용,여,34세,경상
2016012700100596,2016년 1월 27일 22시,수요일,대구광역시 달성군 현풍면,경상사고,0,0,1,0,차대사람 - 횡단중,안전운전불이행,건조,맑음,단일로 - 기타,승용,여,47세,상해없음,보행자,남,34세,경상
2016012700100597,2016년 1월 27일 22시,수요일,대구광역시 북구 대현동,경상사고,0,0,1,0,차대차 - 추돌,안전운전불이행,건조,맑음,단일로 - 기타,승용,남,40세,상해없음,승용,여,54세,경상
2016012800100079,2016년 1월 28일 05시,목요일,대구광역시 동구 용계동,중상사고,0,1,3,0,차대차 - 추돌,안전운전불이행,건조,맑음,단일로 - 기타,승용,남,37세,경상,승용,남,51세,중상
2016012800100143,2016년 1월 28일 07시,목요일,대구광역시 서구 비산동,부상신고사고,0,0,0,1,차대차 - 측면충돌,중앙선침범,건조,맑음,교차로 - 교차로안,자전거,남,43세,부상신고,승용,남,36세,상해없음
2016012800100225,2016년 1월 28일 10시,목요일,대구광역시 북구 사수동,중상사고,0,1,0,0,차대차 - 측면직각충돌,안전운전불이행,건조,맑음,단일로 - 기타,승용,남,29세,상해없음,자전거,남,64세,중상
2016012800100276,2016년 1월 28일 12시,목요일,대구광역시 북구 읍내동,경상사고,0,0,1,0,차대사람 - 길가장자리구역통행중,안전운전불이행,건조,흐림,교차로 - 교차로부근,승용,여,36세,상해없음,보행자,여,32세,경상
2016012800100303,2016년 1월 28일 13시,목요일,대구광역시 중구 대봉동,중상사고,0,1,0,0,차대차 - 기타,안전거리미확보,건조,맑음,단일로 - 기타,승용,여,45세,상해없음,승용,남,49세,상해없음
2016012800100339,2016년 1월 28일 14시,목요일,대구광역시 남구 대명동,경상사고,0,0,1,0,차대차 - 기타,직진우회전진행방해,습기,눈,교차로 - 교차로안,승용,남,40세,상해없음,원동기,남,31세,경상
2016012800100367,2016년 1월 28일 15시,목요일,대구광역시 달서구 상인동,경상사고,0,0,1,0,차대차 - 측면충돌,불법유턴,건조,맑음,기타 - 기타,승용,여,53세,기타불명,승용,남,64세,경상
2016012800100368,2016년 1월 28일 15시,목요일,대구광역시 달성군 가창면,중상사고,0,1,1,0,차대차 - 정면충돌,중앙선침범,결빙,비,단일로 - 기타,승용,여,56세,상해없음,화물,남,66세,경상
2016012800100395,2016년 1월 28일 16시,목요일,대구광역시 동구 신암동,경상사고,0,0,1,0,차대차 - 기타,안전운전불이행,결빙,눈,단일로 - 기타,승용,여,48세,상해없음,이륜,남,22세,경상
2016012800100396,2016년 1월 28일 16시,목요일,대구광역시 북구 침산동,부상신고사고,0,0,0,1,차대차 - 기타,안전운전불이행,결빙,눈,교차로 - 교차로부근,자전거,남,85세,부상신고,승합,남,62세,상해없음
2016012800100397,2016년 1월 28일 16시,목요일,대구광역시 북구 산격동,경상사고,0,0,2,0,차대차 - 추돌,안전운전불이행,건조,맑음,단일로 - 기타,화물,남,26세,상해없음,승용,여,45세,경상
2016012800100421,2016년 1월 28일 17시,목요일,대구광역시 동구 신서동,경상사고,0,0,1,0,차대차 - 추돌,안전거리미확보,결빙,눈,교차로 - 교차로부근,승용,남,33세,상해없음,승용,여,40세,경상
2016012800100422,2016년 1월 28일 17시,목요일,대구광역시 달서구 상인동,경상사고,0,0,1,0,차대차 - 측면충돌,교차로운행방법위반,결빙,맑음,교차로 - 교차로안,승용,남,65세,상해없음,화물,남,22세,경상
2016012800100423,2016년 1월 28일 17시,목요일,대구광역시 달성군 옥포면,경상사고,0,0,1,0,차대차 - 추돌,안전운전불이행,결빙,비,교차로 - 교차로안,승용,여,45세,상해없음,승용,남,34세,경상
2016012800100424,2016년 1월 28일 17시,목요일,대구광역시 서구 비산동,경상사고,0,0,1,0,차대차 - 기타,안전운전불이행,건조,맑음,교차로 - 교차로부근,승용,남,49세,기타불명,화물,남,54세,경상
2016012800100471,2016년 1월 28일 18시,목요일,대구광역시 달서구 월암동,경상사고,0,0,1,0,차대사람 - 횡단중,보행자보호의무위반,습기,비,교차로 - 교차로안,승용,남,53세,상해없음,보행자,남,22세,경상
2016012800100472,2016년 1월 28일 18시,목요일,대구광역시 북구 태전동,경상사고,0,0,1,0,차대사람 - 길가장자리구역통행중,안전운전불이행,습기,눈,교차로 - 교차로부근,화물,남,35세,상해없음,보행자,여,21세,경상
2016012800100473,2016년 1월 28일 18시,목요일,대구광역시 북구 구암동,경상사고,0,0,1,0,차대차 - 정면충돌,중앙선침범,습기,비,교차로 - 교차로부근,승용,남,49세,상해없음,승용,여,35세,경상
2016012800100516,2016년 1월 28일 19시,목요일,대구광역시 달서구 감삼동,부상신고사고,0,0,0,1,차대사람 - 차도통행중,안전운전불이행,습기,흐림,기타 - 기타,기타불명,기타불명,기타불명,기타불명,보행자,남,46세,부상신고
2016012800100557,2016년 1월 28일 20시,목요일,대구광역시 수성구 파동,중상사고,0,1,0,0,차량단독 - 전도전복,안전운전불이행,결빙,눈,단일로 - 기타,승용,남,32세,중상,,,,