사고번호,사고일시,요일,시군구,사고내용,사망자수,중상자수,경상자수,부상신고자수,사고유형,법규위반,노면상태,기상상태,도로형태,가해운전자 차종,가해운전자 성별,가해운전자 연령,가해운전자 상해정도,피해운전자 차종,피해운전자 성별,피해운전자 연령,피해운전자 상해정도
2016012800100558,2016년 1월 28일 20시,목요일,대구광역시 달성군 화원읍,중상사고,0,1,0,0,차대차 - 측면직각충돌,안전운전불이행,건조,맑음,교차로 - 교차로부근,승용,남,53세,상해없음,자전거,남,56세,중상
2016012800100559,2016년 1월 28일 20시,목요일,대구광역시 달서구 성당동,경상사고,0,0,1,0,차대차 - 기타,안전운전불이행,적설,눈,단일로 - 기타,승용,남,51세,상해없음,승용,남,62세,기타불명
2016012800100597,2016년 1월 28일 21시,목요일,대구광역시 북구 노곡동,경상사고,0,0,1,0,차대차 - 추돌,안전거리미확보,습기,흐림,단일로 - 기타,화물,남,24세,상해없음,승용,남,50세,경상
2016012800100601,2016년 1월 28일 21시,목요일,대구광역시 북구 침산동,중상사고,0,1,0,0,차대차 - 추돌,안전거리미확보,결빙,눈,단일로 - 기타,승용,남,56세,상해없음,승용,남,57세,상해없음
2016012800100639,2016년 1월 28일 22시,목요일,대구광역시 수성구 중동,경상사고,0,0,3,0,차대차 - 추돌,안전거리미확보,건조,맑음,단일로 - 기타,승용,남,74세,상해없음,승용,남,29세,상해없음
2016012800100640,2016년 1월 28일 22시,목요일,대구광역시 중구 종로1가,경상사고,0,0,1,0,차대차 - 추돌,안전운전불이행,습기,눈,단일로 - 기타,승용,남,44세,상해없음,승용,남,31세,경상
2016012900100023,2016년 1월 29일 00시,금요일,대구광역시 수성구 만촌동,중상사고,0,1,1,0,차량단독 - 전도전복,안전운전불이행,건조,맑음,교차로 - 교차로부근,승용,남,50세,상해없음,,,,
2016012900100049,2016년 1월 29일 01시,금요일,대구광역시 동구 도동,중상사고,0,1,0,0,차대차 - 측면직각충돌,안전운전불이행,습기,눈,단일로 - 기타,승용,남,24세,상해없음,특수,남,59세,중상
2016012900100066,2016년 1월 29일 02시,금요일,대구광역시 남구 대명동,경상사고,0,0,2,0,차대차 - 정면충돌,안전거리미확보,습기,비,교차로 - 교차로부근,승용,남,32세,상해없음,승용,남,52세,경상
2016012900100067,2016년 1월 29일 02시,금요일,대구광역시 동구 지묘동,경상사고,0,0,1,0,차대차 - 추돌,안전운전불이행,건조,맑음,단일로 - 기타,승용,남,24세,상해없음,승용,남,51세,경상
2016012900100068,2016년 1월 29일 02시,금요일,대구광역시 북구 구암동,중상사고,0,1,0,0,차량단독 - 공작물충돌,안전운전불이행,결빙,눈,단일로 - 기타,승용,남,52세,기타불명,,,,
2016012900100086,2016년 1월 29일 03시,금요일,대구광역시 동구 효목동,중상사고,0,2,1,0,차대차 - 정면충돌,중앙선침범,적설,눈,교차로 - 교차로부근,승용,남,62세,기타불명,승용,남,53세,중상
2016012900100149,2016년 1월 29일 07시,금요일,대구광역시 수성구 수성동2가,중상사고,0,1,0,0,차대사람 - 횡단중,신호위반,결빙,눈,교차로 - 교차로부근,승용,여,44세,상해없음,보행자,남,51세,중상
2016012900100150,2016년 1월 29일 07시,금요일,대구광역시 달성군 유가면,경상사고,0,0,1,0,차대차 - 측면직각충돌,안전운전불이행,결빙,눈,단일로 - 기타,승용,남,36세,경상,승용,남,30세,상해없음
2016012900100151,2016년 1월 29일 07시,금요일,대구광역시 서구 평리동,중상사고,0,1,0,0,차대사람 - 횡단중,신호위반,습기,눈,교차로 - 교차로안,승합,남,41세,상해없음,보행자,여,74세,중상
2016012900100182,2016년 1월 29일 08시,금요일,대구광역시 서구 이현동,부상신고사고,0,0,0,1,차대사람 - 횡단중,안전운전불이행,결빙,눈,단일로 - 기타,승합,남,53세,상해없음,보행자,남,34세,부상신고
2016012900100183,2016년 1월 29일 08시,금요일,대구광역시 달서구 두류동,경상사고,0,0,2,0,차대차 - 측면충돌,중앙선침범,결빙,눈,단일로 - 기타,승용,남,63세,상해없음,승용,여,33세,경상
2016012900100235,2016년 1월 29일 10시,금요일,대구광역시 서구 상리동,경상사고,0,0,1,0,차대차 - 측면충돌,안전거리미확보,결빙,눈,단일로 - 기타,화물,남,49세,상해없음,승용,남,70세,경상
2016012900100236,2016년 1월 29일 10시,금요일,대구광역시 중구 공평동,경상사고,0,0,1,0,차대차 - 추돌,안전거리미확보,결빙,맑음,단일로 - 기타,승합,남,61세,상해없음,승용,여,52세,경상
2016012900100237,2016년 1월 29일 10시,금요일,대구광역시 달서구 성당동,경상사고,0,0,3,0,차대차 - 측면충돌,안전운전불이행,결빙,눈,교차로 - 교차로부근,승용,남,60세,상해없음,승용,남,58세,경상
2016012900100308,2016년 1월 29일 13시,금요일,대구광역시 북구 침산동,경상사고,0,0,2,0,차대차 - 기타,교차로운행방법위반,결빙,눈,교차로 - 교차로안,승용,남,47세,상해없음,화물,남,65세,경상
2016012900100329,2016년 1월 29일 14시,금요일,대구광역시 수성구 수성동4가,경상사고,0,0,2,0,차대차 - 측면직각충돌,안전거리미확보,습기,눈,단일로 - 기타,화물,남,62세,상해없음,승용,여,42세,경상
2016012900100330,2016년 1월 29일 14시,금요일,대구광역시 수성구 만촌동,경상사고,0,0,1,0,차대차 - 측면충돌,안전운전불이행,습기,비,단일로 - 기타,승용,여,44세,기타불명,승용,여,30세,경상
2016012900100381,2016년 1월 29일 16시,금요일,대구광역시 남구 대명동,부상신고사고,0,0,0,4,차대차 - 추돌,안전운전불이행,습기,비,기타 - 기타,승용,남,51세,상해없음,승용,여,33세,부상신고
2016012900100382,2016년 1월 29일 16시,금요일,대구광역시 북구 대현동,경상사고,0,0,1,0,차대차 - 기타,안전운전불이행,건조,맑음,단일로 - 기타,화물,남,47세,상해없음,승용,여,41세,경상
2016012900100418,2016년 1월 29일 17시,금요일,대구광역시 달성군 현풍면,중상사고,0,2,0,0,차대사람 - 횡단중,보행자보호의무위반,습기,비,교차로 - 교차로부근,승용,남,32세,상해없음,보행자,여,10세,중상
2016012900100473,2016년 1월 29일 18시,금요일,대구광역시 서구 평리동,중상사고,0,1,0,0,차대사람 - 횡단중,안전운전불이행,습기,비,교차로 - 교차로부근,원동기,남,53세,상해없음,보행자,여,65세,중상
2016012900100530,2016년 1월 29일 19시,금요일,대구광역시 동구 신기동,중상사고,0,1,0,0,차대사람 - 횡단중,안전운전불이행,건조,맑음,단일로 - 기타,승용,남,57세,상해없음,보행자,남,69세,중상
2016012900100531,2016년 1월 29일 19시,금요일,대구광역시 동구 율하동,경상사고,0,0,2,0,차대차 - 측면충돌,안전거리미확보,습기,비,단일로 - 기타,승용,남,44세,경상,승용,여,48세,경상
2016012900100532,2016년 1월 29일 19시,금요일,대구광역시 수성구 지산동,중상사고,0,1,0,0,차대사람 - 횡단중,보행자보호의무위반,건조,맑음,단일로 - 횡단보도상,승용,남,35세,상해없음,보행자,여,48세,중상
2016012900100533,2016년 1월 29일 19시,금요일,대구광역시 달서구 월성동,경상사고,0,0,1,0,차대차 - 측면충돌,안전운전불이행,건조,맑음,교차로 - 교차로안,승용,남,61세,상해없음,승용,남,43세,경상
2016012900100589,2016년 1월 29일 20시,금요일,대구광역시 서구 내당동,경상사고,0,0,2,0,차대차 - 추돌,안전운전불이행,습기,비,교차로 - 교차로부근,승용,남,56세,상해없음,승용,여,46세,경상
2016012900100617,2016년 1월 29일 21시,금요일,대구광역시 달서구 대천동,경상사고,0,0,1,0,차대차 - 추돌,안전운전불이행,습기,비,교차로 - 교차로부근,화물,남,41세,상해없음,승용,남,35세,경상
2016012900100655,2016년 1월 29일 22시,금요일,대구광역시 달서구 본동,경상사고,0,0,1,0,차대사람 - 횡단중,보행자보호의무위반,습기,비,교차로 - 교차로안,승용,남,53세,상해없음,보행자,남,53세,경상
2016012900100688,2016년 1월 29일 23시,금요일,대구광역시 수성구 사월동,경상사고,0,0,2,0,차대차 - 추돌,안전운전불이행,습기,비,단일로 - 횡단보도부근,승용,남,53세,상해없음,승용,남,64세,경상
2016013000100062,2016년 1월 30일 01시,토요일,대구광역시 달서구 월암동,부상신고사고,0,0,0,1,차대차 - 기타,직진우회전진행방해,습기,비,교차로 - 교차로안,이륜,남,56세,부상신고,승용,남,35세,상해없음
2016013000100063,2016년 1월 30일 01시,토요일,대구광역시 달서구 성당동,중상사고,0,1,1,0,차대차 - 측면충돌,불법유턴,습기,비,단일로 - 기타,승용,남,61세,상해없음,승용,남,42세,중상
2016013000100064,2016년 1월 30일 01시,토요일,대구광역시 북구 동천동,경상사고,0,0,1,0,차대차 - 측면충돌,차로위반,건조,맑음,단일로 - 기타,승용,남,25세,상해없음,승용,남,59세,경상
2016013000100088,2016년 1월 30일 02시,토요일,대구광역시 동구 신천동,중상사고,0,1,0,0,차대사람 - 횡단중,보행자보호의무위반,건조,맑음,단일로 - 횡단보도상,화물,남,47세,상해없음,보행자,남,73세,중상
2016013000100099,2016년 1월 30일 03시,토요일,대구광역시 달서구 이곡동,사망사고,1,0,0,0,차대사람 - 횡단중,안전운전불이행,건조,맑음,단일로 - 기타,승용,남,37세,상해없음,보행자,남,33세,사망
2016013000100136,2016년 1월 30일 05시,토요일,대구광역시 달서구 죽전동,경상사고,0,0,1,0,차대차 - 추돌,안전거리미확보,습기,흐림,교차로 - 교차로안,화물,남,44세,상해없음,승용,남,66세,경상
2016013000100176,2016년 1월 30일 07시,토요일,대구광역시 북구 관음동,경상사고,0,0,1,0,차대사람 - 횡단중,안전운전불이행,건조,맑음,단일로 - 기타,승용,여,48세,상해없음,보행자,여,21세,경상
2016013000100216,2016년 1월 30일 08시,토요일,대구광역시 달서구 신당동,경상사고,0,0,2,0,차대차 - 추돌,안전운전불이행,건조,맑음,단일로 - 기타,승용,남,52세,상해없음,승용,남,53세,경상
2016013000100351,2016년 1월 30일 13시,토요일,대구광역시 동구 신기동,중상사고,0,1,0,0,차대차 - 측면직각충돌,직진우회전진행방해,건조,맑음,교차로 - 교차로안,승용,남,73세,상해없음,이륜,남,51세,중상
2016013000100352,2016년 1월 30일 13시,토요일,대구광역시 달서구 갈산동,경상사고,0,0,2,0,차대차 - 기타,안전운전불이행,건조,맑음,교차로 - 교차로부근,승용,남,41세,상해없음,승용,남,60세,경상
2016013000100404,2016년 1월 30일 15시,토요일,대구광역시 북구 고성동2가,경상사고,0,0,2,0,차대차 - 측면직각충돌,안전거리미확보,건조,맑음,단일로 - 기타,승용,여,70세,상해없음,승용,남,33세,경상
2016013000100405,2016년 1월 30일 15시,토요일,대구광역시 북구 구암동,중상사고,0,1,0,0,차대차 - 기타,안전운전불이행,건조,맑음,단일로 - 기타,승용,여,55세,상해없음,이륜,남,24세,중상
2016013000100428,2016년 1월 30일 16시,토요일,대구광역시 수성구 수성동1가,경상사고,0,0,2,0,차대사람 - 길가장자리구역통행중,안전운전불이행,건조,맑음,단일로 - 기타,승용,남,56세,상해없음,보행자,여,74세,경상
2016013000100504,2016년 1월 30일 18시,토요일,대구광역시 달서구 상인동,경상사고,0,0,2,0,차대차 - 추돌,안전운전불이행,건조,맑음,단일로 - 기타,승용,남,50세,상해없음,승용,남,58세,경상
2016013000100505,2016년 1월 30일 18시,토요일,대구광역시 서구 내당동,경상사고,0,0,2,0,차대차 - 추돌,안전거리미확보,건조,맑음,단일로 - 기타,승용,남,51세,상해없음,이륜,남,16세,경상
2016013000100506,2016년 1월 30일 18시,토요일,대구광역시 서구 비산동,중상사고,0,1,0,0,차대차 - 추돌,안전운전불이행,건조,맑음,단일로 - 기타,승용,남,56세,상해없음,승용,남,44세,중상
2016013000100507,2016년 1월 30일 18시,토요일,대구광역시 달서구 죽전동,경상사고,0,0,3,0,차대차 - 추돌,안전운전불이행,건조,맑음,단일로 - 횡단보도부근,승용,남,52세,상해없음,승용,여,37세,경상
2016013000100545,2016년 1월 30일 19시,토요일,대구광역시 동구 율하동,경상사고,0,0,1,0,차대차 - 추돌,안전거리미확보,건조,맑음,교차로 - 교차로안,이륜,남,18세,경상,승용,남,33세,상해없음
2016013000100546,2016년 1월 30일 19시,토요일,대구광역시 수성구 범어동,부상신고사고,0,0,0,1,차대사람 - 기타,안전운전불이행,건조,맑음,단일로 - 기타,승용,남,28세,상해없음,보행자,남,50세,부상신고
2016013000100576,2016년 1월 30일 20시,토요일,대구광역시 서구 평리동,경상사고,0,0,1,0,차대차 - 측면직각충돌,신호위반,건조,맑음,교차로 - 교차로부근,승용,여,43세,상해없음,원동기,남,51세,경상
2016013000100577,2016년 1월 30일 20시,토요일,대구광역시 중구 삼덕동2가,중상사고,0,1,0,0,차대차 - 측면충돌,안전거리미확보,건조,맑음,단일로 - 기타,승용,남,61세,상해없음,이륜,남,17세,중상
2016013000100609,2016년 1월 30일 21시,토요일,대구광역시 수성구 수성동1가,경상사고,0,0,1,0,차대사람 - 횡단중,안전운전불이행,건조,맑음,교차로 - 교차로안,화물,남,61세,상해없음,보행자,여,62세,경상
2016013000100610,2016년 1월 30일 21시,토요일,대구광역시 수성구 지산동,중상사고,0,1,0,0,차대차 - 추돌,안전운전불이행,건조,맑음,단일로 - 기타,승용,여,34세,상해없음,승용,남,47세,중상
2016013000100611,2016년 1월 30일 21시,토요일,대구광역시 달서구 상인동,경상사고,0,0,1,0,차대차 - 기타,안전운전불이행,건조,맑음,교차로 - 교차로안,승용,남,28세,상해없음,이륜,남,23세,경상
2016013000100612,2016년 1월 30일 21시,토요일,대구광역시 달서구 용산동,중상사고,0,1,2,0,차대차 - 추돌,안전운전불이행,건조,맑음,단일로 - 기타,승용,남,54세,상해없음,승용,남,28세,경상
2016013000100636,2016년 1월 30일 22시,토요일,대구광역시 달서구 감삼동,중상사고,0,2,0,0,차대차 - 기타,안전운전불이행,건조,맑음,단일로 - 기타,승용,여,54세,중상,승용,남,31세,상해없음
2016013000100637,2016년 1월 30일 22시,토요일,대구광역시 북구 구암동,경상사고,0,0,1,0,차대차 - 측면충돌,교차로운행방법위반,건조,맑음,교차로 - 교차로안,승용,남,55세,상해없음,승용,남,42세,상해없음
2016013000100638,2016년 1월 30일 22시,토요일,대구광역시 북구 구암동,부상신고사고,0,0,0,1,차대차 - 추돌,기타,건조,맑음,교차로 - 교차로안,이륜,남,18세,부상신고,승용,남,54세,상해없음
2016013100100028,2016년 1월 31일 00시,일요일,대구광역시 중구 남일동,경상사고,0,0,1,0,차대차 - 추돌,안전거리미확보,건조,맑음,단일로 - 기타,이륜,남,17세,상해없음,승용,남,50세,경상
2016013100100045,2016년 1월 31일 01시,일요일,대구광역시 수성구 상동,경상사고,0,0,1,0,차대차 - 측면직각충돌,안전운전불이행,습기,흐림,교차로 - 교차로부근,승용,남,37세,기타불명,승용,남,56세,경상
2016013100100046,2016년 1월 31일 01시,일요일,대구광역시 수성구 신매동,경상사고,0,0,2,0,차대차 - 측면충돌,안전운전불이행,습기,흐림,단일로 - 기타,승용,남,24세,상해없음,승용,남,26세,경상
2016013100100047,2016년 1월 31일 01시,일요일,대구광역시 북구 칠성동1가,중상사고,0,1,1,1,차대차 - 측면충돌,안전운전불이행,건조,맑음,교차로 - 교차로부근,승용,남,22세,부상신고,승용,남,47세,경상
2016013100100048,2016년 1월 31일 01시,일요일,대구광역시 서구 중리동,경상사고,0,0,1,0,차대차 - 추돌,안전거리미확보,건조,맑음,교차로 - 교차로부근,승용,남,38세,기타불명,승용,남,63세,경상
2016013100100066,2016년 1월 31일 02시,일요일,대구광역시 수성구 만촌동,경상사고,0,0,2,0,차대차 - 기타,안전운전불이행,습기,흐림,단일로 - 기타,승용,여,49세,상해없음,승용,남,21세,경상
2016013100100088,2016년 1월 31일 03시,일요일,대구광역시 중구 덕산동,경상사고,0,0,1,0,차대차 - 측면충돌,안전거리미확보,건조,맑음,단일로 - 기타,승용,남,49세,상해없음,승용,남,53세,경상
2016013100100103,2016년 1월 31일 05시,일요일,대구광역시 북구 읍내동,중상사고,0,1,1,0,차대차 - 측면직각충돌,안전거리미확보,습기,안개,교차로 - 교차로부근,승용,남,61세,경상,승용,남,42세,중상
2016013100100118,2016년 1월 31일 06시,일요일,대구광역시 남구 대명동,중상사고,0,2,0,0,차대차 - 정면충돌,안전운전불이행,건조,맑음,교차로 - 교차로안,승용,남,33세,상해없음,승용,남,26세,중상
2016013100100193,2016년 1월 31일 11시,일요일,대구광역시 중구 남산동,경상사고,0,0,1,0,차대사람 - 횡단중,중앙선침범,건조,맑음,단일로 - 기타,승용,남,45세,상해없음,보행자,여,46세,경상
2016013100100257,2016년 1월 31일 14시,일요일,대구광역시 남구 봉덕동,경상사고,0,0,1,0,차대사람 - 기타,안전운전불이행,건조,맑음,단일로 - 기타,승용,남,86세,상해없음,보행자,여,63세,경상
2016013100100258,2016년 1월 31일 14시,일요일,대구광역시 중구 삼덕동3가,경상사고,0,0,2,1,차대차 - 측면직각충돌,안전거리미확보,건조,맑음,단일로 - 기타,승용,남,21세,경상,승용,남,59세,경상
2016013100100283,2016년 1월 31일 15시,일요일,대구광역시 수성구 만촌동,중상사고,0,1,6,0,차대차 - 측면충돌,안전운전불이행,건조,맑음,교차로 - 교차로부근,승용,남,59세,상해없음,승용,남,23세,경상
2016013100100284,2016년 1월 31일 15시,일요일,대구광역시 달성군 화원읍,경상사고,0,0,1,0,차대차 - 측면직각충돌,안전운전불이행,건조,맑음,교차로 - 교차로안,승용,남,41세,상해없음,이륜,남,18세,경상
2016013100100285,2016년 1월 31일 15시,일요일,대구광역시 북구 복현동,경상사고,0,0,1,0,차대사람 - 기타,안전운전불이행,건조,맑음,단일로 - 기타,승용,남,69세,상해없음,보행자,남,49세,경상
2016013100100331,2016년 1월 31일 17시,일요일,대구광역시 동구 신천동,중상사고,0,1,2,0,차대차 - 추돌,안전운전불이행,건조,맑음,단일로 - 기타,승용,남,60세,상해없음,승용,남,67세,경상
2016013100100359,2016년 1월 31일 18시,일요일,대구광역시 수성구 수성동3가,경상사고,0,0,1,0,차대차 - 측면충돌,불법유턴,건조,맑음,단일로 - 기타,승용,남,33세,상해없음,자전거,여,37세,경상
2016013100100391,2016년 1월 31일 19시,일요일,대구광역시 동구 신서동,경상사고,0,0,1,0,차대차 - 기타,안전운전불이행,건조,맑음,단일로 - 기타,승용,남,28세,상해없음,이륜,남,22세,경상
2016013100100392,2016년 1월 31일 19시,일요일,대구광역시 동구 효목동,경상사고,0,0,1,0,차대사람 - 횡단중,안전운전불이행,건조,맑음,교차로 - 교차로안,승용,남,69세,상해없음,보행자,남,70세,경상
2016013100100393,2016년 1월 31일 19시,일요일,대구광역시 달서구 이곡동,경상사고,0,0,1,0,차대차 - 추돌,중앙선침범,건조,맑음,기타 - 기타,승용,남,45세,상해없음,승용,남,36세,경상
2016013100100394,2016년 1월 31일 19시,일요일,대구광역시 북구 국우동,부상신고사고,0,0,0,1,차대차 - 측면충돌,교차로운행방법위반,건조,맑음,교차로 - 교차로안,원동기,남,50세,기타불명,원동기,남,19세,부상신고
2016013100100440,2016년 1월 31일 21시,일요일,대구광역시 북구 대현동,경상사고,0,0,1,0,차대차 - 측면충돌,안전운전불이행,건조,맑음,교차로 - 교차로안,화물,남,62세,상해없음,이륜,남,47세,경상
2016020100100081,2016년 2월 1일 07시,월요일,대구광역시 달서구 상인동,부상신고사고,0,0,0,1,차대차 - 기타,안전운전불이행,건조,맑음,교차로 - 교차로안,승용,여,52세,기타불명,자전거,남,73세,부상신고
2016020100100082,2016년 2월 1일 07시,월요일,대구광역시 북구 침산동,중상사고,0,1,0,0,차대차 - 측면충돌,안전거리미확보,건조,맑음,단일로 - 기타,승용,남,37세,상해없음,원동기,남,26세,중상
2016020100100113,2016년 2월 1일 08시,월요일,대구광역시 수성구 범어동,경상사고,0,0,4,0,차대차 - 측면충돌,안전거리미확보,건조,맑음,단일로 - 기타,승용,남,32세,상해없음,승용,남,43세,경상
2016020100100114,2016년 2월 1일 08시,월요일,대구광역시 달서구 상인동,중상사고,0,1,0,0,차대차 - 측면충돌,교차로운행방법위반,건조,맑음,교차로 - 교차로안,승용,여,42세,상해없음,자전거,여,55세,중상
2016020100100115,2016년 2월 1일 08시,월요일,대구광역시 달서구 호산동,경상사고,0,0,1,0,차대차 - 측면충돌,교차로운행방법위반,건조,맑음,교차로 - 교차로안,화물,남,60세,상해없음,승용,남,42세,경상
2016020100100116,2016년 2월 1일 08시,월요일,대구광역시 북구 서변동,경상사고,0,0,1,0,차대차 - 기타,안전거리미확보,건조,맑음,단일로 - 기타,화물,남,22세,기타불명,승용,여,28세,경상
2016020100100147,2016년 2월 1일 09시,월요일,대구광역시 달서구 송현동,중상사고,0,1,0,0,차대사람 - 횡단중,보행자보호의무위반,건조,맑음,단일로 - 횡단보도부근,승용,남,52세,상해없음,보행자,여,68세,중상
2016020100100148,2016년 2월 1일 09시,월요일,대구광역시 북구 노원동3가,경상사고,0,0,1,0,차대차 - 측면충돌,안전거리미확보,건조,맑음,단일로 - 기타,승용,남,41세,상해없음,승용,남,43세,경상
2016020100100166,2016년 2월 1일 10시,월요일,대구광역시 달서구 본동,경상사고,0,0,2,1,차대차 - 측면직각충돌,불법유턴,건조,맑음,교차로 - 교차로부근,승용,남,44세,기타불명,화물,남,54세,경상
2016020100100167,2016년 2월 1일 10시,월요일,대구광역시 북구 산격동,경상사고,0,0,1,0,차대차 - 측면충돌,교차로운행방법위반,건조,맑음,교차로 - 교차로안,승용,남,41세,상해없음,이륜,남,56세,경상
2016020100100168,2016년 2월 1일 10시,월요일,대구광역시 달서구 용산동,경상사고,0,0,1,0,차대차 - 추돌,안전거리미확보,건조,맑음,단일로 - 기타,화물,남,66세,상해없음,승용,여,67세,경상
2016020100100204,2016년 2월 1일 11시,월요일,대구광역시 북구 노원동3가,중상사고,0,1,0,0,차대차 - 측면충돌,안전거리미확보,건조,맑음,교차로 - 교차로안,화물,남,33세,상해없음,화물,남,55세,중상
2016020100100233,2016년 2월 1일 12시,월요일,대구광역시 수성구 범어동,경상사고,0,0,3,0,차대차 - 기타,교차로운행방법위반,건조,맑음,교차로 - 교차로안,승용,남,61세,상해없음,승용,남,53세,경상
2016020100100234,2016년 2월 1일 12시,월요일,대구광역시 달서구 장기동,경상사고,0,0,2,0,차대차 - 측면충돌,안전운전불이행,건조,맑음,단일로 - 기타,화물,남,40세,상해없음,승용,여,51세,경상
2016020100100290,2016년 2월 1일 14시,월요일,대구광역시 동구 방촌동,경상사고,0,0,1,0,차대사람 - 횡단중,안전운전불이행,건조,맑음,단일로 - 기타,승용,여,28세,상해없음,보행자,여,68세,경상
2016020100100322,2016년 2월 1일 15시,월요일,대구광역시 북구 노원동3가,경상사고,0,0,1,0,차대차 - 정면충돌,안전거리미확보,건조,맑음,단일로 - 기타,승용,남,67세,상해없음,원동기,여,28세,경상
2016020100100323,2016년 2월 1일 15시,월요일,대구광역시 중구 동성로2가,중상사고,0,1,0,0,차대사람 - 길가장자리구역통행중,안전운전불이행,건조,맑음,단일로 - 기타,승용,남,21세,상해없음,보행자,여,16세,중상
2016020100100324,2016년 2월 1일 15시,월요일,대구광역시 중구 덕산동,중상사고,0,1,0,0,차대사람 - 횡단중,안전운전불이행,건조,맑음,단일로 - 기타,이륜,남,30세,상해없음,보행자,남,77세,중상
2016020100100325,2016년 2월 1일 15시,월요일,대구광역시 달서구 두류동,경상사고,0,0,1,0,차대사람 - 횡단중,안전운전불이행,건조,맑음,단일로 - 횡단보도부근,기타불명,기타불명,40세,기타불명,보행자,여,19세,경상
2016020100100326,2016년 2월 1일 15시,월요일,대구광역시 북구 태전동,중상사고,0,1,0,0,차대사람 - 횡단중,기타,건조,맑음,기타 - 기타,승용,여,69세,상해없음,보행자,남,66세,중상
2016020100100353,2016년 2월 1일 16시,월요일,대구광역시 북구 노원동2가,경상사고,0,0,1,0,차대차 - 측면직각충돌,안전운전불이행,건조,맑음,교차로 - 교차로부근,승용,남,27세,상해없음,자전거,남,44세,경상
2016020100100354,2016년 2월 1일 16시,월요일,대구광역시 중구 봉산동,경상사고,0,0,1,0,차대차 - 측면직각충돌,안전운전불이행,건조,맑음,단일로 - 기타,승용,여,49세,상해없음,이륜,남,23세,경상
2016020100100355,2016년 2월 1일 16시,월요일,대구광역시 중구 하서동,경상사고,0,0,2,0,차대차 - 추돌,안전운전불이행,건조,맑음,교차로 - 교차로부근,승용,여,51세,상해없음,승용,남,31세,경상
2016020100100392,2016년 2월 1일 17시,월요일,대구광역시 수성구 범어동,경상사고,0,0,2,0,차대차 - 추돌,안전운전불이행,건조,맑음,단일로 - 기타,기타불명,기타불명,기타불명,기타불명,승용,여,38세,경상
2016020100100393,2016년 2월 1일 17시,월요일,대구광역시 달서구 신당동,경상사고,0,0,1,0,차대차 - 추돌,안전거리미확보,건조,맑음,단일로 - 기타,승용,남,64세,상해없음,이륜,남,18세,경상
2016020100100425,2016년 2월 1일 18시,월요일,대구광역시 달성군 옥포면,경상사고,0,0,3,0,차대차 - 측면충돌,안전운전불이행,건조,맑음,단일로 - 기타,화물,남,74세,경상,승합,남,50세,경상
2016020100100466,2016년 2월 1일 19시,월요일,대구광역시 수성구 신매동,경상사고,0,0,1,0,차대차 - 측면충돌,교차로운행방법위반,건조,맑음,교차로 - 교차로안,승용,남,80세,상해없음,승용,여,44세,경상
2016020100100467,2016년 2월 1일 19시,월요일,대구광역시 달서구 송현동,경상사고,0,0,1,0,차대차 - 측면충돌,중앙선침범,건조,맑음,단일로 - 기타,승용,여,35세,상해없음,원동기,남,18세,경상
2016020100100468,2016년 2월 1일 19시,월요일,대구광역시 북구 복현동,중상사고,0,1,0,0,차량단독 - 기타,안전운전불이행,건조,맑음,단일로 - 기타,승합,남,46세,상해없음,,,,
2016020100100499,2016년 2월 1일 20시,월요일,대구광역시 동구 신기동,경상사고,0,0,1,0,차대사람 - 횡단중,안전운전불이행,건조,맑음,단일로 - 기타,승합,남,43세,상해없음,보행자,남,52세,경상
2016020100100500,2016년 2월 1일 20시,월요일,대구광역시 달서구 유천동,중상사고,0,1,0,0,차대사람 - 횡단중,보행자보호의무위반,건조,맑음,단일로 - 기타,승용,남,36세,상해없음,보행자,남,10세,중상
2016020100100501,2016년 2월 1일 20시,월요일,대구광역시 서구 평리동,경상사고,0,0,1,0,차대사람 - 보도통행중,기타,건조,맑음,기타 - 기타,승용,남,51세,상해없음,보행자,남,45세,경상
2016020100100526,2016년 2월 1일 21시,월요일,대구광역시 동구 신천동,경상사고,0,0,3,1,차대차 - 측면충돌,신호위반,건조,맑음,교차로 - 교차로안,승용,여,53세,부상신고,승용,남,31세,경상
2016020100100527,2016년 2월 1일 21시,월요일,대구광역시 달서구 월성동,부상신고사고,0,0,0,1,차대사람 - 횡단중,안전운전불이행,건조,맑음,단일로 - 기타,승용,남,47세,상해없음,보행자,여,74세,부상신고
2016020100100556,2016년 2월 1일 22시,월요일,대구광역시 수성구 황금동,경상사고,0,0,1,0,차대차 - 정면충돌,신호위반,건조,맑음,교차로 - 교차로안,승용,여,33세,상해없음,승합,남,36세,경상
2016020100100579,2016년 2월 1일 23시,월요일,대구광역시 서구 내당동,경상사고,0,0,2,0,차대차 - 추돌,안전운전불이행,건조,맑음,단일로 - 기타,승용,남,36세,상해없음,승용,남,54세,경상
2016020200100037,2016년 2월 2일 03시,화요일,대구광역시 동구 효목동,중상사고,0,1,0,0,차대차 - 정면충돌,과속,건조,맑음,교차로 - 교차로안,승용,남,63세,상해없음,승용,남,54세,중상
2016020200100038,2016년 2월 2일 03시,화요일,대구광역시 서구 평리동,부상신고사고,0,0,0,1,차량단독 - 전도전복,안전운전불이행,건조,맑음,단일로 - 기타,자전거,남,18세,부상신고,,,,
2016020200100166,2016년 2월 2일 09시,화요일,대구광역시 서구 평리동,중상사고,0,1,0,0,차대차 - 측면충돌,안전운전불이행,건조,맑음,교차로 - 교차로안,승합,남,61세,상해없음,승용,남,24세,중상
2016020200100196,2016년 2월 2일 10시,화요일,대구광역시 달서구 본동,경상사고,0,0,3,0,차대차 - 추돌,안전운전불이행,건조,맑음,단일로 - 기타,화물,남,58세,상해없음,건설기계,남,60세,상해없음