사고번호,사고일시,요일,시군구,사고내용,사망자수,중상자수,경상자수,부상신고자수,사고유형,법규위반,노면상태,기상상태,도로형태,가해운전자 차종,가해운전자 성별,가해운전자 연령,가해운전자 상해정도,피해운전자 차종,피해운전자 성별,피해운전자 연령,피해운전자 상해정도
2016020200100197,2016년 2월 2일 10시,화요일,대구광역시 달서구 장기동,경상사고,0,0,1,1,차대차 - 측면충돌,중앙선침범,건조,맑음,단일로 - 기타,승용,남,50세,상해없음,화물,남,55세,부상신고
2016020200100198,2016년 2월 2일 10시,화요일,대구광역시 달서구 용산동,중상사고,0,2,0,0,차대차 - 추돌,안전운전불이행,건조,맑음,교차로 - 교차로부근,화물,남,25세,상해없음,승용,남,43세,중상
2016020200100227,2016년 2월 2일 11시,화요일,대구광역시 달서구 송현동,중상사고,0,1,0,0,차량단독 - 기타,안전운전불이행,건조,맑음,단일로 - 기타,승합,남,48세,기타불명,,,,
2016020200100305,2016년 2월 2일 14시,화요일,대구광역시 수성구 파동,중상사고,0,1,0,0,차대사람 - 기타,기타,건조,맑음,단일로 - 기타,승합,남,51세,상해없음,보행자,여,69세,중상
2016020200100340,2016년 2월 2일 15시,화요일,대구광역시 달서구 월성동,경상사고,0,0,2,0,차대차 - 측면충돌,차로위반,건조,맑음,단일로 - 기타,승용,남,55세,상해없음,승용,남,28세,경상
2016020200100375,2016년 2월 2일 16시,화요일,대구광역시 동구 효목동,경상사고,0,0,1,0,차대차 - 측면충돌,안전운전불이행,건조,맑음,교차로 - 교차로안,화물,남,52세,상해없음,화물,남,64세,경상
2016020200100376,2016년 2월 2일 16시,화요일,대구광역시 동구 신서동,경상사고,0,0,1,0,차대차 - 측면충돌,안전운전불이행,건조,맑음,교차로 - 교차로부근,승용,남,48세,상해없음,승용,여,35세,경상
2016020200100377,2016년 2월 2일 16시,화요일,대구광역시 수성구 범어동,경상사고,0,0,1,0,차대차 - 기타,안전운전불이행,건조,맑음,단일로 - 기타,이륜,남,71세,경상,승용,여,41세,상해없음
2016020200100378,2016년 2월 2일 16시,화요일,대구광역시 달성군 화원읍,경상사고,0,0,1,0,차대차 - 측면직각충돌,안전운전불이행,건조,맑음,단일로 - 기타,승용,남,49세,상해없음,이륜,남,51세,경상
2016020200100379,2016년 2월 2일 16시,화요일,대구광역시 북구 구암동,경상사고,0,0,2,1,차대차 - 측면충돌,차로위반,건조,맑음,교차로 - 교차로부근,승용,남,63세,부상신고,화물,남,43세,경상
2016020200100407,2016년 2월 2일 17시,화요일,대구광역시 북구 복현동,경상사고,0,0,1,0,차대차 - 측면충돌,안전운전불이행,건조,맑음,교차로 - 교차로안,승합,남,61세,상해없음,승용,남,49세,상해없음
2016020200100408,2016년 2월 2일 17시,화요일,대구광역시 달서구 대천동,부상신고사고,0,0,0,1,차대차 - 측면직각충돌,교차로운행방법위반,건조,맑음,단일로 - 기타,승용,남,55세,부상신고,화물,남,69세,상해없음
2016020200100409,2016년 2월 2일 17시,화요일,대구광역시 중구 삼덕동2가,경상사고,0,0,1,0,차대차 - 측면충돌,안전운전불이행,건조,맑음,단일로 - 기타,승용,남,55세,상해없음,이륜,남,33세,경상
2016020200100451,2016년 2월 2일 18시,화요일,대구광역시 동구 방촌동,경상사고,0,0,1,0,차대차 - 측면충돌,안전운전불이행,건조,맑음,교차로 - 교차로안,승용,남,28세,상해없음,자전거,남,75세,경상
2016020200100452,2016년 2월 2일 18시,화요일,대구광역시 동구 동호동,부상신고사고,0,0,0,1,차대차 - 측면충돌,안전운전불이행,건조,맑음,단일로 - 횡단보도상,자전거,남,14세,부상신고,승용,남,58세,상해없음
2016020200100453,2016년 2월 2일 18시,화요일,대구광역시 수성구 시지동,부상신고사고,0,0,0,1,차대차 - 측면충돌,안전운전불이행,건조,맑음,교차로 - 교차로안,이륜,남,35세,부상신고,승용,남,32세,상해없음
2016020200100454,2016년 2월 2일 18시,화요일,대구광역시 수성구 신매동,경상사고,0,0,1,0,차대차 - 측면직각충돌,안전거리미확보,건조,맑음,단일로 - 기타,승용,여,47세,상해없음,승용,여,39세,경상
2016020200100455,2016년 2월 2일 18시,화요일,대구광역시 달서구 월성동,경상사고,0,0,1,0,차대사람 - 횡단중,안전운전불이행,건조,맑음,교차로 - 교차로안,승용,여,47세,상해없음,보행자,여,66세,경상
2016020200100456,2016년 2월 2일 18시,화요일,대구광역시 서구 비산동,부상신고사고,0,0,0,1,차대차 - 기타,안전운전불이행,건조,맑음,교차로 - 교차로부근,원동기,남,37세,부상신고,기타불명,기타불명,기타불명,기타불명
2016020200100457,2016년 2월 2일 18시,화요일,대구광역시 달서구 죽전동,경상사고,0,0,1,0,차대차 - 측면충돌,안전운전불이행,건조,맑음,단일로 - 기타,이륜,남,17세,상해없음,자전거,남,67세,경상
2016020200100489,2016년 2월 2일 19시,화요일,대구광역시 북구 칠성동1가,경상사고,0,0,1,0,차대사람 - 기타,안전운전불이행,건조,맑음,단일로 - 기타,승용,남,57세,상해없음,보행자,남,32세,경상
2016020200100490,2016년 2월 2일 19시,화요일,대구광역시 서구 이현동,중상사고,0,1,2,0,차대차 - 추돌,안전운전불이행,건조,맑음,교차로 - 교차로부근,승용,남,55세,상해없음,승용,남,65세,경상
2016020200100511,2016년 2월 2일 20시,화요일,대구광역시 서구 중리동,중상사고,0,1,0,0,차대사람 - 횡단중,안전운전불이행,건조,맑음,단일로 - 기타,승용,남,64세,상해없음,보행자,여,23세,중상
2016020200100512,2016년 2월 2일 20시,화요일,대구광역시 북구 태전동,부상신고사고,0,0,0,1,차대차 - 기타,안전운전불이행,건조,맑음,단일로 - 기타,승용,남,36세,상해없음,이륜,남,19세,부상신고
2016020200100541,2016년 2월 2일 21시,화요일,대구광역시 달서구 상인동,경상사고,0,0,2,0,차대차 - 기타,교차로운행방법위반,건조,맑음,교차로 - 교차로안,승용,남,46세,상해없음,이륜,남,17세,경상
2016020200100542,2016년 2월 2일 21시,화요일,대구광역시 북구 칠성동2가,경상사고,0,0,2,0,차대차 - 기타,안전거리미확보,건조,맑음,단일로 - 기타,승용,남,29세,상해없음,승용,남,32세,경상
2016020300100017,2016년 2월 3일 00시,수요일,대구광역시 수성구 황금동,경상사고,0,0,1,0,차대차 - 측면충돌,중앙선침범,건조,맑음,단일로 - 기타,승용,여,22세,상해없음,승용,남,50세,경상
2016020300100018,2016년 2월 3일 00시,수요일,대구광역시 달서구 호산동,경상사고,0,0,2,0,차대사람 - 횡단중,신호위반,건조,맑음,단일로 - 횡단보도상,승용,남,26세,상해없음,보행자,남,26세,경상
2016020300100019,2016년 2월 3일 00시,수요일,대구광역시 북구 읍내동,경상사고,0,0,5,0,차대차 - 정면충돌,신호위반,건조,맑음,교차로 - 교차로안,승용,남,47세,상해없음,승용,남,19세,경상
2016020300100045,2016년 2월 3일 02시,수요일,대구광역시 수성구 황금동,중상사고,0,1,3,0,차대차 - 측면충돌,안전운전불이행,건조,맑음,교차로 - 교차로부근,승용,남,38세,상해없음,승용,남,26세,중상
2016020300100088,2016년 2월 3일 06시,수요일,대구광역시 남구 봉덕동,경상사고,0,0,2,0,차대차 - 측면충돌,신호위반,건조,맑음,교차로 - 교차로안,승용,남,56세,상해없음,승합,남,57세,상해없음
2016020300100151,2016년 2월 3일 08시,수요일,대구광역시 달서구 대곡동,경상사고,0,0,1,0,차대차 - 추돌,안전거리미확보,건조,맑음,단일로 - 기타,승용,여,31세,상해없음,승용,여,48세,경상
2016020300100152,2016년 2월 3일 08시,수요일,대구광역시 달성군 다사읍,중상사고,0,1,0,0,차대차 - 측면충돌,중앙선침범,건조,맑음,단일로 - 기타,승용,남,26세,상해없음,원동기,남,37세,중상
2016020300100205,2016년 2월 3일 10시,수요일,대구광역시 북구 노원동3가,중상사고,0,3,4,0,차대차 - 추돌,안전운전불이행,건조,맑음,단일로 - 기타,화물,남,56세,상해없음,승용,여,39세,중상
2016020300100233,2016년 2월 3일 11시,수요일,대구광역시 서구 비산동,경상사고,0,0,2,0,차대차 - 측면충돌,안전운전불이행,건조,맑음,단일로 - 기타,승용,남,61세,상해없음,화물,남,34세,상해없음
2016020300100234,2016년 2월 3일 11시,수요일,대구광역시 서구 내당동,경상사고,0,0,1,0,차대사람 - 기타,안전운전불이행,건조,맑음,단일로 - 기타,승합,남,51세,상해없음,보행자,여,62세,경상
2016020300100250,2016년 2월 3일 12시,수요일,대구광역시 남구 대명동,경상사고,0,0,1,0,차대차 - 측면충돌,안전운전불이행,건조,맑음,기타 - 기타,승용,남,26세,상해없음,자전거,여,63세,경상
2016020300100251,2016년 2월 3일 12시,수요일,대구광역시 남구 대명동,중상사고,0,1,0,0,차대사람 - 횡단중,안전운전불이행,건조,맑음,단일로 - 횡단보도상,승용,여,33세,상해없음,보행자,여,55세,중상
2016020300100252,2016년 2월 3일 12시,수요일,대구광역시 수성구 중동,경상사고,0,0,1,0,차대차 - 기타,안전거리미확보,건조,맑음,단일로 - 기타,화물,남,49세,상해없음,이륜,남,52세,경상
2016020300100253,2016년 2월 3일 12시,수요일,대구광역시 수성구 중동,경상사고,0,0,3,0,차대차 - 측면충돌,안전운전불이행,건조,맑음,단일로 - 기타,승용,남,27세,상해없음,승용,남,34세,경상
2016020300100254,2016년 2월 3일 12시,수요일,대구광역시 달서구 성당동,중상사고,0,1,0,0,차대사람 - 횡단중,중앙선침범,건조,맑음,단일로 - 기타,화물,남,45세,상해없음,보행자,여,68세,중상
2016020300100289,2016년 2월 3일 13시,수요일,대구광역시 달서구 도원동,경상사고,0,0,2,0,차대차 - 추돌,안전운전불이행,건조,맑음,단일로 - 기타,승용,남,45세,상해없음,이륜,남,17세,경상
2016020300100290,2016년 2월 3일 13시,수요일,대구광역시 달서구 상인동,경상사고,0,0,1,0,차대차 - 측면충돌,안전운전불이행,건조,맑음,단일로 - 기타,승용,여,68세,상해없음,자전거,남,77세,경상
2016020300100291,2016년 2월 3일 13시,수요일,대구광역시 달성군 다사읍,중상사고,0,1,0,0,차대사람 - 횡단중,안전운전불이행,건조,맑음,단일로 - 기타,화물,남,31세,상해없음,보행자,여,75세,중상
2016020300100292,2016년 2월 3일 13시,수요일,대구광역시 달서구 이곡동,경상사고,0,0,1,0,차대차 - 측면충돌,안전거리미확보,건조,맑음,교차로 - 교차로부근,이륜,남,45세,경상,화물,남,65세,상해없음
2016020300100293,2016년 2월 3일 13시,수요일,대구광역시 북구 국우동,경상사고,0,0,1,0,차대차 - 측면충돌,안전운전불이행,건조,맑음,교차로 - 교차로부근,승용,여,31세,상해없음,이륜,남,19세,경상
2016020300100342,2016년 2월 3일 14시,수요일,대구광역시 달서구 월성동,경상사고,0,0,1,0,차대차 - 기타,안전운전불이행,건조,맑음,교차로 - 교차로안,기타불명,기타불명,기타불명,기타불명,승용,남,73세,상해없음
2016020300100384,2016년 2월 3일 15시,수요일,대구광역시 남구 봉덕동,경상사고,0,0,1,0,차대차 - 기타,신호위반,건조,맑음,교차로 - 교차로안,승용,남,51세,상해없음,이륜,남,31세,경상
2016020300100385,2016년 2월 3일 15시,수요일,대구광역시 수성구 만촌동,경상사고,0,0,1,0,차대차 - 추돌,안전거리미확보,건조,맑음,단일로 - 기타,승용,남,46세,상해없음,승용,여,32세,경상
2016020300100433,2016년 2월 3일 16시,수요일,대구광역시 남구 대명동,경상사고,0,0,1,0,차대사람 - 횡단중,안전운전불이행,건조,맑음,교차로 - 교차로안,승합,여,52세,상해없음,보행자,여,67세,경상
2016020300100434,2016년 2월 3일 16시,수요일,대구광역시 달성군 현풍면,중상사고,0,1,1,0,차대차 - 측면직각충돌,안전운전불이행,건조,맑음,교차로 - 교차로안,이륜,남,73세,경상,승용,여,27세,중상
2016020300100468,2016년 2월 3일 17시,수요일,대구광역시 중구 태평로1가,중상사고,0,1,0,0,차대차 - 측면충돌,안전운전불이행,건조,맑음,단일로 - 기타,화물,남,21세,상해없음,이륜,남,55세,중상
2016020300100469,2016년 2월 3일 17시,수요일,대구광역시 달서구 갈산동,중상사고,0,1,0,0,차대차 - 측면충돌,교차로운행방법위반,건조,맑음,교차로 - 교차로안,화물,남,55세,상해없음,이륜,여,28세,중상
2016020300100511,2016년 2월 3일 18시,수요일,대구광역시 달성군 논공읍,경상사고,0,0,2,0,차대차 - 측면직각충돌,안전운전불이행,건조,맑음,교차로 - 교차로부근,화물,남,58세,상해없음,이륜,남,20세,경상
2016020300100512,2016년 2월 3일 18시,수요일,대구광역시 달성군 다사읍,경상사고,0,0,1,0,차대차 - 추돌,안전운전불이행,건조,맑음,단일로 - 기타,승용,남,55세,상해없음,화물,남,58세,경상
2016020300100513,2016년 2월 3일 18시,수요일,대구광역시 중구 수동,경상사고,0,0,1,1,차대차 - 측면직각충돌,안전거리미확보,습기,흐림,단일로 - 기타,승용,남,71세,부상신고,승용,여,68세,경상
2016020300100593,2016년 2월 3일 20시,수요일,대구광역시 북구 산격동,중상사고,0,1,3,0,차대차 - 정면충돌,안전운전불이행,건조,맑음,단일로 - 기타,승용,남,59세,상해없음,승용,남,25세,경상
2016020300100594,2016년 2월 3일 20시,수요일,대구광역시 달서구 신당동,중상사고,0,1,2,0,차대차 - 기타,안전운전불이행,건조,맑음,교차로 - 교차로부근,화물,남,57세,상해없음,승용,남,28세,경상
2016020300100631,2016년 2월 3일 21시,수요일,대구광역시 수성구 수성동1가,중상사고,0,1,0,0,차대차 - 측면충돌,안전운전불이행,건조,맑음,단일로 - 기타,승용,여,53세,상해없음,승용,남,60세,중상
2016020300100632,2016년 2월 3일 21시,수요일,대구광역시 북구 침산동,경상사고,0,0,3,0,차대차 - 측면직각충돌,신호위반,건조,맑음,교차로 - 교차로안,승용,여,61세,상해없음,승용,남,62세,경상
2016020300100668,2016년 2월 3일 22시,수요일,대구광역시 동구 지저동,부상신고사고,0,0,0,1,차대사람 - 횡단중,안전운전불이행,건조,맑음,단일로 - 기타,승용,남,62세,상해없음,보행자,남,41세,부상신고
2016020300100669,2016년 2월 3일 22시,수요일,대구광역시 수성구 수성동3가,경상사고,0,0,1,0,차대차 - 기타,기타,건조,맑음,교차로 - 교차로부근,승용,남,64세,상해없음,자전거,남,23세,경상
2016020300100670,2016년 2월 3일 22시,수요일,대구광역시 수성구 황금동,경상사고,0,0,1,0,차대차 - 추돌,안전운전불이행,건조,맑음,단일로 - 기타,승용,남,30세,상해없음,승용,남,30세,경상
2016020400100013,2016년 2월 4일 00시,목요일,대구광역시 중구 대봉동,경상사고,0,0,1,0,차대차 - 측면충돌,안전운전불이행,건조,맑음,교차로 - 교차로부근,승용,남,48세,상해없음,승용,남,49세,경상
2016020400100054,2016년 2월 4일 03시,목요일,대구광역시 달서구 용산동,경상사고,0,0,1,0,차량단독 - 전도전복,안전운전불이행,건조,맑음,기타 - 기타,승용,남,55세,경상,,,,
2016020400100097,2016년 2월 4일 06시,목요일,대구광역시 북구 복현동,경상사고,0,0,2,0,차대사람 - 횡단중,보행자보호의무위반,건조,맑음,단일로 - 횡단보도상,승용,기타불명,기타불명,기타불명,보행자,남,20세,경상
2016020400100169,2016년 2월 4일 08시,목요일,대구광역시 달서구 상인동,경상사고,0,0,1,0,차대사람 - 길가장자리구역통행중,안전운전불이행,건조,맑음,단일로 - 기타,승용,남,37세,상해없음,보행자,남,9세,경상
2016020400100170,2016년 2월 4일 08시,목요일,대구광역시 달성군 다사읍,중상사고,0,1,0,0,차대차 - 측면직각충돌,안전운전불이행,건조,맑음,단일로 - 기타,건설기계,남,49세,상해없음,승용,기타불명,기타불명,기타불명
2016020400100171,2016년 2월 4일 08시,목요일,대구광역시 북구 산격동,경상사고,0,0,2,1,차대차 - 측면직각충돌,교차로운행방법위반,건조,맑음,교차로 - 교차로안,승용,남,58세,부상신고,승용,남,42세,경상
2016020400100263,2016년 2월 4일 11시,목요일,대구광역시 수성구 만촌동,경상사고,0,0,1,0,차대차 - 추돌,안전운전불이행,건조,맑음,단일로 - 기타,승용,여,44세,상해없음,승용,남,32세,경상
2016020400100264,2016년 2월 4일 11시,목요일,대구광역시 달서구 대곡동,경상사고,0,0,1,0,차대차 - 기타,안전거리미확보,건조,맑음,단일로 - 기타,승합,남,40세,기타불명,승합,남,56세,상해없음
2016020400100265,2016년 2월 4일 11시,목요일,대구광역시 중구 삼덕동2가,중상사고,0,1,0,0,차대차 - 측면직각충돌,차로위반,건조,맑음,단일로 - 기타,건설기계,남,53세,상해없음,승용,남,39세,중상
2016020400100289,2016년 2월 4일 12시,목요일,대구광역시 달성군 다사읍,경상사고,0,0,1,0,차대사람 - 보도통행중,기타,건조,맑음,단일로 - 기타,승용,남,40세,상해없음,보행자,여,78세,경상
2016020400100290,2016년 2월 4일 12시,목요일,대구광역시 중구 대신동,중상사고,0,1,0,0,차대사람 - 기타,안전운전불이행,건조,맑음,교차로 - 교차로안,화물,남,55세,상해없음,보행자,여,73세,중상
2016020400100291,2016년 2월 4일 12시,목요일,대구광역시 북구 서변동,경상사고,0,0,1,0,차대차 - 측면충돌,직진우회전진행방해,건조,맑음,교차로 - 교차로안,승용,여,41세,기타불명,이륜,남,52세,경상
2016020400100324,2016년 2월 4일 13시,목요일,대구광역시 동구 신천동,중상사고,0,1,0,0,차대차 - 측면충돌,교차로운행방법위반,건조,맑음,교차로 - 교차로부근,승용,여,53세,상해없음,이륜,남,35세,중상
2016020400100325,2016년 2월 4일 13시,목요일,대구광역시 수성구 만촌동,경상사고,0,0,2,0,차대차 - 추돌,안전거리미확보,건조,맑음,교차로 - 교차로부근,승용,남,43세,기타불명,승용,남,31세,경상
2016020400100359,2016년 2월 4일 14시,목요일,대구광역시 달서구 상인동,경상사고,0,0,1,0,차대차 - 측면충돌,교차로운행방법위반,건조,맑음,교차로 - 교차로안,승용,남,30세,상해없음,자전거,남,68세,경상
2016020400100360,2016년 2월 4일 14시,목요일,대구광역시 달서구 상인동,경상사고,0,0,1,0,차대사람 - 횡단중,신호위반,건조,맑음,교차로 - 교차로부근,승용,남,55세,상해없음,보행자,남,7세,경상
2016020400100361,2016년 2월 4일 14시,목요일,대구광역시 북구 침산동,경상사고,0,0,1,0,차대차 - 측면충돌,신호위반,건조,맑음,단일로 - 기타,이륜,남,51세,상해없음,이륜,남,27세,경상
2016020400100414,2016년 2월 4일 15시,목요일,대구광역시 수성구 만촌동,경상사고,0,0,1,0,차대차 - 추돌,안전운전불이행,건조,맑음,단일로 - 기타,승용,남,49세,상해없음,승용,여,54세,경상
2016020400100485,2016년 2월 4일 17시,목요일,대구광역시 서구 평리동,중상사고,0,1,0,0,차대사람 - 기타,중앙선침범,건조,맑음,교차로 - 교차로안,화물,남,52세,상해없음,보행자,남,52세,중상
2016020400100536,2016년 2월 4일 18시,목요일,대구광역시 북구 태전동,경상사고,0,0,1,0,차대차 - 측면충돌,중앙선침범,건조,맑음,기타 - 기타,이륜,남,16세,상해없음,이륜,남,21세,경상
2016020400100571,2016년 2월 4일 19시,목요일,대구광역시 서구 평리동,부상신고사고,0,0,0,1,차대차 - 측면직각충돌,차로위반,건조,맑음,교차로 - 교차로부근,승용,남,39세,상해없음,승용,남,26세,부상신고
2016020400100600,2016년 2월 4일 20시,목요일,대구광역시 달성군 논공읍,중상사고,0,1,1,0,차대사람 - 길가장자리구역통행중,안전운전불이행,건조,맑음,단일로 - 기타,승용,남,47세,상해없음,보행자,남,36세,경상
2016020400100601,2016년 2월 4일 20시,목요일,대구광역시 북구 매천동,경상사고,0,0,2,0,차대차 - 측면충돌,신호위반,건조,맑음,교차로 - 교차로부근,승용,남,28세,상해없음,승용,남,40세,경상
2016020400100632,2016년 2월 4일 21시,목요일,대구광역시 북구 침산동,경상사고,0,0,1,0,차대차 - 추돌,안전운전불이행,건조,맑음,단일로 - 기타,승용,남,56세,상해없음,승용,여,53세,경상
2016020400100681,2016년 2월 4일 23시,목요일,대구광역시 서구 상리동,경상사고,0,0,1,0,차대차 - 측면충돌,안전운전불이행,건조,맑음,단일로 - 기타,승용,남,31세,상해없음,화물,남,53세,경상
2016020500100034,2016년 2월 5일 01시,금요일,대구광역시 수성구 수성동1가,경상사고,0,0,1,0,차대차 - 추돌,안전거리미확보,건조,맑음,단일로 - 기타,승용,남,59세,상해없음,승용,남,36세,상해없음
2016020500100035,2016년 2월 5일 01시,금요일,대구광역시 달서구 호림동,중상사고,0,1,5,0,차대차 - 측면충돌,교차로운행방법위반,건조,맑음,교차로 - 교차로안,승용,남,44세,중상,승용,남,48세,상해없음
2016020500100045,2016년 2월 5일 02시,금요일,대구광역시 중구 삼덕동1가,중상사고,0,1,3,1,차대차 - 측면직각충돌,안전거리미확보,건조,맑음,단일로 - 기타,승용,남,59세,부상신고,승용,남,22세,중상
2016020500100070,2016년 2월 5일 05시,금요일,대구광역시 달서구 대곡동,경상사고,0,0,1,0,차대차 - 측면직각충돌,교차로운행방법위반,건조,맑음,교차로 - 교차로안,승용,남,49세,상해없음,승용,여,53세,경상
2016020500100071,2016년 2월 5일 05시,금요일,대구광역시 중구 북성로1가,경상사고,0,0,1,0,차대차 - 측면충돌,직진우회전진행방해,건조,맑음,교차로 - 교차로안,이륜,남,16세,상해없음,승용,남,44세,경상
2016020500100072,2016년 2월 5일 05시,금요일,대구광역시 달서구 이곡동,경상사고,0,0,4,0,차대차 - 측면충돌,차로위반,건조,맑음,교차로 - 교차로부근,건설기계,남,54세,경상,승용,남,63세,경상
2016020500100087,2016년 2월 5일 06시,금요일,대구광역시 북구 노원동2가,중상사고,0,1,0,0,차대차 - 추돌,안전운전불이행,건조,맑음,단일로 - 기타,승용,남,23세,상해없음,승합,남,49세,중상
2016020500100088,2016년 2월 5일 06시,금요일,대구광역시 북구 대현동,중상사고,0,1,0,0,차대차 - 기타,안전운전불이행,건조,맑음,단일로 - 횡단보도부근,승용,남,23세,상해없음,특수,남,53세,상해없음
2016020500100108,2016년 2월 5일 07시,금요일,대구광역시 달서구 본리동,경상사고,0,0,1,0,차대차 - 기타,안전거리미확보,건조,맑음,단일로 - 기타,화물,남,28세,상해없음,화물,남,45세,경상
2016020500100157,2016년 2월 5일 08시,금요일,대구광역시 남구 대명동,중상사고,0,1,0,0,차대사람 - 횡단중,신호위반,건조,맑음,단일로 - 기타,승용,남,25세,상해없음,보행자,여,76세,중상
2016020500100190,2016년 2월 5일 09시,금요일,대구광역시 동구 효목동,경상사고,0,0,1,0,차대사람 - 기타,안전운전불이행,건조,맑음,기타 - 기타,승용,남,63세,상해없음,보행자,남,36세,경상
2016020500100191,2016년 2월 5일 09시,금요일,대구광역시 달서구 상인동,경상사고,0,0,1,0,차대차 - 측면충돌,직진우회전진행방해,건조,맑음,교차로 - 교차로안,승용,여,41세,상해없음,이륜,남,59세,경상
2016020500100215,2016년 2월 5일 10시,금요일,대구광역시 달서구 신당동,중상사고,0,1,0,0,차대사람 - 횡단중,안전운전불이행,건조,맑음,교차로 - 교차로부근,승용,남,66세,상해없음,보행자,여,88세,중상
2016020500100243,2016년 2월 5일 11시,금요일,대구광역시 달서구 도원동,중상사고,0,1,1,0,차대차 - 측면충돌,신호위반,건조,맑음,교차로 - 교차로안,승용,남,72세,상해없음,승용,여,48세,경상
2016020500100244,2016년 2월 5일 11시,금요일,대구광역시 달성군 구지면,사망사고,1,1,0,0,차대차 - 추돌,안전운전불이행,건조,맑음,교차로 - 교차로부근,화물,남,64세,사망,건설기계,남,27세,상해없음
2016020500100268,2016년 2월 5일 12시,금요일,대구광역시 달서구 유천동,중상사고,0,1,1,0,차대차 - 측면충돌,신호위반,건조,맑음,교차로 - 교차로안,승용,남,23세,상해없음,승용,여,36세,중상
2016020500100312,2016년 2월 5일 13시,금요일,대구광역시 남구 봉덕동,경상사고,0,0,1,0,차대차 - 추돌,안전운전불이행,건조,맑음,교차로 - 교차로안,승용,여,44세,상해없음,이륜,남,27세,경상
2016020500100346,2016년 2월 5일 14시,금요일,대구광역시 동구 동호동,부상신고사고,0,0,0,1,차대차 - 정면충돌,중앙선침범,건조,맑음,단일로 - 기타,이륜,남,74세,부상신고,승용,여,56세,상해없음
2016020500100347,2016년 2월 5일 14시,금요일,대구광역시 수성구 범어동,경상사고,0,0,1,0,차대차 - 측면충돌,안전운전불이행,건조,맑음,단일로 - 기타,승용,남,20세,상해없음,승용,남,51세,상해없음
2016020500100348,2016년 2월 5일 14시,금요일,대구광역시 수성구 황금동,경상사고,0,0,1,0,차대차 - 측면충돌,직진우회전진행방해,건조,맑음,교차로 - 교차로안,승용,남,69세,상해없음,승용,여,41세,경상
2016020500100349,2016년 2월 5일 14시,금요일,대구광역시 북구 관음동,중상사고,0,1,0,0,차대차 - 측면충돌,직진우회전진행방해,건조,맑음,교차로 - 교차로안,승용,여,39세,상해없음,이륜,남,77세,중상
2016020500100438,2016년 2월 5일 16시,금요일,대구광역시 중구 대봉동,경상사고,0,0,1,0,차대차 - 측면충돌,안전운전불이행,건조,맑음,단일로 - 기타,승용,남,28세,상해없음,승용,남,52세,경상
2016020500100439,2016년 2월 5일 16시,금요일,대구광역시 달서구 이곡동,경상사고,0,0,1,0,차대사람 - 기타,안전운전불이행,건조,맑음,단일로 - 기타,이륜,남,52세,경상,보행자,기타불명,기타불명,기타불명
2016020500100440,2016년 2월 5일 16시,금요일,대구광역시 북구 읍내동,경상사고,0,0,1,0,차대차 - 측면충돌,안전운전불이행,건조,맑음,단일로 - 기타,승용,남,54세,상해없음,승용,남,54세,기타불명
2016020500100472,2016년 2월 5일 17시,금요일,대구광역시 달성군 다사읍,경상사고,0,0,2,0,차대사람 - 횡단중,안전운전불이행,건조,맑음,교차로 - 교차로안,승용,남,49세,상해없음,보행자,여,29세,경상
2016020500100473,2016년 2월 5일 17시,금요일,대구광역시 중구 남산동,경상사고,0,0,1,0,차대차 - 측면직각충돌,안전운전불이행,건조,맑음,단일로 - 기타,승용,여,53세,상해없음,이륜,남,28세,경상
2016020500100516,2016년 2월 5일 18시,금요일,대구광역시 동구 각산동,중상사고,0,1,0,0,차대사람 - 기타,안전운전불이행,건조,맑음,기타 - 기타,승용,남,39세,상해없음,보행자,여,63세,중상
2016020500100517,2016년 2월 5일 18시,금요일,대구광역시 북구 대현동,경상사고,0,0,1,0,차대차 - 기타,안전운전불이행,건조,맑음,단일로 - 기타,승합,남,49세,상해없음,승용,남,66세,경상
2016020500100518,2016년 2월 5일 18시,금요일,대구광역시 서구 비산동,중상사고,0,1,0,0,차대차 - 정면충돌,안전운전불이행,건조,맑음,단일로 - 기타,이륜,남,16세,상해없음,이륜,남,43세,중상
2016020500100551,2016년 2월 5일 19시,금요일,대구광역시 서구 평리동,경상사고,0,0,1,0,차대차 - 추돌,안전운전불이행,건조,맑음,단일로 - 기타,승용,남,52세,상해없음,승용,남,52세,경상
2016020500100552,2016년 2월 5일 19시,금요일,대구광역시 서구 평리동,중상사고,0,1,0,0,차대사람 - 차도통행중,안전운전불이행,건조,맑음,교차로 - 교차로부근,화물,남,32세,상해없음,보행자,남,43세,중상
2016020500100553,2016년 2월 5일 19시,금요일,대구광역시 북구 매천동,경상사고,0,0,1,0,차대차 - 측면충돌,안전운전불이행,건조,맑음,단일로 - 기타,화물,남,38세,상해없음,화물,남,33세,상해없음
2016020500100649,2016년 2월 5일 22시,금요일,대구광역시 달서구 용산동,경상사고,0,0,1,0,차대사람 - 횡단중,안전운전불이행,건조,맑음,교차로 - 교차로안,화물,남,36세,상해없음,보행자,남,27세,경상
2016020500100676,2016년 2월 5일 23시,금요일,대구광역시 북구 서변동,경상사고,0,0,2,0,차대차 - 측면직각충돌,안전운전불이행,건조,맑음,단일로 - 기타,승용,남,34세,경상,화물,남,53세,경상
2016020500100679,2016년 2월 5일 23시,금요일,대구광역시 남구 대명동,경상사고,0,0,1,0,차대차 - 기타,안전운전불이행,건조,흐림,단일로 - 기타,승용,남,32세,상해없음,이륜,남,33세,경상
2016020500100680,2016년 2월 5일 23시,금요일,대구광역시 수성구 만촌동,경상사고,0,0,1,0,차대차 - 측면충돌,안전운전불이행,건조,맑음,교차로 - 교차로안,승용,남,48세,상해없음,자전거,여,26세,경상