사고번호,사고일시,요일,시군구,사고내용,사망자수,중상자수,경상자수,부상신고자수,사고유형,법규위반,노면상태,기상상태,도로형태,가해운전자 차종,가해운전자 성별,가해운전자 연령,가해운전자 상해정도,피해운전자 차종,피해운전자 성별,피해운전자 연령,피해운전자 상해정도
2016021000100430,2016년 2월 10일 23시,수요일,대구광역시 동구 동호동,경상사고,0,0,1,0,차대차 - 추돌,안전운전불이행,건조,맑음,단일로 - 기타,승용,남,33세,상해없음,승용,남,74세,경상
2016021100100032,2016년 2월 11일 03시,목요일,대구광역시 서구 평리동,중상사고,0,1,0,0,차대차 - 측면충돌,안전운전불이행,건조,맑음,단일로 - 기타,이륜,남,46세,중상,승용,여,39세,상해없음
2016021100100036,2016년 2월 11일 04시,목요일,대구광역시 중구 삼덕동1가,경상사고,0,0,1,0,차대사람 - 길가장자리구역통행중,안전운전불이행,건조,맑음,단일로 - 기타,승용,남,28세,상해없음,보행자,남,35세,경상
2016021100100044,2016년 2월 11일 05시,목요일,대구광역시 남구 대명동,중상사고,0,1,0,0,차대사람 - 기타,안전운전불이행,건조,맑음,단일로 - 기타,승용,남,69세,상해없음,보행자,여,31세,중상
2016021100100054,2016년 2월 11일 06시,목요일,대구광역시 남구 봉덕동,경상사고,0,0,1,0,차대차 - 측면직각충돌,차로위반,건조,맑음,단일로 - 기타,승용,남,33세,상해없음,승용,남,25세,상해없음
2016021100100055,2016년 2월 11일 06시,목요일,대구광역시 북구 노곡동,경상사고,0,0,1,0,차대차 - 추돌,안전운전불이행,건조,맑음,단일로 - 기타,승용,남,59세,상해없음,화물,남,57세,경상
2016021100100071,2016년 2월 11일 07시,목요일,대구광역시 수성구 대흥동,중상사고,0,1,1,0,차대차 - 측면직각충돌,신호위반,건조,맑음,교차로 - 교차로안,승용,남,30세,중상,승용,남,60세,경상
2016021100100072,2016년 2월 11일 07시,목요일,대구광역시 달서구 진천동,경상사고,0,0,1,0,차대차 - 측면충돌,중앙선침범,건조,맑음,단일로 - 기타,승용,여,53세,상해없음,승용,남,45세,경상
2016021100100073,2016년 2월 11일 07시,목요일,대구광역시 중구 삼덕동1가,경상사고,0,0,1,0,차대사람 - 길가장자리구역통행중,안전운전불이행,건조,맑음,단일로 - 기타,특수,남,23세,상해없음,보행자,남,19세,경상
2016021100100145,2016년 2월 11일 11시,목요일,대구광역시 동구 율하동,중상사고,0,1,0,0,차대사람 - 차도통행중,안전운전불이행,건조,맑음,단일로 - 기타,승용,여,37세,상해없음,보행자,여,69세,중상
2016021100100146,2016년 2월 11일 11시,목요일,대구광역시 서구 내당동,경상사고,0,0,2,0,차대차 - 측면충돌,차로위반,건조,맑음,교차로 - 교차로부근,승용,남,64세,상해없음,승용,남,35세,경상
2016021100100186,2016년 2월 11일 13시,목요일,대구광역시 북구 노원동3가,경상사고,0,0,1,0,차대차 - 측면충돌,안전거리미확보,건조,맑음,단일로 - 기타,승용,남,69세,상해없음,승용,남,62세,경상
2016021100100265,2016년 2월 11일 16시,목요일,대구광역시 달서구 월암동,경상사고,0,0,1,0,차대차 - 추돌,안전운전불이행,건조,맑음,교차로 - 교차로부근,화물,남,68세,상해없음,승용,남,57세,경상
2016021100100266,2016년 2월 11일 16시,목요일,대구광역시 달성군 논공읍,중상사고,0,1,0,0,차대차 - 추돌,안전운전불이행,건조,맑음,교차로 - 교차로안,승용,남,49세,상해없음,이륜,남,53세,중상
2016021100100292,2016년 2월 11일 17시,목요일,대구광역시 북구 노원동2가,부상신고사고,0,0,0,1,차대사람 - 기타,안전운전불이행,건조,맑음,기타 - 기타,기타불명,기타불명,기타불명,기타불명,보행자,여,56세,부상신고
2016021100100347,2016년 2월 11일 19시,목요일,대구광역시 수성구 수성동1가,중상사고,0,1,0,0,차량단독 - 기타,안전운전불이행,건조,맑음,단일로 - 기타,승합,남,64세,상해없음,,,,
2016021100100348,2016년 2월 11일 19시,목요일,대구광역시 달성군 다사읍,중상사고,0,1,1,0,차대차 - 추돌,안전운전불이행,건조,맑음,교차로 - 교차로부근,승용,남,55세,상해없음,승용,여,55세,경상
2016021100100349,2016년 2월 11일 19시,목요일,대구광역시 북구 노원동3가,경상사고,0,0,2,0,차대차 - 추돌,안전거리미확보,건조,맑음,교차로 - 교차로부근,승합,남,54세,상해없음,승용,남,35세,경상
2016021100100350,2016년 2월 11일 19시,목요일,대구광역시 달서구 두류동,중상사고,0,1,0,0,차대사람 - 기타,안전운전불이행,건조,맑음,기타 - 기타,이륜,남,74세,상해없음,보행자,여,56세,중상
2016021100100370,2016년 2월 11일 20시,목요일,대구광역시 수성구 수성동4가,경상사고,0,0,2,1,차대차 - 기타,안전운전불이행,건조,맑음,단일로 - 기타,승용,남,70세,상해없음,승합,남,49세,경상
2016021100100371,2016년 2월 11일 20시,목요일,대구광역시 수성구 범어동,경상사고,0,0,1,0,차대사람 - 횡단중,보행자보호의무위반,건조,맑음,단일로 - 횡단보도상,승용,여,43세,상해없음,보행자,남,13세,경상
2016021100100372,2016년 2월 11일 20시,목요일,대구광역시 수성구 중동,중상사고,0,1,0,1,차대사람 - 횡단중,안전운전불이행,건조,맑음,단일로 - 횡단보도상,이륜,남,24세,부상신고,보행자,여,62세,중상
2016021100100373,2016년 2월 11일 20시,목요일,대구광역시 북구 노원동3가,중상사고,0,1,0,0,차대차 - 정면충돌,중앙선침범,건조,맑음,단일로 - 교량,승용,남,38세,상해없음,승용,남,40세,중상
2016021100100439,2016년 2월 11일 23시,목요일,대구광역시 달서구 본동,경상사고,0,0,1,0,차대차 - 정면충돌,안전운전불이행,건조,맑음,단일로 - 기타,승용,남,61세,상해없음,승용,남,66세,경상
2016021200100018,2016년 2월 12일 00시,금요일,대구광역시 동구 신암동,중상사고,0,1,0,0,차대차 - 측면충돌,교차로운행방법위반,건조,맑음,기타 - 기타,승용,남,64세,상해없음,승용,남,27세,중상
2016021200100019,2016년 2월 12일 00시,금요일,대구광역시 서구 평리동,경상사고,0,0,1,0,차대차 - 기타,안전운전불이행,건조,맑음,단일로 - 기타,승용,남,63세,상해없음,승용,남,25세,상해없음
2016021200100044,2016년 2월 12일 01시,금요일,대구광역시 서구 비산동,경상사고,0,0,1,0,차대사람 - 길가장자리구역통행중,안전운전불이행,건조,맑음,교차로 - 교차로부근,화물,남,38세,상해없음,보행자,남,36세,경상
2016021200100071,2016년 2월 12일 04시,금요일,대구광역시 서구 비산동,중상사고,0,1,0,0,차대사람 - 횡단중,안전운전불이행,습기,비,단일로 - 횡단보도부근,승용,남,35세,상해없음,보행자,남,43세,중상
2016021200100072,2016년 2월 12일 04시,금요일,대구광역시 서구 비산동,경상사고,0,0,1,1,차대차 - 측면직각충돌,교차로운행방법위반,습기,비,교차로 - 교차로안,이륜,여,40세,부상신고,승용,남,64세,경상
2016021200100087,2016년 2월 12일 05시,금요일,대구광역시 동구 효목동,중상사고,0,1,0,0,차대차 - 측면충돌,신호위반,습기,비,교차로 - 교차로안,승용,남,62세,상해없음,승용,여,45세,중상
2016021200100088,2016년 2월 12일 05시,금요일,대구광역시 서구 중리동,중상사고,0,2,3,0,차대차 - 측면충돌,신호위반,건조,맑음,교차로 - 교차로안,승용,여,56세,상해없음,승용,남,42세,중상
2016021200100230,2016년 2월 12일 12시,금요일,대구광역시 중구 남산동,경상사고,0,0,1,0,차대사람 - 횡단중,안전운전불이행,습기,비,단일로 - 기타,승용,여,35세,상해없음,보행자,남,17세,경상
2016021200100255,2016년 2월 12일 13시,금요일,대구광역시 달성군 화원읍,경상사고,0,0,1,0,차대차 - 측면직각충돌,차로위반,습기,비,교차로 - 교차로부근,승용,남,53세,상해없음,승용,남,27세,경상
2016021200100256,2016년 2월 12일 13시,금요일,대구광역시 북구 읍내동,중상사고,0,1,0,0,차대차 - 측면충돌,안전운전불이행,습기,비,단일로 - 기타,승용,여,66세,상해없음,승용,여,58세,상해없음
2016021200100257,2016년 2월 12일 13시,금요일,대구광역시 북구 동천동,경상사고,0,0,2,0,차대차 - 추돌,안전운전불이행,건조,흐림,단일로 - 기타,승용,여,39세,상해없음,승용,남,33세,경상
2016021200100283,2016년 2월 12일 14시,금요일,대구광역시 수성구 범물동,중상사고,0,1,0,0,차대사람 - 횡단중,보행자보호의무위반,습기,비,교차로 - 교차로부근,승용,여,55세,상해없음,보행자,여,17세,중상
2016021200100298,2016년 2월 12일 15시,금요일,대구광역시 서구 상리동,경상사고,0,0,1,0,차대차 - 추돌,안전운전불이행,건조,맑음,단일로 - 기타,승합,남,57세,상해없음,화물,남,29세,경상
2016021200100379,2016년 2월 12일 18시,금요일,대구광역시 동구 신천동,경상사고,0,0,2,0,차대차 - 추돌,안전거리미확보,건조,맑음,단일로 - 기타,승용,남,34세,상해없음,승용,남,55세,경상
2016021200100380,2016년 2월 12일 18시,금요일,대구광역시 북구 칠성동2가,부상신고사고,0,0,0,1,차대차 - 추돌,신호위반,습기,비,교차로 - 교차로안,승용,남,19세,상해없음,승용,남,49세,부상신고
2016021200100381,2016년 2월 12일 18시,금요일,대구광역시 서구 비산동,경상사고,0,0,1,0,차대사람 - 횡단중,안전운전불이행,건조,맑음,단일로 - 기타,화물,남,50세,상해없음,보행자,남,52세,경상
2016021200100422,2016년 2월 12일 19시,금요일,대구광역시 수성구 수성동2가,경상사고,0,0,1,0,차대차 - 기타,안전거리미확보,습기,비,단일로 - 기타,승용,남,64세,상해없음,승용,남,59세,상해없음
2016021200100423,2016년 2월 12일 19시,금요일,대구광역시 달서구 월성동,경상사고,0,0,1,0,차대사람 - 기타,안전운전불이행,습기,비,교차로 - 교차로안,승용,남,55세,기타불명,보행자,남,53세,경상
2016021200100424,2016년 2월 12일 19시,금요일,대구광역시 달성군 다사읍,경상사고,0,0,2,0,차대차 - 측면직각충돌,안전운전불이행,건조,맑음,단일로 - 기타,승용,여,54세,경상,승용,남,32세,경상
2016021200100425,2016년 2월 12일 19시,금요일,대구광역시 달서구 본리동,중상사고,0,1,0,0,차대차 - 측면충돌,신호위반,습기,비,단일로 - 기타,승용,남,36세,상해없음,이륜,남,44세,중상
2016021200100479,2016년 2월 12일 20시,금요일,대구광역시 수성구 지산동,중상사고,0,1,0,0,차대사람 - 길가장자리구역통행중,보행자보호의무위반,습기,비,교차로 - 교차로부근,이륜,여,47세,상해없음,보행자,여,63세,중상
2016021200100480,2016년 2월 12일 20시,금요일,대구광역시 북구 동천동,경상사고,0,0,1,0,차대차 - 기타,안전운전불이행,건조,맑음,단일로 - 기타,승용,남,42세,상해없음,원동기,남,19세,경상
2016021200100512,2016년 2월 12일 21시,금요일,대구광역시 북구 산격동,경상사고,0,0,1,0,차대사람 - 횡단중,안전운전불이행,습기,비,교차로 - 교차로부근,승용,남,64세,상해없음,보행자,남,56세,경상
2016021200100513,2016년 2월 12일 21시,금요일,대구광역시 달서구 이곡동,중상사고,0,1,0,0,차대사람 - 횡단중,보행자보호의무위반,건조,맑음,교차로 - 교차로부근,승용,남,51세,상해없음,보행자,여,25세,중상
2016021200100514,2016년 2월 12일 21시,금요일,대구광역시 북구 구암동,경상사고,0,0,1,0,차대차 - 측면충돌,안전운전불이행,건조,맑음,교차로 - 교차로안,승용,여,54세,상해없음,승용,남,41세,경상
2016021200100551,2016년 2월 12일 22시,금요일,대구광역시 동구 동호동,중상사고,0,1,3,0,차대차 - 정면충돌,신호위반,건조,맑음,교차로 - 교차로안,승용,여,51세,상해없음,승용,남,68세,경상
2016021200100583,2016년 2월 12일 23시,금요일,대구광역시 동구 효목동,중상사고,0,1,0,0,차대차 - 기타,안전운전불이행,건조,맑음,교차로 - 교차로안,화물,남,47세,상해없음,승용,여,46세,중상
2016021200100584,2016년 2월 12일 23시,금요일,대구광역시 달서구 상인동,경상사고,0,0,1,0,차대사람 - 횡단중,보행자보호의무위반,습기,흐림,교차로 - 교차로안,기타불명,기타불명,기타불명,기타불명,보행자,여,18세,경상
2016021300100040,2016년 2월 13일 01시,토요일,대구광역시 동구 신암동,경상사고,0,0,1,0,차대사람 - 차도통행중,안전운전불이행,습기,비,단일로 - 기타,승용,여,22세,기타불명,보행자,남,52세,경상
2016021300100041,2016년 2월 13일 01시,토요일,대구광역시 달성군 다사읍,경상사고,0,0,1,0,차대차 - 측면충돌,중앙선침범,습기,비,단일로 - 기타,승용,남,42세,상해없음,승용,남,37세,경상
2016021300100042,2016년 2월 13일 01시,토요일,대구광역시 달서구 장기동,중상사고,0,2,0,0,차대사람 - 횡단중,보행자보호의무위반,습기,비,단일로 - 횡단보도상,승용,남,58세,기타불명,보행자,남,22세,중상
2016021300100065,2016년 2월 13일 03시,토요일,대구광역시 서구 이현동,경상사고,0,0,1,0,차량단독 - 전도전복,안전운전불이행,습기,흐림,단일로 - 기타,승용,남,54세,상해없음,,,,
2016021300100143,2016년 2월 13일 09시,토요일,대구광역시 수성구 매호동,경상사고,0,0,1,0,차대차 - 추돌,안전운전불이행,건조,맑음,단일로 - 기타,승용,남,60세,상해없음,승용,여,41세,경상
2016021300100144,2016년 2월 13일 09시,토요일,대구광역시 달서구 송현동,경상사고,0,0,2,0,차대차 - 측면직각충돌,안전운전불이행,습기,흐림,단일로 - 기타,승용,여,56세,상해없음,승용,남,53세,경상
2016021300100191,2016년 2월 13일 11시,토요일,대구광역시 북구 금호동,경상사고,0,0,1,0,차대차 - 측면충돌,안전운전불이행,건조,맑음,단일로 - 기타,승용,남,48세,상해없음,승용,여,32세,상해없음
2016021300100193,2016년 2월 13일 11시,토요일,대구광역시 중구 달성동,부상신고사고,0,0,0,1,차대차 - 정면충돌,교차로운행방법위반,건조,맑음,교차로 - 교차로안,이륜,남,45세,부상신고,화물,남,72세,상해없음
2016021300100229,2016년 2월 13일 13시,토요일,대구광역시 동구 신암동,중상사고,0,1,0,0,차량단독 - 기타,기타,건조,맑음,단일로 - 횡단보도상,승합,남,59세,기타불명,,,,
2016021300100245,2016년 2월 13일 14시,토요일,대구광역시 동구 신암동,경상사고,0,0,1,0,차대사람 - 횡단중,기타,건조,맑음,단일로 - 횡단보도상,승용,남,69세,상해없음,보행자,여,73세,경상
2016021300100246,2016년 2월 13일 14시,토요일,대구광역시 달서구 신당동,경상사고,0,0,2,0,차대차 - 추돌,안전운전불이행,건조,흐림,단일로 - 기타,승용,남,32세,경상,승용,여,43세,경상
2016021300100266,2016년 2월 13일 15시,토요일,대구광역시 동구 신암동,경상사고,0,0,1,0,차대사람 - 횡단중,안전운전불이행,건조,맑음,단일로 - 기타,자전거,남,34세,상해없음,보행자,여,68세,경상
2016021300100267,2016년 2월 13일 15시,토요일,대구광역시 달서구 상인동,경상사고,0,0,1,0,차대차 - 측면충돌,중앙선침범,건조,맑음,단일로 - 기타,승용,남,35세,상해없음,이륜,남,37세,경상
2016021300100290,2016년 2월 13일 16시,토요일,대구광역시 달서구 송현동,부상신고사고,0,0,0,1,차대차 - 기타,안전운전불이행,습기,비,단일로 - 기타,자전거,남,54세,부상신고,승용,여,54세,기타불명
2016021300100291,2016년 2월 13일 16시,토요일,대구광역시 달서구 진천동,부상신고사고,0,0,0,1,차대차 - 기타,안전운전불이행,건조,맑음,단일로 - 기타,승용,남,26세,상해없음,승합,남,61세,상해없음
2016021300100292,2016년 2월 13일 16시,토요일,대구광역시 북구 산격동,중상사고,0,1,0,0,차대사람 - 횡단중,안전운전불이행,습기,비,단일로 - 기타,승용,남,66세,상해없음,보행자,여,62세,중상
2016021300100293,2016년 2월 13일 16시,토요일,대구광역시 중구 남산동,경상사고,0,0,1,0,차량단독 - 기타,안전운전불이행,건조,맑음,단일로 - 기타,승합,남,58세,상해없음,,,,
2016021300100294,2016년 2월 13일 16시,토요일,대구광역시 달서구 두류동,경상사고,0,0,1,0,차대사람 - 횡단중,보행자보호의무위반,습기,비,단일로 - 횡단보도상,화물,남,50세,상해없음,보행자,남,49세,경상
2016021300100318,2016년 2월 13일 17시,토요일,대구광역시 동구 신서동,중상사고,0,1,2,0,차대차 - 측면충돌,교차로운행방법위반,습기,비,교차로 - 교차로안,승용,남,44세,경상,화물,남,66세,경상
2016021300100368,2016년 2월 13일 18시,토요일,대구광역시 수성구 범어동,부상신고사고,0,0,0,1,차대차 - 측면충돌,안전운전불이행,건조,맑음,교차로 - 교차로부근,승용,남,54세,상해없음,이륜,남,23세,부상신고
2016021300100369,2016년 2월 13일 18시,토요일,대구광역시 달서구 상인동,경상사고,0,0,1,0,차대차 - 측면충돌,안전운전불이행,습기,비,단일로 - 기타,이륜,남,41세,경상,승용,남,61세,상해없음
2016021300100407,2016년 2월 13일 19시,토요일,대구광역시 동구 효목동,경상사고,0,0,2,0,차대차 - 측면직각충돌,차로위반,습기,비,단일로 - 기타,승용,남,50세,상해없음,승용,남,32세,경상
2016021300100408,2016년 2월 13일 19시,토요일,대구광역시 서구 내당동,경상사고,0,0,2,0,차대차 - 정면충돌,안전거리미확보,습기,비,단일로 - 기타,승용,남,62세,상해없음,승용,남,50세,경상
2016021300100442,2016년 2월 13일 20시,토요일,대구광역시 달서구 상인동,중상사고,0,1,0,0,차대사람 - 횡단중,보행자보호의무위반,습기,비,기타 - 기타,승용,남,22세,상해없음,보행자,남,29세,중상
2016021300100443,2016년 2월 13일 20시,토요일,대구광역시 북구 산격동,경상사고,0,0,1,0,차대차 - 기타,안전운전불이행,습기,비,단일로 - 기타,승용,남,26세,상해없음,원동기,남,20세,경상
2016021300100472,2016년 2월 13일 21시,토요일,대구광역시 수성구 수성동1가,경상사고,0,0,1,0,차대차 - 기타,안전거리미확보,습기,비,단일로 - 기타,승용,여,48세,상해없음,승용,남,53세,경상
2016021300100473,2016년 2월 13일 21시,토요일,대구광역시 달서구 상인동,중상사고,0,1,0,0,차대사람 - 횡단중,안전운전불이행,습기,비,단일로 - 기타,이륜,남,59세,상해없음,보행자,남,63세,중상
2016021300100474,2016년 2월 13일 21시,토요일,대구광역시 북구 노원동3가,경상사고,0,0,1,0,차대사람 - 횡단중,안전운전불이행,건조,맑음,단일로 - 횡단보도부근,승용,남,61세,기타불명,보행자,여,42세,경상
2016021300100501,2016년 2월 13일 22시,토요일,대구광역시 동구 신암동,경상사고,0,0,2,3,차대차 - 측면충돌,안전거리미확보,습기,비,단일로 - 기타,승용,여,46세,상해없음,승용,남,18세,경상
2016021300100502,2016년 2월 13일 22시,토요일,대구광역시 북구 노원동3가,중상사고,0,1,0,0,차량단독 - 공작물충돌,안전운전불이행,건조,맑음,단일로 - 기타,승용,남,47세,상해없음,,,,
2016021300100503,2016년 2월 13일 22시,토요일,대구광역시 북구 서변동,경상사고,0,0,1,0,차대차 - 추돌,안전거리미확보,습기,흐림,단일로 - 기타,승용,남,54세,상해없음,승용,여,56세,경상
2016021300100519,2016년 2월 13일 23시,토요일,대구광역시 수성구 지산동,중상사고,0,1,1,0,차대차 - 추돌,안전운전불이행,습기,흐림,단일로 - 기타,승용,남,30세,중상,승합,남,55세,상해없음
2016021300100520,2016년 2월 13일 23시,토요일,대구광역시 달서구 송현동,경상사고,0,0,1,0,차대사람 - 기타,안전운전불이행,건조,맑음,교차로 - 교차로부근,승용,남,19세,상해없음,보행자,남,29세,경상
2016021300100521,2016년 2월 13일 23시,토요일,대구광역시 달서구 본리동,경상사고,0,0,1,0,차대차 - 정면충돌,안전운전불이행,습기,비,교차로 - 교차로부근,승용,남,18세,상해없음,승용,남,60세,상해없음
2016021400100020,2016년 2월 14일 00시,일요일,대구광역시 북구 학정동,중상사고,0,1,0,0,차대차 - 추돌,안전운전불이행,건조,맑음,단일로 - 기타,승용,남,39세,상해없음,화물,여,32세,중상
2016021400100044,2016년 2월 14일 01시,일요일,대구광역시 동구 신암동,경상사고,0,0,3,1,차대차 - 측면충돌,안전운전불이행,건조,맑음,단일로 - 기타,승용,남,24세,경상,화물,남,53세,기타불명
2016021400100045,2016년 2월 14일 01시,일요일,대구광역시 북구 칠성동2가,중상사고,0,2,0,0,차대차 - 측면충돌,신호위반,건조,맑음,교차로 - 교차로안,승용,남,62세,상해없음,승용,남,52세,중상
2016021400100062,2016년 2월 14일 02시,일요일,대구광역시 수성구 범어동,경상사고,0,0,2,0,차대차 - 추돌,안전운전불이행,건조,맑음,단일로 - 기타,승용,남,58세,상해없음,승용,남,37세,경상
2016021400100093,2016년 2월 14일 06시,일요일,대구광역시 달성군 옥포면,경상사고,0,0,8,0,차대차 - 추돌,안전운전불이행,습기,흐림,교차로 - 교차로부근,승용,남,33세,상해없음,승합,남,56세,상해없음
2016021400100094,2016년 2월 14일 06시,일요일,대구광역시 북구 침산동,경상사고,0,0,2,0,차대차 - 측면충돌,신호위반,건조,맑음,교차로 - 교차로안,승용,남,19세,상해없음,승용,여,52세,경상
2016021400100105,2016년 2월 14일 08시,일요일,대구광역시 동구 방촌동,중상사고,0,1,0,0,차대차 - 기타,안전운전불이행,건조,맑음,단일로 - 기타,승용,여,53세,기타불명,자전거,남,68세,중상
2016021400100128,2016년 2월 14일 10시,일요일,대구광역시 동구 신암동,경상사고,0,0,1,0,차대차 - 측면충돌,안전운전불이행,건조,맑음,단일로 - 기타,승용,남,55세,상해없음,이륜,남,57세,경상
2016021400100139,2016년 2월 14일 11시,일요일,대구광역시 서구 비산동,부상신고사고,0,0,0,1,차대사람 - 길가장자리구역통행중,안전운전불이행,건조,맑음,단일로 - 기타,승용,남,24세,상해없음,보행자,남,67세,부상신고
2016021400100140,2016년 2월 14일 11시,일요일,대구광역시 달서구 신당동,경상사고,0,0,1,0,차대차 - 측면충돌,안전운전불이행,건조,맑음,교차로 - 교차로부근,승용,남,44세,상해없음,이륜,남,20세,경상
2016021400100148,2016년 2월 14일 12시,일요일,대구광역시 동구 지저동,중상사고,0,4,1,0,차대차 - 측면충돌,안전거리미확보,건조,맑음,단일로 - 기타,승용,남,33세,상해없음,승용,남,59세,경상
2016021400100162,2016년 2월 14일 13시,일요일,대구광역시 서구 평리동,경상사고,0,0,1,0,차대차 - 기타,안전거리미확보,건조,맑음,단일로 - 기타,승용,남,54세,상해없음,승용,남,37세,경상
2016021400100181,2016년 2월 14일 14시,일요일,대구광역시 동구 용계동,경상사고,0,0,1,0,차대사람 - 기타,안전운전불이행,건조,맑음,기타 - 기타,승용,남,65세,상해없음,보행자,남,2세,경상
2016021400100207,2016년 2월 14일 15시,일요일,대구광역시 동구 신암동,경상사고,0,0,1,0,차대차 - 기타,안전운전불이행,건조,맑음,단일로 - 기타,승용,남,34세,상해없음,승합,남,51세,경상
2016021400100208,2016년 2월 14일 15시,일요일,대구광역시 달성군 다사읍,경상사고,0,0,1,0,차대차 - 추돌,안전운전불이행,건조,맑음,단일로 - 기타,이륜,남,17세,상해없음,자전거,여,42세,경상
2016021400100209,2016년 2월 14일 15시,일요일,대구광역시 중구 남일동,경상사고,0,0,1,0,차대차 - 기타,안전거리미확보,건조,맑음,교차로 - 교차로부근,승용,남,52세,상해없음,승합,남,56세,경상
2016021400100223,2016년 2월 14일 16시,일요일,대구광역시 중구 동인동1가,경상사고,0,0,2,0,차대차 - 측면직각충돌,신호위반,건조,맑음,교차로 - 교차로안,승용,남,31세,상해없음,승용,여,48세,경상
2016021400100244,2016년 2월 14일 17시,일요일,대구광역시 수성구 신매동,중상사고,0,1,0,1,차대차 - 측면충돌,신호위반,건조,맑음,단일로 - 기타,원동기,남,16세,부상신고,자전거,남,14세,중상
2016021400100245,2016년 2월 14일 17시,일요일,대구광역시 수성구 범어동,경상사고,0,0,1,0,차대차 - 측면직각충돌,안전거리미확보,건조,맑음,단일로 - 기타,승합,남,64세,상해없음,승용,남,41세,경상
2016021400100246,2016년 2월 14일 17시,일요일,대구광역시 북구 읍내동,경상사고,0,0,2,2,차대차 - 측면충돌,안전운전불이행,건조,맑음,교차로 - 교차로안,승용,여,54세,부상신고,승용,남,33세,경상
2016021400100275,2016년 2월 14일 18시,일요일,대구광역시 수성구 수성동1가,중상사고,0,2,0,0,차대사람 - 횡단중,안전운전불이행,건조,맑음,단일로 - 횡단보도상,이륜,남,22세,중상,보행자,여,68세,중상
2016021400100276,2016년 2월 14일 18시,일요일,대구광역시 북구 칠성동1가,경상사고,0,0,1,0,차대차 - 측면직각충돌,중앙선침범,건조,맑음,교차로 - 교차로안,원동기,남,52세,상해없음,원동기,남,26세,경상
2016021400100316,2016년 2월 14일 20시,일요일,대구광역시 북구 침산동,경상사고,0,0,2,0,차대차 - 측면충돌,안전운전불이행,건조,맑음,단일로 - 기타,승용,남,52세,상해없음,승용,남,24세,경상
2016021400100317,2016년 2월 14일 20시,일요일,대구광역시 북구 학정동,경상사고,0,0,1,0,차대차 - 측면충돌,신호위반,건조,맑음,교차로 - 교차로안,승용,여,51세,상해없음,이륜,남,19세,경상
2016021400100358,2016년 2월 14일 23시,일요일,대구광역시 동구 신평동,경상사고,0,0,1,0,차대차 - 측면직각충돌,안전거리미확보,건조,맑음,단일로 - 기타,승용,기타불명,기타불명,기타불명,화물,남,53세,경상
2016021500100021,2016년 2월 15일 03시,월요일,대구광역시 서구 상리동,경상사고,0,0,1,0,차량단독 - 전도전복,안전운전불이행,건조,맑음,단일로 - 기타,승용,남,23세,경상,,,,
2016021500100022,2016년 2월 15일 03시,월요일,대구광역시 중구 공평동,중상사고,0,1,0,0,차대차 - 정면충돌,중앙선침범,건조,맑음,교차로 - 교차로부근,승용,여,30세,상해없음,승용,남,53세,중상
2016021500100044,2016년 2월 15일 06시,월요일,대구광역시 달서구 송현동,경상사고,0,0,2,0,차대차 - 정면충돌,신호위반,건조,맑음,교차로 - 교차로안,화물,남,58세,경상,승용,남,43세,경상
2016021500100066,2016년 2월 15일 07시,월요일,대구광역시 동구 지저동,경상사고,0,0,1,0,차대차 - 정면충돌,안전운전불이행,건조,맑음,교차로 - 교차로안,승용,남,52세,상해없음,화물,남,29세,경상
2016021500100067,2016년 2월 15일 07시,월요일,대구광역시 북구 산격동,중상사고,0,1,0,0,차대사람 - 횡단중,보행자보호의무위반,건조,맑음,교차로 - 교차로안,승용,여,54세,상해없음,보행자,여,56세,중상
2016021500100068,2016년 2월 15일 07시,월요일,대구광역시 중구 대신동,중상사고,0,2,1,0,차대차 - 정면충돌,안전거리미확보,건조,맑음,단일로 - 기타,승용,여,49세,상해없음,승용,남,18세,중상
2016021500100103,2016년 2월 15일 08시,월요일,대구광역시 수성구 상동,경상사고,0,0,1,0,차대차 - 측면직각충돌,안전운전불이행,건조,맑음,교차로 - 교차로안,승합,남,40세,상해없음,승용,여,34세,경상
2016021500100104,2016년 2월 15일 08시,월요일,대구광역시 북구 산격동,중상사고,0,1,0,0,차대사람 - 횡단중,신호위반,건조,맑음,단일로 - 횡단보도상,승용,남,69세,상해없음,보행자,여,75세,중상
2016021500100105,2016년 2월 15일 08시,월요일,대구광역시 서구 비산동,부상신고사고,0,0,0,1,차대차 - 측면직각충돌,안전운전불이행,건조,맑음,교차로 - 교차로부근,자전거,남,27세,부상신고,승용,남,57세,상해없음
2016021500100106,2016년 2월 15일 08시,월요일,대구광역시 서구 비산동,경상사고,0,0,1,0,차대차 - 측면충돌,교차로운행방법위반,건조,맑음,교차로 - 교차로안,승용,남,69세,상해없음,승용,남,61세,상해없음
2016021500100107,2016년 2월 15일 08시,월요일,대구광역시 서구 내당동,경상사고,0,0,1,0,차대차 - 추돌,안전운전불이행,건조,맑음,교차로 - 교차로부근,승합,남,78세,상해없음,승용,남,32세,경상
2016021500100108,2016년 2월 15일 08시,월요일,대구광역시 달서구 두류동,경상사고,0,0,1,0,차대사람 - 횡단중,안전운전불이행,건조,맑음,단일로 - 기타,승용,남,34세,상해없음,보행자,여,61세,경상
2016021500100139,2016년 2월 15일 09시,월요일,대구광역시 달서구 본동,경상사고,0,0,4,0,차대차 - 측면충돌,안전거리미확보,건조,맑음,단일로 - 기타,승용,남,38세,상해없음,승용,남,58세,상해없음