사고번호,사고일시,요일,시군구,사고내용,사망자수,중상자수,경상자수,부상신고자수,사고유형,법규위반,노면상태,기상상태,도로형태,가해운전자 차종,가해운전자 성별,가해운전자 연령,가해운전자 상해정도,피해운전자 차종,피해운전자 성별,피해운전자 연령,피해운전자 상해정도
2016030500100207,2016년 3월 5일 09시,토요일,대구광역시 중구 대신동,중상사고,0,1,0,0,차대사람 - 횡단중,안전운전불이행,건조,맑음,교차로 - 교차로부근,승용,여,42세,상해없음,보행자,여,56세,중상
2016030500100224,2016년 3월 5일 10시,토요일,대구광역시 수성구 황금동,경상사고,0,0,2,0,차대차 - 측면직각충돌,안전운전불이행,습기,비,단일로 - 기타,승용,남,59세,상해없음,승용,남,37세,경상
2016030500100225,2016년 3월 5일 10시,토요일,대구광역시 달성군 다사읍,부상신고사고,0,0,0,1,차대차 - 추돌,안전운전불이행,건조,맑음,교차로 - 교차로안,승용,남,50세,부상신고,승용,남,27세,상해없음
2016030500100226,2016년 3월 5일 10시,토요일,대구광역시 달서구 용산동,경상사고,0,0,1,0,차대차 - 기타,안전운전불이행,건조,맑음,교차로 - 교차로부근,승용,여,61세,상해없음,이륜,남,26세,경상
2016030500100258,2016년 3월 5일 11시,토요일,대구광역시 중구 동성로3가,중상사고,0,1,0,0,차대사람 - 횡단중,보행자보호의무위반,건조,흐림,단일로 - 기타,이륜,남,22세,상해없음,보행자,여,37세,중상
2016030500100282,2016년 3월 5일 12시,토요일,대구광역시 동구 검사동,중상사고,0,1,1,0,차대차 - 추돌,안전운전불이행,건조,흐림,단일로 - 기타,화물,남,48세,상해없음,승용,남,61세,중상
2016030500100309,2016년 3월 5일 13시,토요일,대구광역시 북구 침산동,경상사고,0,0,1,0,차대차 - 측면충돌,신호위반,건조,흐림,교차로 - 교차로안,승용,남,35세,상해없음,승용,여,43세,경상
2016030500100360,2016년 3월 5일 15시,토요일,대구광역시 서구 내당동,중상사고,0,1,0,0,차대차 - 기타,안전운전불이행,건조,맑음,교차로 - 교차로안,승합,남,53세,상해없음,자전거,여,56세,중상
2016030500100391,2016년 3월 5일 16시,토요일,대구광역시 달서구 신당동,경상사고,0,0,2,0,차대차 - 측면직각충돌,안전운전불이행,습기,비,기타 - 기타,이륜,남,18세,경상,승용,여,37세,경상
2016030500100465,2016년 3월 5일 18시,토요일,대구광역시 북구 복현동,경상사고,0,0,1,0,차대차 - 기타,교차로운행방법위반,건조,맑음,교차로 - 교차로안,승용,남,54세,상해없음,이륜,남,20세,경상
2016030500100466,2016년 3월 5일 18시,토요일,대구광역시 동구 신암동,부상신고사고,0,0,0,1,차대차 - 측면충돌,안전운전불이행,습기,비,단일로 - 기타,승용,여,36세,부상신고,승용,남,50세,상해없음
2016030500100467,2016년 3월 5일 18시,토요일,대구광역시 달서구 본동,경상사고,0,0,1,0,차대차 - 측면충돌,안전거리미확보,습기,비,단일로 - 기타,승용,남,29세,상해없음,승용,남,45세,경상
2016030500100468,2016년 3월 5일 18시,토요일,대구광역시 서구 상리동,중상사고,0,1,0,0,차대차 - 측면직각충돌,안전운전불이행,습기,비,미분류 - 미분류,승용,여,53세,상해없음,승용,남,38세,중상
2016030500100469,2016년 3월 5일 18시,토요일,대구광역시 중구 봉산동,경상사고,0,0,1,0,차대차 - 측면직각충돌,안전거리미확보,건조,맑음,단일로 - 기타,승합,남,48세,상해없음,승용,남,24세,경상
2016030500100518,2016년 3월 5일 19시,토요일,대구광역시 남구 봉덕동,경상사고,0,0,2,0,차대사람 - 횡단중,안전운전불이행,습기,비,단일로 - 기타,승용,남,77세,상해없음,보행자,여,16세,경상
2016030500100519,2016년 3월 5일 19시,토요일,대구광역시 남구 대명동,경상사고,0,0,1,0,차대차 - 정면충돌,신호위반,기타,비,교차로 - 교차로안,화물,남,51세,상해없음,이륜,남,63세,경상
2016030500100520,2016년 3월 5일 19시,토요일,대구광역시 수성구 수성동3가,경상사고,0,0,1,0,차대차 - 정면충돌,신호위반,습기,비,교차로 - 교차로안,화물,남,60세,상해없음,승합,남,25세,경상
2016030500100521,2016년 3월 5일 19시,토요일,대구광역시 달성군 화원읍,경상사고,0,0,1,0,차대차 - 측면충돌,안전운전불이행,습기,비,단일로 - 기타,승용,여,47세,상해없음,원동기,남,17세,경상
2016030500100522,2016년 3월 5일 19시,토요일,대구광역시 북구 복현동,경상사고,0,0,1,0,차대차 - 기타,차로위반,습기,맑음,단일로 - 기타,승용,남,58세,상해없음,승합,남,50세,상해없음
2016030500100523,2016년 3월 5일 19시,토요일,대구광역시 서구 중리동,중상사고,0,1,0,0,차대차 - 추돌,중앙선침범,습기,비,단일로 - 기타,자전거,남,79세,상해없음,원동기,남,45세,중상
2016030500100524,2016년 3월 5일 19시,토요일,대구광역시 서구 평리동,중상사고,0,1,0,0,차대사람 - 횡단중,안전운전불이행,습기,비,교차로 - 교차로부근,승용,남,41세,상해없음,보행자,남,41세,중상
2016030500100562,2016년 3월 5일 20시,토요일,대구광역시 동구 신암동,경상사고,0,0,1,0,차대사람 - 차도통행중,안전운전불이행,습기,비,단일로 - 기타,승용,기타불명,기타불명,기타불명,보행자,여,27세,경상
2016030500100563,2016년 3월 5일 20시,토요일,대구광역시 달서구 도원동,중상사고,0,1,0,0,차대사람 - 횡단중,신호위반,습기,비,단일로 - 기타,승용,여,49세,상해없음,보행자,여,55세,중상
2016030500100564,2016년 3월 5일 20시,토요일,대구광역시 달성군 다사읍,경상사고,0,0,3,0,차대차 - 정면충돌,안전운전불이행,습기,비,교차로 - 교차로부근,승용,남,24세,상해없음,승용,남,54세,경상
2016030500100565,2016년 3월 5일 20시,토요일,대구광역시 중구 남산동,경상사고,0,0,1,0,차대사람 - 횡단중,안전운전불이행,습기,비,교차로 - 교차로부근,승용,남,44세,상해없음,보행자,남,64세,경상
2016030500100566,2016년 3월 5일 20시,토요일,대구광역시 중구 봉산동,경상사고,0,0,4,0,차대차 - 측면충돌,안전거리미확보,습기,비,단일로 - 기타,승용,여,33세,상해없음,승용,남,21세,경상
2016030500100593,2016년 3월 5일 21시,토요일,대구광역시 동구 효목동,경상사고,0,0,1,0,차대사람 - 횡단중,중앙선침범,습기,비,단일로 - 기타,승용,남,43세,상해없음,보행자,여,45세,경상
2016030500100594,2016년 3월 5일 21시,토요일,대구광역시 달서구 송현동,경상사고,0,0,1,0,차대차 - 추돌,안전거리미확보,습기,비,단일로 - 기타,승용,남,41세,상해없음,승용,남,32세,경상
2016030500100595,2016년 3월 5일 21시,토요일,대구광역시 북구 구암동,경상사고,0,0,1,0,차대차 - 추돌,안전거리미확보,습기,비,단일로 - 기타,승용,여,42세,상해없음,승용,여,55세,경상
2016030500100648,2016년 3월 5일 23시,토요일,대구광역시 동구 효목동,경상사고,0,0,2,0,차대사람 - 횡단중,신호위반,습기,비,단일로 - 횡단보도상,승용,여,52세,상해없음,보행자,남,38세,경상
2016030600100015,2016년 3월 6일 00시,일요일,대구광역시 수성구 황금동,경상사고,0,0,1,0,차대사람 - 기타,안전운전불이행,습기,비,단일로 - 기타,승용,여,36세,상해없음,보행자,여,48세,경상
2016030600100016,2016년 3월 6일 00시,일요일,대구광역시 달서구 월성동,중상사고,0,1,1,0,차대차 - 측면충돌,교차로운행방법위반,습기,비,교차로 - 교차로안,승용,남,48세,상해없음,승용,남,47세,중상
2016030600100017,2016년 3월 6일 00시,일요일,대구광역시 달성군 논공읍공단출장,중상사고,0,1,1,0,차대차 - 기타,안전운전불이행,습기,비,단일로 - 기타,승용,남,38세,경상,승용,남,54세,상해없음
2016030600100038,2016년 3월 6일 01시,일요일,대구광역시 중구 하서동,중상사고,0,1,2,0,차대차 - 추돌,안전운전불이행,습기,비,단일로 - 기타,승용,여,39세,상해없음,승용,남,38세,경상
2016030600100039,2016년 3월 6일 01시,일요일,대구광역시 북구 매천동,부상신고사고,0,0,0,1,차량단독 - 전도전복,안전운전불이행,습기,비,단일로 - 기타,이륜,남,50세,부상신고,,,,
2016030600100073,2016년 3월 6일 04시,일요일,대구광역시 달성군 다사읍,경상사고,0,0,2,0,차대사람 - 횡단중,안전운전불이행,건조,맑음,교차로 - 교차로안,승용,남,73세,상해없음,보행자,남,49세,경상
2016030600100074,2016년 3월 6일 04시,일요일,대구광역시 달서구 본리동,중상사고,0,2,3,0,차대차 - 측면직각충돌,안전운전불이행,습기,비,단일로 - 기타,승용,남,23세,경상,승용,남,31세,경상
2016030600100093,2016년 3월 6일 06시,일요일,대구광역시 달서구 용산동,경상사고,0,0,1,0,차대차 - 추돌,안전운전불이행,건조,맑음,단일로 - 기타,승용,남,69세,상해없음,승용,여,35세,경상
2016030600100119,2016년 3월 6일 08시,일요일,대구광역시 동구 지저동,경상사고,0,0,1,1,차량단독 - 공작물충돌,안전운전불이행,습기,흐림,교차로 - 교차로안,승용,남,35세,상해없음,,,,
2016030600100120,2016년 3월 6일 08시,일요일,대구광역시 중구 대신동,중상사고,0,1,0,0,차대사람 - 횡단중,안전운전불이행,습기,흐림,교차로 - 교차로부근,승용,남,52세,상해없음,보행자,남,63세,중상
2016030600100131,2016년 3월 6일 09시,일요일,대구광역시 서구 중리동,중상사고,0,1,3,0,차대차 - 측면충돌,안전운전불이행,건조,맑음,단일로 - 기타,승용,남,24세,상해없음,승용,남,33세,경상
2016030600100143,2016년 3월 6일 10시,일요일,대구광역시 동구 중대동,중상사고,0,4,3,0,차대차 - 측면충돌,중앙선침범,습기,흐림,단일로 - 기타,승용,남,60세,상해없음,승합,남,46세,경상
2016030600100166,2016년 3월 6일 11시,일요일,대구광역시 수성구 만촌동,중상사고,0,3,0,0,차대차 - 측면직각충돌,신호위반,건조,맑음,교차로 - 교차로안,승용,여,62세,상해없음,승용,남,46세,중상
2016030600100167,2016년 3월 6일 11시,일요일,대구광역시 수성구 사월동,중상사고,0,1,1,0,차대차 - 측면충돌,중앙선침범,건조,맑음,교차로 - 교차로안,승용,남,42세,경상,승용,남,34세,중상
2016030600100168,2016년 3월 6일 11시,일요일,대구광역시 북구 팔달동,경상사고,0,0,1,0,차대차 - 기타,안전거리미확보,건조,맑음,단일로 - 기타,승용,남,40세,경상,승용,남,60세,상해없음
2016030600100188,2016년 3월 6일 12시,일요일,대구광역시 서구 중리동,중상사고,0,1,0,0,차대사람 - 횡단중,신호위반,건조,맑음,교차로 - 교차로안,승용,남,59세,상해없음,보행자,여,50세,중상
2016030600100189,2016년 3월 6일 12시,일요일,대구광역시 달서구 감삼동,경상사고,0,0,1,0,차대차 - 측면충돌,안전운전불이행,건조,맑음,단일로 - 기타,승용,남,34세,기타불명,승용,남,54세,경상
2016030600100212,2016년 3월 6일 13시,일요일,대구광역시 북구 침산동,중상사고,0,2,0,0,차대차 - 기타,안전거리미확보,건조,맑음,단일로 - 기타,승용,남,52세,상해없음,승용,남,37세,중상
2016030600100244,2016년 3월 6일 14시,일요일,대구광역시 남구 대명동,중상사고,0,1,0,0,차대사람 - 횡단중,신호위반,건조,맑음,단일로 - 횡단보도상,승용,여,51세,상해없음,보행자,남,73세,중상
2016030600100245,2016년 3월 6일 14시,일요일,대구광역시 달서구 송현동,경상사고,0,0,1,0,차대사람 - 기타,안전운전불이행,건조,맑음,단일로 - 기타,승용,여,52세,기타불명,보행자,여,49세,경상
2016030600100246,2016년 3월 6일 14시,일요일,대구광역시 북구 팔달동,경상사고,0,0,1,0,차대사람 - 길가장자리구역통행중,안전운전불이행,건조,맑음,단일로 - 기타,자전거,남,14세,상해없음,보행자,여,60세,경상
2016030600100275,2016년 3월 6일 15시,일요일,대구광역시 북구 복현동,경상사고,0,0,1,0,차대차 - 측면직각충돌,안전운전불이행,건조,맑음,단일로 - 기타,자전거,여,51세,경상,자전거,남,9세,상해없음
2016030600100328,2016년 3월 6일 17시,일요일,대구광역시 수성구 중동,중상사고,0,1,0,0,차대차 - 측면충돌,안전운전불이행,건조,맑음,단일로 - 횡단보도부근,승용,남,33세,상해없음,이륜,남,48세,중상
2016030600100360,2016년 3월 6일 18시,일요일,대구광역시 동구 신기동,경상사고,0,0,5,0,차대차 - 추돌,안전운전불이행,건조,맑음,교차로 - 교차로안,승용,남,55세,상해없음,승용,남,58세,경상
2016030600100362,2016년 3월 6일 18시,일요일,대구광역시 달서구 본리동,경상사고,0,0,1,0,차대차 - 추돌,안전운전불이행,건조,맑음,교차로 - 교차로안,승용,여,59세,상해없음,원동기,남,28세,경상
2016030600100397,2016년 3월 6일 19시,일요일,대구광역시 동구 신암동,경상사고,0,0,1,0,차대차 - 측면충돌,안전운전불이행,건조,맑음,교차로 - 교차로부근,승용,남,18세,상해없음,승용,남,46세,경상
2016030600100398,2016년 3월 6일 19시,일요일,대구광역시 달서구 송현동,중상사고,0,1,0,0,차대차 - 측면충돌,중앙선침범,건조,맑음,단일로 - 기타,승용,여,52세,상해없음,원동기,남,60세,중상
2016030600100399,2016년 3월 6일 19시,일요일,대구광역시 달서구 월성동,경상사고,0,0,1,0,차량단독 - 전도전복,안전운전불이행,건조,맑음,단일로 - 기타,이륜,남,54세,경상,,,,
2016030600100400,2016년 3월 6일 19시,일요일,대구광역시 달성군 가창면,사망사고,2,0,0,0,차대사람 - 횡단중,과속,건조,맑음,단일로 - 기타,승용,남,38세,상해없음,보행자,남,76세,사망
2016030600100401,2016년 3월 6일 19시,일요일,대구광역시 달성군 논공읍,중상사고,0,1,0,0,차대차 - 측면직각충돌,교차로운행방법위반,건조,맑음,교차로 - 교차로안,승용,남,27세,상해없음,이륜,남,48세,중상
2016030600100402,2016년 3월 6일 19시,일요일,대구광역시 북구 침산동,경상사고,0,0,1,0,차대차 - 측면충돌,신호위반,건조,맑음,교차로 - 교차로안,승용,남,31세,상해없음,자전거,남,14세,경상
2016030600100403,2016년 3월 6일 19시,일요일,대구광역시 달서구 본리동,경상사고,0,0,1,0,차대차 - 측면충돌,안전운전불이행,건조,맑음,교차로 - 교차로안,승용,여,35세,상해없음,이륜,남,23세,경상
2016030600100404,2016년 3월 6일 19시,일요일,대구광역시 달서구 신당동,중상사고,0,1,0,0,차대차 - 측면충돌,신호위반,건조,맑음,교차로 - 교차로안,승용,여,56세,상해없음,이륜,남,23세,중상
2016030600100428,2016년 3월 6일 20시,일요일,대구광역시 남구 대명동,경상사고,0,0,1,0,차대차 - 추돌,안전운전불이행,건조,맑음,교차로 - 교차로부근,승용,남,49세,상해없음,승용,남,27세,상해없음
2016030600100429,2016년 3월 6일 20시,일요일,대구광역시 수성구 두산동,경상사고,0,0,2,0,차대차 - 측면직각충돌,안전운전불이행,건조,맑음,기타 - 기타,승용,남,28세,기타불명,승용,남,24세,경상
2016030600100462,2016년 3월 6일 21시,일요일,대구광역시 달서구 상인동,중상사고,0,1,0,0,차대차 - 측면직각충돌,교차로운행방법위반,건조,맑음,교차로 - 교차로안,승용,여,31세,상해없음,원동기,남,21세,중상
2016030600100463,2016년 3월 6일 21시,일요일,대구광역시 서구 평리동,경상사고,0,0,1,0,차대차 - 추돌,안전운전불이행,건조,맑음,교차로 - 교차로부근,승용,남,46세,상해없음,승용,남,43세,상해없음
2016030600100485,2016년 3월 6일 22시,일요일,대구광역시 수성구 두산동,경상사고,0,0,1,0,차대사람 - 길가장자리구역통행중,안전운전불이행,건조,맑음,단일로 - 기타,승용,남,37세,상해없음,보행자,여,20세,경상
2016030600100486,2016년 3월 6일 22시,일요일,대구광역시 달성군 화원읍,부상신고사고,0,0,0,1,차대사람 - 횡단중,보행자보호의무위반,건조,맑음,단일로 - 횡단보도상,기타불명,기타불명,기타불명,기타불명,보행자,남,43세,부상신고
2016030600100487,2016년 3월 6일 22시,일요일,대구광역시 서구 내당동,경상사고,0,0,1,0,차대차 - 측면직각충돌,안전운전불이행,건조,맑음,단일로 - 기타,승용,남,59세,상해없음,승용,남,35세,경상
2016030600100488,2016년 3월 6일 22시,일요일,대구광역시 중구 대봉동,경상사고,0,0,1,0,차대차 - 측면직각충돌,안전운전불이행,건조,맑음,단일로 - 기타,승용,여,47세,상해없음,이륜,남,26세,경상
2016030600100500,2016년 3월 6일 23시,일요일,대구광역시 달서구 송현동,중상사고,0,1,0,0,차대차 - 추돌,안전운전불이행,건조,맑음,단일로 - 기타,승용,남,74세,상해없음,자전거,남,73세,중상
2016030700100016,2016년 3월 7일 01시,월요일,대구광역시 서구 내당동,중상사고,0,1,1,0,차대차 - 측면직각충돌,교차로운행방법위반,건조,맑음,교차로 - 교차로안,승용,여,54세,상해없음,승용,남,59세,중상
2016030700100041,2016년 3월 7일 05시,월요일,대구광역시 동구 신암동,사망사고,1,0,0,0,차대사람 - 횡단중,안전운전불이행,건조,맑음,단일로 - 횡단보도상,승용,남,42세,상해없음,보행자,여,79세,사망
2016030700100042,2016년 3월 7일 05시,월요일,대구광역시 북구 대현동,부상신고사고,0,0,0,2,차대차 - 측면충돌,불법유턴,건조,맑음,교차로 - 교차로안,자전거,남,63세,부상신고,화물,남,56세,부상신고
2016030700100107,2016년 3월 7일 08시,월요일,대구광역시 서구 평리동,경상사고,0,0,1,0,차대사람 - 기타,안전운전불이행,건조,맑음,단일로 - 기타,승용,남,44세,상해없음,보행자,남,52세,경상
2016030700100108,2016년 3월 7일 08시,월요일,대구광역시 달서구 죽전동,경상사고,0,0,1,0,차대차 - 추돌,안전운전불이행,건조,맑음,기타 - 기타,이륜,남,19세,상해없음,승용,남,46세,경상
2016030700100109,2016년 3월 7일 08시,월요일,대구광역시 북구 서변동,경상사고,0,0,1,0,차대차 - 측면충돌,안전운전불이행,건조,맑음,기타 - 기타,화물,남,30세,상해없음,승용,여,44세,경상
2016030700100139,2016년 3월 7일 09시,월요일,대구광역시 북구 침산동,경상사고,0,0,1,0,차대차 - 기타,안전운전불이행,건조,맑음,단일로 - 기타,승용,남,56세,상해없음,승용,남,68세,경상
2016030700100168,2016년 3월 7일 10시,월요일,대구광역시 북구 노원동3가,경상사고,0,0,2,0,차대차 - 정면충돌,중앙선침범,건조,맑음,단일로 - 기타,승용,여,43세,경상,화물,남,38세,경상
2016030700100220,2016년 3월 7일 12시,월요일,대구광역시 동구 서호동,중상사고,0,1,0,0,차대차 - 측면직각충돌,직진우회전진행방해,건조,맑음,교차로 - 교차로안,화물,남,42세,상해없음,이륜,남,65세,중상
2016030700100221,2016년 3월 7일 12시,월요일,대구광역시 수성구 대흥동,부상신고사고,0,0,0,1,차량단독 - 전도전복,안전운전불이행,건조,맑음,단일로 - 기타,승용,남,73세,부상신고,,,,
2016030700100249,2016년 3월 7일 13시,월요일,대구광역시 서구 평리동,경상사고,0,0,2,0,차대차 - 측면충돌,중앙선침범,건조,맑음,교차로 - 교차로부근,화물,남,61세,상해없음,승용,남,40세,경상
2016030700100250,2016년 3월 7일 13시,월요일,대구광역시 북구 구암동,경상사고,0,0,1,0,차대차 - 측면충돌,안전운전불이행,건조,맑음,단일로 - 기타,이륜,남,41세,경상,승용,여,25세,상해없음
2016030700100277,2016년 3월 7일 14시,월요일,대구광역시 남구 대명동,경상사고,0,0,1,0,차대차 - 기타,안전운전불이행,건조,맑음,기타 - 기타,승용,여,54세,상해없음,승용,남,66세,경상
2016030700100279,2016년 3월 7일 14시,월요일,대구광역시 북구 매천동,경상사고,0,0,1,0,차대차 - 측면직각충돌,불법유턴,건조,맑음,단일로 - 기타,화물,남,30세,상해없음,승용,남,67세,경상
2016030700100304,2016년 3월 7일 15시,월요일,대구광역시 수성구 범물동,중상사고,0,1,1,0,차대차 - 측면충돌,안전운전불이행,건조,맑음,교차로 - 교차로안,승용,남,53세,상해없음,승용,남,39세,경상
2016030700100305,2016년 3월 7일 15시,월요일,대구광역시 달성군 유가면,경상사고,0,0,1,0,차대차 - 추돌,안전운전불이행,건조,맑음,교차로 - 교차로부근,승용,남,60세,상해없음,특수,남,27세,경상
2016030700100306,2016년 3월 7일 15시,월요일,대구광역시 달서구 신당동,경상사고,0,0,2,0,차대차 - 기타,교차로운행방법위반,건조,맑음,교차로 - 교차로안,화물,남,67세,상해없음,화물,남,35세,경상
2016030700100338,2016년 3월 7일 16시,월요일,대구광역시 동구 신암동,경상사고,0,0,1,0,차대차 - 측면충돌,안전운전불이행,건조,맑음,단일로 - 기타,승용,남,51세,상해없음,이륜,남,57세,경상
2016030700100339,2016년 3월 7일 16시,월요일,대구광역시 달서구 송현동,경상사고,0,0,1,0,차대차 - 측면충돌,안전운전불이행,건조,맑음,단일로 - 기타,화물,남,37세,상해없음,이륜,남,51세,경상
2016030700100373,2016년 3월 7일 17시,월요일,대구광역시 달서구 유천동,경상사고,0,0,1,0,차대차 - 측면충돌,안전거리미확보,건조,맑음,단일로 - 기타,화물,남,63세,상해없음,승용,남,22세,경상
2016030700100374,2016년 3월 7일 17시,월요일,대구광역시 서구 평리동,중상사고,0,1,0,0,차대차 - 정면충돌,안전운전불이행,건조,맑음,교차로 - 교차로안,승용,남,60세,기타불명,이륜,남,56세,중상
2016030700100375,2016년 3월 7일 17시,월요일,대구광역시 중구 동인동1가,중상사고,0,1,4,0,차대차 - 정면충돌,안전거리미확보,건조,맑음,단일로 - 기타,승용,여,45세,상해없음,승합,남,52세,상해없음
2016030700100412,2016년 3월 7일 18시,월요일,대구광역시 달서구 송현동,경상사고,0,0,1,0,차량단독 - 기타,안전운전불이행,건조,맑음,단일로 - 기타,승합,남,53세,상해없음,,,,
2016030700100455,2016년 3월 7일 19시,월요일,대구광역시 달성군 다사읍,중상사고,0,1,1,0,차대사람 - 횡단중,신호위반,건조,맑음,단일로 - 기타,이륜,남,20세,경상,보행자,여,34세,중상
2016030700100481,2016년 3월 7일 20시,월요일,대구광역시 수성구 신매동,경상사고,0,0,1,0,차대사람 - 횡단중,안전운전불이행,건조,맑음,교차로 - 교차로부근,기타불명,기타불명,기타불명,기타불명,보행자,남,47세,경상
2016030700100482,2016년 3월 7일 20시,월요일,대구광역시 달서구 이곡동,경상사고,0,0,1,1,차대차 - 추돌,직진우회전진행방해,건조,맑음,교차로 - 교차로안,승용,남,51세,경상,이륜,남,22세,부상신고
2016030700100506,2016년 3월 7일 21시,월요일,대구광역시 수성구 범어동,경상사고,0,0,1,0,차대차 - 추돌,안전운전불이행,건조,맑음,단일로 - 기타,승용,남,45세,상해없음,승용,여,29세,경상
2016030700100507,2016년 3월 7일 21시,월요일,대구광역시 수성구 황금동,경상사고,0,0,1,0,차대차 - 정면충돌,신호위반,건조,흐림,교차로 - 교차로안,승용,남,25세,상해없음,승용,남,41세,경상
2016030700100508,2016년 3월 7일 21시,월요일,대구광역시 달서구 진천동,경상사고,0,0,1,0,차대차 - 측면충돌,안전운전불이행,건조,맑음,교차로 - 교차로부근,이륜,남,16세,경상,승용,남,25세,상해없음
2016030700100538,2016년 3월 7일 22시,월요일,대구광역시 중구 동인동2가,경상사고,0,0,1,0,차대차 - 측면충돌,안전운전불이행,건조,맑음,단일로 - 횡단보도상,승용,남,61세,상해없음,자전거,남,39세,경상
2016030700100557,2016년 3월 7일 23시,월요일,대구광역시 남구 대명동,중상사고,0,1,0,1,차대차 - 측면충돌,교차로운행방법위반,건조,맑음,교차로 - 교차로안,승용,남,25세,부상신고,승용,여,47세,중상
2016030800100016,2016년 3월 8일 00시,화요일,대구광역시 수성구 만촌동,중상사고,0,1,0,0,차대차 - 측면충돌,안전운전불이행,건조,맑음,미분류 - 미분류,승용,남,28세,상해없음,승용,남,26세,중상
2016030800100031,2016년 3월 8일 02시,화요일,대구광역시 북구 구암동,경상사고,0,0,1,0,차대차 - 측면충돌,안전운전불이행,건조,맑음,단일로 - 기타,이륜,남,19세,상해없음,승용,남,55세,경상
2016030800100046,2016년 3월 8일 04시,화요일,대구광역시 달서구 호산동,경상사고,0,0,1,0,차대사람 - 횡단중,안전운전불이행,건조,맑음,단일로 - 기타,승용,여,41세,기타불명,보행자,남,22세,경상
2016030800100047,2016년 3월 8일 04시,화요일,대구광역시 달서구 장기동,경상사고,0,0,1,0,차대차 - 기타,안전거리미확보,건조,맑음,단일로 - 기타,이륜,남,17세,경상,승용,남,34세,상해없음
2016030800100084,2016년 3월 8일 07시,화요일,대구광역시 동구 불로동,경상사고,0,0,1,0,차대차 - 측면충돌,교차로운행방법위반,건조,맑음,단일로 - 기타,화물,남,60세,상해없음,승용,여,49세,경상
2016030800100119,2016년 3월 8일 08시,화요일,대구광역시 달서구 송현동,경상사고,0,0,1,0,차대차 - 측면직각충돌,안전운전불이행,건조,맑음,교차로 - 교차로안,승합,남,53세,상해없음,이륜,여,61세,경상
2016030800100120,2016년 3월 8일 08시,화요일,대구광역시 달서구 갈산동,경상사고,0,0,1,0,차대차 - 측면직각충돌,안전운전불이행,건조,흐림,교차로 - 교차로부근,화물,남,50세,상해없음,이륜,여,23세,경상
2016030800100142,2016년 3월 8일 09시,화요일,대구광역시 서구 비산동,경상사고,0,0,1,0,차대사람 - 횡단중,안전운전불이행,건조,맑음,단일로 - 횡단보도상,승용,남,61세,상해없음,보행자,여,69세,경상
2016030800100189,2016년 3월 8일 11시,화요일,대구광역시 달서구 용산동,경상사고,0,0,2,0,차대차 - 측면충돌,안전운전불이행,건조,맑음,교차로 - 교차로부근,승용,여,50세,경상,화물,남,33세,경상
2016030800100285,2016년 3월 8일 15시,화요일,대구광역시 달서구 상인동,경상사고,0,0,1,0,차대차 - 측면충돌,안전운전불이행,건조,맑음,교차로 - 교차로부근,승용,여,65세,상해없음,자전거,남,12세,경상
2016030800100286,2016년 3월 8일 15시,화요일,대구광역시 북구 침산동,경상사고,0,0,1,0,차대사람 - 기타,안전운전불이행,건조,맑음,단일로 - 기타,승용,남,45세,상해없음,보행자,남,9세,경상
2016030800100320,2016년 3월 8일 16시,화요일,대구광역시 달서구 용산동,중상사고,0,1,0,0,차대사람 - 횡단중,안전운전불이행,건조,맑음,교차로 - 교차로부근,승합,남,50세,상해없음,보행자,여,42세,중상
2016030800100321,2016년 3월 8일 16시,화요일,대구광역시 북구 태전동,경상사고,0,0,2,0,차대차 - 추돌,안전운전불이행,건조,맑음,단일로 - 기타,승용,여,48세,상해없음,승용,남,41세,경상
2016030800100355,2016년 3월 8일 17시,화요일,대구광역시 달서구 본동,경상사고,0,0,1,0,차대차 - 측면충돌,안전운전불이행,건조,맑음,단일로 - 기타,화물,남,50세,상해없음,자전거,남,35세,경상
2016030800100356,2016년 3월 8일 17시,화요일,대구광역시 북구 산격동,경상사고,0,0,1,0,차대차 - 측면충돌,안전운전불이행,건조,맑음,교차로 - 교차로안,이륜,남,20세,경상,승용,남,63세,상해없음
2016030800100421,2016년 3월 8일 19시,화요일,대구광역시 동구 백안동,중상사고,0,1,1,0,차대차 - 추돌,안전운전불이행,건조,맑음,단일로 - 기타,화물,남,65세,상해없음,승용,남,32세,경상
2016030800100422,2016년 3월 8일 19시,화요일,대구광역시 달서구 감삼동,경상사고,0,0,1,0,차대차 - 기타,안전운전불이행,건조,맑음,단일로 - 기타,화물,남,63세,상해없음,자전거,남,64세,경상
2016030800100455,2016년 3월 8일 20시,화요일,대구광역시 달서구 상인동,경상사고,0,0,2,0,차대차 - 측면충돌,안전거리미확보,건조,맑음,단일로 - 기타,이륜,남,62세,경상,승용,남,35세,상해없음
2016030800100456,2016년 3월 8일 20시,화요일,대구광역시 서구 비산동,사망사고,1,0,0,0,차대사람 - 횡단중,안전운전불이행,건조,맑음,단일로 - 기타,승용,남,65세,상해없음,보행자,남,67세,사망
2016030800100490,2016년 3월 8일 21시,화요일,대구광역시 달서구 상인동,경상사고,0,0,1,0,차대차 - 측면충돌,교차로운행방법위반,건조,맑음,단일로 - 기타,승용,여,38세,상해없음,이륜,남,16세,경상
2016030800100491,2016년 3월 8일 21시,화요일,대구광역시 서구 평리동,경상사고,0,0,1,0,차대차 - 추돌,안전운전불이행,건조,맑음,단일로 - 기타,승용,남,52세,상해없음,승용,남,52세,경상
2016030800100492,2016년 3월 8일 21시,화요일,대구광역시 달서구 이곡동,부상신고사고,0,0,0,1,차량단독 - 기타,안전운전불이행,건조,맑음,단일로 - 기타,승합,남,59세,상해없음,,,,