사고번호,사고일시,요일,시군구,사고내용,사망자수,중상자수,경상자수,부상신고자수,사고유형,법규위반,노면상태,기상상태,도로형태,가해운전자 차종,가해운전자 성별,가해운전자 연령,가해운전자 상해정도,피해운전자 차종,피해운전자 성별,피해운전자 연령,피해운전자 상해정도
2016031200100184,2016년 3월 12일 10시,토요일,대구광역시 달서구 호산동,경상사고,0,0,1,0,차대차 - 측면충돌,안전운전불이행,건조,맑음,단일로 - 기타,승용,여,52세,기타불명,승용,남,62세,경상
2016031200100229,2016년 3월 12일 12시,토요일,대구광역시 북구 침산동,경상사고,0,0,1,0,차대차 - 기타,안전운전불이행,건조,맑음,단일로 - 기타,이륜,남,21세,경상,화물,남,45세,상해없음
2016031200100253,2016년 3월 12일 13시,토요일,대구광역시 동구 검사동,경상사고,0,0,1,0,차대차 - 추돌,안전운전불이행,건조,맑음,교차로 - 교차로부근,승용,남,65세,상해없음,승용,남,45세,경상
2016031200100254,2016년 3월 12일 13시,토요일,대구광역시 수성구 신매동,경상사고,0,0,1,0,차대차 - 기타,교차로운행방법위반,건조,맑음,교차로 - 교차로안,승용,남,44세,상해없음,승용,여,62세,경상
2016031200100255,2016년 3월 12일 13시,토요일,대구광역시 수성구 범어동,경상사고,0,0,1,0,차대차 - 기타,교차로운행방법위반,건조,맑음,교차로 - 교차로안,승용,남,34세,상해없음,이륜,남,25세,경상
2016031200100315,2016년 3월 12일 15시,토요일,대구광역시 남구 봉덕동,중상사고,0,1,0,0,차대사람 - 횡단중,보행자보호의무위반,건조,맑음,단일로 - 횡단보도상,화물,남,61세,상해없음,보행자,여,77세,중상
2016031200100316,2016년 3월 12일 15시,토요일,대구광역시 수성구 욱수동,경상사고,0,0,1,0,차대차 - 추돌,안전운전불이행,건조,맑음,단일로 - 기타,승합,남,68세,상해없음,승용,남,36세,상해없음
2016031200100317,2016년 3월 12일 15시,토요일,대구광역시 달서구 본리동,경상사고,0,0,3,0,차대차 - 추돌,안전운전불이행,건조,맑음,단일로 - 기타,승용,남,44세,상해없음,승용,여,33세,경상
2016031200100346,2016년 3월 12일 16시,토요일,대구광역시 서구 비산동,경상사고,0,0,1,0,차대차 - 측면충돌,직진우회전진행방해,건조,맑음,교차로 - 교차로안,이륜,남,85세,경상,승용,여,47세,상해없음
2016031200100347,2016년 3월 12일 16시,토요일,대구광역시 중구 남산동,경상사고,0,0,3,0,차대차 - 측면직각충돌,안전운전불이행,건조,맑음,단일로 - 기타,승용,남,53세,상해없음,이륜,남,52세,경상
2016031200100348,2016년 3월 12일 16시,토요일,대구광역시 달서구 이곡동,경상사고,0,0,1,0,차대차 - 추돌,안전거리미확보,건조,맑음,단일로 - 횡단보도부근,승용,남,35세,상해없음,승용,남,21세,상해없음
2016031200100378,2016년 3월 12일 17시,토요일,대구광역시 동구 불로동,경상사고,0,0,1,0,차대차 - 기타,직진우회전진행방해,건조,맑음,교차로 - 교차로안,이륜,남,36세,경상,승용,여,63세,상해없음
2016031200100379,2016년 3월 12일 17시,토요일,대구광역시 중구 공평동,경상사고,0,0,3,0,차대차 - 측면직각충돌,차로위반,건조,맑음,단일로 - 기타,승용,남,23세,상해없음,승용,남,66세,경상
2016031200100412,2016년 3월 12일 18시,토요일,대구광역시 수성구 범어동,경상사고,0,0,1,0,차대사람 - 횡단중,보행자보호의무위반,건조,맑음,단일로 - 횡단보도상,승용,남,33세,상해없음,보행자,남,18세,경상
2016031200100413,2016년 3월 12일 18시,토요일,대구광역시 달서구 진천동,경상사고,0,0,2,0,차대차 - 측면직각충돌,차로위반,건조,맑음,단일로 - 기타,승용,남,36세,상해없음,승용,남,58세,경상
2016031200100454,2016년 3월 12일 19시,토요일,대구광역시 달서구 상인동,경상사고,0,0,2,0,차대차 - 측면충돌,안전거리미확보,건조,맑음,단일로 - 기타,승용,여,30세,상해없음,승용,남,45세,경상
2016031200100455,2016년 3월 12일 19시,토요일,대구광역시 달서구 상인동,경상사고,0,0,1,0,차대사람 - 기타,기타,건조,맑음,단일로 - 기타,기타불명,기타불명,기타불명,기타불명,보행자,남,61세,경상
2016031200100456,2016년 3월 12일 19시,토요일,대구광역시 북구 침산동,중상사고,0,1,0,0,차대차 - 측면직각충돌,신호위반,건조,맑음,교차로 - 교차로안,원동기,남,29세,중상,승용,여,38세,상해없음
2016031200100457,2016년 3월 12일 19시,토요일,대구광역시 서구 평리동,경상사고,0,0,3,0,차대차 - 추돌,안전운전불이행,건조,맑음,교차로 - 교차로부근,승용,여,52세,경상,승용,남,20세,경상
2016031200100485,2016년 3월 12일 20시,토요일,대구광역시 수성구 지산동,부상신고사고,0,0,0,1,차대차 - 측면직각충돌,신호위반,건조,맑음,교차로 - 교차로안,이륜,남,36세,부상신고,승용,남,48세,상해없음
2016031200100486,2016년 3월 12일 20시,토요일,대구광역시 달서구 송현동,경상사고,0,0,1,0,차대차 - 측면충돌,안전운전불이행,건조,맑음,교차로 - 교차로안,이륜,남,46세,상해없음,이륜,남,18세,경상
2016031200100487,2016년 3월 12일 20시,토요일,대구광역시 달성군 다사읍서재출장,중상사고,0,1,1,0,차대차 - 측면직각충돌,신호위반,건조,맑음,교차로 - 교차로안,승용,남,32세,상해없음,승용,남,49세,경상
2016031200100488,2016년 3월 12일 20시,토요일,대구광역시 북구 국우동,경상사고,0,0,1,0,차대사람 - 횡단중,중앙선침범,건조,맑음,단일로 - 기타,이륜,남,19세,상해없음,보행자,여,20세,경상
2016031200100516,2016년 3월 12일 21시,토요일,대구광역시 북구 노원동3가,경상사고,0,0,1,0,차대사람 - 횡단중,안전운전불이행,건조,맑음,교차로 - 교차로부근,승용,남,39세,상해없음,보행자,남,38세,경상
2016031200100542,2016년 3월 12일 22시,토요일,대구광역시 북구 구암동,부상신고사고,0,0,0,1,차대차 - 측면충돌,직진우회전진행방해,건조,맑음,교차로 - 교차로안,이륜,남,39세,부상신고,승용,남,51세,상해없음
2016031200100561,2016년 3월 12일 23시,토요일,대구광역시 동구 신천동,경상사고,0,0,1,0,차대차 - 추돌,안전운전불이행,건조,맑음,단일로 - 기타,기타불명,기타불명,기타불명,기타불명,승용,남,59세,경상
2016031200100562,2016년 3월 12일 23시,토요일,대구광역시 서구 비산동,중상사고,0,1,0,0,차대사람 - 횡단중,보행자보호의무위반,건조,맑음,단일로 - 기타,승용,남,27세,상해없음,보행자,남,26세,중상
2016031300100034,2016년 3월 13일 01시,일요일,대구광역시 동구 방촌동,경상사고,0,0,2,0,차대차 - 추돌,안전운전불이행,건조,맑음,단일로 - 기타,승용,남,30세,상해없음,승용,남,26세,상해없음
2016031300100035,2016년 3월 13일 01시,일요일,대구광역시 달서구 호산동,중상사고,0,1,0,0,차량단독 - 공작물충돌,안전운전불이행,건조,맑음,교차로 - 교차로안,승용,남,32세,상해없음,,,,
2016031300100059,2016년 3월 13일 03시,일요일,대구광역시 중구 삼덕동1가,중상사고,0,1,0,0,차대사람 - 길가장자리구역통행중,안전운전불이행,건조,맑음,단일로 - 기타,승용,남,27세,상해없음,보행자,남,30세,중상
2016031300100076,2016년 3월 13일 05시,일요일,대구광역시 북구 노원동2가,사망사고,1,0,0,0,차대사람 - 횡단중,과속,건조,맑음,교차로 - 교차로부근,승용,남,57세,상해없음,보행자,여,76세,사망
2016031300100092,2016년 3월 13일 06시,일요일,대구광역시 중구 태평로2가,경상사고,0,0,1,0,차대차 - 추돌,안전운전불이행,건조,맑음,단일로 - 기타,승용,남,31세,상해없음,승합,남,49세,경상
2016031300100113,2016년 3월 13일 08시,일요일,대구광역시 수성구 만촌동,경상사고,0,0,1,0,차대차 - 정면충돌,교차로운행방법위반,건조,맑음,교차로 - 교차로안,승용,남,31세,상해없음,승용,여,30세,경상
2016031300100137,2016년 3월 13일 10시,일요일,대구광역시 달성군 구지면,중상사고,0,5,0,0,차대차 - 측면직각충돌,직진우회전진행방해,건조,맑음,교차로 - 교차로안,승용,남,62세,중상,승용,남,52세,중상
2016031300100176,2016년 3월 13일 12시,일요일,대구광역시 서구 내당동,경상사고,0,0,1,0,차대차 - 추돌,안전운전불이행,건조,맑음,교차로 - 교차로안,승용,여,53세,상해없음,승용,남,26세,경상
2016031300100177,2016년 3월 13일 12시,일요일,대구광역시 북구 읍내동,중상사고,0,1,3,0,차대차 - 추돌,안전거리미확보,건조,맑음,단일로 - 기타,승용,남,40세,상해없음,승용,여,47세,중상
2016031300100200,2016년 3월 13일 13시,일요일,대구광역시 중구 북성로2가,경상사고,0,0,1,0,차대차 - 측면직각충돌,교차로운행방법위반,건조,맑음,교차로 - 교차로안,승용,남,44세,상해없음,승합,남,58세,상해없음
2016031300100225,2016년 3월 13일 14시,일요일,대구광역시 서구 비산동,경상사고,0,0,1,0,차대차 - 측면직각충돌,신호위반,건조,맑음,교차로 - 교차로안,승용,남,45세,상해없음,승용,남,64세,경상
2016031300100226,2016년 3월 13일 14시,일요일,대구광역시 달서구 감삼동,경상사고,0,0,1,0,차대차 - 추돌,안전운전불이행,건조,맑음,교차로 - 교차로부근,승용,남,26세,상해없음,승용,남,27세,경상
2016031300100270,2016년 3월 13일 16시,일요일,대구광역시 동구 신천동,중상사고,0,1,0,0,차대사람 - 횡단중,안전운전불이행,건조,맑음,단일로 - 기타,승용,여,60세,상해없음,보행자,남,86세,중상
2016031300100271,2016년 3월 13일 16시,일요일,대구광역시 달서구 송현동,중상사고,0,1,0,1,차대사람 - 횡단중,안전운전불이행,건조,맑음,교차로 - 교차로안,승용,남,65세,상해없음,보행자,여,63세,중상
2016031300100295,2016년 3월 13일 17시,일요일,대구광역시 남구 대명동,경상사고,0,0,1,0,차대사람 - 횡단중,안전운전불이행,건조,맑음,기타 - 기타,승용,남,44세,상해없음,보행자,여,50세,경상
2016031300100362,2016년 3월 13일 20시,일요일,대구광역시 북구 칠성동2가,중상사고,0,1,0,0,차대차 - 추돌,안전운전불이행,건조,맑음,단일로 - 기타,이륜,남,18세,중상,승용,남,48세,상해없음
2016031300100380,2016년 3월 13일 21시,일요일,대구광역시 북구 산격동,경상사고,0,0,1,0,차대사람 - 차도통행중,안전운전불이행,건조,맑음,단일로 - 기타,승용,남,56세,상해없음,보행자,남,35세,경상
2016031300100381,2016년 3월 13일 21시,일요일,대구광역시 서구 중리동,중상사고,0,1,0,0,차대차 - 정면충돌,중앙선침범,건조,맑음,단일로 - 기타,승용,남,52세,상해없음,승용,남,44세,중상
2016031300100399,2016년 3월 13일 22시,일요일,대구광역시 북구 사수동,중상사고,0,1,0,0,차대차 - 기타,안전운전불이행,건조,맑음,교차로 - 교차로부근,승용,남,43세,상해없음,이륜,남,48세,중상
2016031400100009,2016년 3월 14일 00시,월요일,대구광역시 수성구 두산동,경상사고,0,0,1,0,차대차 - 측면충돌,기타,건조,맑음,단일로 - 기타,승용,남,40세,상해없음,이륜,남,33세,경상
2016031400100016,2016년 3월 14일 01시,월요일,대구광역시 달서구 이곡동,경상사고,0,0,2,0,차대차 - 측면충돌,안전거리미확보,건조,맑음,단일로 - 기타,승용,남,56세,상해없음,승용,남,53세,경상
2016031400100038,2016년 3월 14일 05시,월요일,대구광역시 서구 평리동,중상사고,0,1,0,0,차대사람 - 횡단중,안전운전불이행,건조,맑음,단일로 - 기타,승합,남,54세,상해없음,보행자,남,52세,중상
2016031400100082,2016년 3월 14일 07시,월요일,대구광역시 동구 효목동,경상사고,0,0,2,0,차대차 - 추돌,안전거리미확보,건조,맑음,단일로 - 기타,승용,남,44세,상해없음,승용,남,25세,상해없음
2016031400100083,2016년 3월 14일 07시,월요일,대구광역시 달서구 진천동,경상사고,0,0,1,0,차대차 - 기타,직진우회전진행방해,건조,맑음,교차로 - 교차로안,승합,남,54세,상해없음,자전거,남,36세,경상
2016031400100084,2016년 3월 14일 07시,월요일,대구광역시 북구 침산동,경상사고,0,0,1,0,차대차 - 측면충돌,기타,건조,맑음,단일로 - 기타,승용,남,61세,경상,화물,남,59세,상해없음
2016031400100085,2016년 3월 14일 07시,월요일,대구광역시 달서구 감삼동,중상사고,0,1,1,0,차대차 - 측면충돌,안전운전불이행,건조,맑음,단일로 - 기타,승용,여,61세,경상,승용,남,53세,중상
2016031400100086,2016년 3월 14일 07시,월요일,대구광역시 달서구 용산동,경상사고,0,0,2,0,차대차 - 추돌,안전거리미확보,건조,맑음,단일로 - 기타,승합,남,54세,상해없음,승용,남,51세,경상
2016031400100124,2016년 3월 14일 08시,월요일,대구광역시 남구 대명동,경상사고,0,0,2,0,차대차 - 측면충돌,교차로운행방법위반,건조,맑음,교차로 - 교차로안,승용,남,55세,상해없음,승용,여,45세,경상
2016031400100125,2016년 3월 14일 08시,월요일,대구광역시 동구 율하동,경상사고,0,0,1,0,차대사람 - 횡단중,보행자보호의무위반,건조,맑음,교차로 - 교차로안,승용,기타불명,기타불명,기타불명,보행자,여,30세,경상
2016031400100151,2016년 3월 14일 09시,월요일,대구광역시 북구 노원동3가,부상신고사고,0,0,0,1,차대차 - 기타,차로위반,건조,맑음,단일로 - 기타,이륜,여,70세,부상신고,승용,남,63세,상해없음
2016031400100180,2016년 3월 14일 10시,월요일,대구광역시 동구 신천동,중상사고,0,1,0,0,차대사람 - 기타,안전운전불이행,건조,맑음,단일로 - 기타,화물,남,56세,상해없음,보행자,남,64세,중상
2016031400100181,2016년 3월 14일 10시,월요일,대구광역시 북구 침산동,경상사고,0,0,1,0,차대차 - 추돌,안전운전불이행,건조,맑음,단일로 - 기타,승용,남,47세,상해없음,화물,남,34세,경상
2016031400100182,2016년 3월 14일 10시,월요일,대구광역시 서구 내당동,경상사고,0,0,1,0,차대사람 - 횡단중,안전운전불이행,건조,맑음,단일로 - 횡단보도부근,이륜,남,48세,상해없음,보행자,여,76세,경상
2016031400100200,2016년 3월 14일 11시,월요일,대구광역시 달서구 두류동,중상사고,0,1,0,0,차대차 - 측면충돌,안전운전불이행,건조,맑음,단일로 - 기타,화물,남,39세,상해없음,이륜,남,78세,중상
2016031400100201,2016년 3월 14일 11시,월요일,대구광역시 달서구 용산동,중상사고,0,1,0,0,차대차 - 추돌,안전운전불이행,건조,맑음,단일로 - 기타,화물,남,59세,상해없음,승용,여,26세,중상
2016031400100202,2016년 3월 14일 11시,월요일,대구광역시 북구 동천동,경상사고,0,0,1,0,차대차 - 추돌,안전운전불이행,건조,맑음,교차로 - 교차로부근,승용,여,36세,상해없음,승용,여,44세,경상
2016031400100232,2016년 3월 14일 12시,월요일,대구광역시 수성구 만촌동,부상신고사고,0,0,0,2,차대차 - 측면직각충돌,신호위반,건조,맑음,교차로 - 교차로안,승합,남,19세,부상신고,화물,남,68세,상해없음
2016031400100257,2016년 3월 14일 13시,월요일,대구광역시 남구 봉덕동,부상신고사고,0,0,0,1,차대차 - 추돌,안전운전불이행,건조,맑음,교차로 - 교차로부근,승용,여,48세,상해없음,승용,여,47세,부상신고
2016031400100258,2016년 3월 14일 13시,월요일,대구광역시 달서구 감삼동,중상사고,0,1,0,0,차대차 - 측면충돌,교차로운행방법위반,건조,맑음,교차로 - 교차로안,화물,남,49세,상해없음,자전거,남,23세,중상
2016031400100259,2016년 3월 14일 13시,월요일,대구광역시 달서구 호산동,경상사고,0,0,1,0,차대차 - 측면직각충돌,안전운전불이행,건조,맑음,교차로 - 교차로부근,승합,남,52세,상해없음,원동기,남,32세,경상
2016031400100288,2016년 3월 14일 14시,월요일,대구광역시 수성구 범어동,경상사고,0,0,1,0,차대차 - 측면충돌,안전운전불이행,건조,맑음,단일로 - 기타,승용,여,59세,상해없음,이륜,남,49세,경상
2016031400100314,2016년 3월 14일 15시,월요일,대구광역시 수성구 두산동,경상사고,0,0,1,0,차대사람 - 기타,기타,건조,맑음,기타 - 기타,승용,여,45세,상해없음,보행자,여,21세,경상
2016031400100354,2016년 3월 14일 16시,월요일,대구광역시 수성구 신매동,중상사고,0,1,0,0,차대사람 - 횡단중,안전운전불이행,건조,맑음,단일로 - 기타,승용,남,59세,상해없음,보행자,남,62세,중상
2016031400100355,2016년 3월 14일 16시,월요일,대구광역시 북구 침산동,중상사고,0,1,1,0,차대차 - 측면충돌,신호위반,건조,맑음,교차로 - 교차로안,승합,남,42세,상해없음,승용,남,62세,경상
2016031400100397,2016년 3월 14일 17시,월요일,대구광역시 중구 남산동,경상사고,0,0,2,0,차대차 - 기타,안전거리미확보,건조,맑음,단일로 - 기타,승용,남,57세,기타불명,이륜,남,41세,경상
2016031400100436,2016년 3월 14일 18시,월요일,대구광역시 서구 비산동,중상사고,0,2,2,0,차대차 - 측면충돌,직진우회전진행방해,건조,맑음,교차로 - 교차로안,원동기,남,17세,경상,승용,남,66세,중상
2016031400100437,2016년 3월 14일 18시,월요일,대구광역시 서구 비산동,중상사고,0,1,0,0,차대차 - 정면충돌,교차로운행방법위반,건조,맑음,교차로 - 교차로안,이륜,남,45세,중상,승용,남,36세,상해없음
2016031400100477,2016년 3월 14일 19시,월요일,대구광역시 수성구 상동,경상사고,0,0,1,0,차량단독 - 기타,안전운전불이행,건조,맑음,단일로 - 기타,승용,남,63세,상해없음,,,,
2016031400100478,2016년 3월 14일 19시,월요일,대구광역시 서구 평리동,중상사고,0,1,0,0,차대차 - 측면직각충돌,교차로운행방법위반,건조,맑음,교차로 - 교차로안,승용,남,27세,상해없음,이륜,남,41세,중상
2016031400100479,2016년 3월 14일 19시,월요일,대구광역시 달서구 파호동,경상사고,0,0,1,0,차대차 - 정면충돌,안전운전불이행,건조,맑음,교차로 - 교차로안,승용,여,22세,상해없음,승용,남,50세,경상
2016031400100508,2016년 3월 14일 20시,월요일,대구광역시 남구 대명동,경상사고,0,0,1,0,차대차 - 추돌,안전거리미확보,건조,맑음,교차로 - 교차로안,승용,남,20세,상해없음,승용,여,31세,경상
2016031400100509,2016년 3월 14일 20시,월요일,대구광역시 수성구 대흥동,경상사고,0,0,1,0,차대차 - 측면충돌,안전운전불이행,건조,맑음,교차로 - 교차로부근,특수,남,37세,상해없음,승용,여,49세,경상
2016031400100510,2016년 3월 14일 20시,월요일,대구광역시 달서구 송현동,경상사고,0,0,1,0,차대사람 - 횡단중,안전운전불이행,건조,맑음,단일로 - 기타,기타불명,기타불명,기타불명,기타불명,보행자,남,39세,경상
2016031400100511,2016년 3월 14일 20시,월요일,대구광역시 달서구 월성동,경상사고,0,0,1,0,차대차 - 측면충돌,안전운전불이행,건조,맑음,단일로 - 기타,이륜,남,21세,경상,승용,여,31세,상해없음
2016031400100537,2016년 3월 14일 21시,월요일,대구광역시 동구 율하동,경상사고,0,0,2,0,차대차 - 기타,안전운전불이행,건조,맑음,교차로 - 교차로안,특수,남,30세,경상,화물,남,54세,경상
2016031400100538,2016년 3월 14일 21시,월요일,대구광역시 수성구 중동,중상사고,0,1,1,0,차대사람 - 횡단중,보행자보호의무위반,건조,맑음,단일로 - 횡단보도상,이륜,남,43세,상해없음,보행자,여,47세,중상
2016031400100539,2016년 3월 14일 21시,월요일,대구광역시 수성구 신매동,경상사고,0,0,1,0,차대사람 - 길가장자리구역통행중,안전운전불이행,건조,맑음,단일로 - 기타,승용,남,52세,상해없음,보행자,남,32세,경상
2016031400100540,2016년 3월 14일 21시,월요일,대구광역시 달서구 본동,경상사고,0,0,1,0,차대사람 - 기타,안전운전불이행,건조,맑음,단일로 - 기타,화물,남,65세,상해없음,보행자,남,18세,경상
2016031400100563,2016년 3월 14일 22시,월요일,대구광역시 중구 봉산동,중상사고,0,1,0,0,차대차 - 측면직각충돌,신호위반,건조,맑음,교차로 - 교차로안,승용,남,63세,상해없음,승용,여,28세,중상
2016031400100564,2016년 3월 14일 22시,월요일,대구광역시 북구 태전동,경상사고,0,0,1,0,차대차 - 기타,안전운전불이행,건조,맑음,기타 - 기타,승용,남,50세,기타불명,승용,남,37세,경상
2016031400100582,2016년 3월 14일 23시,월요일,대구광역시 수성구 만촌동,경상사고,0,0,1,0,차대차 - 측면충돌,신호위반,건조,맑음,교차로 - 교차로안,승용,남,48세,상해없음,승용,여,48세,경상
2016031400100583,2016년 3월 14일 23시,월요일,대구광역시 중구 대신동,경상사고,0,0,1,0,차대차 - 측면충돌,안전운전불이행,건조,맑음,교차로 - 교차로부근,이륜,남,28세,상해없음,승용,남,55세,경상
2016031400100584,2016년 3월 14일 23시,월요일,대구광역시 서구 비산동,경상사고,0,0,2,0,차대차 - 정면충돌,신호위반,건조,맑음,단일로 - 기타,승용,여,35세,상해없음,승용,남,21세,경상
2016031500100013,2016년 3월 15일 00시,화요일,대구광역시 수성구 중동,부상신고사고,0,0,0,2,차대차 - 측면충돌,교차로운행방법위반,건조,맑음,교차로 - 교차로안,승용,남,63세,상해없음,승용,남,53세,상해없음
2016031500100028,2016년 3월 15일 02시,화요일,대구광역시 북구 칠성동1가,중상사고,0,2,0,0,차대차 - 측면직각충돌,과속,건조,맑음,교차로 - 교차로안,승용,남,44세,중상,승용,남,50세,상해없음
2016031500100029,2016년 3월 15일 02시,화요일,대구광역시 서구 비산동,중상사고,0,1,0,0,차량단독 - 전도전복,안전운전불이행,건조,맑음,교차로 - 교차로안,승용,여,42세,중상,,,,
2016031500100055,2016년 3월 15일 05시,화요일,대구광역시 서구 이현동,중상사고,0,1,0,0,차대차 - 측면직각충돌,신호위반,건조,맑음,교차로 - 교차로안,승용,남,62세,상해없음,화물,남,46세,중상
2016031500100103,2016년 3월 15일 07시,화요일,대구광역시 달성군 화원읍,경상사고,0,0,1,0,차대차 - 추돌,안전거리미확보,건조,맑음,단일로 - 교량,화물,남,49세,상해없음,화물,남,40세,상해없음
2016031500100104,2016년 3월 15일 07시,화요일,대구광역시 달서구 용산동,중상사고,0,1,0,0,차대차 - 기타,안전운전불이행,건조,맑음,단일로 - 기타,이륜,남,75세,중상,승용,여,43세,상해없음
2016031500100183,2016년 3월 15일 09시,화요일,대구광역시 중구 남산동,중상사고,0,1,0,0,차대차 - 측면직각충돌,안전운전불이행,건조,맑음,교차로 - 교차로안,승용,여,29세,상해없음,자전거,여,59세,중상
2016031500100241,2016년 3월 15일 11시,화요일,대구광역시 남구 대명동,중상사고,0,1,0,0,차대사람 - 횡단중,안전운전불이행,건조,맑음,교차로 - 교차로부근,승합,남,40세,상해없음,보행자,여,77세,중상
2016031500100242,2016년 3월 15일 11시,화요일,대구광역시 동구 효목동,경상사고,0,0,1,0,차대차 - 측면충돌,안전운전불이행,건조,맑음,교차로 - 교차로안,승합,남,57세,상해없음,승용,남,33세,경상
2016031500100261,2016년 3월 15일 12시,화요일,대구광역시 동구 신암동,부상신고사고,0,0,0,1,차대차 - 측면충돌,안전운전불이행,건조,맑음,교차로 - 교차로안,이륜,남,16세,부상신고,승용,남,55세,상해없음
2016031500100262,2016년 3월 15일 12시,화요일,대구광역시 수성구 범어동,중상사고,0,1,0,0,차대사람 - 횡단중,안전운전불이행,건조,맑음,단일로 - 횡단보도상,승용,남,39세,상해없음,보행자,여,57세,중상
2016031500100263,2016년 3월 15일 12시,화요일,대구광역시 달서구 장동,경상사고,0,0,2,0,차대차 - 측면직각충돌,안전운전불이행,건조,맑음,교차로 - 교차로안,승용,남,27세,경상,승용,남,59세,경상
2016031500100290,2016년 3월 15일 13시,화요일,대구광역시 북구 관음동,경상사고,0,0,1,0,차대차 - 측면충돌,안전운전불이행,건조,맑음,교차로 - 교차로안,승용,남,63세,상해없음,이륜,남,70세,경상
2016031500100333,2016년 3월 15일 15시,화요일,대구광역시 달서구 상인동,중상사고,0,1,0,0,차대사람 - 기타,안전운전불이행,건조,맑음,단일로 - 기타,화물,남,54세,상해없음,보행자,여,79세,중상
2016031500100334,2016년 3월 15일 15시,화요일,대구광역시 달서구 도원동,부상신고사고,0,0,0,1,차대차 - 측면충돌,안전운전불이행,건조,맑음,단일로 - 횡단보도부근,승용,여,45세,상해없음,자전거,남,74세,부상신고
2016031500100335,2016년 3월 15일 15시,화요일,대구광역시 서구 내당동,경상사고,0,0,2,0,차대차 - 측면충돌,차로위반,건조,맑음,단일로 - 기타,화물,남,52세,경상,승용,여,58세,경상
2016031500100336,2016년 3월 15일 15시,화요일,대구광역시 달서구 두류동,부상신고사고,0,0,0,1,차대차 - 기타,안전운전불이행,건조,맑음,단일로 - 기타,승용,여,39세,상해없음,이륜,남,49세,부상신고
2016031500100370,2016년 3월 15일 16시,화요일,대구광역시 달서구 상인동,중상사고,0,1,1,0,차대차 - 측면충돌,교차로운행방법위반,건조,맑음,교차로 - 교차로안,이륜,남,23세,중상,승용,여,73세,경상
2016031500100371,2016년 3월 15일 16시,화요일,대구광역시 북구 서변동,중상사고,0,1,0,0,차대차 - 추돌,안전거리미확보,건조,맑음,단일로 - 기타,화물,남,39세,상해없음,이륜,남,31세,중상
2016031500100398,2016년 3월 15일 17시,화요일,대구광역시 동구 효목동,경상사고,0,0,1,0,차대차 - 추돌,안전운전불이행,건조,맑음,단일로 - 기타,승용,남,42세,상해없음,화물,남,49세,상해없음
2016031500100399,2016년 3월 15일 17시,화요일,대구광역시 수성구 범어동,중상사고,0,1,0,0,차대차 - 추돌,교차로운행방법위반,건조,맑음,교차로 - 교차로부근,승용,남,59세,상해없음,이륜,남,21세,중상
2016031500100400,2016년 3월 15일 17시,화요일,대구광역시 수성구 만촌동,중상사고,0,1,0,0,차대차 - 측면직각충돌,교차로운행방법위반,건조,맑음,교차로 - 교차로안,승용,남,42세,상해없음,승용,남,39세,중상
2016031500100401,2016년 3월 15일 17시,화요일,대구광역시 달서구 월성동,중상사고,0,1,0,0,차대사람 - 기타,안전운전불이행,건조,맑음,단일로 - 기타,승용,남,42세,상해없음,보행자,여,61세,중상
2016031500100402,2016년 3월 15일 17시,화요일,대구광역시 달성군 옥포면,경상사고,0,0,1,0,차대차 - 추돌,안전운전불이행,건조,맑음,교차로 - 교차로부근,화물,남,51세,상해없음,승용,남,57세,경상
2016031500100430,2016년 3월 15일 18시,화요일,대구광역시 서구 상리동,경상사고,0,0,1,0,차대차 - 추돌,안전운전불이행,건조,맑음,단일로 - 기타,승합,남,65세,상해없음,승용,여,47세,경상
2016031500100433,2016년 3월 15일 18시,화요일,대구광역시 달서구 감삼동,중상사고,0,1,0,0,차대사람 - 횡단중,안전운전불이행,건조,맑음,단일로 - 횡단보도부근,승용,여,46세,상해없음,보행자,여,56세,중상
2016031500100434,2016년 3월 15일 18시,화요일,대구광역시 달서구 두류동,경상사고,0,0,1,0,차대차 - 측면직각충돌,안전운전불이행,건조,맑음,교차로 - 교차로안,승용,남,64세,상해없음,승용,남,51세,경상
2016031500100481,2016년 3월 15일 19시,화요일,대구광역시 서구 평리동,경상사고,0,0,2,0,차대차 - 추돌,안전운전불이행,건조,맑음,단일로 - 기타,승용,남,52세,상해없음,승용,남,25세,경상
2016031500100482,2016년 3월 15일 19시,화요일,대구광역시 북구 구암동,경상사고,0,0,1,0,차대사람 - 횡단중,안전운전불이행,건조,맑음,단일로 - 기타,자전거,남,11세,상해없음,보행자,여,27세,경상
2016031500100511,2016년 3월 15일 20시,화요일,대구광역시 수성구 범물동,경상사고,0,0,3,0,차대차 - 추돌,안전운전불이행,건조,맑음,단일로 - 기타,승용,남,57세,상해없음,승용,여,46세,경상
2016031500100563,2016년 3월 15일 22시,화요일,대구광역시 달서구 진천동,중상사고,0,1,0,0,차대차 - 측면충돌,신호위반,건조,맑음,교차로 - 교차로안,승용,남,31세,상해없음,이륜,남,54세,중상
2016031600100011,2016년 3월 16일 00시,수요일,대구광역시 달성군 옥포면,사망사고,1,0,0,0,차량단독 - 전도전복,안전운전불이행,건조,맑음,단일로 - 기타,승용,남,44세,사망,,,,
2016031600100041,2016년 3월 16일 02시,수요일,대구광역시 동구 율하동,중상사고,0,3,1,0,차대차 - 측면충돌,안전운전불이행,건조,맑음,교차로 - 교차로안,특수,남,65세,경상,승용,남,43세,중상