사고번호,사고일시,요일,시군구,사고내용,사망자수,중상자수,경상자수,부상신고자수,사고유형,법규위반,노면상태,기상상태,도로형태,가해운전자 차종,가해운전자 성별,가해운전자 연령,가해운전자 상해정도,피해운전자 차종,피해운전자 성별,피해운전자 연령,피해운전자 상해정도
2016031900100257,2016년 3월 19일 12시,토요일,대구광역시 달성군 옥포면,중상사고,0,1,2,0,차대차 - 측면직각충돌,안전운전불이행,건조,맑음,단일로 - 기타,승용,여,54세,상해없음,이륜,남,45세,중상
2016031900100258,2016년 3월 19일 12시,토요일,대구광역시 달서구 두류동,중상사고,0,1,0,0,차대사람 - 횡단중,보행자보호의무위반,건조,맑음,교차로 - 교차로부근,승용,여,31세,상해없음,보행자,여,57세,중상
2016031900100294,2016년 3월 19일 13시,토요일,대구광역시 수성구 황금동,중상사고,0,1,0,0,차대사람 - 기타,안전운전불이행,건조,맑음,교차로 - 교차로부근,승용,남,72세,상해없음,보행자,여,57세,중상
2016031900100295,2016년 3월 19일 13시,토요일,대구광역시 수성구 만촌동,경상사고,0,0,1,1,차대차 - 측면충돌,안전운전불이행,건조,맑음,교차로 - 교차로안,승용,남,25세,부상신고,승용,여,62세,경상
2016031900100296,2016년 3월 19일 13시,토요일,대구광역시 달성군 화원읍,중상사고,0,1,0,0,차대사람 - 횡단중,안전운전불이행,건조,맑음,교차로 - 교차로안,승용,여,50세,상해없음,보행자,남,59세,중상
2016031900100336,2016년 3월 19일 14시,토요일,대구광역시 수성구 수성동1가,경상사고,0,0,1,1,차대차 - 측면직각충돌,신호위반,건조,맑음,교차로 - 교차로안,승용,남,69세,상해없음,승용,여,52세,부상신고
2016031900100337,2016년 3월 19일 14시,토요일,대구광역시 달서구 송현동,경상사고,0,0,2,0,차대차 - 측면직각충돌,안전거리미확보,건조,맑음,단일로 - 기타,승용,남,56세,상해없음,승용,여,28세,경상
2016031900100338,2016년 3월 19일 14시,토요일,대구광역시 중구 남산동,경상사고,0,0,1,0,차대차 - 정면충돌,안전운전불이행,건조,맑음,단일로 - 기타,승합,남,50세,상해없음,이륜,남,76세,경상
2016031900100374,2016년 3월 19일 15시,토요일,대구광역시 남구 봉덕동,중상사고,0,1,0,0,차대차 - 측면직각충돌,안전거리미확보,건조,맑음,단일로 - 기타,승합,남,58세,상해없음,승용,남,34세,중상
2016031900100375,2016년 3월 19일 15시,토요일,대구광역시 수성구 대흥동,경상사고,0,0,1,0,차대사람 - 기타,안전운전불이행,건조,맑음,단일로 - 기타,승용,여,33세,상해없음,보행자,남,9세,경상
2016031900100376,2016년 3월 19일 15시,토요일,대구광역시 중구 삼덕동1가,경상사고,0,0,1,0,차대사람 - 기타,안전운전불이행,건조,맑음,단일로 - 기타,승용,남,34세,상해없음,보행자,남,23세,경상
2016031900100377,2016년 3월 19일 15시,토요일,대구광역시 달서구 성당동,중상사고,0,1,0,0,차대차 - 기타,안전운전불이행,건조,맑음,기타 - 기타,자전거,남,9세,중상,승용,남,37세,상해없음
2016031900100378,2016년 3월 19일 15시,토요일,대구광역시 달서구 성당동,경상사고,0,0,2,0,차대차 - 추돌,안전운전불이행,건조,맑음,기타 - 기타,승용,남,48세,상해없음,승용,남,28세,경상
2016031900100424,2016년 3월 19일 16시,토요일,대구광역시 동구 효목동,경상사고,0,0,1,0,차대차 - 기타,안전운전불이행,건조,맑음,단일로 - 기타,승용,남,54세,상해없음,승용,남,52세,경상
2016031900100425,2016년 3월 19일 16시,토요일,대구광역시 동구 신천동,중상사고,0,1,1,0,차대차 - 측면충돌,안전운전불이행,건조,맑음,교차로 - 교차로부근,승용,여,60세,상해없음,승용,남,68세,경상
2016031900100426,2016년 3월 19일 16시,토요일,대구광역시 동구 신암동,경상사고,0,0,2,0,차대차 - 추돌,안전거리미확보,건조,맑음,단일로 - 기타,승용,남,32세,상해없음,승용,남,34세,경상
2016031900100427,2016년 3월 19일 16시,토요일,대구광역시 달성군 현풍면,경상사고,0,0,2,0,차대차 - 측면직각충돌,안전운전불이행,건조,맑음,교차로 - 교차로안,이륜,남,22세,경상,승용,여,40세,경상
2016031900100428,2016년 3월 19일 16시,토요일,대구광역시 중구 동성로2가,중상사고,0,1,0,0,차대차 - 측면충돌,안전거리미확보,건조,맑음,단일로 - 기타,승용,여,46세,상해없음,승용,남,64세,중상
2016031900100497,2016년 3월 19일 18시,토요일,대구광역시 수성구 지산동,중상사고,0,1,0,0,차대차 - 측면충돌,신호위반,건조,맑음,교차로 - 교차로안,승합,남,55세,상해없음,승용,남,41세,중상
2016031900100498,2016년 3월 19일 18시,토요일,대구광역시 달서구 상인동,경상사고,0,0,1,0,차대사람 - 횡단중,안전운전불이행,건조,맑음,단일로 - 기타,승용,남,48세,상해없음,보행자,남,56세,경상
2016031900100551,2016년 3월 19일 19시,토요일,대구광역시 수성구 신매동,경상사고,0,0,1,0,차대차 - 측면충돌,교차로운행방법위반,건조,맑음,교차로 - 교차로부근,승용,남,44세,경상,승용,남,50세,상해없음
2016031900100552,2016년 3월 19일 19시,토요일,대구광역시 북구 태전동,경상사고,0,0,1,0,차대사람 - 횡단중,안전운전불이행,건조,맑음,단일로 - 기타,승용,남,56세,상해없음,보행자,남,22세,경상
2016031900100580,2016년 3월 19일 20시,토요일,대구광역시 북구 산격동,경상사고,0,0,1,0,차대차 - 측면충돌,안전거리미확보,건조,맑음,단일로 - 기타,승용,남,52세,상해없음,원동기,남,24세,경상
2016031900100602,2016년 3월 19일 21시,토요일,대구광역시 달서구 송현동,경상사고,0,0,1,0,차대차 - 측면충돌,안전운전불이행,건조,맑음,교차로 - 교차로부근,승용,남,22세,상해없음,이륜,남,17세,경상
2016031900100603,2016년 3월 19일 21시,토요일,대구광역시 달서구 두류동,경상사고,0,0,1,0,차대차 - 측면충돌,안전운전불이행,건조,맑음,단일로 - 기타,승합,남,50세,상해없음,자전거,남,65세,경상
2016031900100604,2016년 3월 19일 21시,토요일,대구광역시 중구 대봉동,경상사고,0,0,1,0,차대차 - 측면직각충돌,신호위반,건조,맑음,단일로 - 기타,승용,여,32세,상해없음,이륜,남,47세,경상
2016031900100632,2016년 3월 19일 22시,토요일,대구광역시 북구 복현동,중상사고,0,1,1,0,차대사람 - 횡단중,안전운전불이행,건조,맑음,단일로 - 기타,원동기,남,17세,경상,보행자,남,30세,중상
2016031900100633,2016년 3월 19일 22시,토요일,대구광역시 서구 비산동,중상사고,0,1,0,0,차대사람 - 기타,안전운전불이행,건조,맑음,단일로 - 기타,승합,남,53세,상해없음,보행자,남,21세,중상
2016031900100649,2016년 3월 19일 23시,토요일,대구광역시 달서구 송현동,경상사고,0,0,1,0,차대사람 - 횡단중,안전운전불이행,건조,맑음,교차로 - 교차로부근,승용,남,57세,기타불명,보행자,남,54세,경상
2016031900100650,2016년 3월 19일 23시,토요일,대구광역시 중구 삼덕동2가,경상사고,0,0,1,0,차대사람 - 횡단중,보행자보호의무위반,건조,흐림,교차로 - 교차로안,승용,남,41세,상해없음,보행자,남,65세,경상
2016032000100018,2016년 3월 20일 00시,일요일,대구광역시 동구 효목동,중상사고,0,1,0,0,차량단독 - 공작물충돌,안전운전불이행,건조,맑음,단일로 - 기타,화물,남,57세,상해없음,,,,
2016032000100034,2016년 3월 20일 01시,일요일,대구광역시 남구 대명동,중상사고,0,2,0,0,차대차 - 측면충돌,안전운전불이행,건조,맑음,단일로 - 기타,승용,남,54세,중상,승용,남,28세,중상
2016032000100035,2016년 3월 20일 01시,일요일,대구광역시 중구 덕산동,중상사고,0,1,1,0,차대차 - 정면충돌,신호위반,건조,맑음,교차로 - 교차로안,이륜,남,18세,상해없음,승용,남,42세,상해없음
2016032000100060,2016년 3월 20일 03시,일요일,대구광역시 중구 삼덕동1가,부상신고사고,0,0,0,1,차대사람 - 횡단중,안전운전불이행,건조,맑음,단일로 - 기타,기타불명,기타불명,기타불명,기타불명,보행자,남,32세,부상신고
2016032000100073,2016년 3월 20일 04시,일요일,대구광역시 북구 침산동,경상사고,0,0,1,0,차대차 - 측면충돌,신호위반,건조,맑음,교차로 - 교차로안,승용,남,63세,상해없음,승용,여,59세,경상
2016032000100074,2016년 3월 20일 04시,일요일,대구광역시 중구 봉산동,경상사고,0,0,1,0,차대사람 - 기타,안전운전불이행,건조,맑음,단일로 - 기타,승용,남,25세,상해없음,보행자,남,19세,경상
2016032000100081,2016년 3월 20일 05시,일요일,대구광역시 서구 원대동3가,경상사고,0,0,1,0,차대차 - 측면충돌,안전운전불이행,건조,맑음,단일로 - 기타,화물,남,60세,상해없음,승용,남,43세,경상
2016032000100082,2016년 3월 20일 05시,일요일,대구광역시 중구 봉산동,중상사고,0,2,0,0,차대차 - 측면충돌,안전거리미확보,건조,맑음,단일로 - 기타,승용,남,26세,상해없음,승용,남,56세,중상
2016032000100154,2016년 3월 20일 10시,일요일,대구광역시 남구 이천동,중상사고,0,1,0,0,차대차 - 기타,안전운전불이행,건조,맑음,교차로 - 교차로안,승용,남,65세,상해없음,승합,남,46세,상해없음
2016032000100155,2016년 3월 20일 10시,일요일,대구광역시 북구 칠성동2가,부상신고사고,0,0,0,1,차대차 - 측면충돌,안전운전불이행,건조,맑음,교차로 - 교차로안,자전거,남,57세,부상신고,승용,여,46세,상해없음
2016032000100156,2016년 3월 20일 10시,일요일,대구광역시 달서구 장기동,경상사고,0,0,1,0,차대사람 - 횡단중,안전운전불이행,건조,맑음,단일로 - 기타,승용,남,44세,상해없음,보행자,남,74세,경상
2016032000100170,2016년 3월 20일 11시,일요일,대구광역시 중구 교동,경상사고,0,0,2,0,차대차 - 추돌,안전운전불이행,건조,맑음,교차로 - 교차로부근,승용,남,50세,상해없음,승용,남,36세,경상
2016032000100226,2016년 3월 20일 13시,일요일,대구광역시 동구 신암동,부상신고사고,0,0,0,1,차대사람 - 횡단중,교차로운행방법위반,건조,맑음,교차로 - 교차로부근,승용,남,46세,상해없음,보행자,여,3세,부상신고
2016032000100227,2016년 3월 20일 13시,일요일,대구광역시 중구 덕산동,경상사고,0,0,2,0,차대사람 - 보도통행중,중앙선침범,건조,맑음,기타 - 기타,승용,남,42세,상해없음,보행자,여,3세,경상
2016032000100228,2016년 3월 20일 13시,일요일,대구광역시 북구 태전동,중상사고,0,1,0,0,차대사람 - 횡단중,안전운전불이행,건조,맑음,교차로 - 교차로안,승합,남,44세,상해없음,보행자,여,82세,중상
2016032000100252,2016년 3월 20일 14시,일요일,대구광역시 수성구 매호동,경상사고,0,0,2,0,차대차 - 추돌,안전거리미확보,건조,맑음,단일로 - 기타,승용,남,49세,상해없음,승용,여,56세,경상
2016032000100253,2016년 3월 20일 14시,일요일,대구광역시 북구 검단동,경상사고,0,0,1,0,차대사람 - 기타,안전운전불이행,건조,맑음,단일로 - 기타,승용,남,76세,상해없음,보행자,남,62세,경상
2016032000100254,2016년 3월 20일 14시,일요일,대구광역시 서구 비산동,중상사고,0,1,1,0,차대차 - 측면충돌,안전거리미확보,건조,맑음,단일로 - 기타,승합,남,61세,상해없음,승용,남,30세,경상
2016032000100255,2016년 3월 20일 14시,일요일,대구광역시 중구 달성동,중상사고,0,1,5,1,차대차 - 정면충돌,안전운전불이행,건조,맑음,단일로 - 기타,승용,남,81세,부상신고,승용,남,75세,상해없음
2016032000100280,2016년 3월 20일 15시,일요일,대구광역시 서구 비산동,중상사고,0,1,0,1,차대차 - 측면충돌,교차로운행방법위반,건조,맑음,교차로 - 교차로안,승용,남,29세,부상신고,이륜,남,45세,중상
2016032000100302,2016년 3월 20일 16시,일요일,대구광역시 북구 태전동,중상사고,0,1,0,0,차대차 - 측면충돌,안전운전불이행,건조,맑음,교차로 - 교차로안,승용,남,28세,상해없음,이륜,남,51세,중상
2016032000100333,2016년 3월 20일 17시,일요일,대구광역시 수성구 황금동,경상사고,0,0,2,0,차대차 - 측면직각충돌,안전운전불이행,건조,맑음,단일로 - 기타,승용,여,60세,기타불명,승용,남,38세,경상
2016032000100355,2016년 3월 20일 18시,일요일,대구광역시 북구 산격동,경상사고,0,0,1,0,차대차 - 측면충돌,안전운전불이행,건조,맑음,교차로 - 교차로안,승용,여,50세,상해없음,승용,남,60세,경상
2016032000100356,2016년 3월 20일 18시,일요일,대구광역시 서구 평리동,경상사고,0,0,2,0,차대차 - 추돌,안전운전불이행,건조,맑음,교차로 - 교차로부근,승용,남,18세,상해없음,승용,남,58세,경상
2016032000100357,2016년 3월 20일 18시,일요일,대구광역시 달서구 감삼동,경상사고,0,0,1,0,차대차 - 기타,안전운전불이행,건조,맑음,단일로 - 기타,이륜,남,23세,경상,승용,여,46세,상해없음
2016032000100384,2016년 3월 20일 19시,일요일,대구광역시 남구 대명동,경상사고,0,0,1,0,차대차 - 정면충돌,안전거리미확보,건조,맑음,단일로 - 기타,승용,남,23세,상해없음,이륜,남,23세,경상
2016032000100385,2016년 3월 20일 19시,일요일,대구광역시 수성구 황금동,경상사고,0,0,4,0,차대차 - 정면충돌,중앙선침범,건조,맑음,교차로 - 교차로부근,승용,남,59세,상해없음,승용,여,33세,경상
2016032000100432,2016년 3월 20일 21시,일요일,대구광역시 동구 검사동,경상사고,0,0,1,0,차대사람 - 횡단중,신호위반,건조,맑음,단일로 - 횡단보도상,승용,남,23세,상해없음,보행자,남,54세,경상
2016032000100433,2016년 3월 20일 21시,일요일,대구광역시 동구 신천동,경상사고,0,0,4,0,차대차 - 추돌,안전운전불이행,건조,맑음,단일로 - 기타,승용,남,56세,상해없음,승용,여,41세,경상
2016032000100434,2016년 3월 20일 21시,일요일,대구광역시 중구 공평동,경상사고,0,0,1,0,차대사람 - 기타,안전운전불이행,건조,맑음,단일로 - 기타,승합,남,56세,상해없음,보행자,여,62세,경상
2016032000100488,2016년 3월 20일 23시,일요일,대구광역시 남구 대명동,부상신고사고,0,0,0,2,차대차 - 정면충돌,안전운전불이행,건조,맑음,단일로 - 기타,승용,남,36세,부상신고,승용,여,37세,기타불명
2016032100100014,2016년 3월 21일 00시,월요일,대구광역시 수성구 신매동,경상사고,0,0,2,0,차대차 - 측면직각충돌,차로위반,건조,맑음,단일로 - 기타,승용,남,59세,상해없음,승용,남,51세,경상
2016032100100030,2016년 3월 21일 02시,월요일,대구광역시 달서구 두류동,중상사고,0,1,0,0,차대차 - 추돌,안전거리미확보,건조,맑음,단일로 - 기타,승용,남,27세,상해없음,승용,남,31세,중상
2016032100100044,2016년 3월 21일 04시,월요일,대구광역시 달서구 대천동,경상사고,0,0,1,0,차량단독 - 전도전복,안전운전불이행,건조,맑음,단일로 - 기타,승용,남,27세,경상,,,,
2016032100100065,2016년 3월 21일 06시,월요일,대구광역시 동구 효목동,경상사고,0,0,1,1,차대차 - 측면직각충돌,안전운전불이행,건조,맑음,교차로 - 교차로안,승용,남,59세,부상신고,승용,남,53세,경상
2016032100100066,2016년 3월 21일 06시,월요일,대구광역시 서구 내당동,중상사고,0,1,0,0,차대사람 - 횡단중,보행자보호의무위반,건조,맑음,단일로 - 횡단보도상,승용,남,56세,상해없음,보행자,남,73세,중상
2016032100100127,2016년 3월 21일 08시,월요일,대구광역시 동구 효목동,경상사고,0,0,2,0,차대차 - 추돌,안전운전불이행,건조,맑음,단일로 - 기타,승용,남,58세,상해없음,승용,여,43세,경상
2016032100100128,2016년 3월 21일 08시,월요일,대구광역시 달서구 상인동,경상사고,0,0,1,1,차대차 - 측면충돌,교차로운행방법위반,건조,맑음,교차로 - 교차로안,원동기,남,33세,부상신고,승용,여,34세,경상
2016032100100129,2016년 3월 21일 08시,월요일,대구광역시 달성군 하빈면,경상사고,0,0,1,0,차대차 - 정면충돌,안전운전불이행,건조,맑음,교차로 - 교차로부근,화물,남,61세,상해없음,승용,여,38세,경상
2016032100100170,2016년 3월 21일 09시,월요일,대구광역시 서구 내당동,경상사고,0,0,1,0,차대사람 - 횡단중,보행자보호의무위반,건조,맑음,단일로 - 횡단보도상,이륜,남,22세,상해없음,보행자,남,24세,경상
2016032100100171,2016년 3월 21일 09시,월요일,대구광역시 달서구 감삼동,경상사고,0,0,1,0,차대차 - 추돌,안전운전불이행,건조,맑음,교차로 - 교차로안,승용,여,55세,상해없음,승용,남,34세,경상
2016032100100199,2016년 3월 21일 10시,월요일,대구광역시 동구 봉무동,경상사고,0,0,2,0,차대차 - 정면충돌,안전운전불이행,건조,맑음,교차로 - 교차로안,승용,여,53세,상해없음,승용,남,67세,경상
2016032100100200,2016년 3월 21일 10시,월요일,대구광역시 중구 동인동4가,부상신고사고,0,0,0,1,차대차 - 측면충돌,안전운전불이행,건조,맑음,단일로 - 기타,자전거,여,54세,상해없음,자전거,여,71세,부상신고
2016032100100223,2016년 3월 21일 11시,월요일,대구광역시 중구 삼덕동2가,경상사고,0,0,1,0,차대사람 - 보도통행중,기타,건조,맑음,기타 - 기타,승합,남,59세,상해없음,보행자,여,59세,경상
2016032100100292,2016년 3월 21일 13시,월요일,대구광역시 달서구 진천동,경상사고,0,0,1,0,차대차 - 추돌,안전운전불이행,건조,맑음,교차로 - 교차로부근,이륜,남,17세,경상,승용,남,49세,상해없음
2016032100100321,2016년 3월 21일 14시,월요일,대구광역시 서구 비산동,중상사고,0,1,0,0,차대사람 - 길가장자리구역통행중,안전운전불이행,건조,맑음,단일로 - 기타,이륜,남,67세,상해없음,보행자,여,86세,중상
2016032100100360,2016년 3월 21일 15시,월요일,대구광역시 동구 괴전동,중상사고,0,1,0,0,차대차 - 측면충돌,안전거리미확보,건조,맑음,단일로 - 기타,화물,남,62세,상해없음,승용,남,25세,중상
2016032100100361,2016년 3월 21일 15시,월요일,대구광역시 달서구 송현동,경상사고,0,0,1,0,차대차 - 기타,안전거리미확보,건조,맑음,단일로 - 기타,승용,남,73세,상해없음,승합,남,54세,상해없음
2016032100100362,2016년 3월 21일 15시,월요일,대구광역시 서구 비산동,중상사고,0,1,0,0,차대차 - 측면충돌,안전운전불이행,건조,맑음,단일로 - 횡단보도부근,승용,여,49세,상해없음,자전거,남,76세,중상
2016032100100363,2016년 3월 21일 15시,월요일,대구광역시 북구 관음동,경상사고,0,0,2,0,차대차 - 측면충돌,차로위반,건조,맑음,단일로 - 기타,화물,남,74세,상해없음,승용,남,23세,경상
2016032100100364,2016년 3월 21일 15시,월요일,대구광역시 북구 태전동,중상사고,0,1,0,0,차대사람 - 횡단중,안전운전불이행,건조,맑음,단일로 - 기타,승용,남,49세,상해없음,보행자,남,53세,중상
2016032100100404,2016년 3월 21일 16시,월요일,대구광역시 달서구 상인동,중상사고,0,1,0,0,차량단독 - 전도전복,안전운전불이행,건조,맑음,단일로 - 기타,이륜,남,29세,중상,,,,
2016032100100405,2016년 3월 21일 16시,월요일,대구광역시 남구 대명동,중상사고,0,1,0,0,차대차 - 기타,기타,건조,맑음,단일로 - 기타,승합,남,48세,상해없음,화물,남,27세,기타불명
2016032100100440,2016년 3월 21일 17시,월요일,대구광역시 북구 동변동,경상사고,0,0,1,0,차대사람 - 횡단중,안전운전불이행,건조,맑음,단일로 - 기타,승용,여,47세,기타불명,보행자,남,12세,경상
2016032100100480,2016년 3월 21일 18시,월요일,대구광역시 수성구 만촌동,경상사고,0,0,1,0,차대차 - 정면충돌,안전거리미확보,건조,맑음,단일로 - 기타,승용,남,30세,기타불명,승용,여,27세,경상
2016032100100553,2016년 3월 21일 20시,월요일,대구광역시 달서구 상인동,경상사고,0,0,1,0,차대차 - 측면충돌,신호위반,건조,맑음,단일로 - 횡단보도상,승용,여,52세,상해없음,자전거,남,17세,경상
2016032100100554,2016년 3월 21일 20시,월요일,대구광역시 달서구 대곡동,경상사고,0,0,2,0,차대차 - 측면충돌,안전거리미확보,건조,맑음,단일로 - 기타,승용,남,31세,상해없음,이륜,남,17세,경상
2016032100100555,2016년 3월 21일 20시,월요일,대구광역시 달서구 성당동,경상사고,0,0,2,0,차대차 - 측면충돌,신호위반,건조,맑음,교차로 - 교차로안,승용,남,28세,경상,자전거,남,16세,경상
2016032100100556,2016년 3월 21일 20시,월요일,대구광역시 달서구 신당동,경상사고,0,0,1,0,차대차 - 기타,안전운전불이행,건조,맑음,단일로 - 기타,이륜,남,28세,경상,승용,남,50세,상해없음
2016032100100584,2016년 3월 21일 21시,월요일,대구광역시 북구 노원동3가,중상사고,0,1,0,0,차대사람 - 기타,보행자보호의무위반,건조,맑음,단일로 - 횡단보도상,화물,남,50세,상해없음,보행자,남,16세,중상
2016032100100585,2016년 3월 21일 21시,월요일,대구광역시 중구 삼덕동1가,경상사고,0,0,1,0,차대차 - 측면직각충돌,안전거리미확보,건조,맑음,단일로 - 기타,승용,남,75세,상해없음,승용,남,41세,경상
2016032100100605,2016년 3월 21일 22시,월요일,대구광역시 수성구 만촌동,경상사고,0,0,1,0,차대차 - 측면충돌,안전운전불이행,건조,맑음,교차로 - 교차로부근,승용,남,54세,상해없음,이륜,남,25세,경상
2016032100100606,2016년 3월 21일 22시,월요일,대구광역시 중구 동인동1가,중상사고,0,1,0,0,차대차 - 측면충돌,안전운전불이행,건조,맑음,단일로 - 기타,화물,남,48세,상해없음,이륜,남,45세,중상
2016032100100607,2016년 3월 21일 22시,월요일,대구광역시 달서구 신당동,경상사고,0,0,1,0,차대차 - 측면충돌,안전거리미확보,건조,맑음,교차로 - 교차로부근,이륜,남,19세,경상,이륜,남,17세,상해없음
2016032100100608,2016년 3월 21일 22시,월요일,대구광역시 달서구 죽전동,경상사고,0,0,1,0,차대사람 - 횡단중,안전운전불이행,건조,맑음,단일로 - 기타,승용,여,42세,상해없음,보행자,남,48세,경상
2016032100100623,2016년 3월 21일 23시,월요일,대구광역시 동구 신암동,경상사고,0,0,4,0,차대차 - 기타,안전운전불이행,건조,맑음,교차로 - 교차로부근,승용,남,50세,상해없음,승용,남,30세,경상
2016032200100035,2016년 3월 22일 03시,화요일,대구광역시 북구 복현동,경상사고,0,0,2,0,차대차 - 측면직각충돌,신호위반,건조,맑음,교차로 - 교차로안,화물,남,36세,상해없음,승용,남,57세,경상
2016032200100076,2016년 3월 22일 06시,화요일,대구광역시 남구 대명동,중상사고,0,1,0,0,차대차 - 측면직각충돌,안전운전불이행,건조,맑음,단일로 - 기타,화물,남,42세,상해없음,자전거,남,63세,중상
2016032200100077,2016년 3월 22일 06시,화요일,대구광역시 수성구 두산동,경상사고,0,0,1,1,차대차 - 추돌,안전운전불이행,건조,맑음,단일로 - 기타,승용,여,40세,상해없음,승용,여,55세,경상
2016032200100101,2016년 3월 22일 07시,화요일,대구광역시 동구 방촌동,경상사고,0,0,1,0,차대차 - 기타,안전거리미확보,건조,맑음,단일로 - 기타,승용,남,70세,상해없음,승합,남,55세,상해없음
2016032200100102,2016년 3월 22일 07시,화요일,대구광역시 달서구 송현동,경상사고,0,0,2,0,차대차 - 측면충돌,교차로운행방법위반,건조,맑음,교차로 - 교차로안,승용,남,59세,상해없음,승용,여,27세,경상
2016032200100152,2016년 3월 22일 08시,화요일,대구광역시 남구 대명동,경상사고,0,0,1,0,차대차 - 기타,안전운전불이행,건조,맑음,단일로 - 기타,자전거,여,32세,경상,승용,남,36세,상해없음
2016032200100153,2016년 3월 22일 08시,화요일,대구광역시 달서구 이곡동,중상사고,0,1,0,0,차대차 - 기타,안전운전불이행,건조,맑음,단일로 - 기타,이륜,남,44세,상해없음,자전거,남,18세,중상
2016032200100190,2016년 3월 22일 09시,화요일,대구광역시 남구 이천동,경상사고,0,0,1,0,차대차 - 정면충돌,안전운전불이행,건조,맑음,교차로 - 교차로부근,승용,남,78세,기타불명,승용,여,56세,경상
2016032200100191,2016년 3월 22일 09시,화요일,대구광역시 동구 신천동,경상사고,0,0,1,0,차대차 - 측면충돌,안전운전불이행,건조,맑음,단일로 - 기타,승용,남,61세,상해없음,자전거,남,69세,경상
2016032200100192,2016년 3월 22일 09시,화요일,대구광역시 동구 지저동,경상사고,0,0,1,0,차대차 - 기타,안전거리미확보,건조,맑음,단일로 - 기타,승용,여,32세,상해없음,승합,남,56세,상해없음
2016032200100193,2016년 3월 22일 09시,화요일,대구광역시 수성구 파동,경상사고,0,0,1,0,차량단독 - 공작물충돌,안전운전불이행,건조,맑음,단일로 - 기타,이륜,남,32세,경상,,,,
2016032200100194,2016년 3월 22일 09시,화요일,대구광역시 수성구 수성동1가,중상사고,0,1,0,0,차대사람 - 기타,안전운전불이행,건조,맑음,단일로 - 기타,승용,여,35세,상해없음,보행자,여,22세,중상
2016032200100195,2016년 3월 22일 09시,화요일,대구광역시 서구 상리동,중상사고,0,1,0,0,차대사람 - 횡단중,신호위반,건조,맑음,단일로 - 횡단보도상,자전거,남,25세,상해없음,보행자,여,72세,중상
2016032200100219,2016년 3월 22일 10시,화요일,대구광역시 중구 동산동,경상사고,0,0,1,0,차대차 - 기타,안전운전불이행,건조,맑음,단일로 - 기타,승용,여,50세,상해없음,이륜,남,72세,경상
2016032200100248,2016년 3월 22일 11시,화요일,대구광역시 수성구 범어동,중상사고,0,1,0,0,차대차 - 정면충돌,신호위반,건조,맑음,교차로 - 교차로안,승용,여,74세,상해없음,이륜,남,62세,중상
2016032200100249,2016년 3월 22일 11시,화요일,대구광역시 서구 평리동,부상신고사고,0,0,0,1,차대차 - 측면충돌,안전운전불이행,건조,맑음,단일로 - 기타,이륜,남,75세,부상신고,화물,남,23세,상해없음
2016032200100270,2016년 3월 22일 12시,화요일,대구광역시 북구 노원동3가,중상사고,0,4,0,0,차대차 - 측면충돌,신호위반,건조,맑음,단일로 - 기타,화물,남,57세,상해없음,승용,남,53세,중상
2016032200100271,2016년 3월 22일 12시,화요일,대구광역시 북구 산격동,중상사고,0,1,0,0,차대차 - 측면충돌,교차로운행방법위반,건조,맑음,교차로 - 교차로안,화물,남,67세,상해없음,화물,남,39세,중상
2016032200100288,2016년 3월 22일 13시,화요일,대구광역시 북구 금호동,경상사고,0,0,1,0,차대차 - 측면직각충돌,안전운전불이행,건조,맑음,단일로 - 기타,승용,남,33세,상해없음,화물,남,56세,상해없음
2016032200100319,2016년 3월 22일 14시,화요일,대구광역시 달서구 상인동,경상사고,0,0,1,0,차대사람 - 횡단중,보행자보호의무위반,건조,맑음,교차로 - 교차로안,승용,남,68세,상해없음,보행자,여,72세,경상
2016032200100320,2016년 3월 22일 14시,화요일,대구광역시 달서구 상인동,경상사고,0,0,1,0,차대차 - 측면충돌,안전운전불이행,건조,맑음,단일로 - 기타,승용,남,42세,상해없음,승용,남,49세,경상
2016032200100321,2016년 3월 22일 14시,화요일,대구광역시 서구 원대동3가,중상사고,0,1,0,0,차대차 - 기타,안전운전불이행,건조,맑음,교차로 - 교차로안,화물,남,55세,상해없음,자전거,남,58세,중상
2016032200100354,2016년 3월 22일 15시,화요일,대구광역시 달서구 도원동,중상사고,0,1,3,0,차대차 - 추돌,안전거리미확보,건조,맑음,단일로 - 터널,승용,남,51세,경상,승용,남,46세,상해없음
2016032200100355,2016년 3월 22일 15시,화요일,대구광역시 달서구 상인동,경상사고,0,0,1,0,차대사람 - 횡단중,보행자보호의무위반,건조,맑음,단일로 - 횡단보도상,승용,남,63세,상해없음,보행자,여,9세,경상
2016032200100356,2016년 3월 22일 15시,화요일,대구광역시 북구 칠성동2가,경상사고,0,0,1,0,차대차 - 측면충돌,직진우회전진행방해,건조,맑음,교차로 - 교차로안,승용,남,60세,상해없음,원동기,남,59세,경상
2016032200100357,2016년 3월 22일 15시,화요일,대구광역시 북구 침산동,경상사고,0,0,1,0,차대사람 - 기타,안전운전불이행,건조,맑음,단일로 - 기타,화물,여,57세,상해없음,보행자,남,87세,경상
2016032200100391,2016년 3월 22일 16시,화요일,대구광역시 달서구 대천동,경상사고,0,0,1,0,차대차 - 기타,안전거리미확보,건조,맑음,단일로 - 기타,승용,여,59세,상해없음,승용,남,31세,경상