사고번호,사고일시,요일,시군구,사고내용,사망자수,중상자수,경상자수,부상신고자수,사고유형,법규위반,노면상태,기상상태,도로형태,가해운전자 차종,가해운전자 성별,가해운전자 연령,가해운전자 상해정도,피해운전자 차종,피해운전자 성별,피해운전자 연령,피해운전자 상해정도
2016032500100462,2016년 3월 25일 18시,금요일,대구광역시 서구 이현동,경상사고,0,0,1,0,차대차 - 기타,안전운전불이행,습기,비,교차로 - 교차로부근,승용,여,41세,상해없음,자전거,남,63세,경상
2016032500100463,2016년 3월 25일 18시,금요일,대구광역시 중구 봉산동,중상사고,0,1,0,0,차대사람 - 차도통행중,안전운전불이행,습기,비,단일로 - 기타,승용,여,42세,상해없음,보행자,여,80세,중상
2016032500100518,2016년 3월 25일 19시,금요일,대구광역시 동구 신암동,중상사고,0,1,0,0,차대차 - 기타,보행자보호의무위반,습기,비,단일로 - 횡단보도상,화물,남,46세,상해없음,승용,남,58세,상해없음
2016032500100519,2016년 3월 25일 19시,금요일,대구광역시 수성구 만촌동,경상사고,0,0,1,0,차대사람 - 횡단중,안전운전불이행,습기,비,단일로 - 기타,승용,남,42세,상해없음,보행자,남,70세,경상
2016032500100520,2016년 3월 25일 19시,금요일,대구광역시 달서구 본동,경상사고,0,0,1,0,차대차 - 기타,안전거리미확보,습기,비,단일로 - 기타,승용,기타불명,기타불명,기타불명,승합,남,43세,상해없음
2016032500100521,2016년 3월 25일 19시,금요일,대구광역시 달서구 갈산동,중상사고,0,1,0,0,차대사람 - 횡단중,안전운전불이행,습기,비,기타 - 기타,승합,남,50세,상해없음,보행자,여,24세,중상
2016032500100522,2016년 3월 25일 19시,금요일,대구광역시 북구 동천동,경상사고,0,0,1,0,차대차 - 측면충돌,안전운전불이행,습기,비,단일로 - 기타,승용,여,31세,상해없음,이륜,남,19세,경상
2016032500100523,2016년 3월 25일 19시,금요일,대구광역시 북구 매천동,경상사고,0,0,1,0,차대차 - 측면직각충돌,신호위반,습기,비,교차로 - 교차로안,화물,남,56세,상해없음,승용,남,57세,경상
2016032500100524,2016년 3월 25일 19시,금요일,대구광역시 북구 태전동,경상사고,0,0,1,0,차대사람 - 횡단중,신호위반,습기,비,교차로 - 교차로부근,이륜,남,17세,상해없음,보행자,남,48세,경상
2016032500100525,2016년 3월 25일 19시,금요일,대구광역시 북구 동천동,경상사고,0,0,2,0,차대차 - 측면직각충돌,안전운전불이행,습기,비,교차로 - 교차로안,승용,남,53세,상해없음,승용,남,48세,경상
2016032500100556,2016년 3월 25일 20시,금요일,대구광역시 남구 대명동,중상사고,0,1,0,0,차대차 - 측면충돌,안전운전불이행,습기,흐림,단일로 - 기타,승용,남,64세,상해없음,자전거,남,68세,중상
2016032500100557,2016년 3월 25일 20시,금요일,대구광역시 수성구 만촌동,중상사고,0,1,2,0,차대차 - 추돌,안전운전불이행,습기,비,단일로 - 기타,승용,남,22세,상해없음,승합,남,37세,경상
2016032500100558,2016년 3월 25일 20시,금요일,대구광역시 달성군 다사읍,경상사고,0,0,1,0,차대차 - 정면충돌,안전운전불이행,건조,맑음,교차로 - 교차로부근,승용,남,52세,상해없음,승용,여,47세,경상
2016032500100559,2016년 3월 25일 20시,금요일,대구광역시 북구 산격동,경상사고,0,0,4,0,차대차 - 측면충돌,교차로운행방법위반,건조,맑음,교차로 - 교차로안,승용,남,39세,상해없음,승용,남,49세,경상
2016032500100560,2016년 3월 25일 20시,금요일,대구광역시 북구 노원동3가,경상사고,0,0,1,0,차대차 - 측면충돌,안전운전불이행,건조,맑음,단일로 - 기타,승용,남,51세,상해없음,자전거,여,14세,경상
2016032500100561,2016년 3월 25일 20시,금요일,대구광역시 달서구 두류동,중상사고,0,1,0,0,차대차 - 측면충돌,신호위반,건조,맑음,교차로 - 교차로안,이륜,남,20세,상해없음,이륜,남,23세,중상
2016032500100595,2016년 3월 25일 21시,금요일,대구광역시 수성구 시지동,경상사고,0,0,1,0,차대사람 - 횡단중,보행자보호의무위반,건조,맑음,단일로 - 횡단보도상,승용,남,39세,상해없음,보행자,남,49세,경상
2016032500100596,2016년 3월 25일 21시,금요일,대구광역시 수성구 매호동,중상사고,0,1,1,0,차대차 - 추돌,안전운전불이행,습기,비,단일로 - 기타,승용,남,43세,상해없음,승용,남,55세,경상
2016032500100597,2016년 3월 25일 21시,금요일,대구광역시 달성군 화원읍,경상사고,0,0,2,0,차대차 - 측면충돌,안전운전불이행,건조,맑음,단일로 - 기타,승용,남,59세,상해없음,이륜,남,17세,경상
2016032500100598,2016년 3월 25일 21시,금요일,대구광역시 달서구 이곡동,경상사고,0,0,1,0,차대차 - 측면충돌,안전거리미확보,습기,비,단일로 - 기타,승용,남,26세,상해없음,이륜,남,20세,경상
2016032500100620,2016년 3월 25일 22시,금요일,대구광역시 수성구 두산동,경상사고,0,0,1,0,차대차 - 정면충돌,교차로운행방법위반,건조,맑음,교차로 - 교차로안,이륜,남,43세,상해없음,이륜,남,42세,경상
2016032500100621,2016년 3월 25일 22시,금요일,대구광역시 달서구 상인동,경상사고,0,0,1,0,차대사람 - 기타,안전운전불이행,건조,흐림,단일로 - 기타,기타불명,기타불명,기타불명,기타불명,보행자,남,54세,경상
2016032500100622,2016년 3월 25일 22시,금요일,대구광역시 중구 남산동,경상사고,0,0,1,0,차대차 - 기타,신호위반,건조,맑음,교차로 - 교차로안,승용,남,60세,상해없음,이륜,남,18세,경상
2016032500100623,2016년 3월 25일 22시,금요일,대구광역시 북구 구암동,경상사고,0,0,1,0,차량단독 - 기타,안전운전불이행,건조,맑음,단일로 - 기타,승용,남,50세,상해없음,,,,
2016032500100654,2016년 3월 25일 23시,금요일,대구광역시 남구 대명동,경상사고,0,0,1,0,차대차 - 추돌,안전거리미확보,건조,맑음,단일로 - 기타,승용,남,50세,상해없음,승용,남,30세,경상
2016032600100021,2016년 3월 26일 00시,토요일,대구광역시 수성구 만촌동,경상사고,0,0,1,0,차대차 - 측면충돌,안전운전불이행,건조,맑음,단일로 - 기타,승용,남,39세,상해없음,이륜,여,54세,경상
2016032600100045,2016년 3월 26일 01시,토요일,대구광역시 동구 불로동,중상사고,0,1,2,0,차대차 - 추돌,안전운전불이행,습기,흐림,단일로 - 기타,승용,남,26세,경상,승용,남,25세,중상
2016032600100046,2016년 3월 26일 01시,토요일,대구광역시 북구 복현동,중상사고,0,1,0,0,차대사람 - 횡단중,안전운전불이행,습기,흐림,교차로 - 교차로안,승용,남,62세,상해없음,보행자,남,45세,중상
2016032600100064,2016년 3월 26일 02시,토요일,대구광역시 수성구 황금동,경상사고,0,0,1,0,차대차 - 측면충돌,안전거리미확보,습기,비,단일로 - 기타,승용,남,47세,상해없음,이륜,남,44세,경상
2016032600100065,2016년 3월 26일 02시,토요일,대구광역시 중구 서성로2가,경상사고,0,0,1,1,차대차 - 정면충돌,교차로운행방법위반,건조,맑음,교차로 - 교차로부근,승용,남,25세,상해없음,승용,남,63세,경상
2016032600100103,2016년 3월 26일 05시,토요일,대구광역시 동구 효목동,경상사고,0,0,1,0,차량단독 - 전도전복,안전운전불이행,건조,맑음,기타 - 기타,승용,남,54세,경상,,,,
2016032600100104,2016년 3월 26일 05시,토요일,대구광역시 중구 달성동,부상신고사고,0,0,0,1,차대차 - 측면충돌,불법유턴,건조,맑음,교차로 - 교차로부근,자전거,남,63세,부상신고,화물,남,59세,상해없음
2016032600100105,2016년 3월 26일 05시,토요일,대구광역시 달서구 감삼동,경상사고,0,0,1,0,차대차 - 기타,안전운전불이행,건조,맑음,단일로 - 기타,승용,남,26세,상해없음,승합,남,60세,경상
2016032600100134,2016년 3월 26일 07시,토요일,대구광역시 달서구 용산동,경상사고,0,0,1,0,차대차 - 측면충돌,신호위반,건조,맑음,교차로 - 교차로안,승용,남,30세,상해없음,승용,남,55세,경상
2016032600100179,2016년 3월 26일 09시,토요일,대구광역시 수성구 수성동3가,경상사고,0,0,1,0,차대차 - 측면충돌,신호위반,건조,맑음,교차로 - 교차로안,승용,남,68세,상해없음,승용,남,30세,경상
2016032600100214,2016년 3월 26일 10시,토요일,대구광역시 북구 산격동,중상사고,0,1,0,0,차대사람 - 횡단중,안전운전불이행,건조,맑음,단일로 - 기타,승용,여,52세,상해없음,보행자,남,25세,중상
2016032600100215,2016년 3월 26일 10시,토요일,대구광역시 서구 중리동,경상사고,0,0,1,0,차대차 - 측면충돌,직진우회전진행방해,건조,맑음,교차로 - 교차로안,승합,남,53세,상해없음,승용,남,63세,경상
2016032600100216,2016년 3월 26일 10시,토요일,대구광역시 북구 팔달동,경상사고,0,0,1,0,차대차 - 측면충돌,안전운전불이행,건조,맑음,단일로 - 기타,승용,여,39세,상해없음,자전거,남,71세,경상
2016032600100264,2016년 3월 26일 11시,토요일,대구광역시 동구 검사동,경상사고,0,0,1,0,차대사람 - 기타,안전운전불이행,건조,맑음,단일로 - 기타,승용,여,36세,기타불명,보행자,남,37세,경상
2016032600100265,2016년 3월 26일 11시,토요일,대구광역시 서구 평리동,경상사고,0,0,1,0,차대사람 - 기타,안전운전불이행,건조,맑음,단일로 - 기타,승용,여,66세,상해없음,보행자,여,57세,경상
2016032600100266,2016년 3월 26일 11시,토요일,대구광역시 중구 동인동1가,경상사고,0,0,2,0,차대차 - 측면직각충돌,신호위반,건조,맑음,교차로 - 교차로안,승용,여,56세,상해없음,승용,남,36세,경상
2016032600100302,2016년 3월 26일 12시,토요일,대구광역시 달서구 이곡동,중상사고,0,1,0,0,차대차 - 기타,차로위반,건조,맑음,교차로 - 교차로부근,원동기,남,53세,상해없음,승용,남,36세,중상
2016032600100303,2016년 3월 26일 12시,토요일,대구광역시 북구 구암동,경상사고,0,0,1,0,차대차 - 측면직각충돌,안전운전불이행,건조,맑음,교차로 - 교차로안,승용,여,62세,상해없음,자전거,남,14세,경상
2016032600100344,2016년 3월 26일 13시,토요일,대구광역시 수성구 범어동,부상신고사고,0,0,0,1,차대차 - 측면충돌,안전운전불이행,건조,맑음,교차로 - 교차로안,자전거,남,12세,부상신고,승용,여,43세,상해없음
2016032600100345,2016년 3월 26일 13시,토요일,대구광역시 달서구 두류동,경상사고,0,0,1,0,차대차 - 기타,안전운전불이행,건조,맑음,교차로 - 교차로안,승용,남,27세,상해없음,이륜,남,72세,경상
2016032600100378,2016년 3월 26일 14시,토요일,대구광역시 달성군 가창면,중상사고,0,1,0,0,차대사람 - 횡단중,안전운전불이행,건조,맑음,교차로 - 교차로안,화물,남,45세,상해없음,보행자,남,81세,중상
2016032600100415,2016년 3월 26일 15시,토요일,대구광역시 수성구 상동,경상사고,0,0,1,0,차대차 - 측면직각충돌,안전거리미확보,건조,맑음,단일로 - 기타,승용,남,56세,상해없음,승용,여,36세,경상
2016032600100416,2016년 3월 26일 15시,토요일,대구광역시 달서구 용산동,중상사고,0,1,0,0,차대사람 - 횡단중,안전운전불이행,건조,맑음,단일로 - 기타,승용,여,27세,상해없음,보행자,남,16세,중상
2016032600100451,2016년 3월 26일 16시,토요일,대구광역시 동구 효목동,경상사고,0,0,1,0,차대차 - 측면직각충돌,안전운전불이행,건조,맑음,단일로 - 기타,승용,여,54세,상해없음,자전거,남,55세,경상
2016032600100452,2016년 3월 26일 16시,토요일,대구광역시 달서구 대천동,중상사고,0,1,0,0,차대차 - 측면충돌,안전운전불이행,건조,맑음,단일로 - 기타,승용,여,57세,상해없음,자전거,남,46세,중상
2016032600100453,2016년 3월 26일 16시,토요일,대구광역시 북구 침산동,경상사고,0,0,1,0,차대차 - 측면충돌,안전운전불이행,건조,맑음,단일로 - 기타,승용,여,49세,상해없음,승용,여,46세,경상
2016032600100523,2016년 3월 26일 18시,토요일,대구광역시 달서구 월성동,경상사고,0,0,3,0,차대차 - 정면충돌,안전운전불이행,습기,비,단일로 - 기타,승용,여,33세,경상,승용,남,56세,상해없음
2016032600100527,2016년 3월 26일 18시,토요일,대구광역시 동구 신기동,경상사고,0,0,1,0,차대차 - 기타,신호위반,건조,맑음,교차로 - 교차로부근,화물,남,72세,상해없음,이륜,남,69세,경상
2016032600100528,2016년 3월 26일 18시,토요일,대구광역시 북구 고성동3가,경상사고,0,0,1,0,차대차 - 측면직각충돌,신호위반,건조,맑음,교차로 - 교차로안,승용,여,27세,상해없음,자전거,여,73세,경상
2016032600100529,2016년 3월 26일 18시,토요일,대구광역시 서구 평리동,중상사고,0,1,0,0,차대차 - 측면직각충돌,교차로운행방법위반,건조,맑음,교차로 - 교차로부근,승용,남,54세,상해없음,자전거,남,46세,중상
2016032600100530,2016년 3월 26일 18시,토요일,대구광역시 서구 비산동,경상사고,0,0,1,0,차대차 - 측면충돌,안전운전불이행,건조,맑음,단일로 - 기타,원동기,남,47세,경상,승용,남,64세,상해없음
2016032600100531,2016년 3월 26일 18시,토요일,대구광역시 서구 평리동,경상사고,0,0,1,0,차대차 - 측면충돌,안전운전불이행,건조,맑음,교차로 - 교차로안,자전거,여,64세,상해없음,이륜,남,18세,경상
2016032600100532,2016년 3월 26일 18시,토요일,대구광역시 달서구 신당동,경상사고,0,0,3,0,차대차 - 추돌,안전운전불이행,건조,맑음,단일로 - 기타,승용,남,60세,상해없음,승용,여,59세,경상
2016032600100567,2016년 3월 26일 19시,토요일,대구광역시 남구 대명동,중상사고,0,1,0,0,차대차 - 기타,안전운전불이행,건조,맑음,단일로 - 기타,자전거,남,79세,중상,승용,남,55세,상해없음
2016032600100598,2016년 3월 26일 20시,토요일,대구광역시 남구 대명동,중상사고,0,1,0,0,차대차 - 추돌,안전거리미확보,습기,비,단일로 - 기타,승용,남,52세,상해없음,승용,남,64세,중상
2016032600100599,2016년 3월 26일 20시,토요일,대구광역시 달성군 다사읍,중상사고,0,1,0,0,차대차 - 측면직각충돌,직진우회전진행방해,습기,비,교차로 - 교차로안,승용,남,52세,상해없음,이륜,남,17세,중상
2016032600100600,2016년 3월 26일 20시,토요일,대구광역시 달성군 논공읍,중상사고,0,5,0,0,차대차 - 측면직각충돌,안전운전불이행,결빙,눈,단일로 - 기타,승용,남,68세,중상,승용,남,36세,상해없음
2016032600100601,2016년 3월 26일 20시,토요일,대구광역시 달서구 이곡동,부상신고사고,0,0,0,1,차대차 - 측면충돌,안전운전불이행,습기,비,단일로 - 기타,이륜,남,48세,상해없음,이륜,남,16세,부상신고
2016032600100632,2016년 3월 26일 21시,토요일,대구광역시 수성구 상동,부상신고사고,0,0,0,1,차량단독 - 전도전복,안전운전불이행,습기,비,단일로 - 기타,승용,여,44세,부상신고,,,,
2016032600100633,2016년 3월 26일 21시,토요일,대구광역시 수성구 신매동,경상사고,0,0,1,1,차대차 - 측면충돌,불법유턴,건조,맑음,단일로 - 기타,이륜,남,17세,부상신고,이륜,남,38세,경상
2016032600100634,2016년 3월 26일 21시,토요일,대구광역시 북구 산격동,중상사고,0,1,0,0,차대사람 - 기타,안전운전불이행,건조,맑음,단일로 - 기타,이륜,남,16세,상해없음,보행자,남,22세,중상
2016032600100660,2016년 3월 26일 22시,토요일,대구광역시 동구 신천동,중상사고,0,1,3,0,차대차 - 추돌,신호위반,건조,맑음,교차로 - 교차로안,승용,남,69세,경상,승용,여,41세,중상
2016032600100661,2016년 3월 26일 22시,토요일,대구광역시 수성구 신매동,중상사고,0,3,1,0,차대차 - 측면충돌,신호위반,건조,맑음,교차로 - 교차로안,이륜,남,21세,중상,승용,남,58세,경상
2016032600100662,2016년 3월 26일 22시,토요일,대구광역시 달서구 본리동,경상사고,0,0,1,0,차대차 - 기타,안전운전불이행,습기,흐림,교차로 - 교차로부근,승용,여,48세,상해없음,이륜,남,51세,경상
2016032600100663,2016년 3월 26일 22시,토요일,대구광역시 달서구 감삼동,경상사고,0,0,1,0,차대차 - 추돌,안전운전불이행,건조,맑음,단일로 - 기타,승용,남,44세,상해없음,승용,남,31세,경상
2016032600100683,2016년 3월 26일 23시,토요일,대구광역시 남구 봉덕동,경상사고,0,0,1,0,차대차 - 추돌,안전운전불이행,건조,맑음,단일로 - 기타,승용,남,43세,상해없음,승용,남,50세,경상
2016032700100055,2016년 3월 27일 04시,일요일,대구광역시 북구 대현동,경상사고,0,0,2,0,차대차 - 정면충돌,중앙선침범,건조,맑음,단일로 - 기타,이륜,남,19세,상해없음,이륜,남,19세,경상
2016032700100056,2016년 3월 27일 04시,일요일,대구광역시 서구 비산동,경상사고,0,0,2,0,차대차 - 측면직각충돌,안전운전불이행,건조,맑음,단일로 - 기타,승용,남,36세,상해없음,화물,남,45세,경상
2016032700100065,2016년 3월 27일 05시,일요일,대구광역시 달서구 진천동,중상사고,0,1,0,0,차대사람 - 횡단중,안전운전불이행,건조,맑음,단일로 - 횡단보도상,화물,남,46세,상해없음,보행자,남,21세,중상
2016032700100066,2016년 3월 27일 05시,일요일,대구광역시 달서구 대천동,경상사고,0,0,2,0,차대차 - 측면충돌,안전운전불이행,기타,안개,단일로 - 기타,승용,남,33세,상해없음,승용,남,70세,경상
2016032700100088,2016년 3월 27일 07시,일요일,대구광역시 수성구 수성동1가,중상사고,0,1,1,0,차대차 - 정면충돌,안전운전불이행,건조,맑음,단일로 - 기타,승용,남,58세,경상,승용,남,52세,중상
2016032700100161,2016년 3월 27일 11시,일요일,대구광역시 동구 신암동,경상사고,0,0,1,0,차대차 - 기타,안전운전불이행,건조,맑음,단일로 - 기타,승용,남,49세,상해없음,자전거,남,24세,경상
2016032700100162,2016년 3월 27일 11시,일요일,대구광역시 달서구 상인동,중상사고,0,1,0,0,차대차 - 측면충돌,안전거리미확보,건조,맑음,단일로 - 기타,승용,남,26세,상해없음,이륜,남,52세,중상
2016032700100163,2016년 3월 27일 11시,일요일,대구광역시 달서구 대천동,경상사고,0,0,1,0,차대차 - 측면충돌,안전거리미확보,건조,맑음,단일로 - 기타,화물,남,54세,상해없음,승용,남,51세,경상
2016032700100164,2016년 3월 27일 11시,일요일,대구광역시 중구 달성동,중상사고,0,1,4,0,차대차 - 측면충돌,차로위반,건조,맑음,교차로 - 교차로부근,승용,남,70세,상해없음,승용,남,42세,중상
2016032700100212,2016년 3월 27일 13시,일요일,대구광역시 동구 신천동,경상사고,0,0,1,0,차대차 - 추돌,안전운전불이행,건조,맑음,단일로 - 기타,승용,남,24세,상해없음,화물,남,33세,경상
2016032700100213,2016년 3월 27일 13시,일요일,대구광역시 북구 침산동,경상사고,0,0,1,0,차대차 - 추돌,안전운전불이행,건조,맑음,교차로 - 교차로안,승용,여,39세,상해없음,승용,여,28세,경상
2016032700100272,2016년 3월 27일 15시,일요일,대구광역시 동구 지저동,경상사고,0,0,1,0,차대차 - 추돌,안전운전불이행,건조,맑음,단일로 - 기타,승용,남,58세,기타불명,승용,남,34세,상해없음
2016032700100273,2016년 3월 27일 15시,일요일,대구광역시 동구 신천동,경상사고,0,0,2,0,차대차 - 추돌,안전운전불이행,건조,맑음,단일로 - 기타,승용,남,27세,상해없음,승용,남,33세,경상
2016032700100310,2016년 3월 27일 16시,일요일,대구광역시 동구 도동,경상사고,0,0,1,0,차대차 - 추돌,안전거리미확보,건조,맑음,단일로 - 기타,승용,남,56세,상해없음,승용,남,30세,경상
2016032700100313,2016년 3월 27일 16시,일요일,대구광역시 동구 괴전동,중상사고,0,2,1,0,차대차 - 측면충돌,안전거리미확보,건조,맑음,단일로 - 기타,승용,여,49세,경상,이륜,남,29세,중상
2016032700100314,2016년 3월 27일 16시,일요일,대구광역시 달성군 화원읍,중상사고,0,1,2,1,차대차 - 추돌,안전운전불이행,건조,맑음,교차로 - 교차로부근,승합,남,55세,상해없음,승용,남,36세,중상
2016032700100336,2016년 3월 27일 17시,일요일,대구광역시 동구 송정동,경상사고,0,0,1,0,차대차 - 측면충돌,안전운전불이행,건조,맑음,단일로 - 기타,승용,여,56세,상해없음,승용,남,64세,경상
2016032700100337,2016년 3월 27일 17시,일요일,대구광역시 달성군 논공읍,중상사고,0,1,1,0,차대차 - 측면직각충돌,안전운전불이행,건조,맑음,교차로 - 교차로안,승용,남,28세,경상,승용,여,38세,중상
2016032700100338,2016년 3월 27일 17시,일요일,대구광역시 중구 동인동1가,경상사고,0,0,1,0,차대차 - 기타,교차로운행방법위반,건조,맑음,교차로 - 교차로안,승용,남,45세,상해없음,자전거,남,65세,경상
2016032700100357,2016년 3월 27일 18시,일요일,대구광역시 남구 대명동,중상사고,0,1,0,0,차대사람 - 횡단중,안전운전불이행,건조,맑음,단일로 - 기타,승용,남,63세,상해없음,보행자,여,57세,중상
2016032700100358,2016년 3월 27일 18시,일요일,대구광역시 북구 복현동,부상신고사고,0,0,0,1,차대차 - 기타,안전운전불이행,건조,맑음,교차로 - 교차로안,자전거,남,26세,부상신고,자전거,남,50세,상해없음
2016032700100359,2016년 3월 27일 18시,일요일,대구광역시 북구 동천동,경상사고,0,0,1,1,차대차 - 측면충돌,안전운전불이행,건조,맑음,교차로 - 교차로안,승용,여,40세,부상신고,승용,남,59세,경상
2016032700100387,2016년 3월 27일 19시,일요일,대구광역시 달서구 상인동,부상신고사고,0,0,0,1,차대차 - 측면충돌,안전운전불이행,건조,맑음,교차로 - 교차로안,자전거,남,13세,부상신고,승용,남,30세,상해없음
2016032700100411,2016년 3월 27일 20시,일요일,대구광역시 달성군 다사읍,경상사고,0,0,2,0,차대사람 - 횡단중,보행자보호의무위반,건조,맑음,단일로 - 횡단보도상,승용,남,61세,상해없음,보행자,여,47세,경상
2016032700100412,2016년 3월 27일 20시,일요일,대구광역시 서구 내당동,중상사고,0,1,1,0,차대차 - 기타,교차로운행방법위반,건조,맑음,교차로 - 교차로안,승용,남,49세,상해없음,승용,남,19세,중상
2016032700100430,2016년 3월 27일 21시,일요일,대구광역시 동구 검사동,중상사고,0,1,0,0,차대차 - 측면충돌,교차로운행방법위반,건조,맑음,단일로 - 교량,승용,남,73세,상해없음,승용,남,53세,중상
2016032700100431,2016년 3월 27일 21시,일요일,대구광역시 중구 남일동,경상사고,0,0,1,0,차대사람 - 횡단중,보행자보호의무위반,건조,흐림,단일로 - 기타,이륜,남,16세,상해없음,보행자,여,40세,경상
2016032700100447,2016년 3월 27일 22시,일요일,대구광역시 달서구 용산동,경상사고,0,0,1,0,차대차 - 추돌,차로위반,건조,맑음,교차로 - 교차로부근,승용,여,38세,상해없음,원동기,남,19세,경상
2016032800100028,2016년 3월 28일 03시,월요일,대구광역시 수성구 지산동,중상사고,0,1,1,0,차대차 - 측면충돌,신호위반,건조,맑음,교차로 - 교차로안,승용,남,34세,상해없음,승용,남,56세,경상
2016032800100034,2016년 3월 28일 04시,월요일,대구광역시 남구 대명동,중상사고,0,1,0,0,차대사람 - 횡단중,안전운전불이행,건조,맑음,단일로 - 횡단보도부근,승용,남,64세,상해없음,보행자,여,90세 이상,중상
2016032800100035,2016년 3월 28일 04시,월요일,대구광역시 북구 칠성동2가,중상사고,0,1,0,0,차대차 - 정면충돌,신호위반,건조,맑음,교차로 - 교차로안,승용,여,32세,상해없음,승용,남,52세,중상
2016032800100043,2016년 3월 28일 05시,월요일,대구광역시 동구 불로동,중상사고,0,1,1,0,차대차 - 추돌,안전운전불이행,건조,맑음,단일로 - 기타,화물,남,71세,상해없음,화물,남,62세,중상
2016032800100084,2016년 3월 28일 07시,월요일,대구광역시 서구 내당동,경상사고,0,0,2,0,차대차 - 추돌,차로위반,건조,맑음,단일로 - 기타,승용,남,56세,상해없음,승합,남,59세,상해없음
2016032800100138,2016년 3월 28일 08시,월요일,대구광역시 남구 대명동,경상사고,0,0,1,0,차대차 - 기타,안전운전불이행,건조,맑음,단일로 - 기타,자전거,남,67세,경상,승용,여,51세,상해없음
2016032800100139,2016년 3월 28일 08시,월요일,대구광역시 북구 서변동,중상사고,0,1,0,0,차대차 - 측면충돌,안전운전불이행,건조,맑음,교차로 - 교차로안,승용,남,45세,상해없음,이륜,남,42세,중상
2016032800100140,2016년 3월 28일 08시,월요일,대구광역시 북구 관음동,경상사고,0,0,2,0,차대차 - 기타,안전운전불이행,건조,맑음,기타 - 기타,승용,남,29세,기타불명,승용,여,48세,경상
2016032800100178,2016년 3월 28일 09시,월요일,대구광역시 서구 이현동,경상사고,0,0,3,0,차대차 - 추돌,안전운전불이행,건조,맑음,교차로 - 교차로부근,승용,여,43세,상해없음,승용,여,58세,경상
2016032800100179,2016년 3월 28일 09시,월요일,대구광역시 중구 서야동,부상신고사고,0,0,0,1,차대차 - 정면충돌,직진우회전진행방해,건조,맑음,교차로 - 교차로안,자전거,여,73세,부상신고,승합,남,70세,상해없음
2016032800100180,2016년 3월 28일 09시,월요일,대구광역시 북구 국우동,경상사고,0,0,3,0,차대차 - 추돌,안전거리미확보,건조,맑음,단일로 - 기타,승용,남,59세,상해없음,승용,여,40세,경상
2016032800100223,2016년 3월 28일 10시,월요일,대구광역시 수성구 범어동,경상사고,0,0,1,0,차대사람 - 길가장자리구역통행중,안전운전불이행,건조,맑음,단일로 - 기타,승용,남,54세,상해없음,보행자,여,60세,경상
2016032800100224,2016년 3월 28일 10시,월요일,대구광역시 수성구 만촌동,중상사고,0,1,4,0,차대차 - 추돌,안전운전불이행,건조,맑음,단일로 - 기타,승용,여,56세,중상,승용,남,25세,상해없음
2016032800100225,2016년 3월 28일 10시,월요일,대구광역시 북구 산격동,사망사고,1,0,0,0,차대사람 - 횡단중,안전운전불이행,건조,맑음,단일로 - 횡단보도상,승용,여,43세,상해없음,보행자,남,71세,사망
2016032800100226,2016년 3월 28일 10시,월요일,대구광역시 서구 평리동,경상사고,0,0,1,0,차대차 - 추돌,안전운전불이행,건조,맑음,단일로 - 기타,승용,남,51세,상해없음,화물,남,27세,경상
2016032800100227,2016년 3월 28일 10시,월요일,대구광역시 중구 대신동,부상신고사고,0,0,0,1,차대차 - 측면직각충돌,중앙선침범,건조,맑음,단일로 - 기타,자전거,남,13세,부상신고,이륜,남,48세,상해없음
2016032800100261,2016년 3월 28일 11시,월요일,대구광역시 남구 대명동,경상사고,0,0,2,0,차대차 - 추돌,안전운전불이행,건조,맑음,단일로 - 기타,승용,남,77세,경상,승용,남,61세,경상
2016032800100262,2016년 3월 28일 11시,월요일,대구광역시 남구 대명동,경상사고,0,0,3,0,차대차 - 측면충돌,안전운전불이행,건조,맑음,단일로 - 기타,승용,남,44세,경상,승용,여,41세,경상
2016032800100263,2016년 3월 28일 11시,월요일,대구광역시 북구 매천동,중상사고,0,1,0,0,차대사람 - 횡단중,안전운전불이행,건조,맑음,단일로 - 기타,승용,여,55세,상해없음,보행자,여,72세,중상
2016032800100315,2016년 3월 28일 13시,월요일,대구광역시 동구 신암동,경상사고,0,0,1,0,차대차 - 측면충돌,안전운전불이행,건조,맑음,단일로 - 기타,승용,남,22세,상해없음,승용,남,26세,경상
2016032800100316,2016년 3월 28일 13시,월요일,대구광역시 수성구 황금동,사망사고,1,0,0,0,차대사람 - 차도통행중,안전운전불이행,건조,맑음,단일로 - 기타,화물,남,33세,상해없음,보행자,여,81세,사망
2016032800100346,2016년 3월 28일 14시,월요일,대구광역시 북구 태전동,중상사고,0,1,0,0,차대차 - 측면충돌,안전운전불이행,건조,맑음,단일로 - 횡단보도상,자전거,남,80세,중상,이륜,남,33세,상해없음
2016032800100429,2016년 3월 28일 16시,월요일,대구광역시 수성구 만촌동,사망사고,2,0,0,0,차량단독 - 전도전복,안전운전불이행,건조,맑음,단일로 - 기타,이륜,남,16세,사망,,,,
2016032800100430,2016년 3월 28일 16시,월요일,대구광역시 서구 비산동,중상사고,0,1,0,0,차대사람 - 횡단중,안전운전불이행,건조,맑음,단일로 - 기타,이륜,남,64세,상해없음,보행자,여,71세,중상
2016032800100490,2016년 3월 28일 18시,월요일,대구광역시 동구 율하동,중상사고,0,1,1,1,차대차 - 측면직각충돌,신호위반,건조,맑음,교차로 - 교차로안,승용,남,21세,부상신고,승용,여,34세,중상