사고번호,사고일시,요일,시군구,사고내용,사망자수,중상자수,경상자수,부상신고자수,사고유형,법규위반,노면상태,기상상태,도로형태,가해운전자 차종,가해운전자 성별,가해운전자 연령,가해운전자 상해정도,피해운전자 차종,피해운전자 성별,피해운전자 연령,피해운전자 상해정도
2016032800100491,2016년 3월 28일 18시,월요일,대구광역시 수성구 두산동,중상사고,0,1,2,0,차대차 - 측면직각충돌,안전운전불이행,건조,맑음,단일로 - 횡단보도부근,원동기,남,59세,중상,승용,남,21세,경상
2016032800100492,2016년 3월 28일 18시,월요일,대구광역시 달성군 옥포면,경상사고,0,0,2,0,차대차 - 측면직각충돌,안전운전불이행,건조,맑음,교차로 - 교차로안,승용,남,54세,상해없음,승합,남,71세,경상
2016032800100493,2016년 3월 28일 18시,월요일,대구광역시 서구 비산동,경상사고,0,0,1,0,차대차 - 측면충돌,안전운전불이행,건조,맑음,단일로 - 기타,승용,남,64세,상해없음,승용,남,25세,경상
2016032800100543,2016년 3월 28일 19시,월요일,대구광역시 남구 대명동,중상사고,0,2,0,0,차대차 - 정면충돌,교차로운행방법위반,건조,맑음,교차로 - 교차로안,이륜,남,56세,중상,승합,여,64세,중상
2016032800100544,2016년 3월 28일 19시,월요일,대구광역시 수성구 만촌동,경상사고,0,0,2,0,차대차 - 추돌,안전운전불이행,건조,맑음,단일로 - 기타,승용,남,74세,상해없음,승용,여,28세,경상
2016032800100545,2016년 3월 28일 19시,월요일,대구광역시 달서구 상인동,중상사고,0,1,0,0,차대차 - 측면충돌,안전운전불이행,건조,맑음,단일로 - 횡단보도상,승용,여,36세,상해없음,자전거,남,84세,중상
2016032800100546,2016년 3월 28일 19시,월요일,대구광역시 북구 산격동,중상사고,0,1,0,0,차대차 - 기타,안전운전불이행,건조,맑음,단일로 - 기타,승용,여,69세,상해없음,이륜,남,53세,중상
2016032800100547,2016년 3월 28일 19시,월요일,대구광역시 달서구 본리동,중상사고,0,1,0,0,차대사람 - 횡단중,안전운전불이행,건조,맑음,단일로 - 기타,승용,남,53세,상해없음,보행자,여,56세,중상
2016032800100582,2016년 3월 28일 20시,월요일,대구광역시 남구 대명동,경상사고,0,0,1,0,차대사람 - 횡단중,보행자보호의무위반,건조,맑음,단일로 - 횡단보도상,승용,남,55세,상해없음,보행자,남,20세,경상
2016032800100583,2016년 3월 28일 20시,월요일,대구광역시 동구 지저동,경상사고,0,0,1,0,차대사람 - 횡단중,안전운전불이행,건조,맑음,단일로 - 기타,승용,남,54세,상해없음,보행자,남,14세,경상
2016032800100584,2016년 3월 28일 20시,월요일,대구광역시 수성구 신매동,중상사고,0,1,0,0,차대차 - 정면충돌,안전운전불이행,건조,맑음,단일로 - 기타,승합,기타불명,기타불명,기타불명,승합,남,51세,상해없음
2016032800100585,2016년 3월 28일 20시,월요일,대구광역시 달서구 송현동,경상사고,0,0,3,0,차대차 - 측면충돌,안전운전불이행,건조,맑음,교차로 - 교차로부근,승용,여,39세,경상,승용,여,35세,경상
2016032800100586,2016년 3월 28일 20시,월요일,대구광역시 북구 노원동3가,중상사고,0,1,0,0,차대사람 - 횡단중,안전운전불이행,건조,맑음,단일로 - 기타,승용,남,34세,상해없음,보행자,남,64세,중상
2016032800100587,2016년 3월 28일 20시,월요일,대구광역시 달서구 본리동,경상사고,0,0,1,0,차대차 - 측면충돌,신호위반,건조,맑음,교차로 - 교차로부근,이륜,남,16세,경상,승용,남,53세,상해없음
2016032800100619,2016년 3월 28일 21시,월요일,대구광역시 수성구 범어동,중상사고,0,1,0,0,차대차 - 추돌,안전운전불이행,건조,맑음,단일로 - 기타,승용,남,42세,상해없음,승용,여,61세,중상
2016032800100620,2016년 3월 28일 21시,월요일,대구광역시 서구 내당동,부상신고사고,0,0,0,1,차대차 - 기타,차로위반,건조,맑음,단일로 - 기타,승용,남,59세,상해없음,이륜,남,35세,부상신고
2016032800100621,2016년 3월 28일 21시,월요일,대구광역시 달서구 성당동,부상신고사고,0,0,0,1,차대사람 - 횡단중,교차로운행방법위반,건조,맑음,교차로 - 교차로안,승용,남,54세,상해없음,보행자,남,49세,부상신고
2016032800100645,2016년 3월 28일 22시,월요일,대구광역시 수성구 황금동,경상사고,0,0,1,0,차대차 - 측면직각충돌,신호위반,건조,맑음,교차로 - 교차로안,승용,남,52세,상해없음,승용,남,40세,경상
2016032800100668,2016년 3월 28일 23시,월요일,대구광역시 남구 대명동,중상사고,0,1,0,0,차대차 - 기타,교차로운행방법위반,건조,맑음,기타 - 기타,승용,남,54세,상해없음,승용,남,27세,상해없음
2016032800100669,2016년 3월 28일 23시,월요일,대구광역시 수성구 수성동4가,경상사고,0,0,1,0,차대사람 - 길가장자리구역통행중,안전운전불이행,건조,맑음,단일로 - 기타,화물,남,69세,상해없음,보행자,남,42세,경상
2016032800100670,2016년 3월 28일 23시,월요일,대구광역시 수성구 파동,경상사고,0,0,1,0,차대사람 - 횡단중,보행자보호의무위반,건조,맑음,단일로 - 횡단보도상,기타불명,기타불명,기타불명,기타불명,보행자,여,20세,경상
2016032900100012,2016년 3월 29일 00시,화요일,대구광역시 달서구 상인동,경상사고,0,0,2,0,차대차 - 추돌,교차로운행방법위반,건조,맑음,교차로 - 교차로안,승용,남,39세,기타불명,이륜,남,35세,경상
2016032900100026,2016년 3월 29일 01시,화요일,대구광역시 달서구 월성동,경상사고,0,0,1,0,차대사람 - 횡단중,보행자보호의무위반,건조,맑음,단일로 - 횡단보도상,승용,남,61세,상해없음,보행자,남,40세,경상
2016032900100043,2016년 3월 29일 02시,화요일,대구광역시 북구 노원동2가,중상사고,0,1,0,0,차대차 - 측면충돌,교차로운행방법위반,건조,맑음,교차로 - 교차로안,승용,남,33세,상해없음,원동기,남,52세,중상
2016032900100044,2016년 3월 29일 02시,화요일,대구광역시 서구 이현동,경상사고,0,0,1,0,차대차 - 측면충돌,신호위반,건조,맑음,교차로 - 교차로안,기타불명,기타불명,기타불명,기타불명,승용,여,22세,경상
2016032900100049,2016년 3월 29일 03시,화요일,대구광역시 달서구 본리동,중상사고,0,1,0,0,차대차 - 측면충돌,안전운전불이행,건조,맑음,기타 - 기타,승용,남,42세,상해없음,이륜,남,33세,중상
2016032900100073,2016년 3월 29일 06시,화요일,대구광역시 수성구 파동,사망사고,1,0,0,0,차량단독 - 전도전복,안전운전불이행,건조,맑음,미분류 - 미분류,승용,여,62세,사망,,,,
2016032900100074,2016년 3월 29일 06시,화요일,대구광역시 북구 매천동,경상사고,0,0,1,0,차대차 - 측면충돌,직진우회전진행방해,건조,맑음,교차로 - 교차로안,이륜,남,26세,경상,화물,남,60세,상해없음
2016032900100096,2016년 3월 29일 07시,화요일,대구광역시 수성구 황금동,경상사고,0,0,1,0,차대차 - 측면충돌,교차로운행방법위반,건조,맑음,교차로 - 교차로안,승용,여,48세,상해없음,자전거,남,16세,경상
2016032900100097,2016년 3월 29일 07시,화요일,대구광역시 달성군 유가면,중상사고,0,1,0,0,차량단독 - 전도전복,안전운전불이행,건조,맑음,교차로 - 교차로안,원동기,남,74세,중상,,,,
2016032900100128,2016년 3월 29일 08시,화요일,대구광역시 수성구 상동,중상사고,0,1,0,0,차대차 - 정면충돌,신호위반,건조,맑음,교차로 - 교차로안,승용,여,33세,상해없음,승용,남,59세,중상
2016032900100129,2016년 3월 29일 08시,화요일,대구광역시 중구 대신동,중상사고,0,1,0,0,차대차 - 측면충돌,교차로운행방법위반,건조,맑음,교차로 - 교차로부근,화물,남,79세,상해없음,자전거,남,64세,중상
2016032900100154,2016년 3월 29일 09시,화요일,대구광역시 달서구 상인동,경상사고,0,0,2,0,차대차 - 측면충돌,교차로운행방법위반,건조,맑음,교차로 - 교차로부근,승용,남,55세,경상,승용,여,45세,경상
2016032900100169,2016년 3월 29일 10시,화요일,대구광역시 동구 입석동,중상사고,0,1,0,0,차대사람 - 횡단중,기타,건조,맑음,단일로 - 기타,승용,남,71세,상해없음,보행자,여,71세,중상
2016032900100170,2016년 3월 29일 10시,화요일,대구광역시 수성구 지산동,중상사고,0,1,2,0,차대차 - 정면충돌,중앙선침범,건조,맑음,단일로 - 기타,승용,여,39세,경상,승용,남,64세,경상
2016032900100172,2016년 3월 29일 10시,화요일,대구광역시 달서구 이곡동,경상사고,0,0,1,0,차대차 - 기타,차로위반,건조,맑음,단일로 - 기타,승용,남,55세,상해없음,이륜,남,29세,경상
2016032900100173,2016년 3월 29일 10시,화요일,대구광역시 달서구 호산동,중상사고,0,1,1,0,차대차 - 측면충돌,교차로운행방법위반,건조,맑음,교차로 - 교차로안,승용,남,26세,경상,승용,남,45세,중상
2016032900100174,2016년 3월 29일 10시,화요일,대구광역시 북구 태전동,중상사고,0,1,0,0,차대차 - 측면충돌,안전운전불이행,건조,맑음,단일로 - 기타,승용,남,48세,상해없음,이륜,남,82세,중상
2016032900100202,2016년 3월 29일 11시,화요일,대구광역시 동구 용계동,경상사고,0,0,1,0,차량단독 - 전도전복,안전운전불이행,건조,맑음,단일로 - 기타,승용,남,76세,상해없음,,,,
2016032900100203,2016년 3월 29일 11시,화요일,대구광역시 서구 평리동,경상사고,0,0,1,0,차대사람 - 기타,안전운전불이행,건조,맑음,단일로 - 기타,화물,남,65세,상해없음,보행자,여,82세,경상
2016032900100246,2016년 3월 29일 13시,화요일,대구광역시 수성구 만촌동,경상사고,0,0,2,0,차대차 - 측면충돌,안전거리미확보,건조,맑음,단일로 - 기타,승용,남,63세,기타불명,승용,남,76세,경상
2016032900100247,2016년 3월 29일 13시,화요일,대구광역시 달서구 호산동,경상사고,0,0,2,0,차대차 - 측면충돌,교차로운행방법위반,건조,맑음,교차로 - 교차로안,승용,여,28세,경상,승용,남,47세,상해없음
2016032900100307,2016년 3월 29일 15시,화요일,대구광역시 동구 신암동,경상사고,0,0,1,0,차대사람 - 기타,안전운전불이행,건조,맑음,단일로 - 기타,승용,남,74세,상해없음,보행자,여,11세,경상
2016032900100308,2016년 3월 29일 15시,화요일,대구광역시 중구 서문로2가,경상사고,0,0,1,0,차대차 - 정면충돌,중앙선침범,건조,맑음,교차로 - 교차로부근,승용,남,52세,상해없음,승용,남,29세,경상
2016032900100309,2016년 3월 29일 15시,화요일,대구광역시 중구 대봉동,중상사고,0,1,2,1,차대차 - 측면직각충돌,안전운전불이행,건조,맑음,단일로 - 기타,승용,남,48세,상해없음,승용,여,57세,경상
2016032900100339,2016년 3월 29일 16시,화요일,대구광역시 남구 봉덕동,경상사고,0,0,1,0,차대차 - 측면충돌,교차로운행방법위반,건조,맑음,교차로 - 교차로안,승용,여,37세,상해없음,원동기,남,47세,경상
2016032900100340,2016년 3월 29일 16시,화요일,대구광역시 서구 평리동,경상사고,0,0,2,0,차대차 - 측면직각충돌,안전운전불이행,건조,맑음,단일로 - 기타,이륜,남,19세,상해없음,승용,남,22세,경상
2016032900100372,2016년 3월 29일 17시,화요일,대구광역시 남구 대명동,경상사고,0,0,1,0,차대사람 - 횡단중,안전운전불이행,건조,맑음,단일로 - 기타,승용,여,40세,상해없음,보행자,남,56세,경상
2016032900100373,2016년 3월 29일 17시,화요일,대구광역시 달서구 본동,중상사고,0,1,0,0,차량단독 - 전도전복,안전운전불이행,건조,맑음,단일로 - 기타,자전거,여,68세,중상,,,,
2016032900100374,2016년 3월 29일 17시,화요일,대구광역시 달서구 죽전동,경상사고,0,0,1,0,차대차 - 정면충돌,안전운전불이행,건조,맑음,단일로 - 기타,승용,남,51세,상해없음,이륜,남,18세,경상
2016032900100413,2016년 3월 29일 18시,화요일,대구광역시 남구 봉덕동,중상사고,0,1,0,0,차대차 - 기타,안전운전불이행,건조,맑음,단일로 - 기타,원동기,남,24세,상해없음,승합,남,56세,상해없음
2016032900100414,2016년 3월 29일 18시,화요일,대구광역시 동구 지저동,중상사고,0,1,0,0,차대차 - 측면충돌,교차로운행방법위반,건조,맑음,교차로 - 교차로안,승용,남,51세,기타불명,승용,남,51세,중상
2016032900100415,2016년 3월 29일 18시,화요일,대구광역시 달성군 구지면,경상사고,0,0,1,0,차대차 - 정면충돌,안전운전불이행,건조,맑음,교차로 - 교차로부근,원동기,남,56세,경상,승용,남,40세,상해없음
2016032900100416,2016년 3월 29일 18시,화요일,대구광역시 달성군 화원읍,경상사고,0,0,1,0,차대차 - 측면직각충돌,기타,건조,맑음,단일로 - 기타,기타불명,기타불명,기타불명,기타불명,자전거,여,12세,경상
2016032900100417,2016년 3월 29일 18시,화요일,대구광역시 서구 이현동,경상사고,0,0,1,0,차대차 - 측면충돌,안전운전불이행,건조,맑음,단일로 - 기타,화물,남,50세,상해없음,화물,남,69세,경상
2016032900100418,2016년 3월 29일 18시,화요일,대구광역시 달서구 두류동,경상사고,0,0,1,0,차대사람 - 횡단중,안전운전불이행,건조,맑음,기타 - 기타,승용,여,45세,상해없음,보행자,남,4세,경상
2016032900100452,2016년 3월 29일 19시,화요일,대구광역시 남구 대명동,부상신고사고,0,0,0,1,차대차 - 측면직각충돌,안전운전불이행,건조,맑음,단일로 - 기타,원동기,남,24세,부상신고,승용,남,45세,상해없음
2016032900100453,2016년 3월 29일 19시,화요일,대구광역시 수성구 범어동,경상사고,0,0,1,0,차대차 - 측면충돌,안전거리미확보,건조,맑음,단일로 - 기타,승용,남,42세,상해없음,승용,여,42세,경상
2016032900100454,2016년 3월 29일 19시,화요일,대구광역시 수성구 황금동,경상사고,0,0,4,0,차대차 - 추돌,안전운전불이행,건조,맑음,단일로 - 기타,승용,여,26세,상해없음,승용,여,65세,경상
2016032900100455,2016년 3월 29일 19시,화요일,대구광역시 수성구 만촌동,부상신고사고,0,0,0,1,차대차 - 측면충돌,안전운전불이행,건조,맑음,교차로 - 교차로안,자전거,남,9세,부상신고,승용,남,36세,상해없음
2016032900100456,2016년 3월 29일 19시,화요일,대구광역시 달성군 화원읍,경상사고,0,0,1,0,차대사람 - 횡단중,신호위반,건조,맑음,단일로 - 횡단보도상,승용,남,65세,상해없음,보행자,남,6세,경상
2016032900100457,2016년 3월 29일 19시,화요일,대구광역시 중구 포정동,중상사고,0,3,3,0,차대차 - 정면충돌,안전운전불이행,건조,맑음,교차로 - 교차로부근,승용,여,25세,상해없음,승용,남,65세,경상
2016032900100485,2016년 3월 29일 20시,화요일,대구광역시 달성군 옥포면,경상사고,0,0,1,0,차대차 - 측면충돌,안전운전불이행,건조,맑음,단일로 - 기타,승용,남,32세,상해없음,이륜,남,22세,경상
2016032900100514,2016년 3월 29일 21시,화요일,대구광역시 동구 효목동,경상사고,0,0,1,0,차대차 - 측면충돌,안전거리미확보,건조,맑음,단일로 - 기타,승용,남,41세,상해없음,이륜,남,20세,상해없음
2016032900100537,2016년 3월 29일 22시,화요일,대구광역시 수성구 지산동,중상사고,0,1,0,0,차대차 - 추돌,안전운전불이행,건조,맑음,단일로 - 기타,승용,여,42세,상해없음,자전거,남,61세,중상
2016032900100538,2016년 3월 29일 22시,화요일,대구광역시 달서구 상인동,경상사고,0,0,1,0,차대사람 - 기타,안전운전불이행,건조,맑음,단일로 - 횡단보도부근,승용,남,20세,상해없음,보행자,남,50세,경상
2016032900100567,2016년 3월 29일 23시,화요일,대구광역시 동구 검사동,경상사고,0,0,2,0,차대차 - 측면충돌,안전거리미확보,건조,맑음,단일로 - 기타,승용,남,64세,경상,승용,남,46세,경상
2016033000100019,2016년 3월 30일 01시,수요일,대구광역시 동구 대림동,경상사고,0,0,1,0,차대차 - 추돌,안전운전불이행,건조,맑음,교차로 - 교차로부근,승용,남,28세,상해없음,승용,남,30세,경상
2016033000100020,2016년 3월 30일 01시,수요일,대구광역시 동구 신암동,경상사고,0,0,3,0,차대차 - 측면충돌,중앙선침범,건조,맑음,단일로 - 기타,승용,남,25세,상해없음,승용,남,60세,경상
2016033000100045,2016년 3월 30일 05시,수요일,대구광역시 남구 이천동,중상사고,0,1,0,0,차대차 - 기타,불법유턴,건조,맑음,교차로 - 교차로부근,자전거,남,59세,중상,화물,남,40세,상해없음
2016033000100081,2016년 3월 30일 07시,수요일,대구광역시 동구 신기동,경상사고,0,0,1,0,차대차 - 측면직각충돌,안전운전불이행,건조,맑음,단일로 - 기타,승용,여,57세,상해없음,자전거,여,64세,경상
2016033000100082,2016년 3월 30일 07시,수요일,대구광역시 달서구 호산동,경상사고,0,0,1,0,차대차 - 기타,신호위반,건조,맑음,교차로 - 교차로안,승용,여,40세,상해없음,승용,여,54세,경상
2016033000100083,2016년 3월 30일 07시,수요일,대구광역시 북구 노곡동,경상사고,0,0,1,0,차대차 - 측면충돌,안전운전불이행,건조,맑음,단일로 - 기타,이륜,남,77세,경상,화물,남,39세,상해없음
2016033000100113,2016년 3월 30일 08시,수요일,대구광역시 달서구 진천동,중상사고,0,1,0,0,차대사람 - 횡단중,보행자보호의무위반,건조,맑음,단일로 - 횡단보도상,승용,여,22세,상해없음,보행자,여,20세,중상
2016033000100114,2016년 3월 30일 08시,수요일,대구광역시 북구 구암동,부상신고사고,0,0,0,1,차대차 - 측면충돌,직진우회전진행방해,건조,맑음,교차로 - 교차로안,승용,남,37세,상해없음,자전거,남,13세,부상신고
2016033000100154,2016년 3월 30일 09시,수요일,대구광역시 남구 봉덕동,경상사고,0,0,1,0,차대차 - 기타,안전운전불이행,건조,맑음,교차로 - 교차로부근,화물,남,37세,상해없음,이륜,남,39세,경상
2016033000100192,2016년 3월 30일 10시,수요일,대구광역시 서구 내당동,중상사고,0,2,0,0,차대차 - 측면직각충돌,신호위반,건조,맑음,교차로 - 교차로안,특수,남,48세,상해없음,화물,남,64세,중상
2016033000100215,2016년 3월 30일 11시,수요일,대구광역시 서구 이현동,경상사고,0,0,1,0,차대차 - 측면충돌,안전거리미확보,건조,맑음,단일로 - 기타,화물,남,35세,상해없음,승용,남,57세,경상
2016033000100216,2016년 3월 30일 11시,수요일,대구광역시 중구 대신동,경상사고,0,0,1,0,차대차 - 측면직각충돌,안전거리미확보,건조,맑음,단일로 - 기타,이륜,여,57세,경상,승용,여,67세,상해없음
2016033000100217,2016년 3월 30일 11시,수요일,대구광역시 달서구 이곡동,경상사고,0,0,1,0,차대차 - 측면충돌,신호위반,건조,맑음,교차로 - 교차로안,승용,남,55세,상해없음,승합,남,25세,경상
2016033000100218,2016년 3월 30일 11시,수요일,대구광역시 북구 읍내동,중상사고,0,1,0,0,차대사람 - 기타,기타,건조,맑음,단일로 - 기타,승합,남,50세,상해없음,보행자,여,50세,중상
2016033000100245,2016년 3월 30일 12시,수요일,대구광역시 북구 침산동,중상사고,0,1,0,0,차대차 - 측면충돌,안전운전불이행,건조,맑음,단일로 - 기타,화물,남,44세,상해없음,자전거,여,66세,중상
2016033000100246,2016년 3월 30일 12시,수요일,대구광역시 북구 산격동,경상사고,0,0,1,0,차대차 - 측면충돌,안전운전불이행,건조,맑음,단일로 - 기타,승용,여,43세,상해없음,원동기,남,52세,경상
2016033000100247,2016년 3월 30일 12시,수요일,대구광역시 중구 남산동,경상사고,0,0,1,0,차대차 - 측면충돌,안전거리미확보,건조,맑음,교차로 - 교차로부근,승용,여,43세,상해없음,이륜,남,20세,경상
2016033000100280,2016년 3월 30일 13시,수요일,대구광역시 달성군 하빈면,중상사고,0,1,0,0,차대차 - 추돌,안전운전불이행,건조,맑음,단일로 - 기타,화물,남,62세,상해없음,자전거,남,68세,중상
2016033000100355,2016년 3월 30일 15시,수요일,대구광역시 남구 봉덕동,경상사고,0,0,3,0,차대차 - 정면충돌,안전운전불이행,건조,맑음,교차로 - 교차로부근,승용,여,40세,상해없음,승용,여,40세,경상
2016033000100394,2016년 3월 30일 16시,수요일,대구광역시 달서구 두류동,경상사고,0,0,1,0,차대사람 - 횡단중,안전운전불이행,건조,맑음,단일로 - 기타,승용,여,28세,상해없음,보행자,여,57세,경상
2016033000100428,2016년 3월 30일 17시,수요일,대구광역시 남구 대명동,경상사고,0,0,2,0,차대차 - 측면충돌,신호위반,건조,맑음,단일로 - 기타,승용,여,44세,상해없음,승용,여,51세,경상
2016033000100429,2016년 3월 30일 17시,수요일,대구광역시 수성구 신매동,경상사고,0,0,1,0,차대차 - 측면직각충돌,안전거리미확보,건조,맑음,단일로 - 기타,승용,여,38세,상해없음,승용,여,46세,경상
2016033000100463,2016년 3월 30일 18시,수요일,대구광역시 동구 신암동,경상사고,0,0,1,1,차대차 - 측면직각충돌,안전운전불이행,건조,맑음,교차로 - 교차로안,이륜,남,65세,부상신고,승용,남,66세,경상
2016033000100464,2016년 3월 30일 18시,수요일,대구광역시 북구 복현동,경상사고,0,0,1,0,차대차 - 기타,안전운전불이행,건조,맑음,단일로 - 기타,이륜,남,17세,상해없음,승합,남,55세,상해없음
2016033000100465,2016년 3월 30일 18시,수요일,대구광역시 북구 침산동,중상사고,0,1,0,0,차대차 - 측면충돌,신호위반,건조,맑음,교차로 - 교차로부근,화물,남,71세,상해없음,자전거,남,50세,중상
2016033000100495,2016년 3월 30일 19시,수요일,대구광역시 달서구 상인동,경상사고,0,0,1,0,차대차 - 기타,차로위반,건조,맑음,단일로 - 기타,승합,남,62세,상해없음,승합,남,41세,상해없음
2016033000100496,2016년 3월 30일 19시,수요일,대구광역시 달서구 용산동,경상사고,0,0,1,0,차대차 - 측면충돌,안전운전불이행,건조,맑음,단일로 - 기타,이륜,남,20세,경상,승용,남,63세,상해없음
2016033000100521,2016년 3월 30일 20시,수요일,대구광역시 동구 효목동,경상사고,0,0,1,0,차대차 - 기타,기타,건조,맑음,단일로 - 기타,승용,남,49세,상해없음,이륜,여,48세,경상
2016033000100577,2016년 3월 30일 22시,수요일,대구광역시 남구 대명동,경상사고,0,0,2,1,차대차 - 추돌,안전거리미확보,건조,맑음,단일로 - 기타,승용,여,38세,경상,승용,남,33세,경상
2016033000100578,2016년 3월 30일 22시,수요일,대구광역시 수성구 범물동,중상사고,0,1,0,0,차대차 - 추돌,안전운전불이행,건조,맑음,단일로 - 기타,승용,남,29세,상해없음,이륜,여,47세,중상
2016033000100579,2016년 3월 30일 22시,수요일,대구광역시 달서구 감삼동,경상사고,0,0,2,1,차대차 - 측면충돌,안전운전불이행,건조,맑음,단일로 - 기타,승용,남,65세,부상신고,승용,남,37세,경상
2016033000100599,2016년 3월 30일 23시,수요일,대구광역시 수성구 중동,경상사고,0,0,1,0,차대차 - 측면충돌,안전운전불이행,건조,맑음,단일로 - 기타,승용,기타불명,기타불명,기타불명,자전거,남,22세,경상
2016033100100037,2016년 3월 31일 04시,목요일,대구광역시 수성구 두산동,경상사고,0,0,1,0,차대차 - 정면충돌,안전운전불이행,건조,맑음,교차로 - 교차로부근,승용,남,21세,상해없음,승용,남,28세,경상
2016033100100038,2016년 3월 31일 04시,목요일,대구광역시 북구 매천동,경상사고,0,0,2,0,차대차 - 추돌,안전운전불이행,건조,맑음,교차로 - 교차로부근,승용,여,52세,경상,승용,남,62세,경상
2016033100100079,2016년 3월 31일 07시,목요일,대구광역시 북구 노원동2가,사망사고,1,0,0,0,차대사람 - 기타,안전운전불이행,건조,맑음,단일로 - 기타,승용,남,34세,상해없음,보행자,남,64세,사망
2016033100100080,2016년 3월 31일 07시,목요일,대구광역시 서구 내당동,경상사고,0,0,1,0,차대차 - 추돌,안전거리미확보,건조,맑음,단일로 - 기타,승용,남,31세,기타불명,승용,여,31세,경상
2016033100100081,2016년 3월 31일 07시,목요일,대구광역시 달서구 본리동,경상사고,0,0,1,0,차대차 - 측면충돌,교차로운행방법위반,건조,맑음,교차로 - 교차로안,승용,여,34세,상해없음,이륜,남,72세,경상
2016033100100114,2016년 3월 31일 08시,목요일,대구광역시 달서구 호산동,경상사고,0,0,1,1,차대차 - 측면충돌,안전운전불이행,건조,맑음,교차로 - 교차로부근,승용,여,37세,부상신고,승용,남,69세,경상
2016033100100143,2016년 3월 31일 09시,목요일,대구광역시 수성구 시지동,부상신고사고,0,0,0,1,차대차 - 측면충돌,안전운전불이행,건조,맑음,단일로 - 기타,승용,남,35세,상해없음,승용,여,40세,부상신고
2016033100100176,2016년 3월 31일 10시,목요일,대구광역시 수성구 욱수동,경상사고,0,0,1,0,차대차 - 측면충돌,안전운전불이행,건조,맑음,단일로 - 기타,승용,남,31세,상해없음,승용,남,63세,경상
2016033100100177,2016년 3월 31일 10시,목요일,대구광역시 북구 노원동2가,부상신고사고,0,0,0,1,차대차 - 측면충돌,직진우회전진행방해,건조,맑음,교차로 - 교차로안,승용,남,49세,상해없음,화물,남,54세,상해없음
2016033100100202,2016년 3월 31일 11시,목요일,대구광역시 북구 금호동,경상사고,0,0,1,0,차대차 - 기타,중앙선침범,건조,맑음,단일로 - 기타,승용,남,63세,상해없음,승용,남,34세,경상
2016033100100205,2016년 3월 31일 11시,목요일,대구광역시 서구 이현동,경상사고,0,0,1,1,차대차 - 측면충돌,차로위반,건조,맑음,단일로 - 기타,승용,여,33세,부상신고,승용,남,42세,경상
2016033100100253,2016년 3월 31일 13시,목요일,대구광역시 서구 평리동,경상사고,0,0,1,0,차대차 - 추돌,안전운전불이행,건조,맑음,단일로 - 기타,이륜,남,17세,경상,이륜,남,38세,상해없음
2016033100100254,2016년 3월 31일 13시,목요일,대구광역시 서구 비산동,경상사고,0,0,1,0,차대차 - 추돌,안전운전불이행,건조,맑음,교차로 - 교차로부근,승용,여,34세,상해없음,승용,남,30세,경상
2016033100100277,2016년 3월 31일 14시,목요일,대구광역시 남구 대명동,경상사고,0,0,1,0,차대차 - 정면충돌,교차로운행방법위반,건조,맑음,교차로 - 교차로안,승용,남,44세,상해없음,이륜,남,24세,경상
2016033100100278,2016년 3월 31일 14시,목요일,대구광역시 달서구 용산동,경상사고,0,0,1,0,차대차 - 추돌,안전거리미확보,건조,맑음,교차로 - 교차로부근,승용,남,62세,상해없음,승용,여,54세,경상
2016033100100314,2016년 3월 31일 15시,목요일,대구광역시 남구 봉덕동,경상사고,0,0,1,0,차대차 - 기타,안전운전불이행,건조,맑음,기타 - 기타,승용,여,30세,상해없음,승용,남,29세,경상
2016033100100316,2016년 3월 31일 15시,목요일,대구광역시 서구 내당동,경상사고,0,0,1,0,차대차 - 측면충돌,안전운전불이행,건조,맑음,단일로 - 기타,승용,여,40세,상해없음,이륜,남,67세,경상
2016033100100350,2016년 3월 31일 16시,목요일,대구광역시 동구 방촌동,경상사고,0,0,1,0,차대차 - 측면충돌,안전운전불이행,건조,맑음,단일로 - 기타,자전거,남,53세,경상,화물,남,61세,상해없음
2016033100100351,2016년 3월 31일 16시,목요일,대구광역시 중구 달성동,중상사고,0,1,0,0,차대차 - 정면충돌,안전운전불이행,건조,맑음,교차로 - 교차로안,이륜,남,17세,상해없음,이륜,남,49세,상해없음
2016033100100352,2016년 3월 31일 16시,목요일,대구광역시 중구 대신동,경상사고,0,0,1,1,차대차 - 정면충돌,안전거리미확보,건조,맑음,교차로 - 교차로부근,승용,여,41세,부상신고,승용,남,63세,경상
2016033100100353,2016년 3월 31일 16시,목요일,대구광역시 북구 구암동,경상사고,0,0,1,0,차대차 - 측면충돌,안전운전불이행,건조,맑음,단일로 - 기타,승용,남,65세,상해없음,승용,남,28세,경상
2016033100100385,2016년 3월 31일 17시,목요일,대구광역시 남구 대명동,중상사고,0,1,0,0,차대차 - 정면충돌,안전운전불이행,건조,맑음,교차로 - 교차로부근,승용,여,38세,상해없음,이륜,남,21세,중상
2016033100100386,2016년 3월 31일 17시,목요일,대구광역시 남구 대명동,경상사고,0,0,1,0,차대사람 - 기타,기타,건조,맑음,단일로 - 기타,승합,남,51세,상해없음,보행자,여,51세,경상
2016033100100387,2016년 3월 31일 17시,목요일,대구광역시 북구 노원동3가,부상신고사고,0,0,0,1,차대차 - 측면충돌,교차로운행방법위반,건조,맑음,교차로 - 교차로안,원동기,남,62세,상해없음,원동기,남,49세,상해없음
2016033100100388,2016년 3월 31일 17시,목요일,대구광역시 북구 읍내동,경상사고,0,0,2,0,차대차 - 측면직각충돌,안전거리미확보,건조,맑음,단일로 - 기타,승용,여,22세,상해없음,승용,남,34세,경상