사고번호,사고일시,요일,시군구,사고내용,사망자수,중상자수,경상자수,부상신고자수,사고유형,법규위반,노면상태,기상상태,도로형태,가해운전자 차종,가해운전자 성별,가해운전자 연령,가해운전자 상해정도,피해운전자 차종,피해운전자 성별,피해운전자 연령,피해운전자 상해정도
2016040400100071,2016년 4월 4일 06시,월요일,대구광역시 서구 내당동,경상사고,0,0,1,0,차대차 - 추돌,안전운전불이행,습기,흐림,교차로 - 교차로부근,승용,남,23세,상해없음,승용,남,25세,경상
2016040400100072,2016년 4월 4일 06시,월요일,대구광역시 북구 국우동,중상사고,0,1,0,0,차대사람 - 기타,안전운전불이행,습기,흐림,단일로 - 기타,승용,남,55세,상해없음,보행자,여,79세,중상
2016040400100147,2016년 4월 4일 08시,월요일,대구광역시 수성구 시지동,경상사고,0,0,1,1,차대차 - 측면직각충돌,안전운전불이행,건조,기타,기타 - 기타,승용,여,49세,부상신고,승용,여,30세,경상
2016040400100148,2016년 4월 4일 08시,월요일,대구광역시 달서구 상인동,경상사고,0,0,1,0,차대차 - 측면충돌,안전거리미확보,습기,흐림,단일로 - 기타,승용,남,73세,상해없음,승용,남,39세,경상
2016040400100149,2016년 4월 4일 08시,월요일,대구광역시 북구 학정동,중상사고,0,1,0,0,차대사람 - 길가장자리구역통행중,안전운전불이행,습기,흐림,단일로 - 기타,승용,여,37세,상해없음,보행자,남,11세,중상
2016040400100200,2016년 4월 4일 09시,월요일,대구광역시 수성구 삼덕동,중상사고,0,1,1,0,차대차 - 추돌,안전운전불이행,건조,맑음,단일로 - 기타,승용,여,58세,상해없음,승용,여,59세,중상
2016040400100236,2016년 4월 4일 10시,월요일,대구광역시 동구 신암동,경상사고,0,0,3,0,차대차 - 측면충돌,교차로운행방법위반,건조,맑음,교차로 - 교차로안,승용,남,67세,경상,승합,남,54세,상해없음
2016040400100295,2016년 4월 4일 12시,월요일,대구광역시 북구 태전동,중상사고,0,1,0,0,차대사람 - 차도통행중,안전운전불이행,건조,맑음,단일로 - 기타,승용,남,66세,상해없음,보행자,남,66세,중상
2016040400100318,2016년 4월 4일 13시,월요일,대구광역시 수성구 중동,경상사고,0,0,2,0,차대차 - 정면충돌,안전운전불이행,건조,맑음,교차로 - 교차로부근,승용,남,59세,기타불명,승용,여,41세,경상
2016040400100319,2016년 4월 4일 13시,월요일,대구광역시 달서구 송현동,경상사고,0,0,1,0,차대차 - 측면충돌,안전운전불이행,건조,맑음,교차로 - 교차로안,이륜,남,25세,경상,승용,남,28세,상해없음
2016040400100356,2016년 4월 4일 14시,월요일,대구광역시 중구 동인동2가,중상사고,0,1,0,0,차대차 - 측면충돌,신호위반,건조,맑음,교차로 - 교차로안,승용,남,67세,상해없음,자전거,여,22세,중상
2016040400100416,2016년 4월 4일 16시,월요일,대구광역시 수성구 만촌동,경상사고,0,0,2,0,차대사람 - 길가장자리구역통행중,안전운전불이행,건조,맑음,단일로 - 기타,승용,남,36세,상해없음,보행자,남,14세,경상
2016040400100417,2016년 4월 4일 16시,월요일,대구광역시 북구 칠성동1가,중상사고,0,1,0,0,차대차 - 기타,안전운전불이행,건조,맑음,단일로 - 기타,승용,남,57세,상해없음,이륜,남,34세,상해없음
2016040400100418,2016년 4월 4일 16시,월요일,대구광역시 서구 평리동,경상사고,0,0,2,0,차대차 - 측면충돌,안전거리미확보,건조,맑음,단일로 - 기타,화물,남,60세,상해없음,승용,남,27세,경상
2016040400100419,2016년 4월 4일 16시,월요일,대구광역시 중구 동인동3가,중상사고,0,1,0,0,차대사람 - 보도통행중,기타,건조,맑음,기타 - 기타,승합,남,51세,상해없음,보행자,여,82세,중상
2016040400100470,2016년 4월 4일 17시,월요일,대구광역시 동구 동호동,경상사고,0,0,1,0,차대차 - 측면충돌,안전운전불이행,건조,맑음,단일로 - 기타,승합,남,57세,상해없음,승용,여,36세,경상
2016040400100471,2016년 4월 4일 17시,월요일,대구광역시 중구 수동,중상사고,0,1,0,0,차대차 - 측면충돌,교차로운행방법위반,건조,맑음,교차로 - 교차로안,승용,여,42세,상해없음,자전거,남,75세,중상
2016040400100506,2016년 4월 4일 18시,월요일,대구광역시 서구 중리동,중상사고,0,1,0,0,차대차 - 기타,신호위반,건조,맑음,교차로 - 교차로안,승용,남,29세,상해없음,승용,남,33세,중상
2016040400100507,2016년 4월 4일 18시,월요일,대구광역시 서구 평리동,중상사고,0,1,0,0,차량단독 - 기타,기타,건조,맑음,단일로 - 기타,승합,남,53세,상해없음,,,,
2016040400100534,2016년 4월 4일 19시,월요일,대구광역시 동구 각산동,경상사고,0,0,1,0,차대차 - 측면충돌,안전운전불이행,건조,맑음,교차로 - 교차로안,승용,여,46세,상해없음,이륜,남,29세,경상
2016040400100535,2016년 4월 4일 19시,월요일,대구광역시 북구 구암동,중상사고,0,1,0,0,차대사람 - 횡단중,보행자보호의무위반,건조,맑음,단일로 - 횡단보도상,승용,남,53세,상해없음,보행자,여,69세,중상
2016040400100574,2016년 4월 4일 20시,월요일,대구광역시 동구 동호동,경상사고,0,0,2,0,차대차 - 추돌,안전거리미확보,건조,맑음,교차로 - 교차로부근,승용,남,73세,상해없음,승용,여,30세,경상
2016040400100575,2016년 4월 4일 20시,월요일,대구광역시 북구 대현동,경상사고,0,0,2,0,차대차 - 측면충돌,교차로운행방법위반,건조,흐림,교차로 - 교차로안,승용,남,36세,상해없음,이륜,남,24세,경상
2016040400100641,2016년 4월 4일 23시,월요일,대구광역시 달서구 월암동,경상사고,0,0,1,0,차량단독 - 전도전복,안전운전불이행,건조,맑음,단일로 - 기타,승용,여,30세,경상,,,,
2016040500100012,2016년 4월 5일 00시,화요일,대구광역시 동구 도동,중상사고,0,1,0,0,차대차 - 추돌,안전운전불이행,건조,맑음,단일로 - 기타,승용,여,27세,상해없음,승용,남,46세,중상
2016040500100024,2016년 4월 5일 01시,화요일,대구광역시 북구 동천동,경상사고,0,0,1,0,차대사람 - 횡단중,안전운전불이행,건조,맑음,단일로 - 횡단보도상,승용,여,53세,상해없음,보행자,남,20세,경상
2016040500100135,2016년 4월 5일 08시,화요일,대구광역시 수성구 수성동3가,중상사고,0,1,0,0,차대차 - 측면충돌,신호위반,건조,맑음,단일로 - 횡단보도상,승용,여,37세,상해없음,자전거,남,73세,중상
2016040500100136,2016년 4월 5일 08시,화요일,대구광역시 달성군 논공읍공단출장,중상사고,0,1,0,0,차대사람 - 횡단중,안전운전불이행,건조,맑음,교차로 - 교차로부근,승용,여,34세,상해없음,보행자,여,53세,중상
2016040500100183,2016년 4월 5일 09시,화요일,대구광역시 남구 대명동,경상사고,0,0,1,0,차대차 - 측면직각충돌,교차로운행방법위반,건조,맑음,교차로 - 교차로안,승용,여,51세,상해없음,원동기,남,64세,경상
2016040500100184,2016년 4월 5일 09시,화요일,대구광역시 달성군 화원읍,중상사고,0,1,0,0,차대차 - 추돌,기타,건조,맑음,단일로 - 기타,승용,여,47세,상해없음,승용,여,49세,기타불명
2016040500100185,2016년 4월 5일 09시,화요일,대구광역시 북구 침산동,경상사고,0,0,1,0,차대차 - 측면충돌,안전운전불이행,건조,맑음,단일로 - 기타,승용,남,69세,상해없음,승용,남,57세,경상
2016040500100186,2016년 4월 5일 09시,화요일,대구광역시 서구 비산동,경상사고,0,0,2,0,차대차 - 정면충돌,안전거리미확보,건조,맑음,단일로 - 기타,승용,남,58세,경상,승용,여,46세,상해없음
2016040500100187,2016년 4월 5일 09시,화요일,대구광역시 달서구 신당동,중상사고,0,1,2,0,차대차 - 추돌,안전운전불이행,건조,맑음,단일로 - 기타,화물,남,63세,경상,승용,남,44세,중상
2016040500100221,2016년 4월 5일 10시,화요일,대구광역시 달서구 송현동,경상사고,0,0,2,0,차대차 - 측면충돌,안전운전불이행,건조,맑음,단일로 - 기타,승용,여,31세,경상,승용,남,44세,경상
2016040500100222,2016년 4월 5일 10시,화요일,대구광역시 중구 남산동,중상사고,0,1,0,0,차대사람 - 보도통행중,중앙선침범,건조,맑음,단일로 - 기타,승용,남,39세,상해없음,보행자,여,86세,중상
2016040500100259,2016년 4월 5일 11시,화요일,대구광역시 달서구 상인동,중상사고,0,1,0,0,차량단독 - 기타,안전운전불이행,건조,맑음,단일로 - 기타,승합,남,56세,상해없음,,,,
2016040500100260,2016년 4월 5일 11시,화요일,대구광역시 달성군 화원읍,경상사고,0,0,1,0,차대사람 - 보도통행중,안전운전불이행,건조,맑음,단일로 - 횡단보도부근,승용,남,40세,상해없음,보행자,여,40세,경상
2016040500100261,2016년 4월 5일 11시,화요일,대구광역시 북구 산격동,경상사고,0,0,4,1,차대차 - 추돌,안전운전불이행,건조,맑음,단일로 - 기타,승용,여,64세,부상신고,승용,남,21세,경상
2016040500100262,2016년 4월 5일 11시,화요일,대구광역시 서구 평리동,중상사고,0,1,0,0,차대차 - 정면충돌,차로위반,건조,맑음,단일로 - 기타,승용,남,64세,상해없음,이륜,남,44세,중상
2016040500100263,2016년 4월 5일 11시,화요일,대구광역시 중구 남산동,경상사고,0,0,3,1,차대차 - 정면충돌,안전거리미확보,건조,맑음,단일로 - 기타,승용,여,60세,부상신고,승용,남,22세,경상
2016040500100321,2016년 4월 5일 13시,화요일,대구광역시 수성구 파동,경상사고,0,0,1,0,차대차 - 측면직각충돌,안전운전불이행,건조,맑음,교차로 - 교차로부근,승용,여,66세,상해없음,자전거,남,78세,경상
2016040500100322,2016년 4월 5일 13시,화요일,대구광역시 달서구 도원동,경상사고,0,0,6,0,차대차 - 추돌,안전거리미확보,건조,맑음,단일로 - 기타,화물,남,44세,상해없음,승용,남,55세,경상
2016040500100323,2016년 4월 5일 13시,화요일,대구광역시 북구 읍내동,부상신고사고,0,0,0,1,차대사람 - 횡단중,신호위반,건조,맑음,교차로 - 교차로부근,승용,남,73세,상해없음,보행자,남,67세,부상신고
2016040500100351,2016년 4월 5일 14시,화요일,대구광역시 동구 율암동,경상사고,0,0,2,0,차대차 - 기타,직진우회전진행방해,건조,맑음,교차로 - 교차로안,승용,남,30세,경상,화물,남,41세,경상
2016040500100352,2016년 4월 5일 14시,화요일,대구광역시 수성구 수성동4가,중상사고,0,1,2,0,차대차 - 측면충돌,신호위반,건조,맑음,교차로 - 교차로안,승용,여,47세,경상,이륜,남,49세,중상
2016040500100353,2016년 4월 5일 14시,화요일,대구광역시 달서구 두류동,중상사고,0,1,1,0,차대차 - 측면충돌,안전운전불이행,건조,맑음,교차로 - 교차로안,승용,여,30세,경상,화물,남,53세,중상
2016040500100385,2016년 4월 5일 15시,화요일,대구광역시 달서구 상인동,사망사고,1,0,0,0,차대사람 - 횡단중,보행자보호의무위반,건조,맑음,교차로 - 교차로안,승용,남,24세,상해없음,보행자,남,74세,사망
2016040500100429,2016년 4월 5일 16시,화요일,대구광역시 남구 대명동,부상신고사고,0,0,0,1,차대차 - 측면충돌,안전운전불이행,건조,맑음,단일로 - 기타,자전거,남,56세,부상신고,승용,여,49세,상해없음
2016040500100430,2016년 4월 5일 16시,화요일,대구광역시 동구 신서동,부상신고사고,0,0,0,1,차대차 - 측면직각충돌,안전운전불이행,건조,맑음,교차로 - 교차로부근,기타불명,기타불명,기타불명,기타불명,자전거,여,53세,부상신고
2016040500100431,2016년 4월 5일 16시,화요일,대구광역시 수성구 만촌동,경상사고,0,0,1,1,차대차 - 측면직각충돌,교차로운행방법위반,건조,맑음,교차로 - 교차로안,건설기계,남,41세,상해없음,승용,남,44세,경상
2016040500100432,2016년 4월 5일 16시,화요일,대구광역시 수성구 수성동1가,경상사고,0,0,2,0,차대차 - 측면충돌,직진우회전진행방해,건조,맑음,단일로 - 기타,승합,남,56세,상해없음,승합,남,53세,경상
2016040500100474,2016년 4월 5일 17시,화요일,대구광역시 달서구 진천동,경상사고,0,0,1,0,차대차 - 측면충돌,안전거리미확보,건조,맑음,단일로 - 기타,승용,여,35세,상해없음,이륜,남,58세,경상
2016040500100475,2016년 4월 5일 17시,화요일,대구광역시 달서구 대천동,중상사고,0,1,0,0,차대차 - 기타,안전운전불이행,건조,맑음,교차로 - 교차로안,승용,여,26세,상해없음,승용,여,34세,중상
2016040500100476,2016년 4월 5일 17시,화요일,대구광역시 북구 구암동,경상사고,0,0,1,1,차대차 - 추돌,안전운전불이행,건조,맑음,교차로 - 교차로안,이륜,남,25세,부상신고,승용,여,51세,경상
2016040500100514,2016년 4월 5일 18시,화요일,대구광역시 달서구 상인동,경상사고,0,0,1,0,차대차 - 측면충돌,안전운전불이행,건조,맑음,단일로 - 기타,자전거,남,16세,상해없음,이륜,남,23세,경상
2016040500100515,2016년 4월 5일 18시,화요일,대구광역시 서구 비산동,경상사고,0,0,1,0,차대차 - 측면충돌,안전운전불이행,건조,맑음,단일로 - 횡단보도부근,승용,남,62세,상해없음,자전거,여,54세,경상
2016040500100516,2016년 4월 5일 18시,화요일,대구광역시 서구 평리동,부상신고사고,0,0,0,1,차대차 - 정면충돌,안전운전불이행,건조,맑음,교차로 - 교차로부근,자전거,남,13세,부상신고,승용,여,24세,상해없음
2016040500100517,2016년 4월 5일 18시,화요일,대구광역시 달서구 장동,경상사고,0,0,2,0,차대차 - 측면충돌,교차로운행방법위반,건조,맑음,교차로 - 교차로안,승용,여,37세,경상,승용,남,55세,경상
2016040500100551,2016년 4월 5일 19시,화요일,대구광역시 남구 봉덕동,경상사고,0,0,3,0,차대차 - 정면충돌,신호위반,건조,맑음,교차로 - 교차로부근,승용,여,30세,상해없음,승용,남,73세,경상
2016040500100552,2016년 4월 5일 19시,화요일,대구광역시 동구 신천동,경상사고,0,0,1,0,차대차 - 추돌,안전운전불이행,건조,맑음,교차로 - 교차로부근,승용,남,62세,상해없음,승용,남,31세,경상
2016040500100553,2016년 4월 5일 19시,화요일,대구광역시 달성군 현풍면,중상사고,0,1,0,0,차대차 - 추돌,과속,건조,맑음,단일로 - 기타,승용,남,29세,상해없음,이륜,남,74세,중상
2016040500100581,2016년 4월 5일 20시,화요일,대구광역시 서구 비산동,경상사고,0,0,2,0,차대차 - 정면충돌,안전운전불이행,건조,맑음,단일로 - 기타,승합,남,64세,상해없음,원동기,남,18세,경상
2016040500100582,2016년 4월 5일 20시,화요일,대구광역시 중구 태평로2가,경상사고,0,0,1,0,차대차 - 측면충돌,신호위반,건조,맑음,교차로 - 교차로안,이륜,남,17세,상해없음,승용,남,63세,상해없음
2016040500100613,2016년 4월 5일 21시,화요일,대구광역시 달서구 호산동,경상사고,0,0,1,0,차대차 - 기타,안전운전불이행,건조,맑음,교차로 - 교차로부근,승용,남,47세,상해없음,승용,남,27세,경상
2016040500100638,2016년 4월 5일 22시,화요일,대구광역시 서구 비산동,경상사고,0,0,2,0,차대차 - 기타,교차로운행방법위반,건조,맑음,교차로 - 교차로안,승용,남,37세,상해없음,이륜,여,37세,경상
2016040500100668,2016년 4월 5일 23시,화요일,대구광역시 북구 서변동,경상사고,0,0,2,0,차대차 - 측면충돌,안전운전불이행,건조,맑음,교차로 - 교차로안,승용,남,62세,경상,승용,남,39세,경상
2016040600100013,2016년 4월 6일 00시,수요일,대구광역시 남구 대명동,경상사고,0,0,1,0,차대차 - 기타,안전운전불이행,건조,맑음,기타 - 기타,이륜,남,27세,기타불명,승용,남,53세,경상
2016040600100021,2016년 4월 6일 01시,수요일,대구광역시 달서구 본동,중상사고,0,1,2,0,차대차 - 측면충돌,신호위반,건조,맑음,교차로 - 교차로안,원동기,남,16세,경상,승용,남,52세,중상
2016040600100050,2016년 4월 6일 05시,수요일,대구광역시 서구 비산동,중상사고,0,1,0,1,차대사람 - 횡단중,신호위반,건조,맑음,단일로 - 기타,이륜,남,17세,부상신고,보행자,여,63세,중상
2016040600100062,2016년 4월 6일 06시,수요일,대구광역시 북구 노원동3가,경상사고,0,0,1,0,차대차 - 측면직각충돌,직진우회전진행방해,건조,맑음,교차로 - 교차로안,화물,남,34세,상해없음,원동기,여,68세,경상
2016040600100083,2016년 4월 6일 07시,수요일,대구광역시 달서구 진천동,경상사고,0,0,1,0,차대사람 - 횡단중,안전운전불이행,건조,맑음,교차로 - 교차로부근,승용,기타불명,기타불명,기타불명,보행자,여,14세,경상
2016040600100084,2016년 4월 6일 07시,수요일,대구광역시 중구 달성동,중상사고,0,1,0,0,차대차 - 기타,안전운전불이행,건조,맑음,단일로 - 기타,자전거,여,67세,중상,승합,남,57세,기타불명
2016040600100112,2016년 4월 6일 08시,수요일,대구광역시 북구 칠성동1가,경상사고,0,0,1,0,차대사람 - 기타,안전운전불이행,건조,맑음,단일로 - 기타,승용,여,52세,상해없음,보행자,여,82세,경상
2016040600100113,2016년 4월 6일 08시,수요일,대구광역시 달서구 이곡동,경상사고,0,0,1,0,차대차 - 측면충돌,안전운전불이행,건조,맑음,단일로 - 기타,승용,남,30세,상해없음,승용,여,42세,경상
2016040600100114,2016년 4월 6일 08시,수요일,대구광역시 달서구 감삼동,중상사고,0,1,0,0,차대차 - 측면충돌,안전운전불이행,건조,맑음,단일로 - 기타,승용,여,43세,상해없음,자전거,여,68세,중상
2016040600100115,2016년 4월 6일 08시,수요일,대구광역시 북구 구암동,경상사고,0,0,1,0,차대차 - 측면충돌,안전거리미확보,건조,맑음,교차로 - 교차로안,승용,여,42세,상해없음,승용,여,44세,경상
2016040600100146,2016년 4월 6일 09시,수요일,대구광역시 북구 노원동2가,중상사고,0,1,0,0,차대사람 - 길가장자리구역통행중,안전운전불이행,건조,맑음,단일로 - 기타,화물,남,56세,상해없음,보행자,여,60세,중상
2016040600100147,2016년 4월 6일 09시,수요일,대구광역시 북구 구암동,경상사고,0,0,1,0,차대차 - 기타,기타,건조,맑음,단일로 - 기타,승용,여,47세,상해없음,승용,남,44세,경상
2016040600100202,2016년 4월 6일 11시,수요일,대구광역시 동구 신암동,중상사고,0,1,1,0,차대차 - 측면충돌,안전거리미확보,건조,맑음,단일로 - 기타,승합,남,44세,상해없음,승용,남,39세,중상
2016040600100203,2016년 4월 6일 11시,수요일,대구광역시 달서구 감삼동,경상사고,0,0,1,0,차대사람 - 횡단중,안전운전불이행,건조,맑음,교차로 - 교차로부근,화물,남,56세,상해없음,보행자,남,48세,경상
2016040600100204,2016년 4월 6일 11시,수요일,대구광역시 북구 동천동,중상사고,0,1,0,0,차대차 - 측면충돌,안전운전불이행,건조,맑음,단일로 - 기타,승용,여,31세,상해없음,이륜,남,47세,중상
2016040600100235,2016년 4월 6일 12시,수요일,대구광역시 동구 율하동,경상사고,0,0,1,0,차대차 - 측면직각충돌,교차로운행방법위반,건조,맑음,교차로 - 교차로안,승용,남,59세,상해없음,이륜,남,44세,경상
2016040600100271,2016년 4월 6일 13시,수요일,대구광역시 달성군 현풍면,중상사고,0,1,0,0,차대사람 - 횡단중,안전운전불이행,건조,맑음,교차로 - 교차로안,승용,여,50세,상해없음,보행자,여,52세,중상
2016040600100272,2016년 4월 6일 13시,수요일,대구광역시 북구 관음동,경상사고,0,0,1,0,차량단독 - 기타,안전운전불이행,건조,맑음,단일로 - 기타,승합,남,57세,상해없음,,,,
2016040600100301,2016년 4월 6일 14시,수요일,대구광역시 서구 중리동,경상사고,0,0,1,0,차대차 - 측면충돌,신호위반,건조,맑음,교차로 - 교차로안,화물,남,61세,상해없음,승용,남,21세,경상
2016040600100302,2016년 4월 6일 14시,수요일,대구광역시 중구 남산동,중상사고,0,1,0,0,차대차 - 측면직각충돌,안전운전불이행,건조,맑음,교차로 - 교차로부근,승용,남,33세,상해없음,승용,여,48세,중상
2016040600100328,2016년 4월 6일 15시,수요일,대구광역시 동구 신암동,중상사고,0,1,0,0,차대차 - 측면충돌,안전운전불이행,건조,흐림,단일로 - 기타,승합,남,68세,상해없음,자전거,여,58세,중상
2016040600100329,2016년 4월 6일 15시,수요일,대구광역시 달성군 논공읍,부상신고사고,0,0,0,1,차대차 - 정면충돌,안전운전불이행,건조,맑음,단일로 - 기타,기타불명,기타불명,기타불명,기타불명,자전거,남,38세,부상신고
2016040600100330,2016년 4월 6일 15시,수요일,대구광역시 북구 칠성동2가,경상사고,0,0,1,0,차대사람 - 횡단중,보행자보호의무위반,건조,맑음,단일로 - 횡단보도상,승용,여,34세,상해없음,보행자,남,10세,경상
2016040600100416,2016년 4월 6일 17시,수요일,대구광역시 남구 대명동,경상사고,0,0,2,0,차대차 - 측면직각충돌,안전거리미확보,건조,맑음,단일로 - 기타,승용,여,54세,기타불명,승용,여,21세,경상
2016040600100468,2016년 4월 6일 18시,수요일,대구광역시 달서구 상인동,경상사고,0,0,1,1,차대차 - 측면충돌,안전거리미확보,습기,비,교차로 - 교차로안,이륜,남,23세,부상신고,승용,여,36세,경상
2016040600100469,2016년 4월 6일 18시,수요일,대구광역시 서구 이현동,경상사고,0,0,2,0,차대차 - 추돌,안전거리미확보,습기,비,단일로 - 기타,승용,여,40세,경상,특수,남,50세,상해없음
2016040600100512,2016년 4월 6일 19시,수요일,대구광역시 수성구 수성동1가,경상사고,0,0,1,0,차대사람 - 횡단중,안전운전불이행,습기,비,교차로 - 교차로부근,승용,남,47세,상해없음,보행자,여,15세,경상
2016040600100513,2016년 4월 6일 19시,수요일,대구광역시 달서구 대천동,경상사고,0,0,2,0,차대차 - 측면충돌,안전거리미확보,습기,비,단일로 - 기타,승용,여,60세,상해없음,승용,남,30세,경상
2016040600100514,2016년 4월 6일 19시,수요일,대구광역시 서구 비산동,경상사고,0,0,1,0,차대사람 - 기타,안전운전불이행,건조,맑음,교차로 - 교차로안,승용,남,55세,상해없음,보행자,여,15세,경상
2016040600100515,2016년 4월 6일 19시,수요일,대구광역시 달서구 호산동,경상사고,0,0,1,0,차대차 - 추돌,안전운전불이행,건조,맑음,교차로 - 교차로부근,승용,남,36세,상해없음,이륜,남,16세,경상
2016040600100516,2016년 4월 6일 19시,수요일,대구광역시 북구 태전동,경상사고,0,0,1,0,차대차 - 추돌,안전운전불이행,건조,맑음,단일로 - 기타,승용,남,30세,상해없음,승용,여,54세,경상
2016040600100556,2016년 4월 6일 20시,수요일,대구광역시 북구 노원동3가,중상사고,0,1,0,0,차대차 - 측면충돌,안전운전불이행,건조,흐림,교차로 - 교차로부근,승용,남,59세,상해없음,이륜,남,24세,중상
2016040600100557,2016년 4월 6일 20시,수요일,대구광역시 달서구 용산동,경상사고,0,0,1,0,차대차 - 측면충돌,안전운전불이행,건조,맑음,단일로 - 기타,화물,남,66세,상해없음,승용,남,56세,상해없음
2016040600100608,2016년 4월 6일 21시,수요일,대구광역시 남구 대명동,경상사고,0,0,1,0,차대차 - 측면직각충돌,안전운전불이행,습기,비,단일로 - 기타,화물,남,54세,상해없음,승용,남,60세,경상
2016040600100609,2016년 4월 6일 21시,수요일,대구광역시 중구 남산동,경상사고,0,0,1,0,차대차 - 측면직각충돌,안전운전불이행,건조,맑음,교차로 - 교차로부근,승용,남,36세,상해없음,승용,남,27세,경상
2016040600100655,2016년 4월 6일 22시,수요일,대구광역시 동구 효목동,경상사고,0,0,1,0,차대차 - 측면충돌,신호위반,습기,비,교차로 - 교차로안,승용,남,44세,상해없음,승용,남,44세,경상
2016040600100656,2016년 4월 6일 22시,수요일,대구광역시 수성구 상동,중상사고,0,1,0,0,차대사람 - 횡단중,안전운전불이행,습기,비,단일로 - 기타,승용,여,27세,상해없음,보행자,여,69세,중상
2016040600100720,2016년 4월 6일 23시,수요일,대구광역시 달서구 죽전동,경상사고,0,0,1,0,차대차 - 추돌,안전운전불이행,습기,비,단일로 - 기타,승용,여,55세,상해없음,승용,남,43세,경상
2016040700100030,2016년 4월 7일 00시,목요일,대구광역시 중구 남산동,경상사고,0,0,1,0,차대사람 - 횡단중,중앙선침범,습기,비,단일로 - 기타,승용,남,25세,상해없음,보행자,남,39세,경상
2016040700100093,2016년 4월 7일 03시,목요일,대구광역시 수성구 상동,중상사고,0,1,0,0,차대차 - 측면직각충돌,안전거리미확보,습기,비,교차로 - 교차로부근,승용,남,59세,상해없음,원동기,남,33세,중상
2016040700100094,2016년 4월 7일 03시,목요일,대구광역시 중구 서문로2가,경상사고,0,0,2,1,차대차 - 측면직각충돌,신호위반,습기,비,교차로 - 교차로안,승용,남,22세,부상신고,승합,남,50세,경상
2016040700100135,2016년 4월 7일 06시,목요일,대구광역시 남구 대명동,경상사고,0,0,2,0,차대차 - 측면충돌,교차로운행방법위반,습기,비,교차로 - 교차로안,승용,남,26세,경상,승용,남,36세,경상
2016040700100136,2016년 4월 7일 06시,목요일,대구광역시 수성구 수성동3가,중상사고,0,1,0,0,차대사람 - 차도통행중,안전운전불이행,습기,비,단일로 - 기타,승용,남,69세,상해없음,보행자,남,49세,중상
2016040700100137,2016년 4월 7일 06시,목요일,대구광역시 북구 태전동,부상신고사고,0,0,0,1,차대차 - 추돌,안전운전불이행,건조,맑음,단일로 - 기타,승용,남,23세,상해없음,승합,남,78세,부상신고
2016040700100164,2016년 4월 7일 07시,목요일,대구광역시 수성구 만촌동,경상사고,0,0,1,0,차대차 - 정면충돌,안전운전불이행,건조,맑음,단일로 - 기타,승용,남,51세,상해없음,승용,남,32세,기타불명
2016040700100165,2016년 4월 7일 07시,목요일,대구광역시 수성구 범어동,중상사고,0,1,0,0,차대사람 - 횡단중,보행자보호의무위반,건조,맑음,단일로 - 기타,승용,남,61세,상해없음,보행자,남,7세,중상
2016040700100203,2016년 4월 7일 08시,목요일,대구광역시 북구 대현동,경상사고,0,0,2,0,차대차 - 측면충돌,신호위반,습기,비,교차로 - 교차로안,승용,남,57세,상해없음,승용,남,45세,경상
2016040700100204,2016년 4월 7일 08시,목요일,대구광역시 달서구 이곡동,중상사고,0,1,0,0,차대차 - 기타,안전운전불이행,건조,맑음,교차로 - 교차로부근,승용,남,63세,상해없음,자전거,남,27세,중상
2016040700100241,2016년 4월 7일 09시,목요일,대구광역시 중구 대봉동,경상사고,0,0,1,0,차대차 - 추돌,안전운전불이행,건조,맑음,단일로 - 기타,승용,남,30세,상해없음,승용,남,25세,경상
2016040700100275,2016년 4월 7일 10시,목요일,대구광역시 수성구 수성동2가,경상사고,0,0,1,0,차대차 - 기타,안전거리미확보,습기,비,단일로 - 기타,승용,남,51세,상해없음,이륜,남,33세,경상
2016040700100276,2016년 4월 7일 10시,목요일,대구광역시 달성군 구지면,경상사고,0,0,1,0,차대차 - 측면충돌,안전운전불이행,습기,비,단일로 - 기타,화물,남,48세,상해없음,승용,남,49세,경상
2016040700100277,2016년 4월 7일 10시,목요일,대구광역시 북구 침산동,경상사고,0,0,1,0,차대차 - 추돌,안전거리미확보,습기,비,단일로 - 기타,승용,남,54세,상해없음,승용,남,64세,경상
2016040700100278,2016년 4월 7일 10시,목요일,대구광역시 달서구 감삼동,경상사고,0,0,1,0,차대차 - 측면충돌,안전운전불이행,습기,흐림,단일로 - 기타,승용,여,34세,상해없음,승용,남,29세,경상
2016040700100307,2016년 4월 7일 11시,목요일,대구광역시 남구 대명동,경상사고,0,0,1,0,차대차 - 측면충돌,안전운전불이행,건조,맑음,교차로 - 교차로부근,승용,남,44세,상해없음,승용,남,36세,경상
2016040700100308,2016년 4월 7일 11시,목요일,대구광역시 동구 검사동,경상사고,0,0,1,0,차대차 - 측면충돌,안전운전불이행,건조,맑음,단일로 - 기타,승용,여,46세,상해없음,승용,남,33세,경상
2016040700100309,2016년 4월 7일 11시,목요일,대구광역시 북구 매천동,중상사고,0,1,0,0,차대사람 - 횡단중,안전운전불이행,습기,흐림,단일로 - 기타,승용,여,57세,상해없음,보행자,남,80세,중상
2016040700100331,2016년 4월 7일 12시,목요일,대구광역시 남구 대명동,부상신고사고,0,0,0,1,차대사람 - 횡단중,안전운전불이행,습기,비,단일로 - 기타,이륜,남,27세,부상신고,보행자,남,58세,상해없음
2016040700100332,2016년 4월 7일 12시,목요일,대구광역시 동구 방촌동,중상사고,0,1,0,0,차대차 - 측면직각충돌,안전운전불이행,건조,맑음,단일로 - 기타,승용,남,49세,상해없음,자전거,여,59세,중상