사고번호,사고일시,요일,시군구,사고내용,사망자수,중상자수,경상자수,부상신고자수,사고유형,법규위반,노면상태,기상상태,도로형태,가해운전자 차종,가해운전자 성별,가해운전자 연령,가해운전자 상해정도,피해운전자 차종,피해운전자 성별,피해운전자 연령,피해운전자 상해정도
2016040700100333,2016년 4월 7일 12시,목요일,대구광역시 북구 구암동,중상사고,0,1,0,0,차대차 - 측면직각충돌,안전운전불이행,건조,맑음,교차로 - 교차로부근,승용,남,32세,기타불명,승용,여,48세,중상
2016040700100352,2016년 4월 7일 13시,목요일,대구광역시 달서구 신당동,경상사고,0,0,3,0,차대차 - 측면충돌,안전운전불이행,건조,맑음,단일로 - 기타,승용,남,58세,경상,이륜,남,24세,경상
2016040700100409,2016년 4월 7일 15시,목요일,대구광역시 수성구 파동,중상사고,0,1,0,0,차대차 - 측면직각충돌,직진우회전진행방해,건조,맑음,교차로 - 교차로안,승용,여,39세,기타불명,이륜,남,51세,중상
2016040700100410,2016년 4월 7일 15시,목요일,대구광역시 수성구 지산동,경상사고,0,0,1,0,차대차 - 측면직각충돌,안전운전불이행,건조,맑음,단일로 - 기타,승용,여,46세,상해없음,이륜,남,23세,경상
2016040700100411,2016년 4월 7일 15시,목요일,대구광역시 달서구 용산동,중상사고,0,1,2,0,차대차 - 측면충돌,신호위반,건조,맑음,교차로 - 교차로안,승용,여,43세,경상,승용,여,34세,중상
2016040700100440,2016년 4월 7일 16시,목요일,대구광역시 달성군 가창면,경상사고,0,0,3,0,차대차 - 추돌,안전운전불이행,건조,맑음,교차로 - 교차로부근,화물,남,69세,상해없음,승용,남,24세,경상
2016040700100476,2016년 4월 7일 17시,목요일,대구광역시 동구 신기동,경상사고,0,0,1,0,차대차 - 측면충돌,교차로운행방법위반,건조,맑음,교차로 - 교차로안,승용,남,35세,상해없음,자전거,여,20세,경상
2016040700100477,2016년 4월 7일 17시,목요일,대구광역시 수성구 사월동,경상사고,0,0,1,0,차대차 - 측면직각충돌,안전거리미확보,건조,맑음,단일로 - 기타,승용,여,48세,상해없음,이륜,남,20세,경상
2016040700100478,2016년 4월 7일 17시,목요일,대구광역시 서구 비산동,경상사고,0,0,2,0,차대차 - 측면충돌,안전운전불이행,습기,맑음,단일로 - 기타,승용,남,65세,상해없음,원동기,남,17세,경상
2016040700100549,2016년 4월 7일 19시,목요일,대구광역시 달서구 송현동,중상사고,0,1,2,0,차대차 - 추돌,안전운전불이행,건조,맑음,단일로 - 기타,승용,남,47세,상해없음,승용,남,65세,중상
2016040700100588,2016년 4월 7일 20시,목요일,대구광역시 수성구 신매동,경상사고,0,0,2,0,차대차 - 추돌,안전운전불이행,건조,맑음,교차로 - 교차로부근,이륜,남,25세,상해없음,승용,남,30세,경상
2016040700100616,2016년 4월 7일 21시,목요일,대구광역시 달서구 송현동,경상사고,0,0,1,0,차대차 - 기타,안전운전불이행,건조,맑음,단일로 - 기타,승용,남,40세,상해없음,이륜,남,54세,경상
2016040700100617,2016년 4월 7일 21시,목요일,대구광역시 중구 대봉동,중상사고,0,1,1,1,차대차 - 추돌,안전운전불이행,건조,맑음,단일로 - 기타,승용,남,40세,부상신고,승용,여,55세,중상
2016040700100643,2016년 4월 7일 22시,목요일,대구광역시 북구 관음동,경상사고,0,0,1,0,차대사람 - 횡단중,보행자보호의무위반,건조,맑음,교차로 - 교차로부근,화물,남,57세,상해없음,보행자,남,41세,경상
2016040800100016,2016년 4월 8일 00시,금요일,대구광역시 남구 대명동,중상사고,0,1,0,0,차대사람 - 횡단중,안전운전불이행,건조,맑음,단일로 - 기타,승용,남,60세,상해없음,보행자,여,36세,중상
2016040800100017,2016년 4월 8일 00시,금요일,대구광역시 북구 관음동,경상사고,0,0,1,0,차대차 - 기타,안전운전불이행,건조,맑음,단일로 - 기타,승용,남,58세,상해없음,승용,남,19세,경상
2016040800100030,2016년 4월 8일 01시,금요일,대구광역시 달서구 이곡동,경상사고,0,0,1,0,차대차 - 추돌,안전운전불이행,건조,맑음,단일로 - 기타,승용,남,34세,상해없음,승용,여,47세,경상
2016040800100043,2016년 4월 8일 02시,금요일,대구광역시 수성구 수성동4가,경상사고,0,0,1,0,차대차 - 추돌,안전운전불이행,건조,맑음,단일로 - 기타,승용,남,34세,상해없음,승용,남,28세,상해없음
2016040800100044,2016년 4월 8일 02시,금요일,대구광역시 수성구 상동,경상사고,0,0,4,0,차대차 - 추돌,안전운전불이행,건조,맑음,단일로 - 기타,승용,남,30세,상해없음,승용,남,70세,경상
2016040800100055,2016년 4월 8일 04시,금요일,대구광역시 동구 용계동,경상사고,0,0,1,0,차대차 - 추돌,안전운전불이행,건조,맑음,단일로 - 기타,승용,남,50세,상해없음,승용,남,30세,경상
2016040800100142,2016년 4월 8일 08시,금요일,대구광역시 북구 구암동,중상사고,0,1,0,0,차대사람 - 기타,기타,건조,맑음,교차로 - 교차로부근,승합,남,57세,기타불명,보행자,여,80세,중상
2016040800100170,2016년 4월 8일 09시,금요일,대구광역시 북구 구암동,경상사고,0,0,1,0,차대차 - 측면충돌,안전운전불이행,건조,맑음,단일로 - 기타,승용,남,47세,상해없음,이륜,남,34세,경상
2016040800100171,2016년 4월 8일 09시,금요일,대구광역시 북구 매천동,경상사고,0,0,1,0,차대차 - 기타,안전거리미확보,건조,맑음,단일로 - 기타,승용,여,33세,상해없음,이륜,남,40세,경상
2016040800100223,2016년 4월 8일 11시,금요일,대구광역시 동구 신암동,경상사고,0,0,1,0,차대차 - 기타,안전운전불이행,건조,맑음,단일로 - 기타,승용,남,23세,상해없음,승용,남,64세,경상
2016040800100224,2016년 4월 8일 11시,금요일,대구광역시 북구 복현동,경상사고,0,0,1,0,차대사람 - 기타,안전운전불이행,건조,맑음,단일로 - 기타,승용,남,61세,상해없음,보행자,여,22세,경상
2016040800100320,2016년 4월 8일 14시,금요일,대구광역시 동구 신기동,경상사고,0,0,1,0,차대차 - 정면충돌,신호위반,건조,맑음,교차로 - 교차로안,승용,남,61세,상해없음,승용,남,28세,경상
2016040800100390,2016년 4월 8일 16시,금요일,대구광역시 수성구 지산동,경상사고,0,0,1,0,차대사람 - 기타,안전운전불이행,건조,맑음,기타 - 기타,승용,남,51세,상해없음,보행자,여,36세,경상
2016040800100391,2016년 4월 8일 16시,금요일,대구광역시 중구 덕산동,부상신고사고,0,0,0,2,차대차 - 정면충돌,안전운전불이행,건조,맑음,단일로 - 기타,이륜,남,16세,부상신고,승용,여,58세,상해없음
2016040800100442,2016년 4월 8일 17시,금요일,대구광역시 달성군 다사읍,중상사고,0,1,0,0,차량단독 - 전도전복,안전운전불이행,건조,맑음,단일로 - 횡단보도부근,이륜,여,55세,중상,,,,
2016040800100443,2016년 4월 8일 17시,금요일,대구광역시 달서구 두류동,경상사고,0,0,1,0,차대차 - 측면충돌,안전운전불이행,건조,맑음,단일로 - 기타,승용,남,54세,상해없음,승용,여,53세,경상
2016040800100482,2016년 4월 8일 18시,금요일,대구광역시 동구 동호동,부상신고사고,0,0,0,2,차대차 - 측면직각충돌,안전운전불이행,건조,맑음,단일로 - 기타,이륜,남,53세,부상신고,이륜,남,32세,부상신고
2016040800100483,2016년 4월 8일 18시,금요일,대구광역시 동구 방촌동,경상사고,0,0,1,0,차대차 - 측면충돌,신호위반,건조,맑음,단일로 - 기타,승용,여,38세,상해없음,이륜,남,19세,경상
2016040800100484,2016년 4월 8일 18시,금요일,대구광역시 수성구 신매동,중상사고,0,1,0,0,차대차 - 추돌,안전운전불이행,건조,맑음,교차로 - 교차로부근,승용,여,54세,상해없음,승용,여,45세,중상
2016040800100485,2016년 4월 8일 18시,금요일,대구광역시 북구 팔달동,중상사고,0,1,0,1,차대차 - 측면충돌,안전운전불이행,건조,맑음,기타 - 기타,승용,남,31세,부상신고,화물,남,31세,중상
2016040800100529,2016년 4월 8일 19시,금요일,대구광역시 남구 이천동,경상사고,0,0,1,0,차대차 - 기타,불법유턴,건조,맑음,단일로 - 횡단보도부근,자전거,여,22세,경상,승용,남,64세,상해없음
2016040800100530,2016년 4월 8일 19시,금요일,대구광역시 북구 대현동,경상사고,0,0,1,0,차대차 - 정면충돌,안전운전불이행,건조,맑음,단일로 - 기타,승용,남,48세,상해없음,원동기,남,62세,경상
2016040800100531,2016년 4월 8일 19시,금요일,대구광역시 북구 칠성동2가,경상사고,0,0,1,0,차대사람 - 기타,안전운전불이행,건조,맑음,교차로 - 교차로부근,승용,여,44세,상해없음,보행자,남,63세,경상
2016040800100578,2016년 4월 8일 20시,금요일,대구광역시 남구 대명동,경상사고,0,0,1,1,차대차 - 측면충돌,차로위반,건조,맑음,단일로 - 기타,승용,남,60세,상해없음,승용,남,19세,부상신고
2016040800100579,2016년 4월 8일 20시,금요일,대구광역시 수성구 상동,중상사고,0,1,0,0,차대차 - 측면직각충돌,안전거리미확보,건조,맑음,단일로 - 기타,승용,여,24세,상해없음,이륜,남,25세,중상
2016040800100580,2016년 4월 8일 20시,금요일,대구광역시 수성구 범어동,중상사고,0,1,0,0,차대사람 - 횡단중,보행자보호의무위반,건조,맑음,단일로 - 횡단보도상,승용,남,44세,상해없음,보행자,남,77세,중상
2016040800100581,2016년 4월 8일 20시,금요일,대구광역시 달성군 다사읍,경상사고,0,0,3,0,차대차 - 측면충돌,안전운전불이행,건조,맑음,교차로 - 교차로안,승용,남,26세,상해없음,승용,남,65세,상해없음
2016040800100582,2016년 4월 8일 20시,금요일,대구광역시 북구 침산동,사망사고,1,0,0,0,차대사람 - 횡단중,보행자보호의무위반,건조,맑음,단일로 - 횡단보도부근,승용,여,54세,상해없음,보행자,여,79세,사망
2016040800100583,2016년 4월 8일 20시,금요일,대구광역시 북구 침산동,중상사고,0,1,2,0,차대차 - 추돌,안전운전불이행,건조,맑음,단일로 - 기타,승용,남,26세,상해없음,승용,남,50세,중상
2016040800100618,2016년 4월 8일 21시,금요일,대구광역시 서구 평리동,경상사고,0,0,1,0,차대차 - 추돌,안전운전불이행,건조,맑음,단일로 - 기타,승용,여,47세,상해없음,승용,여,46세,경상
2016040800100619,2016년 4월 8일 21시,금요일,대구광역시 북구 매천동,경상사고,0,0,1,0,차대차 - 측면충돌,안전운전불이행,건조,맑음,단일로 - 기타,승용,남,45세,상해없음,승용,남,23세,경상
2016040800100646,2016년 4월 8일 22시,금요일,대구광역시 달서구 용산동,경상사고,0,0,1,0,차대차 - 추돌,안전운전불이행,건조,맑음,단일로 - 기타,승용,남,26세,상해없음,이륜,남,22세,경상
2016040800100647,2016년 4월 8일 22시,금요일,대구광역시 달서구 본리동,경상사고,0,0,1,0,차대차 - 추돌,안전거리미확보,건조,맑음,단일로 - 기타,승용,남,45세,상해없음,승용,여,46세,경상
2016040800100679,2016년 4월 8일 23시,금요일,대구광역시 동구 불로동,경상사고,0,0,1,0,차대차 - 측면충돌,안전운전불이행,건조,맑음,단일로 - 기타,승용,여,59세,상해없음,원동기,남,45세,경상
2016040800100680,2016년 4월 8일 23시,금요일,대구광역시 북구 대현동,경상사고,0,0,1,0,차대사람 - 보도통행중,중앙선침범,건조,맑음,단일로 - 기타,승용,남,24세,상해없음,보행자,남,17세,경상
2016040800100681,2016년 4월 8일 23시,금요일,대구광역시 서구 비산동,부상신고사고,0,0,0,1,차대차 - 측면충돌,교차로운행방법위반,건조,흐림,교차로 - 교차로안,이륜,남,16세,부상신고,승용,남,60세,상해없음
2016040900100040,2016년 4월 9일 01시,토요일,대구광역시 중구 태평로3가,경상사고,0,0,6,0,차대차 - 측면직각충돌,신호위반,건조,맑음,교차로 - 교차로안,승용,남,55세,상해없음,승용,남,68세,경상
2016040900100057,2016년 4월 9일 02시,토요일,대구광역시 달서구 송현동,경상사고,0,0,1,0,차대차 - 측면충돌,안전거리미확보,건조,맑음,단일로 - 기타,승용,여,58세,상해없음,승용,남,20세,상해없음
2016040900100058,2016년 4월 9일 02시,토요일,대구광역시 서구 평리동,경상사고,0,0,1,1,차대사람 - 횡단중,안전운전불이행,건조,맑음,단일로 - 기타,이륜,남,34세,부상신고,보행자,남,45세,경상
2016040900100059,2016년 4월 9일 02시,토요일,대구광역시 중구 삼덕동1가,경상사고,0,0,1,0,차대사람 - 기타,안전운전불이행,건조,맑음,단일로 - 기타,승용,남,19세,상해없음,보행자,여,26세,경상
2016040900100068,2016년 4월 9일 03시,토요일,대구광역시 수성구 만촌동,중상사고,0,1,0,0,차대차 - 측면충돌,안전운전불이행,건조,맑음,단일로 - 기타,승용,남,50세,상해없음,승용,남,56세,중상
2016040900100083,2016년 4월 9일 04시,토요일,대구광역시 달서구 상인동,중상사고,0,1,0,0,차량단독 - 공작물충돌,안전운전불이행,건조,맑음,단일로 - 기타,승용,남,29세,상해없음,,,,
2016040900100084,2016년 4월 9일 04시,토요일,대구광역시 서구 비산동,부상신고사고,0,0,0,1,차대차 - 측면직각충돌,신호위반,건조,맑음,단일로 - 횡단보도상,자전거,남,88세,부상신고,이륜,남,42세,상해없음
2016040900100102,2016년 4월 9일 05시,토요일,대구광역시 서구 평리동,사망사고,1,0,0,0,차대사람 - 횡단중,안전운전불이행,건조,맑음,단일로 - 기타,승용,남,53세,상해없음,보행자,여,85세,사망
2016040900100117,2016년 4월 9일 06시,토요일,대구광역시 북구 산격동,중상사고,0,1,0,0,차대사람 - 횡단중,안전운전불이행,건조,맑음,단일로 - 기타,승용,남,54세,상해없음,보행자,남,19세,중상
2016040900100137,2016년 4월 9일 07시,토요일,대구광역시 남구 봉덕동,중상사고,0,1,0,0,차대사람 - 기타,안전운전불이행,건조,맑음,기타 - 기타,승용,남,59세,상해없음,보행자,여,75세,중상
2016040900100138,2016년 4월 9일 07시,토요일,대구광역시 중구 동인동1가,경상사고,0,0,1,0,차대차 - 측면직각충돌,교차로운행방법위반,건조,맑음,교차로 - 교차로안,승용,남,47세,상해없음,승용,여,40세,경상
2016040900100190,2016년 4월 9일 09시,토요일,대구광역시 동구 신암동,중상사고,0,1,0,0,차대차 - 추돌,안전운전불이행,건조,맑음,단일로 - 기타,승용,남,30세,상해없음,이륜,남,23세,중상
2016040900100191,2016년 4월 9일 09시,토요일,대구광역시 동구 신암동,경상사고,0,0,1,0,차대차 - 추돌,교차로운행방법위반,건조,맑음,교차로 - 교차로안,화물,남,54세,상해없음,자전거,남,79세,경상
2016040900100223,2016년 4월 9일 10시,토요일,대구광역시 동구 신암동,경상사고,0,0,1,0,차대차 - 기타,안전거리미확보,건조,맑음,단일로 - 기타,승용,남,65세,기타불명,승합,남,47세,상해없음
2016040900100224,2016년 4월 9일 10시,토요일,대구광역시 북구 산격동,경상사고,0,0,1,0,차대차 - 기타,안전운전불이행,건조,맑음,교차로 - 교차로부근,기타불명,기타불명,기타불명,기타불명,승용,남,51세,상해없음
2016040900100260,2016년 4월 9일 11시,토요일,대구광역시 남구 봉덕동,경상사고,0,0,1,0,차대차 - 정면충돌,안전운전불이행,건조,맑음,단일로 - 기타,자전거,남,8세,경상,승용,남,71세,상해없음
2016040900100261,2016년 4월 9일 11시,토요일,대구광역시 수성구 만촌동,경상사고,0,0,2,0,차대차 - 추돌,안전운전불이행,건조,맑음,단일로 - 기타,승용,여,52세,상해없음,승용,남,37세,경상
2016040900100340,2016년 4월 9일 13시,토요일,대구광역시 동구 용계동,사망사고,1,0,0,0,차대차 - 측면충돌,안전운전불이행,건조,맑음,단일로 - 기타,화물,남,44세,상해없음,이륜,남,49세,사망
2016040900100341,2016년 4월 9일 13시,토요일,대구광역시 달서구 본동,경상사고,0,0,1,0,차대차 - 추돌,안전운전불이행,건조,맑음,단일로 - 기타,승용,여,55세,상해없음,승용,남,54세,경상
2016040900100342,2016년 4월 9일 13시,토요일,대구광역시 달서구 상인동,경상사고,0,0,1,0,차대차 - 추돌,중앙선침범,건조,맑음,단일로 - 기타,이륜,남,41세,경상,승용,남,55세,상해없음
2016040900100366,2016년 4월 9일 14시,토요일,대구광역시 동구 효목동,중상사고,0,1,2,0,차대차 - 추돌,안전운전불이행,건조,맑음,단일로 - 기타,승용,남,55세,상해없음,승용,남,33세,경상
2016040900100367,2016년 4월 9일 14시,토요일,대구광역시 달서구 용산동,경상사고,0,0,1,0,차대차 - 추돌,안전거리미확보,건조,맑음,단일로 - 기타,승용,여,42세,상해없음,승용,남,52세,상해없음
2016040900100368,2016년 4월 9일 14시,토요일,대구광역시 달서구 두류동,중상사고,0,1,0,0,차대사람 - 기타,안전운전불이행,건조,맑음,교차로 - 교차로부근,자전거,여,12세,상해없음,보행자,여,57세,중상
2016040900100430,2016년 4월 9일 16시,토요일,대구광역시 달서구 상인동,경상사고,0,0,1,0,차대차 - 측면직각충돌,교차로운행방법위반,건조,맑음,교차로 - 교차로안,원동기,남,18세,경상,승용,남,46세,기타불명
2016040900100431,2016년 4월 9일 16시,토요일,대구광역시 서구 내당동,경상사고,0,0,1,0,차대차 - 기타,불법유턴,건조,맑음,교차로 - 교차로부근,승용,남,24세,상해없음,이륜,남,34세,경상
2016040900100471,2016년 4월 9일 17시,토요일,대구광역시 수성구 범어동,중상사고,0,1,0,0,차대차 - 측면충돌,안전거리미확보,건조,맑음,단일로 - 기타,승용,남,52세,상해없음,이륜,남,54세,중상
2016040900100472,2016년 4월 9일 17시,토요일,대구광역시 북구 읍내동,부상신고사고,0,0,0,1,차대차 - 측면직각충돌,안전거리미확보,건조,맑음,단일로 - 기타,이륜,남,58세,부상신고,승용,남,49세,상해없음
2016040900100581,2016년 4월 9일 20시,토요일,대구광역시 수성구 범물동,부상신고사고,0,0,0,1,차대사람 - 기타,안전운전불이행,건조,맑음,교차로 - 교차로부근,승용,남,27세,상해없음,보행자,여,50세,부상신고
2016040900100582,2016년 4월 9일 20시,토요일,대구광역시 달서구 월성동,경상사고,0,0,3,0,차대차 - 추돌,안전거리미확보,건조,맑음,단일로 - 기타,승용,남,31세,상해없음,승용,남,43세,경상
2016040900100583,2016년 4월 9일 20시,토요일,대구광역시 북구 침산동,경상사고,0,0,1,0,차대차 - 측면충돌,안전운전불이행,건조,맑음,단일로 - 기타,승용,남,29세,상해없음,자전거,남,15세,경상
2016040900100584,2016년 4월 9일 20시,토요일,대구광역시 북구 동천동,경상사고,0,0,3,0,차대차 - 측면충돌,안전운전불이행,건조,맑음,단일로 - 기타,승용,여,44세,상해없음,승용,남,38세,경상
2016040900100628,2016년 4월 9일 21시,토요일,대구광역시 달성군 다사읍,중상사고,0,2,2,0,차대차 - 측면직각충돌,신호위반,건조,맑음,교차로 - 교차로안,승용,남,28세,상해없음,승용,남,34세,중상
2016040900100656,2016년 4월 9일 22시,토요일,대구광역시 남구 대명동,경상사고,0,0,1,0,차대차 - 기타,안전운전불이행,건조,맑음,기타 - 기타,이륜,남,19세,상해없음,이륜,남,24세,경상
2016040900100657,2016년 4월 9일 22시,토요일,대구광역시 수성구 황금동,부상신고사고,0,0,0,1,차대차 - 정면충돌,안전운전불이행,건조,맑음,단일로 - 기타,승용,남,48세,상해없음,승용,남,31세,부상신고
2016041000100010,2016년 4월 10일 00시,일요일,대구광역시 동구 효목동,중상사고,0,1,0,0,차대사람 - 횡단중,안전운전불이행,건조,맑음,교차로 - 교차로안,승용,남,65세,상해없음,보행자,남,38세,중상
2016041000100027,2016년 4월 10일 01시,일요일,대구광역시 동구 신천동,중상사고,0,1,1,0,차대차 - 추돌,안전운전불이행,건조,맑음,단일로 - 기타,이륜,남,23세,상해없음,승용,남,40세,경상
2016041000100039,2016년 4월 10일 02시,일요일,대구광역시 달서구 두류동,경상사고,0,0,1,0,차대사람 - 기타,안전운전불이행,건조,맑음,단일로 - 기타,승용,남,25세,상해없음,보행자,남,24세,경상
2016041000100082,2016년 4월 10일 06시,일요일,대구광역시 동구 신천동,중상사고,0,1,1,0,차대차 - 기타,교차로운행방법위반,건조,맑음,교차로 - 교차로부근,승용,여,53세,경상,승용,남,63세,중상
2016041000100083,2016년 4월 10일 06시,일요일,대구광역시 달서구 본리동,경상사고,0,0,1,0,차대차 - 추돌,안전운전불이행,건조,맑음,단일로 - 기타,승용,남,26세,상해없음,승용,여,58세,경상
2016041000100095,2016년 4월 10일 07시,일요일,대구광역시 달서구 감삼동,중상사고,0,1,0,0,차대사람 - 기타,안전운전불이행,건조,맑음,단일로 - 기타,승용,여,31세,상해없음,보행자,여,78세,중상
2016041000100170,2016년 4월 10일 11시,일요일,대구광역시 달서구 상인동,중상사고,0,1,0,0,차대사람 - 횡단중,보행자보호의무위반,건조,맑음,교차로 - 교차로부근,승용,남,38세,상해없음,보행자,여,66세,중상
2016041000100171,2016년 4월 10일 11시,일요일,대구광역시 달서구 송현동,부상신고사고,0,0,0,1,차대사람 - 기타,안전운전불이행,건조,맑음,교차로 - 교차로부근,승용,남,34세,상해없음,보행자,여,69세,부상신고
2016041000100199,2016년 4월 10일 12시,일요일,대구광역시 달성군 다사읍,경상사고,0,0,1,0,차대차 - 정면충돌,안전운전불이행,건조,맑음,단일로 - 기타,자전거,남,39세,상해없음,자전거,여,49세,경상
2016041000100200,2016년 4월 10일 12시,일요일,대구광역시 중구 태평로2가,경상사고,0,0,1,0,차대차 - 측면직각충돌,안전거리미확보,건조,맑음,단일로 - 기타,승용,남,47세,상해없음,이륜,남,57세,경상
2016041000100201,2016년 4월 10일 12시,일요일,대구광역시 달서구 본리동,경상사고,0,0,1,0,차대차 - 기타,안전운전불이행,건조,맑음,교차로 - 교차로안,승용,여,23세,상해없음,이륜,남,19세,경상
2016041000100202,2016년 4월 10일 12시,일요일,대구광역시 달서구 용산동,중상사고,0,1,0,0,차대차 - 측면충돌,안전운전불이행,건조,맑음,단일로 - 기타,화물,남,46세,상해없음,이륜,남,32세,중상
2016041000100235,2016년 4월 10일 13시,일요일,대구광역시 수성구 범어동,경상사고,0,0,3,3,차대차 - 정면충돌,안전거리미확보,건조,맑음,단일로 - 기타,승용,남,45세,상해없음,승용,남,21세,경상
2016041000100236,2016년 4월 10일 13시,일요일,대구광역시 수성구 황금동,경상사고,0,0,1,0,차대차 - 정면충돌,안전운전불이행,건조,맑음,교차로 - 교차로부근,이륜,남,21세,경상,승용,남,43세,상해없음
2016041000100237,2016년 4월 10일 13시,일요일,대구광역시 북구 연경동,경상사고,0,0,1,1,차대차 - 측면충돌,안전운전불이행,건조,맑음,단일로 - 기타,승용,여,52세,부상신고,승용,남,38세,경상
2016041000100265,2016년 4월 10일 14시,일요일,대구광역시 수성구 범물동,중상사고,0,1,0,0,차대차 - 기타,안전운전불이행,건조,맑음,단일로 - 기타,승용,남,27세,상해없음,자전거,남,73세,중상
2016041000100266,2016년 4월 10일 14시,일요일,대구광역시 수성구 지산동,부상신고사고,0,0,0,1,차대차 - 추돌,안전운전불이행,건조,맑음,단일로 - 기타,자전거,남,13세,부상신고,승용,남,32세,상해없음
2016041000100267,2016년 4월 10일 14시,일요일,대구광역시 중구 대신동,부상신고사고,0,0,0,1,차대차 - 측면직각충돌,안전운전불이행,건조,맑음,단일로 - 기타,승용,남,73세,상해없음,자전거,남,80세,부상신고
2016041000100268,2016년 4월 10일 14시,일요일,대구광역시 달서구 이곡동,경상사고,0,0,5,0,차대차 - 추돌,안전운전불이행,건조,맑음,단일로 - 기타,승용,남,52세,기타불명,승용,남,55세,경상
2016041000100298,2016년 4월 10일 15시,일요일,대구광역시 수성구 파동,경상사고,0,0,1,0,차대사람 - 기타,기타,건조,맑음,교차로 - 교차로부근,승용,남,53세,상해없음,보행자,여,56세,경상
2016041000100299,2016년 4월 10일 15시,일요일,대구광역시 북구 산격동,중상사고,0,1,0,0,차대차 - 기타,안전운전불이행,건조,맑음,단일로 - 기타,기타불명,기타불명,기타불명,기타불명,원동기,남,46세,중상
2016041000100334,2016년 4월 10일 16시,일요일,대구광역시 서구 내당동,중상사고,0,1,0,0,차대차 - 추돌,안전운전불이행,건조,맑음,단일로 - 기타,승용,남,54세,상해없음,승용,남,56세,상해없음
2016041000100376,2016년 4월 10일 17시,일요일,대구광역시 수성구 만촌동,중상사고,0,1,1,0,차대차 - 측면충돌,안전운전불이행,건조,맑음,단일로 - 기타,승용,남,22세,상해없음,승용,남,31세,중상
2016041000100377,2016년 4월 10일 17시,일요일,대구광역시 수성구 범물동,경상사고,0,0,1,0,차대차 - 정면충돌,신호위반,건조,맑음,교차로 - 교차로안,승용,여,54세,상해없음,승용,남,64세,경상
2016041000100378,2016년 4월 10일 17시,일요일,대구광역시 수성구 수성동1가,경상사고,0,0,1,0,차대차 - 측면직각충돌,신호위반,건조,맑음,교차로 - 교차로안,승용,여,48세,상해없음,이륜,남,22세,경상
2016041000100379,2016년 4월 10일 17시,일요일,대구광역시 달서구 신당동,경상사고,0,0,2,0,차대사람 - 횡단중,안전운전불이행,건조,맑음,단일로 - 기타,승용,여,23세,상해없음,보행자,여,33세,경상
2016041000100408,2016년 4월 10일 18시,일요일,대구광역시 달성군 화원읍,중상사고,0,2,1,0,차대차 - 측면충돌,안전운전불이행,건조,맑음,교차로 - 교차로안,이륜,남,32세,중상,원동기,남,25세,중상
2016041000100409,2016년 4월 10일 18시,일요일,대구광역시 달서구 용산동,경상사고,0,0,1,0,차대차 - 측면충돌,교차로운행방법위반,건조,맑음,교차로 - 교차로안,승용,여,40세,상해없음,자전거,남,54세,경상
2016041000100437,2016년 4월 10일 19시,일요일,대구광역시 수성구 시지동,경상사고,0,0,4,0,차대차 - 측면충돌,안전운전불이행,건조,맑음,교차로 - 교차로부근,승용,여,46세,상해없음,승용,남,28세,경상
2016041000100491,2016년 4월 10일 21시,일요일,대구광역시 남구 대명동,경상사고,0,0,1,0,차대차 - 측면직각충돌,안전거리미확보,건조,맑음,단일로 - 기타,승용,남,39세,상해없음,원동기,남,42세,경상
2016041000100492,2016년 4월 10일 21시,일요일,대구광역시 남구 대명동,경상사고,0,0,1,0,차대차 - 추돌,안전거리미확보,건조,맑음,단일로 - 기타,승용,여,28세,상해없음,승용,남,33세,상해없음
2016041000100493,2016년 4월 10일 21시,일요일,대구광역시 북구 복현동,경상사고,0,0,2,0,차대차 - 측면충돌,직진우회전진행방해,건조,맑음,교차로 - 교차로안,승용,남,23세,상해없음,승용,남,45세,경상
2016041000100494,2016년 4월 10일 21시,일요일,대구광역시 달서구 죽전동,중상사고,0,1,0,0,차대사람 - 횡단중,안전운전불이행,건조,맑음,단일로 - 횡단보도상,승용,남,68세,상해없음,보행자,남,52세,중상
2016041000100528,2016년 4월 10일 23시,일요일,대구광역시 동구 지저동,경상사고,0,0,1,0,차대차 - 측면충돌,신호위반,건조,맑음,교차로 - 교차로안,승용,남,34세,상해없음,승용,남,52세,경상
2016041000100529,2016년 4월 10일 23시,일요일,대구광역시 중구 문화동,부상신고사고,0,0,0,1,차대차 - 추돌,안전운전불이행,건조,맑음,단일로 - 기타,승용,남,21세,상해없음,승용,남,43세,부상신고
2016041100100017,2016년 4월 11일 01시,월요일,대구광역시 동구 효목동,부상신고사고,0,0,0,1,차대차 - 측면충돌,교차로운행방법위반,건조,맑음,교차로 - 교차로안,승용,여,37세,상해없음,승용,남,26세,부상신고
2016041100100032,2016년 4월 11일 04시,월요일,대구광역시 동구 신암동,경상사고,0,0,1,0,차대차 - 추돌,안전운전불이행,건조,맑음,기타 - 기타,이륜,남,18세,경상,승용,남,50세,상해없음
2016041100100080,2016년 4월 11일 07시,월요일,대구광역시 수성구 신매동,경상사고,0,0,1,0,차대차 - 측면충돌,기타,건조,맑음,단일로 - 기타,승용,여,47세,상해없음,자전거,남,15세,경상
2016041100100081,2016년 4월 11일 07시,월요일,대구광역시 달서구 송현동,경상사고,0,0,1,0,차대차 - 측면직각충돌,안전거리미확보,건조,맑음,교차로 - 교차로부근,승용,남,33세,상해없음,원동기,남,28세,경상
2016041100100082,2016년 4월 11일 07시,월요일,대구광역시 달서구 감삼동,중상사고,0,1,0,0,차대사람 - 횡단중,안전운전불이행,건조,맑음,단일로 - 기타,승용,여,35세,상해없음,보행자,남,56세,중상