사고번호,사고일시,요일,시군구,사고내용,사망자수,중상자수,경상자수,부상신고자수,사고유형,법규위반,노면상태,기상상태,도로형태,가해운전자 차종,가해운전자 성별,가해운전자 연령,가해운전자 상해정도,피해운전자 차종,피해운전자 성별,피해운전자 연령,피해운전자 상해정도
2016041100100083,2016년 4월 11일 07시,월요일,대구광역시 달서구 파호동,경상사고,0,0,2,0,차대차 - 측면충돌,안전운전불이행,건조,맑음,교차로 - 교차로부근,승용,남,57세,경상,승용,여,40세,경상
2016041100100134,2016년 4월 11일 08시,월요일,대구광역시 북구 매천동,경상사고,0,0,4,0,차대차 - 추돌,안전거리미확보,건조,맑음,단일로 - 기타,승용,남,38세,상해없음,승용,남,55세,경상
2016041100100173,2016년 4월 11일 09시,월요일,대구광역시 북구 읍내동,사망사고,1,0,0,0,차대차 - 측면직각충돌,안전운전불이행,건조,맑음,단일로 - 기타,승용,남,74세,상해없음,자전거,남,80세,사망
2016041100100207,2016년 4월 11일 10시,월요일,대구광역시 달서구 진천동,경상사고,0,0,1,0,차대차 - 기타,안전거리미확보,건조,맑음,단일로 - 기타,화물,남,56세,기타불명,승용,남,63세,상해없음
2016041100100234,2016년 4월 11일 11시,월요일,대구광역시 동구 효목동,경상사고,0,0,3,0,차대차 - 추돌,안전운전불이행,건조,맑음,교차로 - 교차로부근,화물,남,47세,상해없음,승용,남,21세,경상
2016041100100235,2016년 4월 11일 11시,월요일,대구광역시 수성구 만촌동,경상사고,0,0,1,0,차대사람 - 기타,기타,건조,맑음,단일로 - 기타,화물,남,48세,상해없음,보행자,여,19세,경상
2016041100100236,2016년 4월 11일 11시,월요일,대구광역시 서구 내당동,경상사고,0,0,2,0,차대차 - 측면충돌,신호위반,건조,맑음,교차로 - 교차로안,승용,남,42세,상해없음,화물,남,66세,경상
2016041100100237,2016년 4월 11일 11시,월요일,대구광역시 중구 동인동4가,중상사고,0,1,0,0,차대차 - 측면직각충돌,안전운전불이행,건조,맑음,단일로 - 기타,승용,남,69세,상해없음,승용,여,55세,중상
2016041100100270,2016년 4월 11일 12시,월요일,대구광역시 동구 율하동,중상사고,0,1,0,0,차대차 - 측면직각충돌,안전거리미확보,건조,흐림,교차로 - 교차로부근,화물,남,35세,상해없음,승용,남,43세,중상
2016041100100310,2016년 4월 11일 13시,월요일,대구광역시 달서구 도원동,경상사고,0,0,1,0,차대차 - 기타,안전운전불이행,건조,맑음,교차로 - 교차로부근,승용,남,63세,상해없음,이륜,남,37세,경상
2016041100100341,2016년 4월 11일 14시,월요일,대구광역시 달성군 옥포면,중상사고,0,1,0,0,차대차 - 추돌,안전운전불이행,건조,맑음,단일로 - 교량,건설기계,남,61세,상해없음,승용,남,55세,중상
2016041100100380,2016년 4월 11일 15시,월요일,대구광역시 북구 칠성동1가,경상사고,0,0,1,0,차대차 - 측면충돌,중앙선침범,건조,맑음,단일로 - 기타,원동기,남,54세,경상,승용,남,38세,상해없음
2016041100100381,2016년 4월 11일 15시,월요일,대구광역시 북구 칠성동2가,경상사고,0,0,1,0,차대사람 - 횡단중,안전운전불이행,건조,맑음,단일로 - 횡단보도상,기타불명,기타불명,기타불명,기타불명,보행자,남,9세,경상
2016041100100382,2016년 4월 11일 15시,월요일,대구광역시 서구 비산동,중상사고,0,1,0,0,차대차 - 측면충돌,안전운전불이행,건조,맑음,교차로 - 교차로안,승용,여,41세,상해없음,원동기,여,47세,중상
2016041100100422,2016년 4월 11일 16시,월요일,대구광역시 동구 신천동,중상사고,0,1,0,0,차대사람 - 횡단중,보행자보호의무위반,건조,맑음,교차로 - 교차로부근,승용,남,67세,상해없음,보행자,남,62세,중상
2016041100100423,2016년 4월 11일 16시,월요일,대구광역시 수성구 지산동,중상사고,0,1,0,0,차대사람 - 길가장자리구역통행중,안전운전불이행,건조,맑음,단일로 - 기타,승용,남,67세,상해없음,보행자,남,9세,중상
2016041100100424,2016년 4월 11일 16시,월요일,대구광역시 달서구 진천동,중상사고,0,1,1,0,차대차 - 추돌,안전운전불이행,건조,맑음,단일로 - 기타,승용,여,35세,상해없음,승용,남,35세,경상
2016041100100425,2016년 4월 11일 16시,월요일,대구광역시 달서구 본동,경상사고,0,0,1,0,차대차 - 기타,안전거리미확보,건조,맑음,단일로 - 기타,화물,남,27세,상해없음,승용,남,52세,경상
2016041100100426,2016년 4월 11일 16시,월요일,대구광역시 중구 동산동,중상사고,0,1,0,0,차대차 - 측면충돌,안전운전불이행,건조,맑음,단일로 - 기타,승용,여,66세,상해없음,승용,남,68세,중상
2016041100100459,2016년 4월 11일 17시,월요일,대구광역시 수성구 욱수동,경상사고,0,0,1,0,차대차 - 정면충돌,안전운전불이행,건조,맑음,단일로 - 기타,승용,남,31세,기타불명,승용,남,43세,경상
2016041100100501,2016년 4월 11일 18시,월요일,대구광역시 서구 원대동3가,경상사고,0,0,1,0,차대사람 - 횡단중,안전운전불이행,건조,맑음,교차로 - 교차로안,화물,남,71세,상해없음,보행자,남,23세,경상
2016041100100502,2016년 4월 11일 18시,월요일,대구광역시 북구 읍내동,중상사고,0,1,0,0,차대차 - 측면충돌,안전운전불이행,건조,맑음,단일로 - 기타,승용,남,59세,상해없음,자전거,남,12세,중상
2016041100100503,2016년 4월 11일 18시,월요일,대구광역시 북구 관음동,경상사고,0,0,1,0,차대차 - 측면직각충돌,안전운전불이행,건조,맑음,교차로 - 교차로안,이륜,남,20세,상해없음,이륜,남,17세,경상
2016041100100625,2016년 4월 11일 23시,월요일,대구광역시 수성구 황금동,중상사고,0,1,0,0,차대차 - 추돌,안전운전불이행,건조,맑음,교차로 - 교차로부근,승용,남,56세,상해없음,승용,남,53세,중상
2016041200100014,2016년 4월 12일 00시,화요일,대구광역시 달서구 성당동,경상사고,0,0,2,0,차대차 - 측면충돌,교차로운행방법위반,건조,맑음,교차로 - 교차로안,승용,남,49세,상해없음,승용,남,65세,경상
2016041200100046,2016년 4월 12일 04시,화요일,대구광역시 수성구 범어동,경상사고,0,0,2,0,차대차 - 측면충돌,신호위반,건조,맑음,단일로 - 기타,이륜,남,55세,상해없음,승용,남,53세,경상
2016041200100055,2016년 4월 12일 05시,화요일,대구광역시 달성군 하빈면,중상사고,0,1,0,0,차대차 - 추돌,안전운전불이행,습기,안개,단일로 - 기타,화물,남,58세,중상,화물,남,39세,기타불명
2016041200100066,2016년 4월 12일 06시,화요일,대구광역시 동구 용계동,부상신고사고,0,0,0,1,차대차 - 측면충돌,신호위반,건조,맑음,교차로 - 교차로안,이륜,남,67세,부상신고,승용,남,64세,상해없음
2016041200100091,2016년 4월 12일 07시,화요일,대구광역시 수성구 지산동,경상사고,0,0,3,0,차대차 - 측면충돌,직진우회전진행방해,건조,맑음,교차로 - 교차로안,승용,남,21세,경상,승용,남,57세,경상
2016041200100092,2016년 4월 12일 07시,화요일,대구광역시 중구 삼덕동1가,경상사고,0,0,1,0,차대차 - 측면직각충돌,중앙선침범,건조,맑음,단일로 - 기타,승용,남,25세,기타불명,승용,남,56세,경상
2016041200100137,2016년 4월 12일 08시,화요일,대구광역시 남구 대명동,경상사고,0,0,1,0,차대차 - 기타,신호위반,건조,맑음,단일로 - 기타,원동기,남,33세,상해없음,승용,여,43세,경상
2016041200100138,2016년 4월 12일 08시,화요일,대구광역시 수성구 만촌동,중상사고,0,1,0,0,차량단독 - 기타,안전운전불이행,건조,맑음,단일로 - 기타,승합,남,55세,상해없음,,,,
2016041200100139,2016년 4월 12일 08시,화요일,대구광역시 수성구 만촌동,경상사고,0,0,1,0,차대차 - 측면충돌,안전운전불이행,건조,맑음,단일로 - 기타,승용,남,72세,상해없음,승용,남,41세,경상
2016041200100140,2016년 4월 12일 08시,화요일,대구광역시 달서구 용산동,경상사고,0,0,1,0,차대차 - 기타,교차로운행방법위반,건조,맑음,교차로 - 교차로부근,승용,여,44세,상해없음,자전거,남,43세,경상
2016041200100177,2016년 4월 12일 09시,화요일,대구광역시 달서구 송현동,경상사고,0,0,1,0,차대차 - 기타,안전운전불이행,건조,맑음,단일로 - 횡단보도부근,이륜,남,63세,경상,승용,남,63세,상해없음
2016041200100178,2016년 4월 12일 09시,화요일,대구광역시 달서구 장기동,경상사고,0,0,1,0,차대차 - 기타,신호위반,건조,맑음,교차로 - 교차로안,승용,여,59세,상해없음,승용,남,65세,경상
2016041200100199,2016년 4월 12일 10시,화요일,대구광역시 북구 태전동,경상사고,0,0,1,0,차대차 - 기타,교차로운행방법위반,건조,맑음,교차로 - 교차로안,승용,여,55세,상해없음,자전거,여,50세,경상
2016041200100200,2016년 4월 12일 10시,화요일,대구광역시 북구 태전동,경상사고,0,0,1,0,차대차 - 추돌,안전운전불이행,건조,맑음,단일로 - 기타,승용,남,59세,상해없음,승용,남,28세,경상
2016041200100232,2016년 4월 12일 11시,화요일,대구광역시 수성구 범물동,중상사고,0,1,0,0,차대차 - 측면충돌,신호위반,건조,맑음,교차로 - 교차로안,승용,여,56세,상해없음,승용,남,47세,중상
2016041200100233,2016년 4월 12일 11시,화요일,대구광역시 달성군 다사읍,경상사고,0,0,1,0,차대차 - 추돌,안전운전불이행,건조,맑음,단일로 - 기타,건설기계,남,51세,상해없음,승용,남,27세,경상
2016041200100263,2016년 4월 12일 12시,화요일,대구광역시 북구 매천동,경상사고,0,0,1,0,차대차 - 측면충돌,안전운전불이행,건조,맑음,단일로 - 기타,화물,남,43세,상해없음,승용,남,66세,경상
2016041200100287,2016년 4월 12일 13시,화요일,대구광역시 달서구 유천동,경상사고,0,0,2,0,차대차 - 측면충돌,안전운전불이행,건조,맑음,단일로 - 기타,승용,여,60세,상해없음,승용,남,18세,경상
2016041200100288,2016년 4월 12일 13시,화요일,대구광역시 달서구 진천동,중상사고,0,1,1,0,차대차 - 측면충돌,안전운전불이행,건조,맑음,교차로 - 교차로부근,자전거,여,66세,중상,자전거,남,69세,경상
2016041200100289,2016년 4월 12일 13시,화요일,대구광역시 서구 내당동,중상사고,0,1,0,0,차대사람 - 횡단중,안전운전불이행,건조,맑음,단일로 - 기타,승용,여,55세,상해없음,보행자,여,38세,중상
2016041200100320,2016년 4월 12일 14시,화요일,대구광역시 동구 입석동,경상사고,0,0,1,0,차대차 - 측면직각충돌,안전운전불이행,건조,맑음,교차로 - 교차로부근,승용,남,62세,상해없음,자전거,여,61세,경상
2016041200100321,2016년 4월 12일 14시,화요일,대구광역시 동구 신암동,경상사고,0,0,1,0,차대차 - 추돌,안전거리미확보,건조,맑음,단일로 - 기타,건설기계,남,40세,상해없음,승용,남,45세,상해없음
2016041200100322,2016년 4월 12일 14시,화요일,대구광역시 달성군 다사읍,경상사고,0,0,1,0,차대사람 - 차도통행중,안전운전불이행,건조,맑음,단일로 - 기타,승용,남,41세,상해없음,보행자,여,36세,경상
2016041200100353,2016년 4월 12일 15시,화요일,대구광역시 동구 율하동,경상사고,0,0,1,0,차대차 - 측면직각충돌,교차로운행방법위반,건조,맑음,교차로 - 교차로안,이륜,남,61세,상해없음,이륜,남,44세,경상
2016041200100354,2016년 4월 12일 15시,화요일,대구광역시 서구 평리동,경상사고,0,0,1,0,차대사람 - 길가장자리구역통행중,안전운전불이행,건조,맑음,단일로 - 기타,승용,남,45세,상해없음,보행자,여,51세,경상
2016041200100392,2016년 4월 12일 16시,화요일,대구광역시 달서구 성당동,중상사고,0,1,0,0,차대사람 - 횡단중,안전운전불이행,건조,맑음,기타 - 기타,자전거,여,59세,상해없음,보행자,남,60세,중상
2016041200100393,2016년 4월 12일 16시,화요일,대구광역시 북구 태전동,경상사고,0,0,2,0,차대차 - 측면충돌,교차로운행방법위반,건조,맑음,교차로 - 교차로안,승용,여,60세,경상,화물,남,64세,경상
2016041200100424,2016년 4월 12일 17시,화요일,대구광역시 서구 비산동,경상사고,0,0,1,0,차대차 - 추돌,안전운전불이행,건조,맑음,단일로 - 기타,이륜,남,48세,경상,승용,남,73세,상해없음
2016041200100425,2016년 4월 12일 17시,화요일,대구광역시 중구 동인동3가,경상사고,0,0,1,0,차대차 - 측면직각충돌,불법유턴,건조,맑음,단일로 - 기타,승용,여,54세,상해없음,승용,여,29세,경상
2016041200100472,2016년 4월 12일 18시,화요일,대구광역시 동구 율하동,경상사고,0,0,2,0,차대차 - 측면충돌,신호위반,건조,맑음,교차로 - 교차로안,승용,남,41세,상해없음,승용,남,48세,경상
2016041200100473,2016년 4월 12일 18시,화요일,대구광역시 달서구 상인동,경상사고,0,0,1,0,차대차 - 측면충돌,교차로운행방법위반,건조,맑음,교차로 - 교차로안,승용,남,61세,상해없음,원동기,남,18세,경상
2016041200100474,2016년 4월 12일 18시,화요일,대구광역시 북구 태전동,경상사고,0,0,2,0,차대차 - 측면충돌,안전운전불이행,건조,맑음,단일로 - 기타,화물,남,38세,상해없음,이륜,남,17세,경상
2016041200100475,2016년 4월 12일 18시,화요일,대구광역시 북구 관음동,경상사고,0,0,1,0,차대사람 - 기타,보행자보호의무위반,건조,맑음,단일로 - 기타,승용,남,29세,상해없음,보행자,여,9세,경상
2016041200100510,2016년 4월 12일 19시,화요일,대구광역시 서구 비산동,중상사고,0,1,0,0,차대사람 - 횡단중,보행자보호의무위반,건조,맑음,교차로 - 교차로부근,승용,남,63세,상해없음,보행자,남,56세,중상
2016041200100550,2016년 4월 12일 20시,화요일,대구광역시 달서구 진천동,경상사고,0,0,2,0,차대차 - 측면충돌,교차로운행방법위반,건조,맑음,교차로 - 교차로안,승용,여,66세,상해없음,승용,여,23세,경상
2016041200100551,2016년 4월 12일 20시,화요일,대구광역시 달성군 논공읍,경상사고,0,0,1,0,차대사람 - 횡단중,안전운전불이행,건조,맑음,단일로 - 기타,승용,남,58세,상해없음,보행자,여,47세,경상
2016041200100552,2016년 4월 12일 20시,화요일,대구광역시 북구 산격동,경상사고,0,0,1,0,차대차 - 측면직각충돌,교차로운행방법위반,건조,맑음,교차로 - 교차로안,승용,남,32세,상해없음,승용,여,30세,경상
2016041200100553,2016년 4월 12일 20시,화요일,대구광역시 중구 삼덕동3가,경상사고,0,0,2,0,차대차 - 추돌,안전운전불이행,건조,맑음,미분류 - 미분류,승용,남,45세,상해없음,승용,남,34세,경상
2016041200100588,2016년 4월 12일 21시,화요일,대구광역시 남구 봉덕동,경상사고,0,0,2,0,차대차 - 추돌,안전거리미확보,건조,맑음,단일로 - 기타,승용,남,45세,상해없음,승용,남,51세,경상
2016041200100589,2016년 4월 12일 21시,화요일,대구광역시 남구 봉덕동,경상사고,0,0,1,0,차대차 - 측면충돌,안전거리미확보,건조,맑음,단일로 - 기타,화물,남,55세,상해없음,승용,남,25세,경상
2016041200100665,2016년 4월 12일 23시,화요일,대구광역시 남구 봉덕동,중상사고,0,1,0,0,차대차 - 추돌,안전운전불이행,건조,맑음,교차로 - 교차로부근,화물,남,43세,상해없음,승용,남,35세,중상
2016041200100666,2016년 4월 12일 23시,화요일,대구광역시 수성구 두산동,경상사고,0,0,1,0,차대차 - 측면충돌,안전운전불이행,습기,비,단일로 - 기타,승용,남,55세,상해없음,승용,여,55세,경상
2016041200100667,2016년 4월 12일 23시,화요일,대구광역시 수성구 범어동,부상신고사고,0,0,0,1,차대사람 - 기타,안전운전불이행,습기,맑음,교차로 - 교차로부근,승용,여,50세,상해없음,보행자,남,63세,부상신고
2016041200100668,2016년 4월 12일 23시,화요일,대구광역시 달서구 용산동,중상사고,0,1,2,0,차대차 - 추돌,안전운전불이행,습기,비,단일로 - 기타,기타불명,기타불명,기타불명,기타불명,승용,남,27세,경상
2016041200100669,2016년 4월 12일 23시,화요일,대구광역시 달서구 두류동,경상사고,0,0,1,0,차대차 - 추돌,안전운전불이행,습기,흐림,교차로 - 교차로안,승용,남,48세,상해없음,승용,남,47세,경상
2016041200100670,2016년 4월 12일 23시,화요일,대구광역시 북구 구암동,경상사고,0,0,1,0,차대차 - 추돌,안전운전불이행,습기,비,교차로 - 교차로부근,승용,여,46세,상해없음,승용,여,36세,경상
2016041200100671,2016년 4월 12일 23시,화요일,대구광역시 북구 구암동,경상사고,0,0,2,0,차대차 - 측면직각충돌,교차로운행방법위반,건조,맑음,교차로 - 교차로안,승용,남,26세,경상,승용,남,61세,경상
2016041300100018,2016년 4월 13일 00시,수요일,대구광역시 수성구 지산동,경상사고,0,0,2,0,차대차 - 측면충돌,안전운전불이행,습기,비,단일로 - 기타,승용,남,52세,상해없음,승용,남,50세,상해없음
2016041300100019,2016년 4월 13일 00시,수요일,대구광역시 달서구 송현동,경상사고,0,0,1,0,차대차 - 측면직각충돌,직진우회전진행방해,습기,비,교차로 - 교차로안,승용,남,61세,상해없음,승용,남,49세,경상
2016041300100020,2016년 4월 13일 00시,수요일,대구광역시 북구 침산동,경상사고,0,0,1,0,차대차 - 추돌,안전운전불이행,습기,비,단일로 - 기타,승용,남,39세,상해없음,화물,남,51세,경상
2016041300100021,2016년 4월 13일 00시,수요일,대구광역시 서구 상리동,경상사고,0,0,1,0,차대차 - 측면직각충돌,교차로운행방법위반,습기,비,교차로 - 교차로안,승용,남,34세,상해없음,승용,남,59세,경상
2016041300100046,2016년 4월 13일 01시,수요일,대구광역시 달서구 송현동,경상사고,0,0,1,0,차대차 - 기타,교차로운행방법위반,습기,비,교차로 - 교차로부근,승용,남,42세,상해없음,이륜,남,26세,경상
2016041300100096,2016년 4월 13일 04시,수요일,대구광역시 수성구 황금동,중상사고,0,2,1,0,차량단독 - 공작물충돌,안전운전불이행,습기,비,미분류 - 미분류,승용,남,43세,상해없음,,,,
2016041300100097,2016년 4월 13일 04시,수요일,대구광역시 달서구 신당동,중상사고,0,1,0,0,차대사람 - 횡단중,보행자보호의무위반,건조,맑음,교차로 - 교차로안,승용,남,57세,상해없음,보행자,여,73세,중상
2016041300100116,2016년 4월 13일 05시,수요일,대구광역시 북구 국우동,부상신고사고,0,0,0,1,차대사람 - 기타,안전운전불이행,습기,비,단일로 - 기타,기타불명,기타불명,27세,기타불명,보행자,남,41세,부상신고
2016041300100137,2016년 4월 13일 06시,수요일,대구광역시 북구 팔달동,중상사고,0,1,0,0,차량단독 - 공작물충돌,안전운전불이행,습기,비,단일로 - 기타,승용,남,34세,중상,,,,
2016041300100153,2016년 4월 13일 07시,수요일,대구광역시 북구 침산동,경상사고,0,0,1,0,차대차 - 추돌,안전운전불이행,습기,비,단일로 - 횡단보도부근,승용,남,58세,상해없음,승용,남,38세,경상
2016041300100154,2016년 4월 13일 07시,수요일,대구광역시 서구 평리동,경상사고,0,0,1,0,차대차 - 기타,안전운전불이행,습기,비,단일로 - 기타,승용,여,53세,상해없음,원동기,남,65세,경상
2016041300100155,2016년 4월 13일 07시,수요일,대구광역시 북구 읍내동,중상사고,0,2,1,0,차대차 - 추돌,안전운전불이행,습기,비,교차로 - 교차로부근,특수,남,52세,상해없음,화물,남,57세,중상
2016041300100181,2016년 4월 13일 08시,수요일,대구광역시 남구 대명동,중상사고,0,1,0,0,차대차 - 측면충돌,안전운전불이행,기타,비,단일로 - 기타,승용,여,43세,상해없음,이륜,남,30세,중상
2016041300100182,2016년 4월 13일 08시,수요일,대구광역시 달서구 장기동,중상사고,0,1,0,0,차량단독 - 공작물충돌,안전운전불이행,습기,비,단일로 - 기타,화물,남,50세,중상,,,,
2016041300100212,2016년 4월 13일 09시,수요일,대구광역시 수성구 수성동1가,중상사고,0,1,0,0,차대차 - 측면충돌,안전운전불이행,습기,비,교차로 - 교차로안,승용,남,20세,상해없음,승용,여,47세,중상
2016041300100213,2016년 4월 13일 09시,수요일,대구광역시 달서구 진천동,중상사고,0,1,0,0,차량단독 - 기타,기타,습기,비,단일로 - 기타,승합,남,54세,상해없음,,,,
2016041300100240,2016년 4월 13일 10시,수요일,대구광역시 남구 대명동,경상사고,0,0,1,0,차대사람 - 기타,불법유턴,습기,비,교차로 - 교차로부근,승용,기타불명,기타불명,기타불명,보행자,여,45세,경상
2016041300100273,2016년 4월 13일 11시,수요일,대구광역시 동구 봉무동,중상사고,0,1,0,0,차대사람 - 보도통행중,기타,습기,비,단일로 - 횡단보도부근,화물,남,59세,상해없음,보행자,여,61세,중상
2016041300100274,2016년 4월 13일 11시,수요일,대구광역시 동구 봉무동,중상사고,0,1,2,0,차대차 - 추돌,안전거리미확보,건조,맑음,교차로 - 교차로안,화물,남,55세,상해없음,승용,여,32세,경상
2016041300100276,2016년 4월 13일 11시,수요일,대구광역시 북구 침산동,경상사고,0,0,4,0,차대차 - 추돌,안전운전불이행,습기,비,단일로 - 기타,화물,남,55세,상해없음,화물,남,63세,경상
2016041300100310,2016년 4월 13일 12시,수요일,대구광역시 수성구 매호동,경상사고,0,0,3,0,차대차 - 측면직각충돌,교차로운행방법위반,습기,비,교차로 - 교차로안,승용,여,49세,기타불명,승용,여,64세,경상
2016041300100311,2016년 4월 13일 12시,수요일,대구광역시 달서구 호산동,경상사고,0,0,1,0,차대차 - 추돌,안전운전불이행,습기,비,교차로 - 교차로안,승용,남,72세,상해없음,승용,남,28세,상해없음
2016041300100312,2016년 4월 13일 12시,수요일,대구광역시 달서구 장기동,중상사고,0,1,0,0,차대차 - 측면충돌,안전거리미확보,습기,흐림,단일로 - 기타,승용,남,36세,상해없음,이륜,남,52세,중상
2016041300100365,2016년 4월 13일 14시,수요일,대구광역시 북구 산격동,경상사고,0,0,1,0,차대사람 - 횡단중,안전운전불이행,건조,맑음,기타 - 기타,승용,여,35세,상해없음,보행자,남,29세,경상
2016041300100366,2016년 4월 13일 14시,수요일,대구광역시 달서구 두류동,경상사고,0,0,2,0,차대차 - 정면충돌,안전운전불이행,습기,흐림,단일로 - 기타,승용,남,53세,상해없음,화물,남,55세,경상
2016041300100400,2016년 4월 13일 15시,수요일,대구광역시 중구 계산동2가,경상사고,0,0,1,0,차대사람 - 횡단중,안전운전불이행,건조,맑음,단일로 - 기타,이륜,남,45세,경상,보행자,남,79세,상해없음
2016041300100401,2016년 4월 13일 15시,수요일,대구광역시 북구 관음동,경상사고,0,0,1,0,차대차 - 기타,안전운전불이행,건조,맑음,교차로 - 교차로부근,승용,여,36세,상해없음,승용,남,44세,경상
2016041300100432,2016년 4월 13일 16시,수요일,대구광역시 수성구 범어동,경상사고,0,0,1,0,차대차 - 추돌,안전거리미확보,건조,맑음,교차로 - 교차로부근,승용,여,49세,상해없음,승용,여,56세,경상
2016041300100477,2016년 4월 13일 17시,수요일,대구광역시 동구 불로동,경상사고,0,0,2,0,차대차 - 측면충돌,안전거리미확보,건조,맑음,단일로 - 기타,승용,남,35세,상해없음,이륜,남,16세,경상
2016041300100478,2016년 4월 13일 17시,수요일,대구광역시 달서구 상인동,중상사고,0,1,0,0,차대사람 - 횡단중,안전운전불이행,건조,맑음,단일로 - 기타,승용,여,30세,상해없음,보행자,여,82세,중상
2016041300100479,2016년 4월 13일 17시,수요일,대구광역시 달서구 송현동,중상사고,0,1,0,0,차대사람 - 횡단중,신호위반,건조,맑음,교차로 - 교차로안,승용,여,38세,상해없음,보행자,여,15세,중상
2016041300100480,2016년 4월 13일 17시,수요일,대구광역시 달서구 대천동,중상사고,0,1,0,0,차대사람 - 횡단중,신호위반,건조,맑음,교차로 - 교차로안,승용,여,24세,상해없음,보행자,남,24세,중상
2016041300100521,2016년 4월 13일 18시,수요일,대구광역시 동구 신암동,경상사고,0,0,2,0,차대차 - 추돌,안전운전불이행,건조,맑음,교차로 - 교차로부근,승용,여,41세,상해없음,승용,남,51세,경상
2016041300100545,2016년 4월 13일 19시,수요일,대구광역시 수성구 파동,경상사고,0,0,1,0,차대차 - 기타,교차로운행방법위반,습기,흐림,교차로 - 교차로안,승용,여,43세,상해없음,이륜,남,35세,경상
2016041300100546,2016년 4월 13일 19시,수요일,대구광역시 달서구 상인동,경상사고,0,0,2,0,차대차 - 측면충돌,안전운전불이행,건조,맑음,단일로 - 기타,승용,여,50세,경상,이륜,남,23세,경상
2016041300100547,2016년 4월 13일 19시,수요일,대구광역시 북구 노원동3가,경상사고,0,0,1,0,차대사람 - 횡단중,보행자보호의무위반,건조,맑음,단일로 - 기타,화물,남,47세,상해없음,보행자,남,58세,경상
2016041300100548,2016년 4월 13일 19시,수요일,대구광역시 서구 내당동,경상사고,0,0,1,0,차대사람 - 횡단중,안전운전불이행,건조,맑음,단일로 - 기타,이륜,남,59세,상해없음,보행자,남,18세,경상
2016041300100599,2016년 4월 13일 21시,수요일,대구광역시 동구 용계동,중상사고,0,2,1,0,차대차 - 추돌,안전운전불이행,건조,맑음,단일로 - 기타,승용,남,70세,중상,승합,남,61세,상해없음
2016041300100600,2016년 4월 13일 21시,수요일,대구광역시 수성구 만촌동,경상사고,0,0,1,0,차대차 - 측면충돌,신호위반,건조,맑음,교차로 - 교차로안,승용,여,35세,상해없음,승용,남,53세,경상
2016041300100601,2016년 4월 13일 21시,수요일,대구광역시 달서구 본동,경상사고,0,0,3,0,차대차 - 측면충돌,교차로운행방법위반,건조,맑음,교차로 - 교차로부근,승용,남,56세,상해없음,승용,남,18세,경상
2016041300100621,2016년 4월 13일 22시,수요일,대구광역시 동구 방촌동,중상사고,0,1,1,0,차대차 - 기타,중앙선침범,건조,맑음,교차로 - 교차로부근,승용,남,60세,기타불명,승용,남,50세,경상
2016041300100622,2016년 4월 13일 22시,수요일,대구광역시 북구 서변동,중상사고,0,1,0,0,차대차 - 측면충돌,안전운전불이행,습기,흐림,기타 - 기타,이륜,남,38세,중상,승용,남,58세,기타불명
2016041400100009,2016년 4월 14일 00시,목요일,대구광역시 북구 노원동3가,경상사고,0,0,1,0,차량단독 - 기타,안전운전불이행,습기,비,단일로 - 기타,승용,남,65세,상해없음,,,,
2016041400100020,2016년 4월 14일 01시,목요일,대구광역시 수성구 두산동,부상신고사고,0,0,0,1,차대차 - 측면충돌,교차로운행방법위반,건조,맑음,교차로 - 교차로안,승용,남,49세,기타불명,승용,남,65세,상해없음
2016041400100091,2016년 4월 14일 07시,목요일,대구광역시 서구 비산동,경상사고,0,0,1,0,차대차 - 측면직각충돌,교차로운행방법위반,건조,맑음,교차로 - 교차로안,승용,남,68세,상해없음,승용,남,28세,경상
2016041400100092,2016년 4월 14일 07시,목요일,대구광역시 서구 평리동,중상사고,0,1,0,0,차대차 - 측면직각충돌,신호위반,건조,맑음,단일로 - 횡단보도상,이륜,남,54세,중상,이륜,남,62세,상해없음
2016041400100137,2016년 4월 14일 08시,목요일,대구광역시 달서구 송현동,경상사고,0,0,1,0,차대사람 - 횡단중,안전운전불이행,건조,맑음,단일로 - 기타,승용,남,63세,기타불명,보행자,남,7세,경상
2016041400100138,2016년 4월 14일 08시,목요일,대구광역시 달성군 다사읍,경상사고,0,0,3,0,차대차 - 추돌,안전거리미확보,건조,맑음,단일로 - 기타,승용,남,27세,경상,화물,남,51세,상해없음
2016041400100139,2016년 4월 14일 08시,목요일,대구광역시 북구 산격동,경상사고,0,0,1,0,차대차 - 측면충돌,안전거리미확보,건조,맑음,단일로 - 기타,승용,여,57세,상해없음,승용,여,30세,경상
2016041400100162,2016년 4월 14일 09시,목요일,대구광역시 달서구 신당동,경상사고,0,0,1,0,차대차 - 추돌,안전거리미확보,건조,맑음,단일로 - 기타,승용,남,49세,상해없음,이륜,남,61세,상해없음
2016041400100192,2016년 4월 14일 10시,목요일,대구광역시 동구 방촌동,중상사고,0,1,0,0,차대차 - 측면충돌,안전운전불이행,건조,맑음,단일로 - 기타,승용,여,46세,상해없음,자전거,남,73세,중상
2016041400100193,2016년 4월 14일 10시,목요일,대구광역시 달서구 상인동,중상사고,0,1,0,0,차대차 - 기타,교차로운행방법위반,건조,맑음,교차로 - 교차로안,승용,여,35세,상해없음,승합,남,50세,상해없음
2016041400100194,2016년 4월 14일 10시,목요일,대구광역시 달서구 두류동,경상사고,0,0,1,0,차대차 - 측면충돌,안전운전불이행,건조,맑음,교차로 - 교차로부근,화물,남,56세,상해없음,이륜,남,24세,경상