사고번호,사고일시,요일,시군구,사고내용,사망자수,중상자수,경상자수,부상신고자수,사고유형,법규위반,노면상태,기상상태,도로형태,가해운전자 차종,가해운전자 성별,가해운전자 연령,가해운전자 상해정도,피해운전자 차종,피해운전자 성별,피해운전자 연령,피해운전자 상해정도
2016041400100195,2016년 4월 14일 10시,목요일,대구광역시 달서구 호산동,경상사고,0,0,1,0,차대차 - 측면충돌,안전운전불이행,건조,맑음,단일로 - 기타,화물,남,50세,기타불명,이륜,남,44세,경상
2016041400100228,2016년 4월 14일 11시,목요일,대구광역시 서구 평리동,경상사고,0,0,1,0,차대차 - 측면직각충돌,차로위반,건조,맑음,교차로 - 교차로부근,자전거,남,56세,경상,승합,남,54세,상해없음
2016041400100303,2016년 4월 14일 14시,목요일,대구광역시 서구 내당동,중상사고,0,1,0,0,차대차 - 측면직각충돌,신호위반,건조,맑음,교차로 - 교차로안,이륜,여,71세,중상,승용,남,52세,상해없음
2016041400100341,2016년 4월 14일 15시,목요일,대구광역시 달성군 다사읍,중상사고,0,1,0,0,차대사람 - 횡단중,안전운전불이행,건조,맑음,단일로 - 기타,승합,남,53세,상해없음,보행자,여,7세,중상
2016041400100342,2016년 4월 14일 15시,목요일,대구광역시 서구 이현동,경상사고,0,0,1,0,차대차 - 추돌,안전거리미확보,건조,맑음,교차로 - 교차로부근,화물,남,47세,상해없음,승용,여,35세,경상
2016041400100343,2016년 4월 14일 15시,목요일,대구광역시 중구 남산동,중상사고,0,1,0,0,차대차 - 정면충돌,안전운전불이행,건조,맑음,교차로 - 교차로부근,승용,여,51세,상해없음,승용,여,42세,중상
2016041400100344,2016년 4월 14일 15시,목요일,대구광역시 달서구 용산동,경상사고,0,0,1,0,차대차 - 측면충돌,안전운전불이행,건조,맑음,교차로 - 교차로안,승용,남,18세,상해없음,이륜,남,52세,경상
2016041400100345,2016년 4월 14일 15시,목요일,대구광역시 북구 태전동,중상사고,0,1,0,0,차대차 - 측면충돌,안전운전불이행,건조,맑음,단일로 - 기타,화물,남,63세,상해없음,원동기,남,22세,중상
2016041400100390,2016년 4월 14일 16시,목요일,대구광역시 수성구 범어동,경상사고,0,0,1,0,차대차 - 기타,안전운전불이행,건조,맑음,교차로 - 교차로안,승용,여,34세,상해없음,승용,여,41세,상해없음
2016041400100434,2016년 4월 14일 17시,목요일,대구광역시 남구 봉덕동,경상사고,0,0,1,0,차대사람 - 길가장자리구역통행중,안전운전불이행,건조,맑음,단일로 - 기타,승용,여,75세,기타불명,보행자,남,73세,경상
2016041400100478,2016년 4월 14일 18시,목요일,대구광역시 수성구 두산동,경상사고,0,0,2,0,차대차 - 추돌,교차로운행방법위반,건조,맑음,교차로 - 교차로안,승용,여,36세,상해없음,승용,여,27세,경상
2016041400100514,2016년 4월 14일 19시,목요일,대구광역시 동구 신암동,경상사고,0,0,1,0,차대차 - 측면충돌,교차로운행방법위반,건조,맑음,단일로 - 기타,승용,여,49세,상해없음,자전거,남,62세,경상
2016041400100515,2016년 4월 14일 19시,목요일,대구광역시 달서구 진천동,경상사고,0,0,1,0,차대차 - 측면충돌,안전운전불이행,건조,맑음,단일로 - 기타,승용,여,59세,상해없음,승합,남,37세,경상
2016041400100516,2016년 4월 14일 19시,목요일,대구광역시 서구 평리동,중상사고,0,1,0,0,차대사람 - 횡단중,안전운전불이행,건조,맑음,교차로 - 교차로안,승용,여,45세,상해없음,보행자,남,54세,중상
2016041400100517,2016년 4월 14일 19시,목요일,대구광역시 북구 읍내동,경상사고,0,0,1,0,차대차 - 기타,직진우회전진행방해,건조,맑음,교차로 - 교차로부근,승용,여,59세,상해없음,자전거,여,59세,경상
2016041400100542,2016년 4월 14일 20시,목요일,대구광역시 북구 노원동3가,중상사고,0,1,0,0,차대차 - 측면직각충돌,안전운전불이행,건조,맑음,단일로 - 기타,승용,남,61세,상해없음,승용,남,42세,중상
2016041400100543,2016년 4월 14일 20시,목요일,대구광역시 북구 복현동,경상사고,0,0,1,0,차대사람 - 기타,안전운전불이행,건조,맑음,교차로 - 교차로안,승용,남,47세,상해없음,보행자,남,62세,경상
2016041400100575,2016년 4월 14일 21시,목요일,대구광역시 달성군 화원읍,경상사고,0,0,2,0,차대차 - 측면충돌,안전운전불이행,건조,맑음,교차로 - 교차로안,승용,여,50세,상해없음,원동기,남,17세,경상
2016041400100576,2016년 4월 14일 21시,목요일,대구광역시 북구 산격동,중상사고,0,1,2,0,차대차 - 기타,안전거리미확보,건조,맑음,단일로 - 교량,승용,여,26세,중상,승용,남,37세,경상
2016041400100601,2016년 4월 14일 22시,목요일,대구광역시 동구 신암동,경상사고,0,0,1,0,차대차 - 추돌,안전운전불이행,건조,맑음,교차로 - 교차로부근,승용,남,62세,상해없음,승용,남,28세,경상
2016041400100602,2016년 4월 14일 22시,목요일,대구광역시 서구 평리동,경상사고,0,0,1,0,차대사람 - 횡단중,신호위반,건조,맑음,교차로 - 교차로부근,원동기,남,17세,상해없음,보행자,여,21세,경상
2016041400100630,2016년 4월 14일 23시,목요일,대구광역시 수성구 상동,경상사고,0,0,1,0,차대사람 - 기타,안전운전불이행,건조,맑음,단일로 - 횡단보도상,승용,남,63세,상해없음,보행자,남,45세,경상
2016041500100062,2016년 4월 15일 04시,금요일,대구광역시 동구 검사동,중상사고,0,1,2,1,차대차 - 추돌,안전운전불이행,건조,맑음,교차로 - 교차로부근,승용,남,38세,부상신고,승합,남,60세,경상
2016041500100107,2016년 4월 15일 07시,금요일,대구광역시 수성구 지산동,중상사고,0,1,0,0,차대사람 - 기타,안전운전불이행,건조,맑음,단일로 - 기타,승용,남,22세,상해없음,보행자,남,51세,중상
2016041500100108,2016년 4월 15일 07시,금요일,대구광역시 달서구 갈산동,중상사고,0,1,0,0,차대차 - 측면충돌,교차로운행방법위반,건조,맑음,교차로 - 교차로안,승용,여,21세,상해없음,이륜,남,56세,중상
2016041500100158,2016년 4월 15일 08시,금요일,대구광역시 동구 방촌동,경상사고,0,0,1,0,차대차 - 추돌,안전거리미확보,건조,맑음,교차로 - 교차로부근,이륜,남,60세,상해없음,승용,남,52세,상해없음
2016041500100159,2016년 4월 15일 08시,금요일,대구광역시 수성구 지산동,경상사고,0,0,1,0,차대차 - 정면충돌,직진우회전진행방해,건조,맑음,교차로 - 교차로안,승용,남,43세,기타불명,승용,여,44세,경상
2016041500100160,2016년 4월 15일 08시,금요일,대구광역시 중구 태평로3가,경상사고,0,0,1,0,차대차 - 정면충돌,차로위반,건조,맑음,교차로 - 교차로부근,이륜,남,47세,기타불명,승용,남,70세,상해없음
2016041500100185,2016년 4월 15일 09시,금요일,대구광역시 남구 대명동,경상사고,0,0,1,1,차대차 - 측면직각충돌,교차로운행방법위반,건조,맑음,교차로 - 교차로안,승용,남,66세,부상신고,승용,남,42세,경상
2016041500100205,2016년 4월 15일 10시,금요일,대구광역시 북구 서변동,중상사고,0,2,0,0,차대차 - 측면직각충돌,안전운전불이행,건조,맑음,단일로 - 기타,승용,남,40세,중상,특수,남,43세,상해없음
2016041500100208,2016년 4월 15일 10시,금요일,대구광역시 북구 침산동,경상사고,0,0,1,0,차대차 - 기타,안전거리미확보,건조,맑음,교차로 - 교차로부근,화물,남,50세,상해없음,승용,남,52세,경상
2016041500100234,2016년 4월 15일 11시,금요일,대구광역시 남구 봉덕동,중상사고,0,1,0,0,차대차 - 기타,안전운전불이행,건조,맑음,단일로 - 횡단보도상,승용,남,50세,상해없음,자전거,여,67세,중상
2016041500100235,2016년 4월 15일 11시,금요일,대구광역시 달성군 화원읍,경상사고,0,0,3,0,차대차 - 추돌,안전운전불이행,건조,맑음,단일로 - 터널,화물,남,35세,상해없음,승용,남,79세,경상
2016041500100264,2016년 4월 15일 12시,금요일,대구광역시 서구 상리동,중상사고,0,2,0,0,차대차 - 측면직각충돌,차로위반,건조,맑음,단일로 - 기타,화물,남,58세,상해없음,승용,남,65세,중상
2016041500100267,2016년 4월 15일 12시,금요일,대구광역시 중구 대안동,경상사고,0,0,1,0,차대차 - 측면직각충돌,안전운전불이행,건조,맑음,교차로 - 교차로안,승용,남,59세,상해없음,승용,여,66세,경상
2016041500100339,2016년 4월 15일 14시,금요일,대구광역시 달성군 옥포면,경상사고,0,0,1,0,차대차 - 추돌,안전운전불이행,건조,맑음,교차로 - 교차로부근,화물,남,62세,상해없음,승용,여,58세,경상
2016041500100340,2016년 4월 15일 14시,금요일,대구광역시 중구 동성로3가,경상사고,0,0,1,0,차대사람 - 횡단중,안전운전불이행,건조,맑음,단일로 - 기타,승용,여,31세,기타불명,보행자,남,32세,경상
2016041500100375,2016년 4월 15일 15시,금요일,대구광역시 중구 대봉동,경상사고,0,0,1,0,차대차 - 추돌,안전운전불이행,건조,맑음,단일로 - 기타,승용,남,20세,기타불명,승용,남,51세,경상
2016041500100376,2016년 4월 15일 15시,금요일,대구광역시 달서구 두류동,중상사고,0,1,0,0,차대차 - 추돌,안전운전불이행,건조,맑음,단일로 - 기타,승용,여,59세,상해없음,자전거,남,74세,중상
2016041500100377,2016년 4월 15일 15시,금요일,대구광역시 달서구 본리동,중상사고,0,1,0,0,차대차 - 기타,신호위반,건조,맑음,교차로 - 교차로안,승용,여,46세,상해없음,승용,여,31세,중상
2016041500100430,2016년 4월 15일 16시,금요일,대구광역시 수성구 중동,중상사고,0,2,0,0,차대차 - 추돌,안전거리미확보,건조,맑음,단일로 - 기타,승용,남,49세,상해없음,승용,여,61세,중상
2016041500100431,2016년 4월 15일 16시,금요일,대구광역시 서구 평리동,경상사고,0,0,1,0,차대사람 - 길가장자리구역통행중,안전운전불이행,건조,맑음,교차로 - 교차로안,승용,남,61세,상해없음,보행자,여,48세,경상
2016041500100432,2016년 4월 15일 16시,금요일,대구광역시 중구 동산동,경상사고,0,0,1,1,차대차 - 측면직각충돌,안전운전불이행,건조,맑음,교차로 - 교차로부근,승용,남,23세,부상신고,승용,남,64세,경상
2016041500100469,2016년 4월 15일 17시,금요일,대구광역시 동구 효목동,경상사고,0,0,1,0,차대차 - 추돌,안전운전불이행,건조,맑음,교차로 - 교차로부근,승용,남,49세,상해없음,승용,여,31세,경상
2016041500100470,2016년 4월 15일 17시,금요일,대구광역시 수성구 범어동,중상사고,0,1,0,0,차량단독 - 전도전복,안전운전불이행,건조,맑음,단일로 - 기타,승용,남,73세,상해없음,,,,
2016041500100471,2016년 4월 15일 17시,금요일,대구광역시 수성구 고모동,경상사고,0,0,1,0,차대차 - 측면직각충돌,안전운전불이행,건조,맑음,단일로 - 기타,승용,남,71세,상해없음,이륜,남,43세,경상
2016041500100472,2016년 4월 15일 17시,금요일,대구광역시 달서구 월성동,경상사고,0,0,1,1,차대사람 - 횡단중,신호위반,건조,맑음,교차로 - 교차로안,자전거,남,15세,부상신고,보행자,남,64세,경상
2016041500100473,2016년 4월 15일 17시,금요일,대구광역시 달서구 송현동,경상사고,0,0,2,0,차대차 - 추돌,안전운전불이행,건조,맑음,단일로 - 기타,승용,남,24세,상해없음,승용,남,37세,경상
2016041500100474,2016년 4월 15일 17시,금요일,대구광역시 북구 고성동3가,중상사고,0,1,0,0,차대차 - 추돌,안전운전불이행,건조,맑음,단일로 - 기타,원동기,남,49세,중상,승용,남,54세,상해없음
2016041500100475,2016년 4월 15일 17시,금요일,대구광역시 서구 비산동,중상사고,0,2,0,0,차대차 - 측면충돌,안전운전불이행,건조,맑음,단일로 - 기타,자전거,남,70세,중상,자전거,남,13세,중상
2016041500100510,2016년 4월 15일 18시,금요일,대구광역시 수성구 수성동4가,경상사고,0,0,1,0,차대사람 - 기타,안전운전불이행,건조,맑음,단일로 - 기타,이륜,남,27세,경상,보행자,여,67세,기타불명
2016041500100511,2016년 4월 15일 18시,금요일,대구광역시 수성구 황금동,경상사고,0,0,1,0,차대차 - 측면충돌,안전운전불이행,건조,맑음,교차로 - 교차로부근,화물,남,48세,상해없음,자전거,여,61세,경상
2016041500100512,2016년 4월 15일 18시,금요일,대구광역시 달서구 감삼동,중상사고,0,1,0,0,차대사람 - 횡단중,안전운전불이행,건조,맑음,교차로 - 교차로부근,승용,여,37세,상해없음,보행자,여,51세,중상
2016041500100513,2016년 4월 15일 18시,금요일,대구광역시 달서구 죽전동,부상신고사고,0,0,0,2,차대차 - 기타,안전거리미확보,건조,맑음,교차로 - 교차로부근,승합,남,34세,상해없음,승용,남,49세,부상신고
2016041500100559,2016년 4월 15일 19시,금요일,대구광역시 남구 대명동,부상신고사고,0,0,0,1,차대차 - 기타,안전운전불이행,건조,맑음,단일로 - 횡단보도상,자전거,남,78세,부상신고,승용,남,35세,상해없음
2016041500100560,2016년 4월 15일 19시,금요일,대구광역시 남구 대명동,중상사고,0,1,0,0,차대차 - 측면충돌,중앙선침범,건조,맑음,교차로 - 교차로부근,자전거,남,64세,중상,승용,남,55세,상해없음
2016041500100561,2016년 4월 15일 19시,금요일,대구광역시 수성구 두산동,중상사고,0,1,0,0,차대사람 - 횡단중,보행자보호의무위반,건조,맑음,교차로 - 교차로부근,승용,여,43세,상해없음,보행자,남,61세,중상
2016041500100562,2016년 4월 15일 19시,금요일,대구광역시 수성구 범물동,중상사고,0,1,2,0,차대차 - 측면충돌,불법유턴,건조,맑음,단일로 - 기타,화물,남,56세,상해없음,승용,남,34세,경상
2016041500100563,2016년 4월 15일 19시,금요일,대구광역시 북구 침산동,경상사고,0,0,1,0,차대차 - 측면직각충돌,안전운전불이행,건조,맑음,교차로 - 교차로부근,화물,남,53세,상해없음,자전거,여,18세,경상
2016041500100564,2016년 4월 15일 19시,금요일,대구광역시 서구 평리동,경상사고,0,0,3,0,차대차 - 추돌,안전운전불이행,건조,맑음,단일로 - 기타,승용,여,40세,상해없음,승용,남,51세,경상
2016041500100565,2016년 4월 15일 19시,금요일,대구광역시 달서구 용산동,경상사고,0,0,1,0,차대차 - 추돌,안전운전불이행,건조,맑음,단일로 - 기타,승용,남,42세,상해없음,자전거,남,16세,경상
2016041500100566,2016년 4월 15일 19시,금요일,대구광역시 달서구 죽전동,경상사고,0,0,1,0,차대차 - 측면충돌,안전운전불이행,건조,맑음,교차로 - 교차로부근,승용,남,21세,기타불명,승용,남,32세,경상
2016041500100567,2016년 4월 15일 19시,금요일,대구광역시 북구 국우동,경상사고,0,0,3,0,차대차 - 측면직각충돌,직진우회전진행방해,건조,맑음,교차로 - 교차로안,승용,여,53세,경상,승용,여,38세,경상
2016041500100642,2016년 4월 15일 21시,금요일,대구광역시 동구 신천동,중상사고,0,1,0,0,차대차 - 추돌,안전거리미확보,건조,맑음,단일로 - 기타,승용,남,23세,상해없음,승용,남,42세,중상
2016041500100643,2016년 4월 15일 21시,금요일,대구광역시 달서구 송현동,경상사고,0,0,1,0,차대차 - 기타,직진우회전진행방해,건조,맑음,교차로 - 교차로부근,승용,여,54세,상해없음,원동기,남,21세,경상
2016041500100679,2016년 4월 15일 22시,금요일,대구광역시 서구 원대동3가,중상사고,0,1,0,0,차대차 - 측면충돌,신호위반,건조,맑음,교차로 - 교차로안,승용,남,56세,상해없음,이륜,남,30세,중상
2016041500100680,2016년 4월 15일 22시,금요일,대구광역시 북구 금호동,부상신고사고,0,0,0,1,차량단독 - 전도전복,안전운전불이행,건조,맑음,단일로 - 기타,이륜,남,46세,부상신고,,,,
2016041500100713,2016년 4월 15일 23시,금요일,대구광역시 동구 용계동,중상사고,0,1,0,0,차대사람 - 횡단중,안전운전불이행,건조,맑음,단일로 - 기타,승용,남,34세,상해없음,보행자,남,47세,중상
2016041500100714,2016년 4월 15일 23시,금요일,대구광역시 달서구 용산동,경상사고,0,0,2,0,차대차 - 추돌,안전운전불이행,건조,맑음,교차로 - 교차로부근,승용,여,57세,상해없음,승용,여,19세,경상
2016041600100044,2016년 4월 16일 01시,토요일,대구광역시 남구 봉덕동,경상사고,0,0,3,0,차대차 - 측면직각충돌,안전운전불이행,건조,맑음,교차로 - 교차로안,승용,남,56세,상해없음,화물,남,38세,경상
2016041600100080,2016년 4월 16일 03시,토요일,대구광역시 북구 복현동,경상사고,0,0,1,0,차대차 - 기타,안전거리미확보,건조,맑음,단일로 - 기타,승용,남,18세,경상,승용,여,50세,상해없음
2016041600100081,2016년 4월 16일 03시,토요일,대구광역시 북구 태전동,중상사고,0,2,1,0,차대차 - 추돌,안전운전불이행,건조,맑음,단일로 - 기타,승용,남,37세,상해없음,승용,남,59세,중상
2016041600100119,2016년 4월 16일 06시,토요일,대구광역시 수성구 만촌동,경상사고,0,0,1,1,차대차 - 측면충돌,중앙선침범,건조,맑음,단일로 - 기타,승용,남,25세,상해없음,승용,남,54세,부상신고
2016041600100120,2016년 4월 16일 06시,토요일,대구광역시 달서구 도원동,경상사고,0,0,1,0,차대차 - 정면충돌,중앙선침범,건조,맑음,교차로 - 교차로안,승용,남,34세,상해없음,승용,여,53세,경상
2016041600100163,2016년 4월 16일 08시,토요일,대구광역시 중구 동인동2가,중상사고,0,1,0,0,차대차 - 기타,불법유턴,건조,맑음,교차로 - 교차로부근,승용,남,53세,상해없음,이륜,남,51세,중상
2016041600100189,2016년 4월 16일 09시,토요일,대구광역시 달서구 대곡동,경상사고,0,0,2,0,차대차 - 측면충돌,안전운전불이행,건조,맑음,단일로 - 기타,승용,여,43세,상해없음,승용,남,51세,경상
2016041600100257,2016년 4월 16일 11시,토요일,대구광역시 북구 노원동3가,부상신고사고,0,0,0,1,차대차 - 기타,안전운전불이행,건조,맑음,단일로 - 기타,승용,남,51세,상해없음,자전거,남,42세,부상신고
2016041600100285,2016년 4월 16일 12시,토요일,대구광역시 수성구 수성동2가,중상사고,0,1,0,0,차대차 - 측면충돌,기타,건조,맑음,단일로 - 기타,화물,남,54세,상해없음,자전거,남,83세,중상
2016041600100286,2016년 4월 16일 12시,토요일,대구광역시 북구 산격동,부상신고사고,0,0,0,1,차대차 - 기타,안전운전불이행,건조,맑음,단일로 - 기타,원동기,남,20세,부상신고,승용,남,36세,상해없음
2016041600100316,2016년 4월 16일 13시,토요일,대구광역시 북구 팔달동,중상사고,0,1,0,0,차대차 - 측면충돌,안전운전불이행,건조,맑음,단일로 - 기타,승합,남,54세,상해없음,이륜,여,55세,중상
2016041600100356,2016년 4월 16일 14시,토요일,대구광역시 달서구 월성동,경상사고,0,0,1,0,차대사람 - 기타,안전운전불이행,건조,맑음,단일로 - 기타,승용,남,26세,상해없음,보행자,여,88세,경상
2016041600100357,2016년 4월 16일 14시,토요일,대구광역시 북구 동천동,경상사고,0,0,2,0,차대차 - 측면충돌,안전거리미확보,습기,흐림,단일로 - 기타,승용,여,61세,상해없음,이륜,남,19세,경상
2016041600100389,2016년 4월 16일 15시,토요일,대구광역시 수성구 만촌동,경상사고,0,0,1,0,차대차 - 정면충돌,안전운전불이행,건조,맑음,기타 - 기타,승용,여,45세,상해없음,승용,여,41세,경상
2016041600100390,2016년 4월 16일 15시,토요일,대구광역시 북구 복현동,부상신고사고,0,0,0,1,차대차 - 기타,안전운전불이행,건조,맑음,단일로 - 기타,화물,남,56세,상해없음,원동기,남,17세,부상신고
2016041600100425,2016년 4월 16일 16시,토요일,대구광역시 동구 지저동,중상사고,0,1,0,0,차대사람 - 보도통행중,기타,건조,맑음,기타 - 기타,자전거,여,59세,상해없음,보행자,여,78세,중상
2016041600100426,2016년 4월 16일 16시,토요일,대구광역시 수성구 황금동,중상사고,0,1,0,0,차대차 - 기타,안전운전불이행,건조,맑음,단일로 - 기타,승용,여,57세,상해없음,자전거,남,75세,중상
2016041600100465,2016년 4월 16일 17시,토요일,대구광역시 달서구 상인동,경상사고,0,0,1,0,차대차 - 측면충돌,교차로운행방법위반,건조,맑음,교차로 - 교차로안,승용,남,55세,상해없음,자전거,남,64세,경상
2016041600100466,2016년 4월 16일 17시,토요일,대구광역시 중구 동성로2가,경상사고,0,0,1,0,차대차 - 정면충돌,안전운전불이행,건조,맑음,단일로 - 기타,승용,남,35세,상해없음,승용,여,27세,경상
2016041600100501,2016년 4월 16일 18시,토요일,대구광역시 동구 서호동,중상사고,0,1,0,0,차대차 - 측면직각충돌,직진우회전진행방해,건조,맑음,교차로 - 교차로안,승용,여,60세,상해없음,이륜,남,63세,중상
2016041600100502,2016년 4월 16일 18시,토요일,대구광역시 달서구 대곡동,경상사고,0,0,1,0,차대차 - 기타,안전거리미확보,습기,비,단일로 - 기타,이륜,남,27세,상해없음,이륜,남,17세,경상
2016041600100503,2016년 4월 16일 18시,토요일,대구광역시 북구 칠성동2가,중상사고,0,1,0,0,차대사람 - 횡단중,안전운전불이행,습기,비,단일로 - 기타,승용,여,35세,상해없음,보행자,여,82세,중상
2016041600100504,2016년 4월 16일 18시,토요일,대구광역시 중구 동인동1가,경상사고,0,0,3,0,차대차 - 측면충돌,신호위반,건조,맑음,교차로 - 교차로안,승용,남,59세,상해없음,승용,남,28세,경상
2016041600100559,2016년 4월 16일 19시,토요일,대구광역시 달성군 옥포면,경상사고,0,0,1,0,차대차 - 측면충돌,안전운전불이행,습기,비,단일로 - 기타,화물,남,63세,상해없음,이륜,남,18세,경상
2016041600100619,2016년 4월 16일 20시,토요일,대구광역시 남구 봉덕동,중상사고,0,1,0,0,차대사람 - 횡단중,보행자보호의무위반,습기,비,단일로 - 횡단보도상,승용,남,62세,상해없음,보행자,남,26세,중상
2016041600100620,2016년 4월 16일 20시,토요일,대구광역시 수성구 범어동,경상사고,0,0,1,0,차대차 - 추돌,교차로운행방법위반,건조,맑음,교차로 - 교차로안,승용,여,45세,상해없음,승용,남,28세,경상
2016041600100621,2016년 4월 16일 20시,토요일,대구광역시 수성구 만촌동,중상사고,0,1,0,0,차대사람 - 횡단중,신호위반,건조,맑음,단일로 - 횡단보도부근,승용,남,61세,상해없음,보행자,남,60세,중상
2016041600100622,2016년 4월 16일 20시,토요일,대구광역시 수성구 만촌동,경상사고,0,0,1,0,차대차 - 정면충돌,불법유턴,습기,비,교차로 - 교차로부근,화물,남,54세,상해없음,화물,남,55세,경상
2016041600100623,2016년 4월 16일 20시,토요일,대구광역시 수성구 두산동,경상사고,0,0,1,0,차대차 - 측면충돌,중앙선침범,건조,맑음,단일로 - 기타,승용,남,39세,상해없음,승용,여,48세,경상
2016041600100624,2016년 4월 16일 20시,토요일,대구광역시 북구 산격동,경상사고,0,0,1,0,차대차 - 추돌,안전운전불이행,습기,비,교차로 - 교차로부근,승용,남,73세,상해없음,원동기,남,36세,경상
2016041600100625,2016년 4월 16일 20시,토요일,대구광역시 중구 대봉동,경상사고,0,0,2,0,차대차 - 추돌,안전거리미확보,습기,비,교차로 - 교차로부근,승용,남,61세,상해없음,승용,남,21세,경상
2016041600100688,2016년 4월 16일 21시,토요일,대구광역시 남구 봉덕동,경상사고,0,0,1,0,차대차 - 측면충돌,중앙선침범,습기,비,단일로 - 기타,화물,남,46세,상해없음,승용,여,44세,경상
2016041600100689,2016년 4월 16일 21시,토요일,대구광역시 남구 대명동,경상사고,0,0,1,0,차대차 - 측면직각충돌,안전운전불이행,습기,비,교차로 - 교차로부근,승용,남,40세,상해없음,원동기,남,33세,경상
2016041600100690,2016년 4월 16일 21시,토요일,대구광역시 중구 삼덕동3가,경상사고,0,0,2,0,차대차 - 추돌,안전거리미확보,습기,비,단일로 - 기타,승용,남,54세,상해없음,승용,여,46세,경상
2016041600100691,2016년 4월 16일 21시,토요일,대구광역시 북구 태전동,경상사고,0,0,1,0,차대차 - 측면직각충돌,불법유턴,건조,맑음,교차로 - 교차로안,승용,남,34세,상해없음,이륜,남,19세,경상
2016041600100757,2016년 4월 16일 22시,토요일,대구광역시 달성군 다사읍,중상사고,0,1,0,0,차대차 - 추돌,기타,습기,비,교차로 - 교차로부근,이륜,기타불명,기타불명,기타불명,승용,남,48세,상해없음
2016041600100758,2016년 4월 16일 22시,토요일,대구광역시 달서구 이곡동,경상사고,0,0,1,0,차대사람 - 횡단중,보행자보호의무위반,습기,비,단일로 - 횡단보도상,이륜,남,20세,상해없음,보행자,남,57세,경상
2016041600100800,2016년 4월 16일 23시,토요일,대구광역시 동구 용계동,경상사고,0,0,1,0,차대차 - 추돌,안전운전불이행,습기,비,단일로 - 기타,승용,남,54세,경상,승용,여,46세,상해없음
2016041600100801,2016년 4월 16일 23시,토요일,대구광역시 달서구 본리동,경상사고,0,0,2,0,차대차 - 측면직각충돌,불법유턴,습기,비,단일로 - 기타,승용,여,36세,경상,원동기,남,17세,경상
2016041600100802,2016년 4월 16일 23시,토요일,대구광역시 달서구 이곡동,경상사고,0,0,4,0,차대차 - 추돌,안전운전불이행,습기,비,단일로 - 기타,승용,남,36세,기타불명,승용,남,41세,경상
2016041600100803,2016년 4월 16일 23시,토요일,대구광역시 북구 관음동,중상사고,0,1,1,0,차대차 - 측면충돌,안전운전불이행,습기,비,단일로 - 기타,승용,남,50세,상해없음,승용,여,64세,중상
2016041700100040,2016년 4월 17일 00시,일요일,대구광역시 남구 봉덕동,중상사고,0,1,0,0,차대사람 - 횡단중,안전운전불이행,습기,비,교차로 - 교차로안,승용,남,29세,상해없음,보행자,남,46세,중상
2016041700100041,2016년 4월 17일 00시,일요일,대구광역시 동구 신천동,경상사고,0,0,1,0,차대차 - 추돌,교차로운행방법위반,습기,비,교차로 - 교차로안,이륜,남,59세,경상,승용,남,48세,상해없음
2016041700100042,2016년 4월 17일 00시,일요일,대구광역시 수성구 범물동,부상신고사고,0,0,0,1,차대차 - 기타,안전운전불이행,습기,비,교차로 - 교차로부근,승용,남,32세,상해없음,승용,여,40세,부상신고
2016041700100043,2016년 4월 17일 00시,일요일,대구광역시 달서구 성당동,경상사고,0,0,1,0,차대차 - 기타,안전운전불이행,건조,맑음,단일로 - 기타,이륜,남,23세,상해없음,승용,남,32세,상해없음
2016041700100086,2016년 4월 17일 01시,일요일,대구광역시 달서구 월성동,경상사고,0,0,2,0,차대차 - 측면충돌,안전거리미확보,습기,비,단일로 - 기타,승용,남,50세,경상,승용,남,60세,경상
2016041700100087,2016년 4월 17일 01시,일요일,대구광역시 북구 읍내동,경상사고,0,0,1,0,차대차 - 측면직각충돌,안전운전불이행,습기,비,교차로 - 교차로부근,승용,남,32세,상해없음,화물,남,41세,경상
2016041700100114,2016년 4월 17일 02시,일요일,대구광역시 동구 효목동,경상사고,0,0,4,0,차대차 - 측면충돌,직진우회전진행방해,습기,비,교차로 - 교차로안,승용,남,43세,상해없음,승용,남,62세,경상
2016041700100115,2016년 4월 17일 02시,일요일,대구광역시 달성군 논공읍,부상신고사고,0,0,0,1,차대사람 - 길가장자리구역통행중,기타,건조,맑음,단일로 - 기타,기타불명,기타불명,기타불명,기타불명,보행자,남,48세,부상신고
2016041700100116,2016년 4월 17일 02시,일요일,대구광역시 북구 태전동,중상사고,0,1,0,0,차대사람 - 횡단중,안전운전불이행,습기,비,단일로 - 기타,승용,남,50세,상해없음,보행자,남,27세,중상
2016041700100117,2016년 4월 17일 02시,일요일,대구광역시 북구 구암동,중상사고,0,2,0,0,차대차 - 측면충돌,안전거리미확보,습기,비,단일로 - 기타,자전거,여,63세,중상,이륜,남,26세,중상
2016041700100137,2016년 4월 17일 03시,일요일,대구광역시 달서구 상인동,경상사고,0,0,3,0,차대차 - 측면충돌,직진우회전진행방해,습기,맑음,교차로 - 교차로안,승용,남,59세,상해없음,승용,여,54세,경상
2016041700100163,2016년 4월 17일 05시,일요일,대구광역시 남구 대명동,경상사고,0,0,2,0,차대차 - 추돌,안전운전불이행,습기,흐림,단일로 - 기타,승용,남,48세,경상,승용,여,43세,경상
2016041700100164,2016년 4월 17일 05시,일요일,대구광역시 달서구 송현동,경상사고,0,0,1,0,차대차 - 측면충돌,신호위반,건조,맑음,교차로 - 교차로안,이륜,남,53세,경상,승용,남,45세,상해없음
2016041700100181,2016년 4월 17일 06시,일요일,대구광역시 달서구 상인동,경상사고,0,0,1,0,차대차 - 측면충돌,신호위반,건조,맑음,교차로 - 교차로안,승용,남,27세,상해없음,승용,여,45세,경상