사고번호,사고일시,요일,시군구,사고내용,사망자수,중상자수,경상자수,부상신고자수,사고유형,법규위반,노면상태,기상상태,도로형태,가해운전자 차종,가해운전자 성별,가해운전자 연령,가해운전자 상해정도,피해운전자 차종,피해운전자 성별,피해운전자 연령,피해운전자 상해정도
2016041700100182,2016년 4월 17일 06시,일요일,대구광역시 중구 대신동,중상사고,0,2,0,0,차대차 - 측면직각충돌,신호위반,건조,흐림,교차로 - 교차로안,승용,남,25세,상해없음,승용,여,35세,중상
2016041700100186,2016년 4월 17일 07시,일요일,대구광역시 달서구 죽전동,중상사고,0,1,0,0,차대차 - 측면직각충돌,교차로운행방법위반,건조,맑음,교차로 - 교차로안,승용,남,70세,상해없음,승용,여,50세,상해없음
2016041700100209,2016년 4월 17일 09시,일요일,대구광역시 북구 침산동,부상신고사고,0,0,0,1,차대차 - 측면충돌,안전운전불이행,건조,맑음,교차로 - 교차로안,승용,남,50세,상해없음,자전거,남,12세,부상신고
2016041700100222,2016년 4월 17일 10시,일요일,대구광역시 북구 노원동1가,경상사고,0,0,1,0,차대차 - 측면충돌,안전운전불이행,건조,맑음,교차로 - 교차로안,승용,여,53세,기타불명,승용,남,56세,경상
2016041700100255,2016년 4월 17일 12시,일요일,대구광역시 북구 태전동,경상사고,0,0,4,0,차대차 - 측면충돌,중앙선침범,건조,맑음,단일로 - 기타,승용,남,49세,상해없음,승용,남,44세,상해없음
2016041700100293,2016년 4월 17일 13시,일요일,대구광역시 북구 복현동,경상사고,0,0,1,0,차대차 - 추돌,안전운전불이행,건조,맑음,교차로 - 교차로안,화물,남,57세,상해없음,승용,남,40세,상해없음
2016041700100294,2016년 4월 17일 13시,일요일,대구광역시 서구 비산동,중상사고,0,1,0,0,차대사람 - 횡단중,안전운전불이행,건조,맑음,단일로 - 기타,승용,남,28세,상해없음,보행자,여,6세,중상
2016041700100295,2016년 4월 17일 13시,일요일,대구광역시 북구 국우동,부상신고사고,0,0,0,1,차대사람 - 횡단중,안전운전불이행,건조,맑음,단일로 - 기타,자전거,여,40세,부상신고,보행자,여,48세,상해없음
2016041700100329,2016년 4월 17일 14시,일요일,대구광역시 수성구 범물동,경상사고,0,0,1,0,차량단독 - 전도전복,안전운전불이행,건조,맑음,단일로 - 기타,승합,남,52세,상해없음,,,,
2016041700100359,2016년 4월 17일 15시,일요일,대구광역시 동구 효목동,경상사고,0,0,1,0,차대차 - 추돌,안전거리미확보,건조,맑음,단일로 - 기타,승용,남,53세,기타불명,승용,남,69세,경상
2016041700100360,2016년 4월 17일 15시,일요일,대구광역시 달성군 옥포면,중상사고,0,1,0,0,차대차 - 측면충돌,안전운전불이행,건조,맑음,단일로 - 교량,승용,남,69세,상해없음,승용,남,44세,중상
2016041700100361,2016년 4월 17일 15시,일요일,대구광역시 북구 복현동,경상사고,0,0,2,0,차대차 - 추돌,안전운전불이행,건조,맑음,교차로 - 교차로부근,승용,남,57세,상해없음,승용,여,64세,경상
2016041700100362,2016년 4월 17일 15시,일요일,대구광역시 북구 동천동,경상사고,0,0,3,0,차대차 - 추돌,안전운전불이행,건조,맑음,단일로 - 기타,승용,남,48세,상해없음,승용,남,34세,경상
2016041700100422,2016년 4월 17일 17시,일요일,대구광역시 동구 봉무동,중상사고,0,1,0,0,차대차 - 추돌,안전운전불이행,건조,맑음,기타 - 기타,승용,남,24세,상해없음,승용,남,50세,상해없음
2016041700100423,2016년 4월 17일 17시,일요일,대구광역시 중구 덕산동,경상사고,0,0,2,0,차대차 - 측면직각충돌,안전거리미확보,건조,맑음,단일로 - 기타,승용,남,29세,상해없음,이륜,남,22세,경상
2016041700100446,2016년 4월 17일 18시,일요일,대구광역시 달서구 송현동,경상사고,0,0,1,0,차대차 - 측면직각충돌,안전운전불이행,건조,맑음,단일로 - 기타,승용,남,52세,상해없음,이륜,남,19세,경상
2016041700100447,2016년 4월 17일 18시,일요일,대구광역시 달서구 신당동,경상사고,0,0,1,0,차대사람 - 횡단중,안전운전불이행,건조,맑음,단일로 - 기타,승용,남,63세,상해없음,보행자,여,31세,경상
2016041700100448,2016년 4월 17일 18시,일요일,대구광역시 달서구 감삼동,경상사고,0,0,1,0,차대차 - 측면충돌,교차로운행방법위반,건조,맑음,교차로 - 교차로안,승용,남,58세,상해없음,이륜,남,22세,경상
2016041700100450,2016년 4월 17일 18시,일요일,대구광역시 북구 태전동,경상사고,0,0,1,0,차대차 - 기타,안전운전불이행,건조,맑음,단일로 - 기타,승용,남,59세,상해없음,승용,여,59세,경상
2016041700100476,2016년 4월 17일 19시,일요일,대구광역시 달성군 다사읍,중상사고,0,1,1,0,차대사람 - 횡단중,보행자보호의무위반,건조,맑음,교차로 - 교차로안,승용,남,32세,상해없음,보행자,남,43세,중상
2016041700100477,2016년 4월 17일 19시,일요일,대구광역시 북구 칠성동1가,경상사고,0,0,1,0,차대차 - 정면충돌,교차로운행방법위반,건조,맑음,교차로 - 교차로안,승용,여,44세,상해없음,승용,남,37세,경상
2016041700100478,2016년 4월 17일 19시,일요일,대구광역시 달서구 호산동,경상사고,0,0,1,0,차대차 - 기타,기타,건조,맑음,단일로 - 기타,화물,남,62세,상해없음,이륜,남,32세,경상
2016041700100511,2016년 4월 17일 20시,일요일,대구광역시 수성구 지산동,사망사고,1,0,0,0,차대사람 - 횡단중,안전운전불이행,건조,맑음,단일로 - 기타,승용,여,45세,상해없음,보행자,여,77세,사망
2016041700100512,2016년 4월 17일 20시,일요일,대구광역시 달서구 상인동,경상사고,0,0,1,0,차대차 - 추돌,안전운전불이행,건조,맑음,단일로 - 기타,승용,남,27세,상해없음,원동기,남,21세,경상
2016041700100513,2016년 4월 17일 20시,일요일,대구광역시 달성군 다사읍,경상사고,0,0,1,0,차대차 - 측면직각충돌,신호위반,건조,맑음,교차로 - 교차로안,이륜,남,45세,상해없음,승용,남,30세,경상
2016041700100537,2016년 4월 17일 21시,일요일,대구광역시 수성구 수성동4가,경상사고,0,0,1,0,차대차 - 측면직각충돌,교차로운행방법위반,건조,맑음,교차로 - 교차로부근,승합,남,64세,상해없음,이륜,남,23세,경상
2016041700100538,2016년 4월 17일 21시,일요일,대구광역시 중구 대봉동,경상사고,0,0,1,0,차대사람 - 횡단중,안전운전불이행,건조,맑음,교차로 - 교차로부근,승용,남,54세,상해없음,보행자,남,15세,경상
2016041700100539,2016년 4월 17일 21시,일요일,대구광역시 중구 대신동,중상사고,0,1,0,0,차대차 - 정면충돌,안전거리미확보,건조,맑음,단일로 - 기타,승용,남,23세,상해없음,이륜,남,28세,중상
2016041700100560,2016년 4월 17일 22시,일요일,대구광역시 북구 노원동1가,경상사고,0,0,1,0,차대차 - 기타,안전운전불이행,건조,맑음,단일로 - 기타,승용,남,42세,상해없음,자전거,남,62세,경상
2016041700100580,2016년 4월 17일 23시,일요일,대구광역시 달서구 신당동,중상사고,0,1,2,0,차대차 - 측면직각충돌,신호위반,건조,흐림,교차로 - 교차로안,이륜,남,18세,중상,승용,남,18세,경상
2016041800100007,2016년 4월 18일 00시,월요일,대구광역시 수성구 파동,경상사고,0,0,1,0,차대차 - 측면충돌,교차로운행방법위반,건조,맑음,교차로 - 교차로안,승용,남,55세,상해없음,승용,남,54세,경상
2016041800100008,2016년 4월 18일 00시,월요일,대구광역시 달서구 상인동,중상사고,0,2,0,1,차대차 - 측면충돌,중앙선침범,건조,맑음,단일로 - 기타,이륜,남,30세,부상신고,승용,남,44세,중상
2016041800100023,2016년 4월 18일 04시,월요일,대구광역시 중구 동성로3가,부상신고사고,0,0,0,1,차량단독 - 전도전복,안전운전불이행,건조,맑음,단일로 - 기타,이륜,남,35세,부상신고,,,,
2016041800100037,2016년 4월 18일 06시,월요일,대구광역시 달성군 화원읍,중상사고,0,1,0,0,차대차 - 측면직각충돌,안전운전불이행,건조,맑음,단일로 - 기타,승용,남,34세,기타불명,승용,여,59세,중상
2016041800100060,2016년 4월 18일 07시,월요일,대구광역시 남구 봉덕동,중상사고,0,1,0,0,차대사람 - 횡단중,안전운전불이행,건조,맑음,단일로 - 기타,화물,남,27세,상해없음,보행자,남,14세,중상
2016041800100113,2016년 4월 18일 08시,월요일,대구광역시 동구 신암동,경상사고,0,0,1,0,차대차 - 측면직각충돌,안전거리미확보,건조,맑음,단일로 - 기타,승용,여,71세,상해없음,승용,여,56세,경상
2016041800100114,2016년 4월 18일 08시,월요일,대구광역시 달서구 상인동,경상사고,0,0,1,0,차대차 - 측면충돌,안전운전불이행,건조,맑음,기타 - 기타,승용,남,39세,상해없음,자전거,여,56세,경상
2016041800100227,2016년 4월 18일 11시,월요일,대구광역시 남구 이천동,경상사고,0,0,1,0,차대차 - 기타,안전운전불이행,건조,맑음,교차로 - 교차로안,자전거,남,71세,경상,승용,남,39세,상해없음
2016041800100289,2016년 4월 18일 13시,월요일,대구광역시 북구 칠성동1가,경상사고,0,0,1,0,차대차 - 측면충돌,안전운전불이행,건조,맑음,교차로 - 교차로안,승용,여,48세,상해없음,이륜,남,38세,경상
2016041800100324,2016년 4월 18일 14시,월요일,대구광역시 수성구 만촌동,경상사고,0,0,1,0,차대차 - 정면충돌,안전운전불이행,건조,맑음,단일로 - 기타,승용,남,64세,상해없음,승용,여,54세,경상
2016041800100326,2016년 4월 18일 14시,월요일,대구광역시 중구 대봉동,경상사고,0,0,1,0,차량단독 - 기타,안전운전불이행,건조,맑음,단일로 - 기타,승합,남,37세,상해없음,,,,
2016041800100374,2016년 4월 18일 15시,월요일,대구광역시 동구 동호동,경상사고,0,0,2,0,차대차 - 측면충돌,기타,건조,맑음,단일로 - 기타,승용,남,34세,상해없음,승용,여,45세,경상
2016041800100375,2016년 4월 18일 15시,월요일,대구광역시 북구 학정동,중상사고,0,1,0,0,차대차 - 측면충돌,안전운전불이행,건조,맑음,단일로 - 기타,승용,여,51세,상해없음,자전거,남,12세,중상
2016041800100411,2016년 4월 18일 16시,월요일,대구광역시 달서구 이곡동,중상사고,0,1,0,0,차대사람 - 횡단중,신호위반,건조,맑음,단일로 - 횡단보도상,승합,여,54세,상해없음,보행자,여,42세,중상
2016041800100461,2016년 4월 18일 17시,월요일,대구광역시 달서구 용산동,중상사고,0,1,0,0,차대차 - 기타,기타,건조,맑음,단일로 - 기타,승용,남,63세,상해없음,이륜,남,42세,중상
2016041800100462,2016년 4월 18일 17시,월요일,대구광역시 달서구 두류동,부상신고사고,0,0,0,1,차대사람 - 횡단중,안전운전불이행,건조,맑음,단일로 - 기타,기타불명,기타불명,기타불명,기타불명,보행자,남,47세,부상신고
2016041800100514,2016년 4월 18일 18시,월요일,대구광역시 동구 신천동,경상사고,0,0,1,0,차대차 - 측면충돌,안전운전불이행,건조,맑음,기타 - 기타,승용,여,53세,상해없음,자전거,남,22세,경상
2016041800100515,2016년 4월 18일 18시,월요일,대구광역시 북구 읍내동,중상사고,0,1,1,0,차대차 - 측면직각충돌,교차로운행방법위반,건조,맑음,교차로 - 교차로안,승용,여,30세,상해없음,승합,남,50세,경상
2016041800100546,2016년 4월 18일 19시,월요일,대구광역시 동구 신천동,중상사고,0,1,1,0,차대차 - 측면충돌,신호위반,건조,맑음,교차로 - 교차로부근,화물,남,23세,상해없음,승용,남,63세,중상
2016041800100547,2016년 4월 18일 19시,월요일,대구광역시 달서구 월성동,경상사고,0,0,1,0,차대차 - 측면충돌,중앙선침범,건조,맑음,단일로 - 기타,승용,남,26세,상해없음,승용,여,52세,경상
2016041800100548,2016년 4월 18일 19시,월요일,대구광역시 달성군 화원읍,중상사고,0,1,1,0,차대사람 - 기타,중앙선침범,건조,맑음,단일로 - 기타,승용,여,57세,중상,보행자,남,47세,경상
2016041800100587,2016년 4월 18일 20시,월요일,대구광역시 동구 방촌동,경상사고,0,0,1,0,차대차 - 추돌,안전운전불이행,건조,맑음,단일로 - 기타,이륜,남,67세,상해없음,화물,남,55세,경상
2016041800100588,2016년 4월 18일 20시,월요일,대구광역시 달서구 상인동,경상사고,0,0,1,0,차대차 - 측면충돌,안전운전불이행,건조,맑음,교차로 - 교차로부근,승용,여,46세,상해없음,자전거,남,15세,경상
2016041800100589,2016년 4월 18일 20시,월요일,대구광역시 달서구 본동,경상사고,0,0,2,0,차대차 - 추돌,안전거리미확보,건조,맑음,단일로 - 기타,이륜,남,16세,상해없음,이륜,남,18세,경상
2016041800100590,2016년 4월 18일 20시,월요일,대구광역시 달서구 월암동,경상사고,0,0,2,0,차대차 - 측면충돌,교차로운행방법위반,건조,맑음,교차로 - 교차로안,승용,남,42세,상해없음,승용,남,61세,경상
2016041800100621,2016년 4월 18일 21시,월요일,대구광역시 북구 침산동,중상사고,0,1,0,0,차대사람 - 길가장자리구역통행중,안전운전불이행,건조,맑음,단일로 - 기타,원동기,기타불명,기타불명,기타불명,보행자,남,18세,중상
2016041800100622,2016년 4월 18일 21시,월요일,대구광역시 서구 내당동,경상사고,0,0,1,0,차대차 - 정면충돌,안전운전불이행,건조,맑음,단일로 - 기타,화물,남,43세,상해없음,승용,여,56세,경상
2016041800100645,2016년 4월 18일 22시,월요일,대구광역시 수성구 지산동,경상사고,0,0,1,0,차대차 - 측면직각충돌,교차로운행방법위반,건조,맑음,교차로 - 교차로안,승용,남,50세,상해없음,승용,남,56세,경상
2016041800100646,2016년 4월 18일 22시,월요일,대구광역시 달성군 현풍면,중상사고,0,1,0,0,차대차 - 추돌,안전운전불이행,건조,맑음,교차로 - 교차로부근,화물,남,47세,상해없음,승용,남,26세,중상
2016041800100647,2016년 4월 18일 22시,월요일,대구광역시 북구 침산동,경상사고,0,0,5,0,차대차 - 측면충돌,안전운전불이행,건조,맑음,교차로 - 교차로부근,승용,남,51세,경상,승용,남,61세,상해없음
2016041800100667,2016년 4월 18일 23시,월요일,대구광역시 수성구 두산동,경상사고,0,0,1,0,차대차 - 정면충돌,안전운전불이행,건조,맑음,단일로 - 기타,승용,남,63세,상해없음,이륜,남,19세,경상
2016041900100082,2016년 4월 19일 07시,화요일,대구광역시 북구 금호동,중상사고,0,1,3,0,차대차 - 추돌,안전운전불이행,건조,맑음,단일로 - 기타,승용,여,40세,상해없음,승용,남,44세,중상
2016041900100087,2016년 4월 19일 07시,화요일,대구광역시 동구 신천동,경상사고,0,0,1,0,차대사람 - 횡단중,안전운전불이행,건조,맑음,단일로 - 기타,승용,남,77세,상해없음,보행자,여,18세,경상
2016041900100088,2016년 4월 19일 07시,화요일,대구광역시 수성구 범어동,경상사고,0,0,1,0,차대차 - 추돌,안전거리미확보,건조,맑음,교차로 - 교차로부근,승용,남,40세,상해없음,승용,여,44세,경상
2016041900100089,2016년 4월 19일 07시,화요일,대구광역시 달서구 용산동,중상사고,0,2,0,0,차대차 - 측면직각충돌,안전운전불이행,건조,맑음,교차로 - 교차로부근,승용,여,47세,중상,승용,남,33세,상해없음
2016041900100127,2016년 4월 19일 08시,화요일,대구광역시 북구 노곡동,경상사고,0,0,3,0,차대차 - 추돌,안전운전불이행,건조,맑음,단일로 - 기타,승용,남,57세,상해없음,승용,남,34세,경상
2016041900100131,2016년 4월 19일 08시,화요일,대구광역시 북구 태전동,경상사고,0,0,1,0,차대차 - 측면직각충돌,안전운전불이행,건조,맑음,단일로 - 기타,자전거,남,14세,경상,승합,남,37세,상해없음
2016041900100246,2016년 4월 19일 12시,화요일,대구광역시 동구 불로동,부상신고사고,0,0,0,1,차대차 - 측면충돌,안전거리미확보,건조,맑음,단일로 - 기타,원동기,남,41세,부상신고,승용,남,53세,상해없음
2016041900100313,2016년 4월 19일 14시,화요일,대구광역시 달서구 송현동,경상사고,0,0,4,0,차대차 - 측면직각충돌,직진우회전진행방해,건조,맑음,교차로 - 교차로안,승용,여,54세,경상,승용,남,66세,경상
2016041900100314,2016년 4월 19일 14시,화요일,대구광역시 달서구 이곡동,중상사고,0,1,0,0,차대차 - 기타,안전거리미확보,건조,맑음,단일로 - 기타,이륜,남,26세,중상,승용,여,51세,상해없음
2016041900100347,2016년 4월 19일 15시,화요일,대구광역시 수성구 시지동,경상사고,0,0,1,0,차대차 - 측면충돌,안전운전불이행,건조,맑음,단일로 - 기타,건설기계,남,52세,상해없음,자전거,여,51세,경상
2016041900100348,2016년 4월 19일 15시,화요일,대구광역시 중구 대신동,경상사고,0,0,2,0,차대차 - 측면직각충돌,안전거리미확보,건조,맑음,교차로 - 교차로부근,승용,여,54세,경상,승용,여,53세,경상
2016041900100378,2016년 4월 19일 16시,화요일,대구광역시 동구 신암동,중상사고,0,1,0,0,차대차 - 측면충돌,안전거리미확보,건조,맑음,교차로 - 교차로안,원동기,남,69세,중상,승용,여,43세,상해없음
2016041900100379,2016년 4월 19일 16시,화요일,대구광역시 북구 복현동,경상사고,0,0,1,0,차대차 - 기타,안전운전불이행,건조,맑음,단일로 - 기타,승합,남,49세,상해없음,승용,남,34세,상해없음
2016041900100418,2016년 4월 19일 17시,화요일,대구광역시 중구 남산동,중상사고,0,1,2,0,차대차 - 추돌,안전운전불이행,건조,맑음,교차로 - 교차로부근,화물,남,56세,상해없음,승용,남,30세,경상
2016041900100419,2016년 4월 19일 17시,화요일,대구광역시 서구 이현동,경상사고,0,0,1,0,차대차 - 추돌,안전운전불이행,건조,맑음,단일로 - 기타,승용,남,44세,상해없음,화물,남,44세,경상
2016041900100420,2016년 4월 19일 17시,화요일,대구광역시 북구 팔달동,중상사고,0,1,0,0,차대사람 - 횡단중,보행자보호의무위반,건조,맑음,교차로 - 교차로부근,승합,남,54세,상해없음,보행자,여,14세,중상
2016041900100457,2016년 4월 19일 18시,화요일,대구광역시 달서구 이곡동,경상사고,0,0,2,0,차대차 - 측면충돌,안전거리미확보,건조,맑음,단일로 - 기타,이륜,남,34세,경상,승용,남,35세,경상
2016041900100458,2016년 4월 19일 18시,화요일,대구광역시 달서구 두류동,경상사고,0,0,1,0,차대사람 - 기타,안전운전불이행,건조,맑음,단일로 - 기타,승용,남,60세,상해없음,보행자,남,32세,경상
2016041900100500,2016년 4월 19일 19시,화요일,대구광역시 달서구 두류동,중상사고,0,1,0,0,차대차 - 측면충돌,안전운전불이행,건조,맑음,교차로 - 교차로안,승용,남,53세,상해없음,승용,여,55세,중상
2016041900100529,2016년 4월 19일 20시,화요일,대구광역시 달서구 본리동,경상사고,0,0,1,0,차대차 - 기타,중앙선침범,건조,맑음,기타 - 기타,승용,남,19세,상해없음,이륜,남,36세,경상
2016041900100581,2016년 4월 19일 22시,화요일,대구광역시 달서구 도원동,경상사고,0,0,1,0,차대사람 - 횡단중,신호위반,건조,맑음,단일로 - 횡단보도상,승용,남,40세,상해없음,보행자,여,14세,경상
2016041900100611,2016년 4월 19일 23시,화요일,대구광역시 수성구 수성동4가,경상사고,0,0,1,0,차대차 - 측면직각충돌,안전운전불이행,건조,맑음,교차로 - 교차로부근,자전거,남,53세,경상,승용,남,41세,상해없음
2016042000100030,2016년 4월 20일 01시,수요일,대구광역시 남구 대명동,경상사고,0,0,1,0,차대차 - 추돌,안전운전불이행,건조,맑음,단일로 - 기타,승용,여,36세,상해없음,승용,남,36세,경상
2016042000100062,2016년 4월 20일 05시,수요일,대구광역시 달서구 월성동,경상사고,0,0,2,0,차대차 - 기타,중앙선침범,건조,맑음,단일로 - 기타,승용,남,50세,상해없음,승용,여,43세,경상
2016042000100073,2016년 4월 20일 06시,수요일,대구광역시 달서구 용산동,경상사고,0,0,1,0,차대차 - 기타,안전거리미확보,건조,맑음,단일로 - 기타,화물,남,46세,상해없음,승용,남,35세,상해없음
2016042000100094,2016년 4월 20일 07시,수요일,대구광역시 달서구 대곡동,경상사고,0,0,2,0,차대차 - 측면충돌,신호위반,건조,맑음,교차로 - 교차로안,승합,남,39세,상해없음,승용,여,45세,경상
2016042000100095,2016년 4월 20일 07시,수요일,대구광역시 서구 중리동,중상사고,0,1,0,0,차대사람 - 기타,보행자보호의무위반,건조,맑음,교차로 - 교차로부근,승용,남,74세,상해없음,보행자,남,7세,중상
2016042000100131,2016년 4월 20일 08시,수요일,대구광역시 달서구 월성동,중상사고,0,1,2,0,차대차 - 측면충돌,안전거리미확보,건조,맑음,단일로 - 기타,승용,여,66세,상해없음,승용,여,45세,중상
2016042000100172,2016년 4월 20일 09시,수요일,대구광역시 남구 대명동,경상사고,0,0,2,0,차대차 - 측면직각충돌,차로위반,건조,맑음,단일로 - 기타,화물,남,64세,상해없음,승용,여,51세,경상
2016042000100201,2016년 4월 20일 10시,수요일,대구광역시 동구 신암동,경상사고,0,0,2,0,차대차 - 측면충돌,신호위반,건조,맑음,교차로 - 교차로안,승용,여,79세,상해없음,승용,남,32세,경상
2016042000100202,2016년 4월 20일 10시,수요일,대구광역시 수성구 만촌동,경상사고,0,0,1,0,차대사람 - 길가장자리구역통행중,안전운전불이행,건조,맑음,교차로 - 교차로부근,화물,남,27세,상해없음,보행자,남,76세,경상
2016042000100203,2016년 4월 20일 10시,수요일,대구광역시 달서구 송현동,중상사고,0,1,0,0,차대사람 - 횡단중,보행자보호의무위반,건조,맑음,교차로 - 교차로안,이륜,남,51세,상해없음,보행자,여,65세,중상
2016042000100204,2016년 4월 20일 10시,수요일,대구광역시 달성군 구지면,중상사고,0,1,0,0,차대차 - 측면직각충돌,신호위반,건조,맑음,교차로 - 교차로안,승용,여,38세,중상,건설기계,남,63세,상해없음
2016042000100205,2016년 4월 20일 10시,수요일,대구광역시 북구 읍내동,경상사고,0,0,1,0,차대차 - 추돌,안전운전불이행,건조,맑음,단일로 - 기타,승용,남,54세,상해없음,승용,남,42세,경상
2016042000100232,2016년 4월 20일 11시,수요일,대구광역시 수성구 시지동,중상사고,0,1,0,0,차대차 - 측면직각충돌,신호위반,건조,맑음,교차로 - 교차로안,승용,남,53세,상해없음,이륜,남,46세,중상
2016042000100233,2016년 4월 20일 11시,수요일,대구광역시 수성구 범어동,부상신고사고,0,0,0,1,차대차 - 측면직각충돌,안전운전불이행,건조,맑음,교차로 - 교차로부근,이륜,남,23세,부상신고,승용,남,49세,상해없음
2016042000100234,2016년 4월 20일 11시,수요일,대구광역시 북구 고성동3가,부상신고사고,0,0,0,1,차대차 - 기타,안전운전불이행,건조,맑음,단일로 - 기타,승용,남,40세,상해없음,자전거,여,74세,부상신고
2016042000100235,2016년 4월 20일 11시,수요일,대구광역시 중구 대신동,부상신고사고,0,0,0,1,차대차 - 정면충돌,중앙선침범,건조,맑음,단일로 - 기타,이륜,남,59세,부상신고,승용,여,61세,상해없음
2016042000100261,2016년 4월 20일 12시,수요일,대구광역시 남구 대명동,중상사고,0,1,0,0,차대차 - 기타,차로위반,건조,맑음,단일로 - 기타,승용,남,23세,상해없음,승합,남,45세,상해없음
2016042000100262,2016년 4월 20일 12시,수요일,대구광역시 수성구 범어동,경상사고,0,0,3,0,차대차 - 정면충돌,안전운전불이행,건조,맑음,단일로 - 기타,승용,여,57세,상해없음,승용,여,55세,경상
2016042000100285,2016년 4월 20일 13시,수요일,대구광역시 수성구 범어동,경상사고,0,0,1,0,차대사람 - 기타,안전운전불이행,건조,맑음,단일로 - 기타,자전거,남,21세,상해없음,보행자,남,32세,경상
2016042000100286,2016년 4월 20일 13시,수요일,대구광역시 북구 대현동,경상사고,0,0,1,1,차대사람 - 횡단중,안전운전불이행,건조,맑음,단일로 - 기타,원동기,남,33세,부상신고,보행자,남,58세,경상
2016042000100287,2016년 4월 20일 13시,수요일,대구광역시 달서구 성당동,부상신고사고,0,0,0,1,차대차 - 측면충돌,안전거리미확보,건조,맑음,단일로 - 기타,이륜,남,64세,부상신고,승용,여,22세,상해없음
2016042000100367,2016년 4월 20일 15시,수요일,대구광역시 동구 신천동,중상사고,0,1,0,0,차대차 - 측면충돌,직진우회전진행방해,건조,맑음,교차로 - 교차로안,승용,남,25세,상해없음,승용,여,44세,중상
2016042000100368,2016년 4월 20일 15시,수요일,대구광역시 동구 도동,경상사고,0,0,2,0,차대차 - 측면충돌,안전운전불이행,건조,맑음,교차로 - 교차로안,화물,남,49세,상해없음,승용,남,62세,경상
2016042000100399,2016년 4월 20일 16시,수요일,대구광역시 남구 대명동,경상사고,0,0,2,0,차대차 - 기타,안전운전불이행,건조,맑음,기타 - 기타,승용,여,18세,상해없음,승용,여,29세,경상
2016042000100400,2016년 4월 20일 16시,수요일,대구광역시 북구 읍내동,경상사고,0,0,2,0,차대차 - 측면충돌,안전운전불이행,건조,맑음,단일로 - 기타,자전거,남,17세,경상,이륜,남,47세,경상
2016042000100429,2016년 4월 20일 17시,수요일,대구광역시 수성구 만촌동,경상사고,0,0,1,0,차대차 - 추돌,안전거리미확보,건조,맑음,단일로 - 기타,승용,여,35세,상해없음,승용,여,50세,경상
2016042000100430,2016년 4월 20일 17시,수요일,대구광역시 달서구 유천동,경상사고,0,0,1,0,차대차 - 측면충돌,안전운전불이행,건조,맑음,단일로 - 기타,승용,여,60세,상해없음,자전거,남,6세,경상
2016042000100431,2016년 4월 20일 17시,수요일,대구광역시 달성군 다사읍,중상사고,0,1,0,0,차대차 - 측면충돌,안전운전불이행,건조,맑음,교차로 - 교차로안,승용,남,69세,상해없음,승합,남,26세,중상
2016042000100462,2016년 4월 20일 18시,수요일,대구광역시 달서구 대곡동,경상사고,0,0,2,0,차대차 - 측면충돌,안전거리미확보,건조,맑음,단일로 - 기타,승용,남,59세,상해없음,원동기,남,19세,경상
2016042000100497,2016년 4월 20일 19시,수요일,대구광역시 수성구 만촌동,경상사고,0,0,1,0,차대차 - 측면직각충돌,안전거리미확보,건조,맑음,단일로 - 기타,승합,남,58세,상해없음,이륜,남,51세,경상
2016042000100498,2016년 4월 20일 19시,수요일,대구광역시 수성구 두산동,경상사고,0,0,1,0,차대차 - 측면충돌,중앙선침범,건조,맑음,단일로 - 기타,승용,남,41세,상해없음,승용,남,34세,경상
2016042000100536,2016년 4월 20일 20시,수요일,대구광역시 서구 이현동,경상사고,0,0,1,0,차대차 - 측면충돌,신호위반,건조,맑음,교차로 - 교차로안,승용,남,28세,상해없음,승용,남,56세,상해없음
2016042000100573,2016년 4월 20일 21시,수요일,대구광역시 동구 동호동,경상사고,0,0,1,0,차대사람 - 횡단중,안전운전불이행,건조,맑음,단일로 - 기타,승용,여,31세,상해없음,보행자,남,49세,경상
2016042000100574,2016년 4월 20일 21시,수요일,대구광역시 북구 산격동,중상사고,0,1,0,0,차대사람 - 횡단중,안전운전불이행,건조,맑음,교차로 - 교차로안,승용,남,44세,상해없음,보행자,여,69세,중상
2016042000100606,2016년 4월 20일 22시,수요일,대구광역시 달서구 성당동,중상사고,0,2,0,0,차대사람 - 횡단중,기타,건조,맑음,기타 - 기타,승용,여,60세,상해없음,보행자,남,56세,중상
2016042100100022,2016년 4월 21일 00시,목요일,대구광역시 서구 평리동,경상사고,0,0,1,0,차량단독 - 기타,안전운전불이행,건조,맑음,교차로 - 교차로안,승용,남,57세,상해없음,,,,
2016042100100023,2016년 4월 21일 00시,목요일,대구광역시 달서구 호산동,경상사고,0,0,1,0,차량단독 - 전도전복,안전운전불이행,건조,맑음,교차로 - 교차로부근,승용,남,42세,경상,,,,
2016042100100048,2016년 4월 21일 01시,목요일,대구광역시 남구 대명동,경상사고,0,0,2,0,차대차 - 정면충돌,안전운전불이행,건조,맑음,단일로 - 기타,승용,남,27세,상해없음,승용,남,21세,경상
2016042100100064,2016년 4월 21일 02시,목요일,대구광역시 남구 대명동,중상사고,0,1,0,0,차대사람 - 기타,안전운전불이행,건조,맑음,단일로 - 기타,화물,남,42세,상해없음,보행자,여,48세,중상
2016042100100076,2016년 4월 21일 03시,목요일,대구광역시 달서구 신당동,경상사고,0,0,1,0,차대차 - 기타,안전운전불이행,습기,비,교차로 - 교차로부근,승용,남,23세,상해없음,승용,남,25세,경상