사고번호,사고일시,요일,시군구,사고내용,사망자수,중상자수,경상자수,부상신고자수,사고유형,법규위반,노면상태,기상상태,도로형태,가해운전자 차종,가해운전자 성별,가해운전자 연령,가해운전자 상해정도,피해운전자 차종,피해운전자 성별,피해운전자 연령,피해운전자 상해정도
2016042100100110,2016년 4월 21일 06시,목요일,대구광역시 동구 신암동,중상사고,0,1,0,0,차대차 - 기타,교차로운행방법위반,습기,비,교차로 - 교차로부근,승용,남,71세,상해없음,승용,남,33세,중상
2016042100100139,2016년 4월 21일 07시,목요일,대구광역시 동구 신천동,경상사고,0,0,2,0,차대차 - 기타,안전운전불이행,건조,맑음,교차로 - 교차로부근,승용,여,33세,상해없음,승용,남,50세,경상
2016042100100140,2016년 4월 21일 07시,목요일,대구광역시 서구 이현동,중상사고,0,3,1,0,차대차 - 측면충돌,중앙선침범,습기,비,단일로 - 기타,승용,남,27세,경상,화물,남,61세,중상
2016042100100182,2016년 4월 21일 08시,목요일,대구광역시 남구 이천동,경상사고,0,0,1,0,차대차 - 측면충돌,신호위반,습기,비,교차로 - 교차로안,자전거,남,81세,경상,승합,남,62세,상해없음
2016042100100183,2016년 4월 21일 08시,목요일,대구광역시 수성구 황금동,경상사고,0,0,1,0,차대차 - 추돌,안전거리미확보,습기,비,단일로 - 기타,승용,남,52세,상해없음,승용,남,56세,상해없음
2016042100100184,2016년 4월 21일 08시,목요일,대구광역시 수성구 범어동,경상사고,0,0,1,0,차대차 - 추돌,안전거리미확보,건조,맑음,단일로 - 기타,승용,남,39세,상해없음,승용,여,54세,경상
2016042100100211,2016년 4월 21일 09시,목요일,대구광역시 달서구 성당동,경상사고,0,0,2,0,차대차 - 측면충돌,안전거리미확보,건조,맑음,단일로 - 기타,승합,여,56세,상해없음,승용,남,41세,경상
2016042100100212,2016년 4월 21일 09시,목요일,대구광역시 북구 읍내동,경상사고,0,0,1,0,차대차 - 측면충돌,안전운전불이행,습기,비,교차로 - 교차로부근,승용,남,36세,상해없음,승용,여,50세,경상
2016042100100213,2016년 4월 21일 09시,목요일,대구광역시 북구 팔달동,경상사고,0,0,1,0,차대차 - 추돌,안전운전불이행,습기,비,단일로 - 기타,승용,남,72세,상해없음,승용,남,28세,경상
2016042100100237,2016년 4월 21일 10시,목요일,대구광역시 동구 봉무동,경상사고,0,0,1,0,차대차 - 측면충돌,중앙선침범,습기,비,단일로 - 기타,승용,남,24세,상해없음,화물,남,61세,경상
2016042100100238,2016년 4월 21일 10시,목요일,대구광역시 달서구 월성동,경상사고,0,0,1,0,차대차 - 추돌,안전거리미확보,습기,비,단일로 - 기타,승용,여,44세,상해없음,승용,남,47세,경상
2016042100100263,2016년 4월 21일 11시,목요일,대구광역시 서구 평리동,중상사고,0,1,0,0,차대차 - 측면충돌,안전운전불이행,습기,비,단일로 - 기타,이륜,남,40세,중상,승용,남,62세,상해없음
2016042100100264,2016년 4월 21일 11시,목요일,대구광역시 북구 태전동,경상사고,0,0,1,0,차대차 - 추돌,안전거리미확보,습기,비,교차로 - 교차로부근,화물,남,30세,기타불명,승용,여,47세,경상
2016042100100286,2016년 4월 21일 12시,목요일,대구광역시 수성구 지산동,중상사고,0,1,0,0,차대차 - 정면충돌,교차로운행방법위반,습기,비,교차로 - 교차로안,승용,남,73세,상해없음,이륜,남,45세,중상
2016042100100288,2016년 4월 21일 12시,목요일,대구광역시 중구 대봉동,중상사고,0,1,0,0,차대사람 - 횡단중,안전운전불이행,습기,비,단일로 - 기타,승용,여,53세,상해없음,보행자,여,73세,중상
2016042100100312,2016년 4월 21일 13시,목요일,대구광역시 수성구 황금동,부상신고사고,0,0,0,1,차량단독 - 전도전복,안전운전불이행,습기,비,단일로 - 기타,이륜,남,55세,부상신고,,,,
2016042100100338,2016년 4월 21일 14시,목요일,대구광역시 서구 내당동,중상사고,0,1,0,0,차대차 - 정면충돌,안전운전불이행,습기,비,교차로 - 교차로부근,승용,남,44세,상해없음,이륜,남,73세,중상
2016042100100339,2016년 4월 21일 14시,목요일,대구광역시 북구 읍내동,경상사고,0,0,3,0,차대차 - 측면충돌,중앙선침범,습기,흐림,교차로 - 교차로부근,화물,남,36세,상해없음,승용,남,33세,경상
2016042100100368,2016년 4월 21일 15시,목요일,대구광역시 달서구 대곡동,경상사고,0,0,2,0,차대차 - 측면충돌,신호위반,건조,맑음,교차로 - 교차로안,원동기,남,45세,경상,원동기,여,59세,경상
2016042100100369,2016년 4월 21일 15시,목요일,대구광역시 서구 평리동,경상사고,0,0,1,0,차량단독 - 기타,기타,건조,맑음,단일로 - 기타,승합,남,61세,상해없음,,,,
2016042100100431,2016년 4월 21일 17시,목요일,대구광역시 수성구 상동,경상사고,0,0,1,0,차대차 - 측면충돌,안전운전불이행,건조,맑음,단일로 - 기타,화물,남,44세,상해없음,자전거,남,76세,경상
2016042100100432,2016년 4월 21일 17시,목요일,대구광역시 달서구 대곡동,경상사고,0,0,2,0,차대차 - 기타,안전거리미확보,건조,맑음,단일로 - 기타,승용,여,44세,상해없음,승용,여,55세,경상
2016042100100433,2016년 4월 21일 17시,목요일,대구광역시 달성군 화원읍,경상사고,0,0,1,0,차대차 - 측면직각충돌,안전운전불이행,건조,맑음,교차로 - 교차로안,승용,여,63세,상해없음,승용,여,55세,경상
2016042100100434,2016년 4월 21일 17시,목요일,대구광역시 북구 노원동2가,부상신고사고,0,0,0,1,차대차 - 기타,중앙선침범,건조,맑음,단일로 - 기타,자전거,남,54세,부상신고,화물,남,36세,상해없음
2016042100100435,2016년 4월 21일 17시,목요일,대구광역시 북구 읍내동,경상사고,0,0,2,0,차대차 - 측면직각충돌,신호위반,건조,맑음,교차로 - 교차로안,승용,남,74세,경상,승용,여,36세,경상
2016042100100436,2016년 4월 21일 17시,목요일,대구광역시 북구 태전동,경상사고,0,0,1,0,차대차 - 정면충돌,불법유턴,건조,맑음,단일로 - 기타,승용,남,18세,상해없음,화물,남,51세,경상
2016042100100451,2016년 4월 21일 18시,목요일,대구광역시 서구 비산동,경상사고,0,0,1,0,차대차 - 측면충돌,안전운전불이행,건조,맑음,단일로 - 횡단보도상,승용,여,35세,상해없음,자전거,여,60세,경상
2016042100100486,2016년 4월 21일 19시,목요일,대구광역시 동구 신암동,경상사고,0,0,1,0,차대차 - 측면충돌,안전운전불이행,건조,맑음,단일로 - 기타,승용,남,56세,상해없음,이륜,남,23세,경상
2016042100100487,2016년 4월 21일 19시,목요일,대구광역시 달성군 다사읍,중상사고,0,1,0,0,차대차 - 측면충돌,중앙선침범,건조,맑음,교차로 - 교차로안,이륜,남,28세,상해없음,이륜,남,50세,중상
2016042100100488,2016년 4월 21일 19시,목요일,대구광역시 북구 학정동,경상사고,0,0,1,0,차대차 - 측면충돌,안전운전불이행,습기,흐림,기타 - 기타,승용,여,41세,상해없음,이륜,남,50세,경상
2016042100100521,2016년 4월 21일 20시,목요일,대구광역시 남구 대명동,경상사고,0,0,1,0,차대사람 - 기타,안전운전불이행,건조,맑음,단일로 - 기타,승용,남,30세,상해없음,보행자,남,73세,경상
2016042100100551,2016년 4월 21일 21시,목요일,대구광역시 동구 율하동,부상신고사고,0,0,0,1,차대차 - 측면직각충돌,신호위반,건조,맑음,교차로 - 교차로안,승용,여,43세,부상신고,승용,남,59세,상해없음
2016042100100552,2016년 4월 21일 21시,목요일,대구광역시 북구 서변동,경상사고,0,0,1,0,차대차 - 측면충돌,안전거리미확보,습기,흐림,기타 - 기타,승용,남,50세,상해없음,승용,남,34세,경상
2016042100100584,2016년 4월 21일 22시,목요일,대구광역시 북구 읍내동,중상사고,0,1,0,0,차대차 - 측면충돌,안전운전불이행,건조,맑음,단일로 - 횡단보도상,승용,여,26세,상해없음,자전거,남,30세,중상
2016042200100037,2016년 4월 22일 01시,금요일,대구광역시 수성구 범물동,중상사고,0,1,2,0,차대차 - 측면충돌,교차로운행방법위반,건조,맑음,교차로 - 교차로안,승용,남,63세,경상,승용,남,53세,경상
2016042200100064,2016년 4월 22일 05시,금요일,대구광역시 달서구 송현동,중상사고,0,1,0,0,차대사람 - 횡단중,신호위반,건조,맑음,교차로 - 교차로부근,화물,남,64세,상해없음,보행자,여,72세,중상
2016042200100065,2016년 4월 22일 05시,금요일,대구광역시 서구 내당동,경상사고,0,0,1,0,차대차 - 측면충돌,불법유턴,건조,맑음,교차로 - 교차로부근,승용,남,82세,상해없음,화물,남,32세,경상
2016042200100107,2016년 4월 22일 07시,금요일,대구광역시 서구 비산동,중상사고,0,1,0,0,차대차 - 기타,교차로운행방법위반,건조,맑음,교차로 - 교차로안,원동기,남,70세,기타불명,자전거,여,56세,중상
2016042200100153,2016년 4월 22일 08시,금요일,대구광역시 동구 검사동,경상사고,0,0,1,0,차대차 - 측면충돌,신호위반,건조,맑음,교차로 - 교차로안,승용,남,62세,상해없음,승용,남,73세,경상
2016042200100185,2016년 4월 22일 09시,금요일,대구광역시 수성구 수성동2가,경상사고,0,0,2,1,차대차 - 측면충돌,안전거리미확보,건조,맑음,단일로 - 기타,승용,남,26세,상해없음,승용,남,66세,경상
2016042200100186,2016년 4월 22일 09시,금요일,대구광역시 달서구 상인동,중상사고,0,1,0,0,차대사람 - 횡단중,안전운전불이행,건조,맑음,단일로 - 기타,승용,여,29세,상해없음,보행자,여,83세,중상
2016042200100187,2016년 4월 22일 09시,금요일,대구광역시 달서구 송현동,경상사고,0,0,1,0,차대사람 - 기타,안전운전불이행,건조,맑음,단일로 - 기타,승용,여,53세,상해없음,보행자,여,22세,경상
2016042200100216,2016년 4월 22일 10시,금요일,대구광역시 동구 신천동,경상사고,0,0,1,0,차대차 - 추돌,안전거리미확보,건조,맑음,단일로 - 기타,승용,남,33세,상해없음,승용,남,59세,상해없음
2016042200100217,2016년 4월 22일 10시,금요일,대구광역시 서구 비산동,중상사고,0,1,1,0,차대차 - 측면충돌,안전운전불이행,건조,맑음,교차로 - 교차로안,승용,여,37세,상해없음,승용,남,69세,경상
2016042200100240,2016년 4월 22일 11시,금요일,대구광역시 수성구 상동,경상사고,0,0,1,0,차대차 - 추돌,안전운전불이행,기타,맑음,기타 - 기타,승용,남,33세,상해없음,승용,남,54세,경상
2016042200100241,2016년 4월 22일 11시,금요일,대구광역시 북구 복현동,부상신고사고,0,0,0,1,차량단독 - 기타,안전운전불이행,건조,맑음,단일로 - 기타,승용,남,61세,상해없음,,,,
2016042200100268,2016년 4월 22일 12시,금요일,대구광역시 달서구 대천동,경상사고,0,0,3,0,차대차 - 측면직각충돌,안전거리미확보,건조,맑음,단일로 - 기타,승용,남,65세,경상,승용,남,39세,경상
2016042200100297,2016년 4월 22일 13시,금요일,대구광역시 수성구 대흥동,경상사고,0,0,1,1,차대차 - 측면직각충돌,안전운전불이행,건조,맑음,단일로 - 터널,승용,남,36세,부상신고,승용,남,44세,경상
2016042200100325,2016년 4월 22일 14시,금요일,대구광역시 달성군 유가면,중상사고,0,1,0,0,차대차 - 측면직각충돌,기타,건조,맑음,단일로 - 기타,승합,여,40세,상해없음,자전거,남,5세,중상
2016042200100365,2016년 4월 22일 15시,금요일,대구광역시 동구 지저동,중상사고,0,1,6,1,차대차 - 추돌,안전운전불이행,건조,맑음,교차로 - 교차로부근,승용,여,62세,부상신고,승용,남,56세,경상
2016042200100413,2016년 4월 22일 16시,금요일,대구광역시 남구 대명동,경상사고,0,0,1,0,차대사람 - 횡단중,안전운전불이행,건조,맑음,단일로 - 기타,승용,남,64세,상해없음,보행자,남,15세,경상
2016042200100414,2016년 4월 22일 16시,금요일,대구광역시 수성구 수성동4가,중상사고,0,1,0,0,차대차 - 측면충돌,안전운전불이행,건조,맑음,단일로 - 기타,화물,남,42세,상해없음,이륜,남,29세,중상
2016042200100415,2016년 4월 22일 16시,금요일,대구광역시 달서구 성당동,부상신고사고,0,0,0,1,차대차 - 기타,신호위반,건조,맑음,교차로 - 교차로안,이륜,남,23세,부상신고,승용,남,48세,상해없음
2016042200100460,2016년 4월 22일 17시,금요일,대구광역시 동구 효목동,경상사고,0,0,1,0,차대차 - 측면직각충돌,안전거리미확보,건조,맑음,단일로 - 기타,승용,남,57세,상해없음,승용,남,39세,경상
2016042200100461,2016년 4월 22일 17시,금요일,대구광역시 달서구 대곡동,중상사고,0,1,0,0,차대차 - 추돌,안전운전불이행,건조,맑음,교차로 - 교차로부근,승용,남,49세,상해없음,승용,여,41세,중상
2016042200100462,2016년 4월 22일 17시,금요일,대구광역시 달성군 화원읍,중상사고,0,1,0,0,차대사람 - 횡단중,안전운전불이행,건조,맑음,단일로 - 기타,화물,남,47세,상해없음,보행자,남,7세,중상
2016042200100463,2016년 4월 22일 17시,금요일,대구광역시 달성군 다사읍,중상사고,0,1,3,0,차대차 - 추돌,안전거리미확보,건조,맑음,교차로 - 교차로부근,승용,남,28세,기타불명,승용,여,51세,경상
2016042200100502,2016년 4월 22일 18시,금요일,대구광역시 수성구 범어동,경상사고,0,0,1,0,차대차 - 추돌,안전운전불이행,건조,맑음,단일로 - 기타,승용,남,68세,기타불명,승용,남,62세,경상
2016042200100503,2016년 4월 22일 18시,금요일,대구광역시 달성군 다사읍,경상사고,0,0,1,0,차대사람 - 횡단중,안전운전불이행,건조,맑음,교차로 - 교차로부근,승용,남,39세,상해없음,보행자,여,65세,경상
2016042200100545,2016년 4월 22일 19시,금요일,대구광역시 달성군 화원읍,경상사고,0,0,1,0,차대차 - 추돌,안전운전불이행,건조,맑음,교차로 - 교차로안,화물,남,56세,상해없음,이륜,남,30세,경상
2016042200100546,2016년 4월 22일 19시,금요일,대구광역시 서구 내당동,경상사고,0,0,2,0,차대차 - 추돌,안전운전불이행,건조,맑음,단일로 - 기타,승용,남,30세,상해없음,승용,여,55세,경상
2016042200100582,2016년 4월 22일 20시,금요일,대구광역시 달성군 옥포면,경상사고,0,0,2,0,차대차 - 정면충돌,안전운전불이행,건조,맑음,단일로 - 기타,승용,남,50세,상해없음,승용,여,54세,경상
2016042200100583,2016년 4월 22일 20시,금요일,대구광역시 달성군 화원읍,경상사고,0,0,1,0,차대차 - 추돌,안전운전불이행,건조,맑음,교차로 - 교차로부근,승용,남,53세,상해없음,화물,남,46세,경상
2016042200100584,2016년 4월 22일 20시,금요일,대구광역시 달서구 감삼동,경상사고,0,0,1,0,차대차 - 정면충돌,안전운전불이행,건조,맑음,교차로 - 교차로안,승용,남,46세,상해없음,이륜,남,17세,경상
2016042200100621,2016년 4월 22일 21시,금요일,대구광역시 달서구 상인동,중상사고,0,1,0,0,차대차 - 기타,기타,건조,맑음,단일로 - 기타,승용,남,44세,상해없음,자전거,남,17세,중상
2016042200100622,2016년 4월 22일 21시,금요일,대구광역시 달서구 죽전동,경상사고,0,0,3,0,차대차 - 측면직각충돌,안전거리미확보,건조,맑음,단일로 - 기타,승용,여,33세,상해없음,승용,남,19세,경상
2016042200100654,2016년 4월 22일 22시,금요일,대구광역시 수성구 범어동,경상사고,0,0,1,0,차대차 - 측면충돌,신호위반,건조,맑음,교차로 - 교차로안,승용,여,48세,상해없음,원동기,남,19세,경상
2016042200100655,2016년 4월 22일 22시,금요일,대구광역시 달서구 감삼동,중상사고,0,1,0,0,차대사람 - 횡단중,안전운전불이행,건조,맑음,단일로 - 횡단보도상,승용,남,56세,상해없음,보행자,여,16세,중상
2016042200100656,2016년 4월 22일 22시,금요일,대구광역시 달서구 용산동,경상사고,0,0,3,0,차대차 - 정면충돌,안전운전불이행,건조,맑음,교차로 - 교차로부근,승용,남,39세,상해없음,승용,남,62세,경상
2016042200100686,2016년 4월 22일 23시,금요일,대구광역시 달성군 다사읍,중상사고,0,1,1,0,차대차 - 측면충돌,안전운전불이행,건조,맑음,교차로 - 교차로부근,원동기,남,71세,중상,원동기,남,47세,경상
2016042200100687,2016년 4월 22일 23시,금요일,대구광역시 북구 칠성동2가,중상사고,0,1,0,0,차대사람 - 횡단중,안전운전불이행,건조,맑음,교차로 - 교차로안,이륜,남,18세,상해없음,보행자,여,50세,중상
2016042200100688,2016년 4월 22일 23시,금요일,대구광역시 서구 평리동,중상사고,0,1,1,0,차대차 - 측면충돌,안전거리미확보,건조,맑음,단일로 - 기타,승합,남,49세,상해없음,승용,남,67세,경상
2016042300100018,2016년 4월 23일 00시,토요일,대구광역시 수성구 황금동,경상사고,0,0,3,0,차대차 - 추돌,안전운전불이행,건조,맑음,교차로 - 교차로부근,승용,남,37세,상해없음,승용,남,51세,경상
2016042300100019,2016년 4월 23일 00시,토요일,대구광역시 수성구 두산동,경상사고,0,0,1,0,차대차 - 추돌,안전운전불이행,건조,맑음,단일로 - 기타,승용,남,40세,상해없음,승용,남,29세,상해없음
2016042300100020,2016년 4월 23일 00시,토요일,대구광역시 북구 읍내동,경상사고,0,0,1,0,차대차 - 추돌,안전운전불이행,건조,맑음,교차로 - 교차로부근,승용,여,35세,경상,승용,남,46세,기타불명
2016042300100042,2016년 4월 23일 01시,토요일,대구광역시 달서구 진천동,경상사고,0,0,2,0,차대차 - 측면직각충돌,안전운전불이행,건조,맑음,교차로 - 교차로안,승용,남,42세,상해없음,승용,여,27세,경상
2016042300100058,2016년 4월 23일 02시,토요일,대구광역시 중구 삼덕동1가,경상사고,0,0,1,0,차대사람 - 기타,안전운전불이행,건조,맑음,단일로 - 기타,승용,남,23세,상해없음,보행자,남,18세,경상
2016042300100059,2016년 4월 23일 02시,토요일,대구광역시 북구 팔달동,경상사고,0,0,3,0,차대차 - 추돌,안전운전불이행,건조,맑음,단일로 - 기타,승용,남,25세,상해없음,승용,남,42세,경상
2016042300100104,2016년 4월 23일 05시,토요일,대구광역시 수성구 만촌동,경상사고,0,0,1,0,차량단독 - 공작물충돌,안전운전불이행,건조,맑음,단일로 - 기타,화물,남,24세,경상,,,,
2016042300100122,2016년 4월 23일 06시,토요일,대구광역시 수성구 수성동3가,경상사고,0,0,1,0,차대차 - 측면충돌,신호위반,건조,맑음,교차로 - 교차로안,승용,여,33세,상해없음,승용,남,23세,경상
2016042300100123,2016년 4월 23일 06시,토요일,대구광역시 서구 비산동,중상사고,0,1,0,0,차대사람 - 횡단중,기타,건조,맑음,단일로 - 기타,승용,남,26세,상해없음,보행자,남,76세,중상
2016042300100138,2016년 4월 23일 07시,토요일,대구광역시 서구 비산동,경상사고,0,0,1,0,차대차 - 정면충돌,안전운전불이행,건조,맑음,교차로 - 교차로안,승용,남,50세,상해없음,승용,남,51세,경상
2016042300100185,2016년 4월 23일 09시,토요일,대구광역시 남구 대명동,중상사고,0,1,0,0,차대사람 - 횡단중,안전운전불이행,건조,맑음,교차로 - 교차로부근,승용,여,58세,상해없음,보행자,여,72세,중상
2016042300100242,2016년 4월 23일 11시,토요일,대구광역시 수성구 두산동,중상사고,0,1,0,0,차대차 - 측면직각충돌,안전운전불이행,건조,맑음,교차로 - 교차로안,승용,남,37세,상해없음,승용,여,36세,중상
2016042300100284,2016년 4월 23일 12시,토요일,대구광역시 달서구 월성동,중상사고,0,1,2,0,차대차 - 추돌,안전운전불이행,건조,맑음,단일로 - 기타,승용,남,48세,상해없음,승용,여,53세,경상
2016042300100285,2016년 4월 23일 12시,토요일,대구광역시 북구 산격동,경상사고,0,0,1,0,차대차 - 기타,안전거리미확보,건조,맑음,단일로 - 기타,화물,남,52세,상해없음,이륜,남,25세,경상
2016042300100286,2016년 4월 23일 12시,토요일,대구광역시 북구 태전동,부상신고사고,0,0,0,1,차대사람 - 길가장자리구역통행중,안전운전불이행,건조,맑음,단일로 - 기타,기타불명,기타불명,27세,기타불명,보행자,여,19세,부상신고
2016042300100323,2016년 4월 23일 13시,토요일,대구광역시 남구 이천동,경상사고,0,0,1,0,차대차 - 정면충돌,불법유턴,건조,맑음,교차로 - 교차로안,승용,여,24세,기타불명,승용,여,49세,경상
2016042300100324,2016년 4월 23일 13시,토요일,대구광역시 동구 불로동,중상사고,0,1,0,0,차대차 - 측면직각충돌,안전운전불이행,건조,맑음,단일로 - 기타,승용,여,47세,상해없음,자전거,여,44세,중상
2016042300100363,2016년 4월 23일 14시,토요일,대구광역시 동구 각산동,경상사고,0,0,1,0,차대차 - 측면충돌,신호위반,건조,맑음,교차로 - 교차로안,승용,여,56세,기타불명,승용,여,45세,경상
2016042300100364,2016년 4월 23일 14시,토요일,대구광역시 달서구 장기동,경상사고,0,0,1,0,차대사람 - 기타,안전운전불이행,건조,맑음,단일로 - 기타,승용,남,60세,상해없음,보행자,여,68세,경상
2016042300100365,2016년 4월 23일 14시,토요일,대구광역시 달서구 본리동,부상신고사고,0,0,0,1,차대차 - 기타,안전거리미확보,습기,비,단일로 - 기타,이륜,남,50세,부상신고,승용,남,52세,상해없음
2016042300100396,2016년 4월 23일 15시,토요일,대구광역시 동구 신천동,경상사고,0,0,1,0,차대차 - 측면충돌,교차로운행방법위반,건조,맑음,교차로 - 교차로안,승용,남,66세,상해없음,승용,여,61세,경상
2016042300100397,2016년 4월 23일 15시,토요일,대구광역시 북구 침산동,중상사고,0,1,0,0,차대차 - 측면충돌,직진우회전진행방해,건조,맑음,교차로 - 교차로안,승용,남,68세,상해없음,원동기,남,55세,중상
2016042300100434,2016년 4월 23일 16시,토요일,대구광역시 동구 신암동,경상사고,0,0,1,0,차대차 - 기타,안전거리미확보,건조,맑음,교차로 - 교차로부근,승용,기타불명,기타불명,기타불명,승합,남,52세,상해없음
2016042300100435,2016년 4월 23일 16시,토요일,대구광역시 북구 매천동,경상사고,0,0,1,0,차대차 - 측면충돌,안전운전불이행,건조,맑음,단일로 - 기타,자전거,남,59세,경상,승용,남,45세,상해없음
2016042300100473,2016년 4월 23일 17시,토요일,대구광역시 달서구 신당동,경상사고,0,0,1,0,차대차 - 측면충돌,안전운전불이행,건조,맑음,교차로 - 교차로부근,이륜,남,17세,경상,승용,남,46세,상해없음
2016042300100496,2016년 4월 23일 18시,토요일,대구광역시 동구 방촌동,경상사고,0,0,2,0,차대차 - 추돌,안전거리미확보,건조,맑음,기타 - 기타,승용,남,52세,상해없음,승용,남,36세,경상
2016042300100497,2016년 4월 23일 18시,토요일,대구광역시 달성군 유가면,중상사고,0,2,0,0,차대차 - 측면직각충돌,신호위반,건조,맑음,교차로 - 교차로안,승용,남,50세,중상,승용,여,50세,중상
2016042300100498,2016년 4월 23일 18시,토요일,대구광역시 달성군 화원읍,중상사고,0,1,0,0,차대차 - 측면직각충돌,신호위반,건조,맑음,교차로 - 교차로안,승용,남,41세,상해없음,자전거,남,11세,중상
2016042300100499,2016년 4월 23일 18시,토요일,대구광역시 서구 평리동,경상사고,0,0,4,0,차대차 - 측면직각충돌,교차로운행방법위반,건조,맑음,교차로 - 교차로안,승용,남,54세,상해없음,승용,남,62세,상해없음
2016042300100500,2016년 4월 23일 18시,토요일,대구광역시 북구 태전동,경상사고,0,0,1,0,차대차 - 기타,안전거리미확보,건조,맑음,단일로 - 기타,화물,남,43세,상해없음,이륜,남,19세,경상
2016042300100575,2016년 4월 23일 20시,토요일,대구광역시 수성구 두산동,중상사고,0,1,0,0,차대사람 - 보도통행중,기타,건조,맑음,단일로 - 기타,승용,여,43세,상해없음,보행자,여,44세,중상
2016042300100576,2016년 4월 23일 20시,토요일,대구광역시 수성구 신매동,경상사고,0,0,1,0,차대차 - 측면충돌,안전거리미확보,건조,맑음,교차로 - 교차로부근,승용,남,43세,상해없음,승용,남,38세,경상
2016042300100577,2016년 4월 23일 20시,토요일,대구광역시 서구 비산동,중상사고,0,1,0,0,차대차 - 측면충돌,신호위반,건조,맑음,단일로 - 기타,승용,남,67세,상해없음,이륜,남,33세,중상
2016042300100578,2016년 4월 23일 20시,토요일,대구광역시 중구 공평동,경상사고,0,0,1,0,차대사람 - 기타,안전운전불이행,건조,맑음,단일로 - 기타,승용,남,27세,기타불명,보행자,여,27세,경상
2016042300100605,2016년 4월 23일 21시,토요일,대구광역시 동구 도동,중상사고,0,1,0,0,차대차 - 측면충돌,안전거리미확보,건조,맑음,단일로 - 기타,화물,남,56세,상해없음,승용,여,30세,중상
2016042300100606,2016년 4월 23일 21시,토요일,대구광역시 동구 신암동,중상사고,0,1,0,0,차대사람 - 횡단중,보행자보호의무위반,건조,맑음,교차로 - 교차로안,승용,기타불명,기타불명,기타불명,보행자,남,28세,중상
2016042300100607,2016년 4월 23일 21시,토요일,대구광역시 북구 산격동,중상사고,0,1,0,0,차대사람 - 길가장자리구역통행중,안전운전불이행,건조,맑음,단일로 - 기타,승용,여,55세,상해없음,보행자,남,6세,중상
2016042300100608,2016년 4월 23일 21시,토요일,대구광역시 서구 비산동,경상사고,0,0,1,0,차대차 - 기타,안전거리미확보,건조,맑음,단일로 - 기타,승용,남,42세,상해없음,승용,여,57세,경상
2016042300100609,2016년 4월 23일 21시,토요일,대구광역시 중구 태평로1가,중상사고,0,1,0,0,차대차 - 측면직각충돌,차로위반,건조,맑음,단일로 - 기타,승합,남,53세,상해없음,승용,남,38세,중상
2016042300100628,2016년 4월 23일 22시,토요일,대구광역시 북구 동천동,중상사고,0,1,0,0,차대차 - 측면충돌,신호위반,건조,맑음,교차로 - 교차로부근,이륜,남,22세,상해없음,이륜,남,19세,중상
2016042300100646,2016년 4월 23일 23시,토요일,대구광역시 수성구 수성동2가,부상신고사고,0,0,0,1,차대차 - 추돌,안전운전불이행,건조,맑음,단일로 - 기타,이륜,남,24세,부상신고,승용,남,52세,상해없음
2016042300100647,2016년 4월 23일 23시,토요일,대구광역시 북구 태전동,중상사고,0,2,0,0,차대차 - 측면충돌,교차로운행방법위반,건조,맑음,교차로 - 교차로안,승용,남,52세,상해없음,원동기,남,23세,중상
2016042400100010,2016년 4월 24일 00시,일요일,대구광역시 서구 비산동,경상사고,0,0,1,0,차대차 - 추돌,안전운전불이행,건조,맑음,단일로 - 기타,승용,남,23세,상해없음,승용,남,33세,경상
2016042400100036,2016년 4월 24일 01시,일요일,대구광역시 동구 지저동,중상사고,0,1,0,0,차대차 - 정면충돌,중앙선침범,건조,맑음,단일로 - 기타,승용,남,62세,상해없음,승용,남,61세,상해없음
2016042400100037,2016년 4월 24일 01시,일요일,대구광역시 서구 내당동,사망사고,1,0,0,0,차대사람 - 횡단중,안전운전불이행,건조,맑음,단일로 - 기타,승용,남,41세,상해없음,보행자,남,72세,사망
2016042400100053,2016년 4월 24일 02시,일요일,대구광역시 달서구 본동,부상신고사고,0,0,0,1,차대차 - 측면직각충돌,신호위반,건조,맑음,교차로 - 교차로안,기타불명,기타불명,기타불명,기타불명,승용,남,48세,기타불명
2016042400100054,2016년 4월 24일 02시,일요일,대구광역시 북구 칠성동2가,경상사고,0,0,4,0,차대차 - 측면충돌,안전운전불이행,건조,맑음,단일로 - 기타,승용,남,28세,상해없음,승용,남,38세,경상
2016042400100064,2016년 4월 24일 03시,일요일,대구광역시 수성구 상동,중상사고,0,1,0,0,차대차 - 추돌,안전운전불이행,건조,맑음,단일로 - 기타,이륜,남,16세,상해없음,이륜,남,16세,중상
2016042400100065,2016년 4월 24일 03시,일요일,대구광역시 수성구 만촌동,경상사고,0,0,2,0,차대차 - 기타,신호위반,건조,맑음,교차로 - 교차로안,승용,남,49세,상해없음,화물,남,52세,상해없음
2016042400100066,2016년 4월 24일 03시,일요일,대구광역시 달성군 논공읍,경상사고,0,0,1,0,차대차 - 측면직각충돌,안전운전불이행,건조,맑음,단일로 - 기타,승용,여,40세,경상,화물,남,62세,상해없음
2016042400100080,2016년 4월 24일 04시,일요일,대구광역시 중구 삼덕동1가,부상신고사고,0,0,0,1,차대사람 - 기타,안전운전불이행,건조,맑음,단일로 - 기타,승용,남,42세,상해없음,보행자,남,20세,부상신고
2016042400100090,2016년 4월 24일 05시,일요일,대구광역시 서구 내당동,경상사고,0,0,2,0,차대차 - 측면직각충돌,신호위반,건조,맑음,교차로 - 교차로안,이륜,남,17세,경상,화물,남,34세,경상