사고번호,사고일시,요일,시군구,사고내용,사망자수,중상자수,경상자수,부상신고자수,사고유형,법규위반,노면상태,기상상태,도로형태,가해운전자 차종,가해운전자 성별,가해운전자 연령,가해운전자 상해정도,피해운전자 차종,피해운전자 성별,피해운전자 연령,피해운전자 상해정도
2016042400100099,2016년 4월 24일 06시,일요일,대구광역시 달서구 상인동,경상사고,0,0,2,0,차대차 - 측면충돌,안전운전불이행,건조,맑음,단일로 - 기타,승용,남,22세,상해없음,승용,남,63세,경상
2016042400100100,2016년 4월 24일 06시,일요일,대구광역시 북구 산격동,중상사고,0,1,0,0,차대차 - 추돌,안전거리미확보,건조,맑음,단일로 - 기타,승용,남,23세,상해없음,승합,남,52세,중상
2016042400100153,2016년 4월 24일 09시,일요일,대구광역시 남구 봉덕동,중상사고,0,1,0,0,차대차 - 기타,안전운전불이행,건조,맑음,기타 - 기타,자전거,남,74세,중상,승용,남,62세,상해없음
2016042400100186,2016년 4월 24일 11시,일요일,대구광역시 서구 내당동,중상사고,0,1,0,0,차대차 - 측면충돌,신호위반,건조,맑음,단일로 - 기타,승용,여,25세,상해없음,이륜,남,49세,중상
2016042400100211,2016년 4월 24일 12시,일요일,대구광역시 서구 비산동,경상사고,0,0,1,0,차대차 - 측면충돌,안전운전불이행,건조,맑음,단일로 - 기타,승용,남,38세,상해없음,자전거,남,57세,경상
2016042400100244,2016년 4월 24일 13시,일요일,대구광역시 동구 효목동,경상사고,0,0,2,0,차대차 - 측면충돌,안전거리미확보,건조,맑음,교차로 - 교차로부근,승용,여,37세,상해없음,승용,남,52세,경상
2016042400100245,2016년 4월 24일 13시,일요일,대구광역시 달서구 두류동,경상사고,0,0,1,0,차대차 - 추돌,안전거리미확보,건조,맑음,단일로 - 기타,승용,남,25세,상해없음,승용,남,44세,경상
2016042400100277,2016년 4월 24일 14시,일요일,대구광역시 달서구 두류동,경상사고,0,0,1,0,차대차 - 추돌,안전운전불이행,건조,맑음,교차로 - 교차로부근,기타불명,기타불명,기타불명,기타불명,승용,여,50세,경상
2016042400100278,2016년 4월 24일 14시,일요일,대구광역시 중구 삼덕동1가,경상사고,0,0,1,0,차대사람 - 기타,안전운전불이행,건조,맑음,단일로 - 기타,승용,여,48세,상해없음,보행자,남,35세,경상
2016042400100313,2016년 4월 24일 15시,일요일,대구광역시 남구 대명동,경상사고,0,0,1,0,차대차 - 기타,안전운전불이행,건조,맑음,교차로 - 교차로부근,이륜,남,69세,경상,승용,남,44세,상해없음
2016042400100314,2016년 4월 24일 15시,일요일,대구광역시 중구 종로1가,경상사고,0,0,2,0,차대차 - 추돌,안전거리미확보,건조,맑음,교차로 - 교차로부근,승합,남,68세,상해없음,화물,남,32세,경상
2016042400100315,2016년 4월 24일 15시,일요일,대구광역시 중구 공평동,경상사고,0,0,1,0,차대사람 - 길가장자리구역통행중,안전운전불이행,건조,맑음,단일로 - 기타,승용,남,29세,상해없음,보행자,남,32세,경상
2016042400100350,2016년 4월 24일 16시,일요일,대구광역시 남구 대명동,부상신고사고,0,0,0,1,차대차 - 측면직각충돌,안전운전불이행,건조,맑음,단일로 - 기타,이륜,남,72세,부상신고,승용,여,62세,상해없음
2016042400100351,2016년 4월 24일 16시,일요일,대구광역시 중구 삼덕동2가,중상사고,0,1,4,0,차대차 - 기타,안전거리미확보,건조,맑음,단일로 - 기타,승용,여,43세,상해없음,승합,남,44세,상해없음
2016042400100352,2016년 4월 24일 16시,일요일,대구광역시 달서구 신당동,중상사고,0,1,0,0,차대사람 - 기타,안전운전불이행,건조,맑음,단일로 - 기타,승합,남,56세,상해없음,보행자,여,70세,중상
2016042400100383,2016년 4월 24일 17시,일요일,대구광역시 달서구 상인동,경상사고,0,0,1,0,차대차 - 추돌,안전운전불이행,건조,맑음,단일로 - 기타,승용,여,48세,상해없음,이륜,남,16세,경상
2016042400100384,2016년 4월 24일 17시,일요일,대구광역시 북구 동천동,경상사고,0,0,1,0,차대차 - 측면직각충돌,안전거리미확보,건조,맑음,단일로 - 기타,승용,남,63세,상해없음,이륜,남,20세,경상
2016042400100421,2016년 4월 24일 18시,일요일,대구광역시 동구 용계동,중상사고,0,1,1,0,차대차 - 추돌,안전운전불이행,건조,맑음,단일로 - 기타,승합,남,55세,상해없음,승용,여,62세,중상
2016042400100422,2016년 4월 24일 18시,일요일,대구광역시 수성구 신매동,경상사고,0,0,2,0,차대차 - 추돌,안전운전불이행,건조,맑음,단일로 - 기타,승용,남,50세,상해없음,승용,남,38세,경상
2016042400100423,2016년 4월 24일 18시,일요일,대구광역시 서구 평리동,경상사고,0,0,1,0,차대차 - 기타,차로위반,건조,맑음,단일로 - 횡단보도부근,승용,남,29세,상해없음,승합,남,54세,상해없음
2016042400100424,2016년 4월 24일 18시,일요일,대구광역시 서구 비산동,경상사고,0,0,2,0,차대차 - 추돌,안전운전불이행,건조,맑음,교차로 - 교차로안,화물,남,55세,상해없음,승용,남,40세,경상
2016042400100446,2016년 4월 24일 19시,일요일,대구광역시 동구 신암동,경상사고,0,0,1,0,차대차 - 측면직각충돌,안전운전불이행,건조,맑음,교차로 - 교차로안,승용,남,56세,상해없음,이륜,남,77세,경상
2016042400100447,2016년 4월 24일 19시,일요일,대구광역시 수성구 범어동,경상사고,0,0,1,0,차대차 - 측면충돌,신호위반,건조,맑음,교차로 - 교차로안,이륜,남,48세,상해없음,승용,여,44세,경상
2016042400100448,2016년 4월 24일 19시,일요일,대구광역시 수성구 시지동,경상사고,0,0,2,0,차대차 - 추돌,안전운전불이행,건조,맑음,교차로 - 교차로부근,승용,남,44세,상해없음,승용,여,55세,경상
2016042400100449,2016년 4월 24일 19시,일요일,대구광역시 수성구 상동,중상사고,0,1,0,0,차대차 - 측면직각충돌,기타,건조,맑음,단일로 - 기타,승용,여,37세,상해없음,원동기,남,65세,중상
2016042400100450,2016년 4월 24일 19시,일요일,대구광역시 달서구 송현동,경상사고,0,0,1,0,차대차 - 측면충돌,안전운전불이행,건조,맑음,단일로 - 기타,승용,남,31세,상해없음,자전거,남,8세,경상
2016042400100451,2016년 4월 24일 19시,일요일,대구광역시 북구 동천동,중상사고,0,1,0,0,차대차 - 측면충돌,교차로운행방법위반,건조,맑음,교차로 - 교차로안,승용,남,29세,상해없음,이륜,남,23세,중상
2016042400100452,2016년 4월 24일 19시,일요일,대구광역시 북구 동천동,중상사고,0,1,0,0,차대사람 - 횡단중,보행자보호의무위반,건조,맑음,교차로 - 교차로부근,이륜,남,19세,상해없음,보행자,남,53세,중상
2016042400100476,2016년 4월 24일 20시,일요일,대구광역시 달서구 장기동,경상사고,0,0,1,0,차대차 - 측면충돌,안전거리미확보,건조,맑음,단일로 - 기타,승용,여,45세,상해없음,승용,남,38세,경상
2016042400100510,2016년 4월 24일 21시,일요일,대구광역시 수성구 지산동,중상사고,0,2,0,0,차대차 - 추돌,안전거리미확보,건조,맑음,단일로 - 기타,승용,여,52세,상해없음,승용,남,31세,중상
2016042400100511,2016년 4월 24일 21시,일요일,대구광역시 북구 국우동,중상사고,0,1,0,0,차대차 - 기타,안전거리미확보,건조,맑음,교차로 - 교차로안,승용,여,50세,상해없음,이륜,남,18세,중상
2016042400100530,2016년 4월 24일 22시,일요일,대구광역시 달성군 화원읍,경상사고,0,0,1,0,차대차 - 추돌,안전운전불이행,건조,맑음,단일로 - 기타,승용,남,37세,상해없음,승용,남,53세,경상
2016042400100531,2016년 4월 24일 22시,일요일,대구광역시 달서구 죽전동,경상사고,0,0,1,0,차대사람 - 횡단중,안전운전불이행,건조,맑음,단일로 - 기타,승합,남,43세,기타불명,보행자,남,22세,경상
2016042500100008,2016년 4월 25일 00시,월요일,대구광역시 중구 전동,중상사고,0,1,0,0,차대사람 - 차도통행중,안전운전불이행,건조,맑음,단일로 - 기타,승용,남,30세,상해없음,보행자,남,61세,중상
2016042500100026,2016년 4월 25일 01시,월요일,대구광역시 수성구 황금동,부상신고사고,0,0,0,1,차대사람 - 횡단중,안전운전불이행,건조,맑음,교차로 - 교차로부근,승용,남,55세,상해없음,보행자,남,21세,부상신고
2016042500100027,2016년 4월 25일 01시,월요일,대구광역시 달서구 갈산동,경상사고,0,0,1,0,차대차 - 측면충돌,교차로운행방법위반,건조,맑음,교차로 - 교차로안,승용,남,30세,상해없음,화물,남,40세,경상
2016042500100034,2016년 4월 25일 02시,월요일,대구광역시 북구 팔달동,경상사고,0,0,1,0,차대사람 - 보도통행중,기타,건조,맑음,단일로 - 기타,원동기,남,50세,상해없음,보행자,남,57세,경상
2016042500100043,2016년 4월 25일 04시,월요일,대구광역시 서구 비산동,중상사고,0,1,1,0,차대차 - 추돌,신호위반,건조,맑음,교차로 - 교차로안,승용,남,57세,상해없음,승용,남,61세,경상
2016042500100059,2016년 4월 25일 06시,월요일,대구광역시 남구 대명동,중상사고,0,1,0,0,차대차 - 측면충돌,신호위반,건조,맑음,교차로 - 교차로부근,승용,여,52세,상해없음,이륜,남,47세,중상
2016042500100060,2016년 4월 25일 06시,월요일,대구광역시 수성구 범어동,중상사고,0,1,0,0,차대사람 - 횡단중,보행자보호의무위반,건조,맑음,단일로 - 기타,승용,남,38세,상해없음,보행자,여,79세,중상
2016042500100089,2016년 4월 25일 07시,월요일,대구광역시 달성군 다사읍,경상사고,0,0,3,0,차대차 - 정면충돌,안전운전불이행,건조,맑음,단일로 - 기타,승용,남,52세,상해없음,승용,남,53세,경상
2016042500100132,2016년 4월 25일 08시,월요일,대구광역시 수성구 범어동,경상사고,0,0,2,0,차대차 - 측면충돌,안전운전불이행,건조,맑음,단일로 - 기타,승용,여,30세,상해없음,승용,남,44세,상해없음
2016042500100165,2016년 4월 25일 09시,월요일,대구광역시 동구 방촌동,경상사고,0,0,1,0,차대차 - 정면충돌,안전운전불이행,건조,맑음,교차로 - 교차로안,승용,남,25세,상해없음,자전거,남,77세,경상
2016042500100166,2016년 4월 25일 09시,월요일,대구광역시 중구 포정동,중상사고,0,1,0,0,차대차 - 정면충돌,안전운전불이행,건조,맑음,단일로 - 기타,승용,여,54세,상해없음,이륜,남,38세,중상
2016042500100203,2016년 4월 25일 10시,월요일,대구광역시 남구 대명동,중상사고,0,1,0,0,차대차 - 측면충돌,안전운전불이행,건조,맑음,단일로 - 기타,승용,남,35세,상해없음,이륜,남,76세,중상
2016042500100204,2016년 4월 25일 10시,월요일,대구광역시 달성군 하빈면,중상사고,0,1,0,0,차대차 - 추돌,안전운전불이행,건조,맑음,단일로 - 기타,농기계,남,55세,중상,승합,남,55세,상해없음
2016042500100205,2016년 4월 25일 10시,월요일,대구광역시 달서구 신당동,경상사고,0,0,1,0,차대차 - 측면직각충돌,안전거리미확보,건조,맑음,단일로 - 횡단보도부근,건설기계,남,54세,상해없음,승용,여,53세,경상
2016042500100235,2016년 4월 25일 11시,월요일,대구광역시 동구 신천동,경상사고,0,0,1,0,차대차 - 측면충돌,교차로운행방법위반,건조,맑음,교차로 - 교차로부근,승용,남,79세,상해없음,승용,남,52세,경상
2016042500100236,2016년 4월 25일 11시,월요일,대구광역시 서구 평리동,경상사고,0,0,1,0,차대차 - 기타,신호위반,건조,맑음,교차로 - 교차로안,승용,여,43세,상해없음,이륜,남,22세,경상
2016042500100237,2016년 4월 25일 11시,월요일,대구광역시 달서구 본리동,경상사고,0,0,1,0,차대차 - 추돌,안전운전불이행,건조,맑음,교차로 - 교차로부근,승용,남,44세,상해없음,승용,남,45세,경상
2016042500100278,2016년 4월 25일 12시,월요일,대구광역시 달성군 유가면,경상사고,0,0,1,0,차대사람 - 횡단중,안전운전불이행,건조,맑음,단일로 - 기타,승용,남,61세,상해없음,보행자,여,60세,경상
2016042500100279,2016년 4월 25일 12시,월요일,대구광역시 서구 이현동,부상신고사고,0,0,0,1,차대차 - 측면충돌,안전거리미확보,건조,맑음,단일로 - 기타,이륜,남,76세,부상신고,승용,여,44세,상해없음
2016042500100280,2016년 4월 25일 12시,월요일,대구광역시 서구 비산동,경상사고,0,0,1,0,차대차 - 기타,안전거리미확보,건조,맑음,단일로 - 기타,승용,남,29세,기타불명,승용,남,41세,경상
2016042500100313,2016년 4월 25일 13시,월요일,대구광역시 중구 남산동,중상사고,0,1,0,0,차대차 - 측면직각충돌,신호위반,건조,맑음,교차로 - 교차로안,승용,여,41세,상해없음,이륜,남,66세,중상
2016042500100355,2016년 4월 25일 14시,월요일,대구광역시 서구 비산동,경상사고,0,0,1,0,차대차 - 추돌,안전거리미확보,건조,맑음,단일로 - 횡단보도부근,승용,남,64세,상해없음,승용,남,68세,경상
2016042500100387,2016년 4월 25일 15시,월요일,대구광역시 달성군 화원읍,경상사고,0,0,1,0,차대사람 - 횡단중,안전운전불이행,건조,맑음,단일로 - 기타,승용,남,66세,상해없음,보행자,남,65세,경상
2016042500100433,2016년 4월 25일 16시,월요일,대구광역시 남구 봉덕동,경상사고,0,0,1,0,차대사람 - 기타,안전운전불이행,건조,맑음,단일로 - 기타,이륜,남,25세,상해없음,보행자,여,6세,경상
2016042500100434,2016년 4월 25일 16시,월요일,대구광역시 동구 율하동,중상사고,0,1,1,0,차대차 - 기타,안전운전불이행,건조,맑음,기타 - 기타,승용,여,71세,경상,승용,여,56세,상해없음
2016042500100512,2016년 4월 25일 18시,월요일,대구광역시 달성군 화원읍,중상사고,0,1,0,0,차대차 - 측면직각충돌,안전운전불이행,건조,맑음,교차로 - 교차로안,승용,남,22세,상해없음,이륜,남,52세,중상
2016042500100513,2016년 4월 25일 18시,월요일,대구광역시 북구 노원동3가,중상사고,0,1,1,0,차대차 - 추돌,안전운전불이행,습기,비,단일로 - 기타,승용,남,36세,상해없음,승용,여,58세,중상
2016042500100514,2016년 4월 25일 18시,월요일,대구광역시 북구 구암동,경상사고,0,0,1,0,차대차 - 측면충돌,안전운전불이행,건조,맑음,교차로 - 교차로안,승용,남,68세,상해없음,승용,여,36세,경상
2016042500100543,2016년 4월 25일 19시,월요일,대구광역시 동구 신암동,경상사고,0,0,2,0,차대차 - 기타,안전운전불이행,건조,맑음,단일로 - 기타,승용,여,50세,상해없음,승합,남,45세,상해없음
2016042500100544,2016년 4월 25일 19시,월요일,대구광역시 달서구 호산동,경상사고,0,0,1,0,차대차 - 측면충돌,교차로운행방법위반,건조,맑음,교차로 - 교차로안,승용,남,33세,상해없음,이륜,남,22세,경상
2016042500100585,2016년 4월 25일 20시,월요일,대구광역시 동구 봉무동,경상사고,0,0,2,0,차대차 - 추돌,안전거리미확보,건조,맑음,교차로 - 교차로안,승용,여,43세,기타불명,승용,여,59세,경상
2016042500100619,2016년 4월 25일 21시,월요일,대구광역시 동구 방촌동,경상사고,0,0,1,0,차대사람 - 기타,안전운전불이행,건조,맑음,단일로 - 기타,이륜,남,31세,상해없음,보행자,남,51세,경상
2016042500100620,2016년 4월 25일 21시,월요일,대구광역시 서구 평리동,경상사고,0,0,2,0,차대차 - 측면충돌,중앙선침범,건조,맑음,교차로 - 교차로부근,승용,남,56세,상해없음,이륜,남,16세,경상
2016042500100621,2016년 4월 25일 21시,월요일,대구광역시 달서구 용산동,경상사고,0,0,1,0,차대차 - 측면직각충돌,안전운전불이행,건조,맑음,기타 - 기타,이륜,남,35세,경상,승용,남,56세,상해없음
2016042500100622,2016년 4월 25일 21시,월요일,대구광역시 북구 구암동,부상신고사고,0,0,0,1,차대차 - 측면직각충돌,안전운전불이행,건조,맑음,단일로 - 기타,자전거,남,27세,부상신고,승합,남,57세,상해없음
2016042500100644,2016년 4월 25일 22시,월요일,대구광역시 달서구 두류동,중상사고,0,1,0,0,차대사람 - 기타,안전운전불이행,건조,흐림,단일로 - 기타,승용,남,63세,상해없음,보행자,여,70세,중상
2016042500100668,2016년 4월 25일 23시,월요일,대구광역시 서구 평리동,부상신고사고,0,0,0,1,차대차 - 정면충돌,중앙선침범,건조,맑음,교차로 - 교차로부근,자전거,남,46세,부상신고,승용,남,60세,상해없음
2016042500100669,2016년 4월 25일 23시,월요일,대구광역시 달서구 감삼동,경상사고,0,0,2,0,차대차 - 추돌,안전운전불이행,건조,맑음,기타 - 기타,승용,남,34세,상해없음,승용,남,30세,경상
2016042600100010,2016년 4월 26일 00시,화요일,대구광역시 달서구 본리동,중상사고,0,1,1,0,차대사람 - 횡단중,안전운전불이행,건조,맑음,교차로 - 교차로부근,승용,남,26세,상해없음,보행자,남,19세,경상
2016042600100020,2016년 4월 26일 01시,화요일,대구광역시 동구 신천동,경상사고,0,0,1,0,차대차 - 측면직각충돌,교차로운행방법위반,건조,맑음,교차로 - 교차로안,승용,남,41세,상해없음,승용,남,62세,상해없음
2016042600100027,2016년 4월 26일 02시,화요일,대구광역시 수성구 두산동,중상사고,0,1,0,0,차대사람 - 기타,안전운전불이행,건조,맑음,단일로 - 기타,승용,남,56세,상해없음,보행자,여,34세,중상
2016042600100028,2016년 4월 26일 02시,화요일,대구광역시 달서구 장기동,경상사고,0,0,1,0,차대차 - 측면직각충돌,교차로운행방법위반,건조,맑음,교차로 - 교차로안,승용,남,24세,상해없음,승용,남,23세,경상
2016042600100059,2016년 4월 26일 06시,화요일,대구광역시 중구 대봉동,경상사고,0,0,1,1,차대차 - 추돌,안전운전불이행,건조,맑음,단일로 - 기타,승용,남,24세,상해없음,승용,남,39세,경상
2016042600100126,2016년 4월 26일 08시,화요일,대구광역시 남구 대명동,중상사고,0,1,0,0,차대사람 - 횡단중,기타,건조,맑음,기타 - 기타,승용,남,31세,기타불명,보행자,여,31세,중상
2016042600100127,2016년 4월 26일 08시,화요일,대구광역시 동구 율하동,경상사고,0,0,1,0,차대차 - 측면충돌,안전운전불이행,건조,맑음,교차로 - 교차로안,승용,여,36세,상해없음,자전거,남,13세,경상
2016042600100128,2016년 4월 26일 08시,화요일,대구광역시 동구 효목동,경상사고,0,0,1,0,차대차 - 기타,안전운전불이행,건조,맑음,단일로 - 기타,승용,기타불명,기타불명,기타불명,승합,남,53세,상해없음
2016042600100129,2016년 4월 26일 08시,화요일,대구광역시 수성구 시지동,중상사고,0,1,1,0,차대차 - 측면충돌,안전운전불이행,건조,맑음,단일로 - 기타,승용,남,51세,상해없음,승용,여,37세,중상
2016042600100130,2016년 4월 26일 08시,화요일,대구광역시 달서구 월암동,중상사고,0,1,0,0,차대차 - 측면충돌,중앙선침범,건조,맑음,교차로 - 교차로부근,승용,여,35세,상해없음,이륜,남,24세,중상
2016042600100131,2016년 4월 26일 08시,화요일,대구광역시 북구 침산동,중상사고,0,1,0,0,차대차 - 측면직각충돌,신호위반,건조,맑음,교차로 - 교차로안,이륜,남,58세,중상,승용,남,65세,상해없음
2016042600100132,2016년 4월 26일 08시,화요일,대구광역시 북구 복현동,경상사고,0,0,1,0,차대사람 - 횡단중,안전운전불이행,건조,맑음,단일로 - 기타,승용,남,27세,상해없음,보행자,남,24세,경상
2016042600100133,2016년 4월 26일 08시,화요일,대구광역시 중구 수창동,경상사고,0,0,1,0,차대차 - 측면직각충돌,안전거리미확보,건조,맑음,교차로 - 교차로부근,승용,남,61세,상해없음,이륜,남,77세,경상
2016042600100134,2016년 4월 26일 08시,화요일,대구광역시 북구 읍내동,경상사고,0,0,1,0,차대차 - 측면충돌,안전운전불이행,건조,맑음,단일로 - 기타,승용,남,50세,상해없음,승용,여,46세,경상
2016042600100177,2016년 4월 26일 09시,화요일,대구광역시 수성구 시지동,경상사고,0,0,3,0,차대차 - 측면충돌,안전거리미확보,건조,맑음,단일로 - 기타,승용,여,45세,상해없음,승용,여,63세,경상
2016042600100178,2016년 4월 26일 09시,화요일,대구광역시 북구 복현동,경상사고,0,0,1,0,차대차 - 측면직각충돌,안전운전불이행,건조,맑음,단일로 - 기타,승용,여,66세,상해없음,승용,여,59세,경상
2016042600100211,2016년 4월 26일 10시,화요일,대구광역시 수성구 만촌동,경상사고,0,0,3,0,차대차 - 측면충돌,안전거리미확보,건조,맑음,교차로 - 교차로부근,승용,여,58세,상해없음,승용,여,57세,경상
2016042600100212,2016년 4월 26일 10시,화요일,대구광역시 달서구 월암동,경상사고,0,0,1,0,차대차 - 기타,교차로운행방법위반,건조,맑음,교차로 - 교차로안,이륜,남,25세,상해없음,승용,남,63세,경상
2016042600100213,2016년 4월 26일 10시,화요일,대구광역시 중구 남산동,경상사고,0,0,1,0,차대사람 - 길가장자리구역통행중,안전운전불이행,건조,맑음,단일로 - 기타,승용,남,19세,기타불명,보행자,남,27세,경상
2016042600100248,2016년 4월 26일 11시,화요일,대구광역시 동구 미곡동,경상사고,0,0,1,0,차대차 - 정면충돌,안전운전불이행,건조,맑음,단일로 - 기타,승용,여,63세,경상,화물,남,73세,상해없음
2016042600100283,2016년 4월 26일 12시,화요일,대구광역시 동구 사복동,경상사고,0,0,1,0,차대차 - 추돌,안전거리미확보,건조,맑음,단일로 - 횡단보도상,화물,남,64세,경상,화물,남,66세,상해없음
2016042600100284,2016년 4월 26일 12시,화요일,대구광역시 달서구 본동,중상사고,0,1,0,0,차대차 - 추돌,안전운전불이행,건조,맑음,단일로 - 기타,승용,남,60세,상해없음,승용,남,67세,상해없음
2016042600100322,2016년 4월 26일 13시,화요일,대구광역시 달서구 본리동,중상사고,0,1,0,0,차대사람 - 기타,안전운전불이행,건조,맑음,교차로 - 교차로부근,승용,남,45세,상해없음,보행자,여,70세,중상
2016042600100368,2016년 4월 26일 14시,화요일,대구광역시 중구 동성로3가,경상사고,0,0,1,0,차대차 - 측면직각충돌,안전거리미확보,건조,맑음,단일로 - 기타,이륜,남,54세,상해없음,이륜,남,35세,경상
2016042600100369,2016년 4월 26일 14시,화요일,대구광역시 달서구 장기동,경상사고,0,0,1,0,차대차 - 추돌,안전운전불이행,건조,맑음,단일로 - 기타,승용,남,43세,상해없음,승용,남,59세,경상
2016042600100400,2016년 4월 26일 15시,화요일,대구광역시 북구 금호동,경상사고,0,0,2,0,차대차 - 측면충돌,안전운전불이행,건조,맑음,단일로 - 기타,건설기계,남,53세,상해없음,승용,여,30세,경상
2016042600100404,2016년 4월 26일 15시,화요일,대구광역시 수성구 수성동4가,부상신고사고,0,0,0,1,차대사람 - 보도통행중,기타,건조,맑음,단일로 - 기타,자전거,남,78세,상해없음,보행자,남,46세,부상신고
2016042600100405,2016년 4월 26일 15시,화요일,대구광역시 달서구 도원동,중상사고,0,1,0,0,차대차 - 기타,교차로운행방법위반,건조,맑음,교차로 - 교차로안,원동기,남,43세,중상,화물,남,47세,상해없음
2016042600100448,2016년 4월 26일 16시,화요일,대구광역시 수성구 범어동,경상사고,0,0,1,0,차대차 - 기타,기타,건조,맑음,단일로 - 기타,승용,남,61세,상해없음,이륜,남,71세,경상
2016042600100449,2016년 4월 26일 16시,화요일,대구광역시 동구 봉무동,경상사고,0,0,2,0,차대차 - 추돌,안전운전불이행,건조,맑음,단일로 - 기타,승용,여,58세,상해없음,승합,여,37세,경상
2016042600100478,2016년 4월 26일 17시,화요일,대구광역시 남구 대명동,경상사고,0,0,1,0,차대사람 - 횡단중,안전운전불이행,건조,맑음,단일로 - 기타,승용,여,60세,상해없음,보행자,남,47세,경상
2016042600100479,2016년 4월 26일 17시,화요일,대구광역시 수성구 두산동,중상사고,0,1,0,0,차대사람 - 보도통행중,기타,건조,맑음,단일로 - 기타,승용,남,44세,상해없음,보행자,여,66세,중상
2016042600100518,2016년 4월 26일 18시,화요일,대구광역시 달서구 상인동,경상사고,0,0,1,0,차대차 - 측면직각충돌,기타,건조,맑음,단일로 - 기타,승합,남,28세,상해없음,자전거,남,17세,경상
2016042600100519,2016년 4월 26일 18시,화요일,대구광역시 중구 태평로3가,경상사고,0,0,1,0,차대차 - 기타,안전거리미확보,건조,맑음,단일로 - 기타,승용,기타불명,기타불명,기타불명,화물,남,59세,상해없음
2016042600100520,2016년 4월 26일 18시,화요일,대구광역시 달서구 용산동,경상사고,0,0,1,0,차대사람 - 보도통행중,기타,건조,맑음,기타 - 기타,승용,여,52세,상해없음,보행자,여,24세,경상
2016042600100556,2016년 4월 26일 19시,화요일,대구광역시 중구 동인동2가,중상사고,0,1,0,0,차대사람 - 횡단중,안전운전불이행,건조,흐림,단일로 - 기타,승용,남,66세,상해없음,보행자,여,65세,중상
2016042600100593,2016년 4월 26일 20시,화요일,대구광역시 달서구 감삼동,경상사고,0,0,3,0,차대차 - 측면직각충돌,신호위반,건조,맑음,교차로 - 교차로안,이륜,남,74세,경상,승용,여,27세,경상
2016042600100619,2016년 4월 26일 21시,화요일,대구광역시 달서구 죽전동,경상사고,0,0,1,0,차대차 - 추돌,안전거리미확보,건조,맑음,단일로 - 기타,승용,남,23세,상해없음,승용,남,58세,상해없음
2016042600100650,2016년 4월 26일 22시,화요일,대구광역시 서구 중리동,부상신고사고,0,0,0,1,차대차 - 기타,교차로운행방법위반,건조,맑음,교차로 - 교차로부근,자전거,남,15세,부상신고,승용,여,55세,상해없음
2016042600100672,2016년 4월 26일 23시,화요일,대구광역시 서구 내당동,경상사고,0,0,2,0,차대차 - 측면충돌,안전운전불이행,건조,맑음,단일로 - 기타,승용,여,29세,경상,승용,남,67세,경상
2016042600100673,2016년 4월 26일 23시,화요일,대구광역시 중구 남산동,부상신고사고,0,0,0,1,차대사람 - 횡단중,안전운전불이행,건조,맑음,단일로 - 횡단보도상,자전거,기타불명,기타불명,기타불명,보행자,남,17세,부상신고
2016042700100009,2016년 4월 27일 00시,수요일,대구광역시 서구 평리동,경상사고,0,0,1,0,차대차 - 측면직각충돌,차로위반,건조,흐림,교차로 - 교차로부근,승합,남,22세,상해없음,승용,남,46세,경상
2016042700100024,2016년 4월 27일 01시,수요일,대구광역시 수성구 만촌동,중상사고,0,1,1,0,차대차 - 정면충돌,신호위반,습기,비,교차로 - 교차로안,화물,남,51세,상해없음,승용,남,50세,경상
2016042700100025,2016년 4월 27일 01시,수요일,대구광역시 수성구 상동,부상신고사고,0,0,0,1,차대차 - 측면직각충돌,안전운전불이행,습기,맑음,교차로 - 교차로안,승용,남,59세,상해없음,승용,여,29세,부상신고
2016042700100026,2016년 4월 27일 01시,수요일,대구광역시 달서구 두류동,경상사고,0,0,1,0,차대차 - 기타,안전운전불이행,건조,맑음,단일로 - 기타,승용,여,25세,상해없음,이륜,남,20세,경상
2016042700100039,2016년 4월 27일 02시,수요일,대구광역시 동구 신암동,중상사고,0,1,0,0,차대사람 - 횡단중,중앙선침범,습기,비,단일로 - 횡단보도상,승용,남,40세,상해없음,보행자,남,53세,중상
2016042700100040,2016년 4월 27일 02시,수요일,대구광역시 달서구 도원동,중상사고,0,1,0,0,차대사람 - 횡단중,안전운전불이행,습기,흐림,단일로 - 횡단보도상,승용,남,62세,상해없음,보행자,남,17세,중상
2016042700100044,2016년 4월 27일 03시,수요일,대구광역시 수성구 상동,중상사고,0,1,0,0,차대차 - 추돌,안전운전불이행,습기,비,교차로 - 교차로부근,승용,여,32세,상해없음,승용,남,44세,중상
2016042700100063,2016년 4월 27일 05시,수요일,대구광역시 북구 산격동,중상사고,0,1,0,0,차대사람 - 횡단중,안전운전불이행,습기,비,교차로 - 교차로부근,승용,남,59세,상해없음,보행자,남,17세,중상
2016042700100064,2016년 4월 27일 05시,수요일,대구광역시 달서구 본리동,중상사고,0,1,0,0,차대차 - 추돌,안전운전불이행,습기,비,교차로 - 교차로부근,승용,남,22세,상해없음,승용,여,60세,중상
2016042700100078,2016년 4월 27일 06시,수요일,대구광역시 수성구 중동,부상신고사고,0,0,0,1,차대차 - 추돌,신호위반,습기,비,교차로 - 교차로안,이륜,남,17세,부상신고,승용,남,64세,상해없음
2016042700100103,2016년 4월 27일 07시,수요일,대구광역시 북구 침산동,부상신고사고,0,0,0,1,차대차 - 추돌,안전운전불이행,습기,비,단일로 - 기타,승용,여,45세,상해없음,승용,여,41세,상해없음
2016042700100104,2016년 4월 27일 07시,수요일,대구광역시 달서구 감삼동,경상사고,0,0,1,0,차대차 - 추돌,안전운전불이행,습기,비,단일로 - 기타,승용,남,32세,상해없음,승용,남,34세,경상