사고번호,사고일시,요일,시군구,사고내용,사망자수,중상자수,경상자수,부상신고자수,사고유형,법규위반,노면상태,기상상태,도로형태,가해운전자 차종,가해운전자 성별,가해운전자 연령,가해운전자 상해정도,피해운전자 차종,피해운전자 성별,피해운전자 연령,피해운전자 상해정도
2016043000100372,2016년 4월 30일 14시,토요일,대구광역시 북구 팔달동,경상사고,0,0,2,0,차대차 - 추돌,안전운전불이행,건조,맑음,단일로 - 기타,화물,남,55세,상해없음,승합,남,58세,상해없음
2016043000100409,2016년 4월 30일 15시,토요일,대구광역시 남구 대명동,경상사고,0,0,1,0,차대차 - 기타,안전운전불이행,건조,맑음,단일로 - 기타,자전거,남,68세,경상,승용,남,34세,상해없음
2016043000100410,2016년 4월 30일 15시,토요일,대구광역시 동구 신암동,경상사고,0,0,1,0,차대차 - 측면직각충돌,안전운전불이행,건조,맑음,단일로 - 기타,승용,남,63세,경상,승용,남,59세,상해없음
2016043000100411,2016년 4월 30일 15시,토요일,대구광역시 달서구 진천동,경상사고,0,0,1,0,차대차 - 측면충돌,안전운전불이행,건조,맑음,교차로 - 교차로부근,승용,남,62세,상해없음,자전거,남,14세,경상
2016043000100412,2016년 4월 30일 15시,토요일,대구광역시 북구 칠성동1가,중상사고,0,1,0,0,차대차 - 기타,차로위반,건조,맑음,교차로 - 교차로안,승용,남,78세,상해없음,원동기,남,63세,중상
2016043000100413,2016년 4월 30일 15시,토요일,대구광역시 북구 산격동,경상사고,0,0,1,0,차대차 - 측면직각충돌,안전거리미확보,건조,맑음,교차로 - 교차로안,건설기계,남,60세,상해없음,승용,여,28세,경상
2016043000100444,2016년 4월 30일 16시,토요일,대구광역시 동구 신암동,중상사고,0,1,0,0,차대차 - 기타,안전운전불이행,건조,맑음,단일로 - 기타,자전거,여,58세,중상,승용,여,51세,상해없음
2016043000100445,2016년 4월 30일 16시,토요일,대구광역시 수성구 상동,경상사고,0,0,2,2,차대차 - 추돌,안전운전불이행,건조,맑음,단일로 - 기타,승용,남,34세,상해없음,승용,남,32세,경상
2016043000100490,2016년 4월 30일 17시,토요일,대구광역시 달서구 대곡동,경상사고,0,0,1,0,차대차 - 측면직각충돌,안전거리미확보,건조,맑음,단일로 - 기타,승용,남,64세,상해없음,승용,남,38세,경상
2016043000100491,2016년 4월 30일 17시,토요일,대구광역시 북구 침산동,중상사고,0,1,0,0,차대차 - 측면직각충돌,안전거리미확보,건조,맑음,단일로 - 기타,자전거,남,40세,중상,이륜,기타불명,기타불명,기타불명
2016043000100524,2016년 4월 30일 18시,토요일,대구광역시 수성구 수성동4가,경상사고,0,0,1,0,차대차 - 정면충돌,중앙선침범,건조,맑음,단일로 - 기타,승용,여,50세,상해없음,승용,남,37세,경상
2016043000100525,2016년 4월 30일 18시,토요일,대구광역시 수성구 두산동,부상신고사고,0,0,0,1,차대차 - 측면충돌,안전운전불이행,건조,맑음,단일로 - 횡단보도부근,자전거,남,78세,부상신고,자전거,남,31세,상해없음
2016043000100526,2016년 4월 30일 18시,토요일,대구광역시 달서구 송현동,경상사고,0,0,1,0,차대사람 - 횡단중,보행자보호의무위반,건조,맑음,단일로 - 기타,원동기,남,21세,상해없음,보행자,여,58세,경상
2016043000100559,2016년 4월 30일 19시,토요일,대구광역시 수성구 황금동,경상사고,0,0,1,0,차대사람 - 횡단중,보행자보호의무위반,건조,맑음,단일로 - 기타,이륜,남,24세,상해없음,보행자,남,21세,경상
2016043000100560,2016년 4월 30일 19시,토요일,대구광역시 달성군 다사읍,중상사고,0,1,0,0,차대차 - 정면충돌,안전운전불이행,건조,맑음,교차로 - 교차로부근,원동기,남,48세,중상,승용,여,42세,상해없음
2016043000100594,2016년 4월 30일 20시,토요일,대구광역시 달서구 송현동,경상사고,0,0,2,0,차대차 - 추돌,안전운전불이행,건조,맑음,교차로 - 교차로부근,승용,남,38세,상해없음,승용,남,21세,경상
2016043000100595,2016년 4월 30일 20시,토요일,대구광역시 북구 산격동,경상사고,0,0,1,0,차대차 - 추돌,안전거리미확보,건조,맑음,교차로 - 교차로부근,승용,남,48세,상해없음,승용,남,44세,경상
2016043000100596,2016년 4월 30일 20시,토요일,대구광역시 서구 비산동,경상사고,0,0,2,0,차대차 - 정면충돌,교차로운행방법위반,건조,맑음,교차로 - 교차로안,이륜,남,50세,상해없음,이륜,남,29세,경상
2016043000100626,2016년 4월 30일 21시,토요일,대구광역시 동구 동호동,경상사고,0,0,1,0,차대사람 - 횡단중,보행자보호의무위반,건조,맑음,교차로 - 교차로안,승용,기타불명,기타불명,기타불명,보행자,여,24세,경상
2016043000100627,2016년 4월 30일 21시,토요일,대구광역시 북구 노원동3가,중상사고,0,1,1,0,차대사람 - 횡단중,보행자보호의무위반,건조,맑음,교차로 - 교차로안,화물,남,59세,상해없음,보행자,남,39세,경상
2016043000100628,2016년 4월 30일 21시,토요일,대구광역시 서구 비산동,경상사고,0,0,1,0,차대차 - 정면충돌,안전운전불이행,건조,맑음,단일로 - 기타,화물,남,55세,상해없음,이륜,남,18세,경상
2016043000100629,2016년 4월 30일 21시,토요일,대구광역시 달서구 성당동,중상사고,0,1,0,0,차대사람 - 횡단중,안전운전불이행,건조,맑음,교차로 - 교차로안,승용,남,42세,상해없음,보행자,여,54세,중상
2016043000100657,2016년 4월 30일 22시,토요일,대구광역시 동구 방촌동,경상사고,0,0,3,0,차대차 - 측면충돌,안전운전불이행,건조,맑음,단일로 - 기타,승용,남,41세,기타불명,승용,여,52세,경상
2016043000100658,2016년 4월 30일 22시,토요일,대구광역시 북구 침산동,경상사고,0,0,1,0,차대사람 - 기타,안전운전불이행,건조,맑음,교차로 - 교차로안,승용,남,52세,상해없음,보행자,여,57세,경상
2016043000100659,2016년 4월 30일 22시,토요일,대구광역시 달서구 죽전동,중상사고,0,1,1,0,차대차 - 추돌,안전거리미확보,건조,맑음,단일로 - 기타,승용,남,68세,상해없음,승용,남,26세,경상
2016043000100684,2016년 4월 30일 23시,토요일,대구광역시 달서구 본동,경상사고,0,0,1,0,차대차 - 추돌,안전운전불이행,건조,맑음,교차로 - 교차로부근,이륜,남,21세,경상,승용,남,기타불명,기타불명
2016043000100685,2016년 4월 30일 23시,토요일,대구광역시 달서구 상인동,중상사고,0,1,0,0,차대차 - 측면충돌,중앙선침범,건조,맑음,단일로 - 횡단보도상,승용,남,50세,상해없음,승용,남,26세,중상
2016050100100017,2016년 5월 1일 00시,일요일,대구광역시 북구 복현동,중상사고,0,1,0,0,차대차 - 측면충돌,신호위반,건조,맑음,교차로 - 교차로안,이륜,남,19세,상해없음,이륜,남,19세,중상
2016050100100038,2016년 5월 1일 01시,일요일,대구광역시 수성구 두산동,경상사고,0,0,1,0,차대사람 - 기타,안전운전불이행,건조,맑음,단일로 - 횡단보도상,승용,남,35세,상해없음,보행자,남,26세,경상
2016050100100039,2016년 5월 1일 01시,일요일,대구광역시 달서구 상인동,경상사고,0,0,1,0,차대사람 - 횡단중,안전운전불이행,건조,맑음,단일로 - 횡단보도상,승용,남,39세,상해없음,보행자,여,21세,경상
2016050100100056,2016년 5월 1일 02시,일요일,대구광역시 남구 대명동,경상사고,0,0,3,0,차대차 - 기타,안전거리미확보,건조,맑음,단일로 - 기타,원동기,남,14세,경상,승용,남,42세,상해없음
2016050100100057,2016년 5월 1일 02시,일요일,대구광역시 달서구 대곡동,경상사고,0,0,1,0,차대사람 - 기타,안전운전불이행,건조,맑음,단일로 - 기타,승용,남,23세,상해없음,보행자,남,24세,경상
2016050100100058,2016년 5월 1일 02시,일요일,대구광역시 달서구 신당동,경상사고,0,0,2,0,차대차 - 추돌,안전운전불이행,건조,맑음,단일로 - 기타,승용,남,37세,상해없음,승용,남,24세,경상
2016050100100079,2016년 5월 1일 03시,일요일,대구광역시 수성구 신매동,부상신고사고,0,0,0,1,차량단독 - 공작물충돌,안전운전불이행,건조,맑음,단일로 - 기타,승용,남,26세,부상신고,,,,
2016050100100080,2016년 5월 1일 03시,일요일,대구광역시 북구 검단동,부상신고사고,0,0,0,1,차량단독 - 전도전복,안전운전불이행,건조,맑음,단일로 - 기타,이륜,남,17세,부상신고,,,,
2016050100100097,2016년 5월 1일 05시,일요일,대구광역시 남구 대명동,경상사고,0,0,3,0,차대차 - 추돌,안전운전불이행,건조,맑음,단일로 - 기타,승용,남,26세,상해없음,승용,남,61세,경상
2016050100100098,2016년 5월 1일 05시,일요일,대구광역시 서구 비산동,경상사고,0,0,2,0,차대차 - 측면충돌,안전거리미확보,건조,맑음,단일로 - 기타,승용,여,43세,상해없음,승용,남,22세,경상
2016050100100106,2016년 5월 1일 06시,일요일,대구광역시 중구 태평로2가,부상신고사고,0,0,0,3,차대차 - 추돌,안전운전불이행,건조,맑음,단일로 - 기타,승용,남,26세,부상신고,승용,여,57세,부상신고
2016050100100107,2016년 5월 1일 06시,일요일,대구광역시 중구 삼덕동1가,경상사고,0,0,1,0,차대사람 - 길가장자리구역통행중,안전운전불이행,건조,맑음,단일로 - 기타,승용,여,58세,상해없음,보행자,남,22세,경상
2016050100100129,2016년 5월 1일 08시,일요일,대구광역시 달서구 용산동,경상사고,0,0,1,0,차대사람 - 횡단중,기타,건조,맑음,교차로 - 교차로부근,승용,남,56세,상해없음,보행자,여,54세,경상
2016050100100164,2016년 5월 1일 10시,일요일,대구광역시 동구 방촌동,경상사고,0,0,1,0,차대차 - 추돌,안전운전불이행,건조,맑음,단일로 - 기타,승용,여,34세,상해없음,승용,남,41세,경상
2016050100100184,2016년 5월 1일 11시,일요일,대구광역시 수성구 두산동,중상사고,0,1,0,0,차대차 - 측면직각충돌,신호위반,건조,맑음,단일로 - 횡단보도부근,이륜,남,27세,상해없음,자전거,여,63세,중상
2016050100100185,2016년 5월 1일 11시,일요일,대구광역시 수성구 시지동,경상사고,0,0,1,0,차대차 - 측면직각충돌,안전운전불이행,건조,맑음,단일로 - 기타,승용,남,35세,상해없음,자전거,남,13세,경상
2016050100100186,2016년 5월 1일 11시,일요일,대구광역시 북구 침산동,경상사고,0,0,4,0,차대차 - 추돌,안전거리미확보,건조,맑음,단일로 - 기타,화물,여,51세,상해없음,승용,남,42세,경상
2016050100100187,2016년 5월 1일 11시,일요일,대구광역시 서구 평리동,부상신고사고,0,0,0,1,차대차 - 측면직각충돌,중앙선침범,건조,맑음,교차로 - 교차로부근,자전거,남,14세,부상신고,승용,남,49세,상해없음
2016050100100251,2016년 5월 1일 13시,일요일,대구광역시 북구 칠성동2가,중상사고,0,1,0,0,차대사람 - 횡단중,보행자보호의무위반,건조,맑음,교차로 - 교차로안,원동기,남,28세,상해없음,보행자,여,24세,중상
2016050100100285,2016년 5월 1일 14시,일요일,대구광역시 달성군 옥포면,중상사고,0,2,0,0,차대차 - 측면직각충돌,안전운전불이행,건조,맑음,교차로 - 교차로안,승용,남,52세,상해없음,승용,남,70세,중상
2016050100100328,2016년 5월 1일 15시,일요일,대구광역시 달성군 유가면,경상사고,0,0,1,0,차대사람 - 횡단중,안전운전불이행,건조,맑음,단일로 - 기타,승용,남,58세,상해없음,보행자,남,59세,경상
2016050100100361,2016년 5월 1일 16시,일요일,대구광역시 남구 대명동,중상사고,0,1,0,0,차대사람 - 횡단중,보행자보호의무위반,건조,맑음,교차로 - 교차로안,승용,남,21세,상해없음,보행자,여,51세,중상
2016050100100362,2016년 5월 1일 16시,일요일,대구광역시 서구 내당동,경상사고,0,0,1,0,차대차 - 측면직각충돌,안전운전불이행,건조,맑음,교차로 - 교차로부근,이륜,남,16세,경상,승합,남,35세,상해없음
2016050100100363,2016년 5월 1일 16시,일요일,대구광역시 북구 동천동,경상사고,0,0,6,0,차대차 - 기타,불법유턴,건조,맑음,단일로 - 기타,승용,여,39세,경상,승용,남,32세,경상
2016050100100399,2016년 5월 1일 17시,일요일,대구광역시 달서구 이곡동,경상사고,0,0,1,0,차대사람 - 횡단중,안전운전불이행,건조,맑음,단일로 - 기타,승합,남,31세,상해없음,보행자,남,57세,경상
2016050100100400,2016년 5월 1일 17시,일요일,대구광역시 달서구 신당동,경상사고,0,0,1,0,차대차 - 측면직각충돌,안전운전불이행,건조,맑음,단일로 - 기타,승용,여,48세,상해없음,이륜,남,19세,경상
2016050100100433,2016년 5월 1일 18시,일요일,대구광역시 북구 복현동,경상사고,0,0,1,1,차대차 - 추돌,안전운전불이행,건조,맑음,단일로 - 기타,승용,여,47세,상해없음,승용,남,45세,경상
2016050100100452,2016년 5월 1일 19시,일요일,대구광역시 동구 지저동,경상사고,0,0,1,0,차량단독 - 기타,안전운전불이행,건조,맑음,단일로 - 기타,승합,남,59세,상해없음,,,,
2016050100100453,2016년 5월 1일 19시,일요일,대구광역시 중구 남산동,사망사고,1,0,0,0,차대사람 - 횡단중,안전운전불이행,건조,맑음,교차로 - 교차로안,승용,남,25세,상해없음,보행자,여,78세,사망
2016050100100488,2016년 5월 1일 20시,일요일,대구광역시 남구 봉덕동,경상사고,0,0,1,0,차대차 - 측면충돌,안전운전불이행,건조,맑음,교차로 - 교차로부근,승용,남,36세,상해없음,승용,남,74세,경상
2016050100100489,2016년 5월 1일 20시,일요일,대구광역시 달서구 본동,중상사고,0,2,0,0,차대차 - 정면충돌,안전운전불이행,건조,맑음,교차로 - 교차로부근,화물,남,55세,상해없음,승용,남,51세,중상
2016050100100490,2016년 5월 1일 20시,일요일,대구광역시 북구 산격동,경상사고,0,0,1,0,차대사람 - 횡단중,신호위반,건조,맑음,단일로 - 횡단보도상,원동기,남,24세,상해없음,보행자,여,61세,경상
2016050100100491,2016년 5월 1일 20시,일요일,대구광역시 북구 동천동,경상사고,0,0,7,0,차대차 - 추돌,안전거리미확보,건조,맑음,교차로 - 교차로부근,승용,남,48세,상해없음,승용,남,58세,경상
2016050100100514,2016년 5월 1일 21시,일요일,대구광역시 남구 대명동,경상사고,0,0,2,0,차대차 - 기타,교차로운행방법위반,건조,맑음,교차로 - 교차로안,승용,여,34세,경상,승용,여,52세,경상
2016050100100515,2016년 5월 1일 21시,일요일,대구광역시 동구 효목동,중상사고,0,1,0,0,차대차 - 추돌,안전운전불이행,건조,맑음,단일로 - 기타,승용,남,33세,상해없음,승용,여,58세,중상
2016050100100516,2016년 5월 1일 21시,일요일,대구광역시 동구 신암동,부상신고사고,0,0,0,1,차대차 - 측면충돌,안전운전불이행,건조,맑음,교차로 - 교차로안,원동기,남,23세,부상신고,승용,남,45세,상해없음
2016050100100534,2016년 5월 1일 22시,일요일,대구광역시 달서구 감삼동,경상사고,0,0,1,0,차대사람 - 기타,안전운전불이행,건조,맑음,단일로 - 기타,승용,남,38세,상해없음,보행자,여,33세,경상
2016050100100556,2016년 5월 1일 23시,일요일,대구광역시 남구 대명동,중상사고,0,1,0,0,차대차 - 측면직각충돌,안전운전불이행,건조,맑음,단일로 - 기타,승용,남,49세,상해없음,원동기,남,23세,중상
2016050200100077,2016년 5월 2일 07시,월요일,대구광역시 달서구 월성동,경상사고,0,0,2,0,차대차 - 측면충돌,교차로운행방법위반,건조,맑음,교차로 - 교차로안,화물,남,57세,경상,승용,남,29세,경상
2016050200100078,2016년 5월 2일 07시,월요일,대구광역시 서구 평리동,중상사고,0,1,0,0,차대차 - 정면충돌,신호위반,건조,맑음,교차로 - 교차로안,화물,남,63세,상해없음,승용,남,41세,중상
2016050200100121,2016년 5월 2일 08시,월요일,대구광역시 수성구 범어동,경상사고,0,0,3,0,차대차 - 측면충돌,안전운전불이행,건조,맑음,단일로 - 기타,승용,여,43세,상해없음,승용,여,48세,경상
2016050200100122,2016년 5월 2일 08시,월요일,대구광역시 북구 노원동1가,경상사고,0,0,3,0,차대차 - 기타,차로위반,건조,맑음,교차로 - 교차로부근,화물,남,69세,상해없음,승합,남,45세,상해없음
2016050200100123,2016년 5월 2일 08시,월요일,대구광역시 서구 비산동,부상신고사고,0,0,0,1,차대사람 - 기타,안전운전불이행,건조,맑음,단일로 - 기타,승용,기타불명,기타불명,기타불명,보행자,여,14세,부상신고
2016050200100156,2016년 5월 2일 09시,월요일,대구광역시 남구 대명동,중상사고,0,1,0,0,차대차 - 기타,안전운전불이행,건조,맑음,기타 - 기타,특수,남,60세,상해없음,승용,여,41세,중상
2016050200100157,2016년 5월 2일 09시,월요일,대구광역시 북구 대현동,경상사고,0,0,1,0,차대차 - 기타,안전거리미확보,건조,맑음,단일로 - 기타,원동기,남,76세,경상,승용,남,62세,상해없음
2016050200100188,2016년 5월 2일 10시,월요일,대구광역시 동구 지묘동,경상사고,0,0,1,0,차대차 - 기타,안전운전불이행,건조,맑음,단일로 - 기타,승용,남,70세,상해없음,이륜,남,67세,경상
2016050200100189,2016년 5월 2일 10시,월요일,대구광역시 수성구 가천동,경상사고,0,0,2,0,차대차 - 측면충돌,안전운전불이행,건조,맑음,단일로 - 기타,승용,여,44세,상해없음,승용,남,25세,경상
2016050200100190,2016년 5월 2일 10시,월요일,대구광역시 북구 침산동,경상사고,0,0,1,0,차대사람 - 횡단중,기타,건조,맑음,기타 - 기타,승용,여,42세,상해없음,보행자,여,74세,경상
2016050200100191,2016년 5월 2일 10시,월요일,대구광역시 달서구 이곡동,중상사고,0,1,2,0,차대차 - 측면충돌,안전운전불이행,건조,맑음,단일로 - 기타,승용,남,64세,상해없음,승용,남,37세,경상
2016050200100215,2016년 5월 2일 11시,월요일,대구광역시 동구 신천동,경상사고,0,0,1,0,차대차 - 측면직각충돌,안전거리미확보,건조,맑음,단일로 - 기타,이륜,남,49세,경상,승용,남,78세,상해없음
2016050200100216,2016년 5월 2일 11시,월요일,대구광역시 달성군 가창면,경상사고,0,0,4,0,차대차 - 측면직각충돌,안전운전불이행,건조,맑음,교차로 - 교차로안,승용,여,56세,상해없음,화물,남,39세,경상
2016050200100237,2016년 5월 2일 12시,월요일,대구광역시 달서구 신당동,경상사고,0,0,1,0,차대사람 - 길가장자리구역통행중,안전운전불이행,건조,맑음,교차로 - 교차로부근,기타불명,기타불명,기타불명,기타불명,보행자,여,26세,경상
2016050200100275,2016년 5월 2일 13시,월요일,대구광역시 수성구 만촌동,경상사고,0,0,1,0,차대차 - 기타,안전거리미확보,건조,맑음,단일로 - 기타,승용,남,47세,기타불명,승합,남,54세,상해없음
2016050200100276,2016년 5월 2일 13시,월요일,대구광역시 중구 대신동,경상사고,0,0,2,0,차대차 - 측면충돌,안전거리미확보,건조,맑음,단일로 - 기타,이륜,남,63세,상해없음,승용,여,46세,경상
2016050200100316,2016년 5월 2일 14시,월요일,대구광역시 중구 동산동,경상사고,0,0,2,0,차대차 - 측면충돌,안전운전불이행,건조,맑음,단일로 - 기타,승용,여,40세,상해없음,승용,여,33세,경상
2016050200100361,2016년 5월 2일 15시,월요일,대구광역시 동구 입석동,경상사고,0,0,1,0,차대차 - 추돌,안전운전불이행,건조,맑음,단일로 - 기타,화물,남,48세,상해없음,승용,여,34세,경상
2016050200100362,2016년 5월 2일 15시,월요일,대구광역시 수성구 범어동,경상사고,0,0,1,0,차대사람 - 횡단중,안전운전불이행,건조,맑음,단일로 - 횡단보도상,승용,기타불명,기타불명,기타불명,보행자,여,29세,경상
2016050200100363,2016년 5월 2일 15시,월요일,대구광역시 중구 동인동3가,경상사고,0,0,1,0,차대차 - 측면충돌,안전거리미확보,건조,맑음,단일로 - 기타,이륜,남,79세,경상,승용,여,51세,상해없음
2016050200100410,2016년 5월 2일 16시,월요일,대구광역시 동구 괴전동,부상신고사고,0,0,0,1,차량단독 - 기타,안전운전불이행,건조,맑음,단일로 - 기타,승합,남,61세,상해없음,,,,
2016050200100411,2016년 5월 2일 16시,월요일,대구광역시 수성구 황금동,경상사고,0,0,1,0,차대사람 - 길가장자리구역통행중,안전운전불이행,건조,맑음,단일로 - 기타,승용,남,33세,상해없음,보행자,여,60세,경상
2016050200100412,2016년 5월 2일 16시,월요일,대구광역시 북구 복현동,부상신고사고,0,0,0,1,차대차 - 기타,안전운전불이행,건조,맑음,교차로 - 교차로안,이륜,남,77세,부상신고,승용,여,25세,상해없음
2016050200100462,2016년 5월 2일 17시,월요일,대구광역시 서구 상리동,중상사고,0,1,1,0,차대차 - 추돌,안전거리미확보,건조,맑음,단일로 - 기타,화물,남,51세,상해없음,승용,여,52세,중상
2016050200100505,2016년 5월 2일 18시,월요일,대구광역시 수성구 두산동,경상사고,0,0,1,0,차대차 - 측면충돌,안전운전불이행,건조,흐림,단일로 - 기타,승용,남,69세,상해없음,자전거,남,53세,경상
2016050200100547,2016년 5월 2일 19시,월요일,대구광역시 북구 칠성동2가,중상사고,0,1,0,0,차대차 - 측면충돌,불법유턴,건조,맑음,교차로 - 교차로안,자전거,여,11세,중상,승용,여,42세,상해없음
2016050200100548,2016년 5월 2일 19시,월요일,대구광역시 달서구 감삼동,경상사고,0,0,1,0,차대차 - 기타,안전운전불이행,습기,비,단일로 - 기타,승용,여,34세,기타불명,이륜,여,28세,경상
2016050200100600,2016년 5월 2일 20시,월요일,대구광역시 동구 신암동,중상사고,0,1,0,0,차대사람 - 횡단중,안전운전불이행,건조,맑음,단일로 - 기타,승용,남,26세,상해없음,보행자,여,77세,중상
2016050200100601,2016년 5월 2일 20시,월요일,대구광역시 북구 침산동,중상사고,0,1,0,0,차대차 - 측면충돌,중앙선침범,습기,흐림,단일로 - 기타,원동기,남,55세,중상,승용,남,34세,상해없음
2016050200100602,2016년 5월 2일 20시,월요일,대구광역시 중구 동인동1가,경상사고,0,0,3,0,차대차 - 추돌,안전운전불이행,습기,비,단일로 - 터널,승용,남,30세,상해없음,승용,여,48세,경상
2016050200100732,2016년 5월 2일 23시,월요일,대구광역시 동구 입석동,중상사고,0,1,2,0,차대사람 - 기타,안전운전불이행,건조,맑음,교차로 - 교차로부근,화물,남,43세,상해없음,보행자,여,44세,중상
2016050200100733,2016년 5월 2일 23시,월요일,대구광역시 수성구 지산동,경상사고,0,0,1,0,차대사람 - 길가장자리구역통행중,안전운전불이행,건조,맑음,단일로 - 기타,승용,남,62세,상해없음,보행자,남,46세,경상
2016050200100734,2016년 5월 2일 23시,월요일,대구광역시 달서구 송현동,경상사고,0,0,2,0,차대차 - 측면충돌,직진우회전진행방해,습기,비,교차로 - 교차로안,승용,여,21세,상해없음,승용,여,43세,경상
2016050200100735,2016년 5월 2일 23시,월요일,대구광역시 북구 고성동3가,경상사고,0,0,2,0,차대차 - 기타,직진우회전진행방해,건조,맑음,교차로 - 교차로안,승용,남,69세,상해없음,승용,남,62세,상해없음
2016050300100027,2016년 5월 3일 00시,화요일,대구광역시 북구 고성동3가,경상사고,0,0,1,0,차대차 - 기타,안전운전불이행,건조,맑음,단일로 - 기타,승용,여,43세,상해없음,승용,남,54세,경상
2016050300100028,2016년 5월 3일 00시,화요일,대구광역시 서구 평리동,경상사고,0,0,1,0,차량단독 - 전도전복,안전운전불이행,건조,맑음,단일로 - 기타,이륜,남,42세,경상,,,,
2016050300100051,2016년 5월 3일 01시,화요일,대구광역시 중구 동성로2가,중상사고,0,1,0,0,차대사람 - 기타,안전운전불이행,건조,맑음,단일로 - 기타,화물,남,46세,상해없음,보행자,여,67세,중상
2016050300100066,2016년 5월 3일 02시,화요일,대구광역시 동구 효목동,중상사고,0,1,0,0,차대차 - 측면충돌,신호위반,건조,맑음,교차로 - 교차로안,승용,남,50세,상해없음,승용,남,41세,중상
2016050300100067,2016년 5월 3일 02시,화요일,대구광역시 수성구 범어동,중상사고,0,1,0,0,차대차 - 측면직각충돌,안전거리미확보,건조,맑음,단일로 - 기타,승용,여,53세,상해없음,승용,남,39세,중상
2016050300100068,2016년 5월 3일 02시,화요일,대구광역시 북구 동천동,경상사고,0,0,1,0,차대차 - 추돌,불법유턴,건조,맑음,단일로 - 기타,승용,남,47세,상해없음,자전거,남,23세,경상
2016050300100079,2016년 5월 3일 03시,화요일,대구광역시 달서구 용산동,중상사고,0,1,0,0,차량단독 - 전도전복,안전운전불이행,습기,비,단일로 - 기타,이륜,남,19세,상해없음,,,,
2016050300100095,2016년 5월 3일 05시,화요일,대구광역시 수성구 만촌동,경상사고,0,0,1,0,차대차 - 기타,안전운전불이행,습기,비,단일로 - 기타,승용,남,65세,상해없음,화물,남,46세,경상
2016050300100129,2016년 5월 3일 07시,화요일,대구광역시 수성구 만촌동,경상사고,0,0,1,0,차대사람 - 길가장자리구역통행중,안전운전불이행,습기,비,단일로 - 기타,승용,여,47세,기타불명,보행자,남,24세,경상
2016050300100130,2016년 5월 3일 07시,화요일,대구광역시 수성구 만촌동,경상사고,0,0,2,0,차대차 - 정면충돌,안전운전불이행,건조,맑음,단일로 - 기타,승용,남,68세,상해없음,승용,여,48세,경상
2016050300100131,2016년 5월 3일 07시,화요일,대구광역시 달서구 용산동,경상사고,0,0,1,0,차대차 - 측면충돌,안전운전불이행,습기,비,단일로 - 기타,승용,남,39세,상해없음,승용,남,39세,경상
2016050300100168,2016년 5월 3일 08시,화요일,대구광역시 남구 이천동,경상사고,0,0,2,0,차대차 - 추돌,안전운전불이행,습기,비,단일로 - 기타,승용,남,51세,상해없음,승용,여,46세,경상
2016050300100169,2016년 5월 3일 08시,화요일,대구광역시 수성구 황금동,경상사고,0,0,1,0,차대사람 - 길가장자리구역통행중,안전운전불이행,습기,비,단일로 - 기타,승합,남,47세,기타불명,보행자,남,14세,경상
2016050300100170,2016년 5월 3일 08시,화요일,대구광역시 북구 읍내동,경상사고,0,0,1,0,차대차 - 측면충돌,신호위반,습기,비,교차로 - 교차로안,승용,남,59세,상해없음,승용,여,55세,경상
2016050300100225,2016년 5월 3일 09시,화요일,대구광역시 남구 봉덕동,경상사고,0,0,1,0,차대차 - 추돌,안전거리미확보,기타,비,단일로 - 기타,화물,남,68세,상해없음,승용,여,54세,경상
2016050300100226,2016년 5월 3일 09시,화요일,대구광역시 남구 대명동,경상사고,0,0,1,0,차대차 - 기타,안전운전불이행,건조,맑음,단일로 - 기타,승용,남,60세,상해없음,승용,남,62세,경상
2016050300100227,2016년 5월 3일 09시,화요일,대구광역시 달서구 도원동,경상사고,0,0,2,0,차대차 - 추돌,안전운전불이행,건조,맑음,교차로 - 교차로부근,승용,남,61세,상해없음,승용,여,55세,경상
2016050300100228,2016년 5월 3일 09시,화요일,대구광역시 달서구 대천동,경상사고,0,0,2,0,차대차 - 측면직각충돌,교차로운행방법위반,건조,맑음,교차로 - 교차로안,승용,남,28세,경상,승용,남,58세,상해없음
2016050300100229,2016년 5월 3일 09시,화요일,대구광역시 중구 수동,중상사고,0,1,0,0,차대사람 - 길가장자리구역통행중,안전운전불이행,건조,맑음,교차로 - 교차로부근,승용,여,41세,상해없음,보행자,여,36세,중상
2016050300100230,2016년 5월 3일 09시,화요일,대구광역시 중구 남산동,부상신고사고,0,0,0,1,차대차 - 추돌,안전거리미확보,습기,비,단일로 - 기타,승용,남,60세,상해없음,승용,남,62세,부상신고
2016050300100254,2016년 5월 3일 10시,화요일,대구광역시 수성구 범어동,경상사고,0,0,1,0,차대차 - 기타,안전운전불이행,습기,비,단일로 - 기타,승용,남,67세,상해없음,승용,남,60세,상해없음
2016050300100255,2016년 5월 3일 10시,화요일,대구광역시 달성군 옥포면,경상사고,0,0,2,0,차대차 - 추돌,안전운전불이행,습기,비,단일로 - 기타,승용,여,31세,상해없음,승용,여,64세,경상
2016050300100256,2016년 5월 3일 10시,화요일,대구광역시 달서구 용산동,경상사고,0,0,1,0,차대차 - 추돌,안전거리미확보,건조,맑음,교차로 - 교차로안,승용,남,56세,상해없음,승용,여,32세,경상
2016050300100283,2016년 5월 3일 11시,화요일,대구광역시 수성구 지산동,중상사고,0,1,0,0,차대사람 - 횡단중,보행자보호의무위반,습기,비,교차로 - 교차로부근,화물,남,64세,상해없음,보행자,여,76세,중상
2016050300100306,2016년 5월 3일 12시,화요일,대구광역시 동구 신천동,경상사고,0,0,3,0,차대차 - 추돌,안전운전불이행,습기,비,교차로 - 교차로부근,승용,남,53세,상해없음,승용,남,33세,경상