사고번호,사고일시,요일,시군구,사고내용,사망자수,중상자수,경상자수,부상신고자수,사고유형,법규위반,노면상태,기상상태,도로형태,가해운전자 차종,가해운전자 성별,가해운전자 연령,가해운전자 상해정도,피해운전자 차종,피해운전자 성별,피해운전자 연령,피해운전자 상해정도
2016050300100307,2016년 5월 3일 12시,화요일,대구광역시 수성구 두산동,부상신고사고,0,0,0,1,차량단독 - 전도전복,안전운전불이행,습기,비,단일로 - 기타,승용,여,40세,부상신고,,,,
2016050300100308,2016년 5월 3일 12시,화요일,대구광역시 북구 구암동,중상사고,0,1,0,0,차대사람 - 횡단중,안전운전불이행,건조,맑음,단일로 - 기타,승용,여,43세,상해없음,보행자,남,48세,중상
2016050300100309,2016년 5월 3일 12시,화요일,대구광역시 북구 읍내동,경상사고,0,0,1,0,차대차 - 기타,직진우회전진행방해,습기,흐림,교차로 - 교차로부근,승용,여,48세,상해없음,이륜,남,35세,경상
2016050300100343,2016년 5월 3일 13시,화요일,대구광역시 남구 대명동,중상사고,0,1,0,0,차대사람 - 횡단중,안전운전불이행,기타,맑음,단일로 - 기타,승용,여,53세,상해없음,보행자,여,67세,중상
2016050300100344,2016년 5월 3일 13시,화요일,대구광역시 수성구 범어동,경상사고,0,0,1,0,차대차 - 측면직각충돌,안전운전불이행,습기,비,교차로 - 교차로안,화물,남,50세,상해없음,이륜,남,30세,경상
2016050300100345,2016년 5월 3일 13시,화요일,대구광역시 수성구 지산동,중상사고,0,1,0,0,차대차 - 정면충돌,교차로운행방법위반,건조,맑음,교차로 - 교차로안,승용,남,64세,상해없음,승용,여,44세,중상
2016050300100346,2016년 5월 3일 13시,화요일,대구광역시 서구 비산동,경상사고,0,0,1,0,차대차 - 정면충돌,안전운전불이행,습기,비,단일로 - 기타,승용,여,56세,상해없음,이륜,여,57세,경상
2016050300100378,2016년 5월 3일 14시,화요일,대구광역시 서구 비산동,경상사고,0,0,2,0,차대차 - 정면충돌,중앙선침범,건조,맑음,단일로 - 기타,승용,남,27세,상해없음,승용,남,56세,경상
2016050300100379,2016년 5월 3일 14시,화요일,대구광역시 달서구 본리동,경상사고,0,0,1,0,차대차 - 측면충돌,안전운전불이행,건조,맑음,단일로 - 기타,승용,남,36세,상해없음,승용,남,38세,경상
2016050300100380,2016년 5월 3일 14시,화요일,대구광역시 북구 팔달동,경상사고,0,0,1,0,차대차 - 측면충돌,안전운전불이행,건조,맑음,단일로 - 기타,자전거,남,12세,경상,승용,여,56세,상해없음
2016050300100401,2016년 5월 3일 15시,화요일,대구광역시 서구 평리동,중상사고,0,1,0,0,차대사람 - 횡단중,보행자보호의무위반,건조,맑음,단일로 - 횡단보도상,승용,남,48세,상해없음,보행자,여,54세,중상
2016050300100402,2016년 5월 3일 15시,화요일,대구광역시 달서구 신당동,중상사고,0,1,0,0,차대사람 - 횡단중,안전운전불이행,건조,맑음,단일로 - 기타,승용,남,73세,상해없음,보행자,여,77세,중상
2016050300100403,2016년 5월 3일 15시,화요일,대구광역시 북구 태전동,경상사고,0,0,2,0,차대차 - 추돌,안전운전불이행,건조,맑음,단일로 - 기타,승용,여,37세,상해없음,승용,남,35세,경상
2016050300100442,2016년 5월 3일 16시,화요일,대구광역시 서구 내당동,경상사고,0,0,1,0,차대사람 - 기타,기타,건조,맑음,기타 - 기타,승용,여,42세,상해없음,보행자,여,29세,경상
2016050300100443,2016년 5월 3일 16시,화요일,대구광역시 중구 동인동2가,경상사고,0,0,1,0,차대차 - 추돌,안전운전불이행,건조,맑음,단일로 - 기타,승용,남,30세,상해없음,승용,여,39세,경상
2016050300100470,2016년 5월 3일 17시,화요일,대구광역시 남구 대명동,중상사고,0,1,0,0,차대차 - 기타,불법유턴,건조,맑음,교차로 - 교차로부근,자전거,남,88세,중상,승용,남,75세,상해없음
2016050300100471,2016년 5월 3일 17시,화요일,대구광역시 달서구 대천동,경상사고,0,0,1,0,차대차 - 추돌,안전거리미확보,건조,맑음,단일로 - 기타,승용,남,24세,상해없음,승용,여,46세,경상
2016050300100472,2016년 5월 3일 17시,화요일,대구광역시 달서구 죽전동,중상사고,0,1,0,0,차대차 - 측면직각충돌,신호위반,건조,맑음,교차로 - 교차로안,승용,여,43세,상해없음,이륜,남,18세,중상
2016050300100473,2016년 5월 3일 17시,화요일,대구광역시 달서구 용산동,경상사고,0,0,1,0,차대차 - 추돌,안전운전불이행,건조,맑음,단일로 - 기타,승용,남,62세,상해없음,승용,여,52세,경상
2016050300100506,2016년 5월 3일 18시,화요일,대구광역시 남구 봉덕동,경상사고,0,0,1,0,차대사람 - 기타,안전운전불이행,건조,맑음,교차로 - 교차로안,승용,여,38세,상해없음,보행자,남,36세,경상
2016050300100507,2016년 5월 3일 18시,화요일,대구광역시 수성구 중동,중상사고,0,1,0,0,차대차 - 측면충돌,안전거리미확보,건조,맑음,단일로 - 기타,승용,남,27세,상해없음,이륜,여,54세,중상
2016050300100508,2016년 5월 3일 18시,화요일,대구광역시 중구 동산동,경상사고,0,0,1,0,차대사람 - 횡단중,안전운전불이행,건조,맑음,교차로 - 교차로안,승합,남,68세,상해없음,보행자,남,53세,경상
2016050300100509,2016년 5월 3일 18시,화요일,대구광역시 달서구 갈산동,경상사고,0,0,1,0,차대차 - 추돌,안전운전불이행,건조,맑음,교차로 - 교차로부근,승용,여,48세,상해없음,승용,여,26세,경상
2016050300100545,2016년 5월 3일 19시,화요일,대구광역시 동구 신천동,경상사고,0,0,1,0,차대차 - 측면충돌,안전거리미확보,건조,맑음,단일로 - 기타,승용,남,61세,상해없음,승용,여,31세,경상
2016050300100546,2016년 5월 3일 19시,화요일,대구광역시 동구 신암동,경상사고,0,0,1,0,차대차 - 정면충돌,안전운전불이행,건조,맑음,교차로 - 교차로안,승용,여,45세,상해없음,자전거,남,11세,경상
2016050300100547,2016년 5월 3일 19시,화요일,대구광역시 달서구 진천동,경상사고,0,0,1,0,차대차 - 측면충돌,기타,건조,맑음,단일로 - 기타,승용,남,60세,상해없음,원동기,남,18세,경상
2016050300100548,2016년 5월 3일 19시,화요일,대구광역시 달서구 월암동,경상사고,0,0,2,0,차대차 - 측면충돌,교차로운행방법위반,건조,맑음,교차로 - 교차로안,승용,여,54세,경상,화물,남,59세,경상
2016050300100549,2016년 5월 3일 19시,화요일,대구광역시 달서구 상인동,중상사고,0,1,0,0,차대사람 - 기타,안전운전불이행,건조,맑음,단일로 - 기타,화물,남,55세,기타불명,보행자,남,37세,중상
2016050300100598,2016년 5월 3일 20시,화요일,대구광역시 달서구 월성동,경상사고,0,0,1,0,차대사람 - 횡단중,신호위반,건조,맑음,교차로 - 교차로부근,이륜,남,19세,상해없음,보행자,여,9세,경상
2016050300100599,2016년 5월 3일 20시,화요일,대구광역시 달성군 논공읍,경상사고,0,0,1,0,차대차 - 측면충돌,안전운전불이행,건조,맑음,단일로 - 기타,승용,남,65세,기타불명,승용,남,25세,경상
2016050300100600,2016년 5월 3일 20시,화요일,대구광역시 북구 복현동,경상사고,0,0,1,0,차대차 - 추돌,안전운전불이행,건조,맑음,단일로 - 기타,승용,남,74세,상해없음,승용,여,26세,경상
2016050300100601,2016년 5월 3일 20시,화요일,대구광역시 달서구 장기동,경상사고,0,0,1,0,차대사람 - 횡단중,안전운전불이행,건조,맑음,기타 - 기타,승용,남,59세,상해없음,보행자,남,58세,경상
2016050300100646,2016년 5월 3일 21시,화요일,대구광역시 남구 대명동,경상사고,0,0,2,1,차대차 - 정면충돌,교차로운행방법위반,건조,맑음,교차로 - 교차로안,승용,남,41세,상해없음,승용,남,36세,상해없음
2016050300100647,2016년 5월 3일 21시,화요일,대구광역시 동구 율하동,경상사고,0,0,1,0,차대차 - 측면직각충돌,안전거리미확보,건조,맑음,단일로 - 기타,승용,남,19세,상해없음,승용,남,59세,경상
2016050300100648,2016년 5월 3일 21시,화요일,대구광역시 북구 고성동3가,경상사고,0,0,1,0,차대차 - 정면충돌,안전운전불이행,건조,맑음,단일로 - 기타,원동기,남,19세,상해없음,원동기,남,16세,경상
2016050300100649,2016년 5월 3일 21시,화요일,대구광역시 북구 복현동,경상사고,0,0,1,0,차대차 - 측면충돌,안전거리미확보,건조,맑음,단일로 - 기타,이륜,남,22세,상해없음,이륜,남,24세,경상
2016050300100650,2016년 5월 3일 21시,화요일,대구광역시 북구 태전동,중상사고,0,2,0,0,차대차 - 측면직각충돌,교차로운행방법위반,건조,맑음,교차로 - 교차로안,승용,여,63세,상해없음,승용,남,31세,중상
2016050300100680,2016년 5월 3일 22시,화요일,대구광역시 달서구 월성동,경상사고,0,0,1,0,차대차 - 추돌,안전거리미확보,건조,맑음,단일로 - 기타,승용,남,33세,상해없음,승용,남,31세,경상
2016050300100710,2016년 5월 3일 23시,화요일,대구광역시 달서구 송현동,경상사고,0,0,2,0,차대차 - 기타,안전거리미확보,건조,맑음,교차로 - 교차로부근,승합,남,50세,상해없음,승용,남,32세,상해없음
2016050400100017,2016년 5월 4일 00시,수요일,대구광역시 북구 산격동,경상사고,0,0,1,0,차대차 - 측면직각충돌,신호위반,건조,맑음,교차로 - 교차로안,승용,남,38세,상해없음,승용,남,49세,경상
2016050400100018,2016년 5월 4일 00시,수요일,대구광역시 서구 상리동,중상사고,0,1,0,0,차량단독 - 전도전복,안전운전불이행,건조,맑음,단일로 - 기타,승합,남,41세,중상,,,,
2016050400100036,2016년 5월 4일 02시,수요일,대구광역시 동구 방촌동,경상사고,0,0,2,0,차대차 - 추돌,안전운전불이행,건조,맑음,단일로 - 기타,승용,남,27세,상해없음,승용,남,45세,경상
2016050400100045,2016년 5월 4일 03시,수요일,대구광역시 북구 복현동,경상사고,0,0,1,0,차대차 - 기타,안전운전불이행,건조,맑음,단일로 - 기타,승용,남,34세,상해없음,승용,남,35세,경상
2016050400100090,2016년 5월 4일 07시,수요일,대구광역시 서구 내당동,경상사고,0,0,1,0,차대차 - 추돌,안전운전불이행,건조,맑음,단일로 - 기타,승용,남,52세,상해없음,승용,남,41세,경상
2016050400100091,2016년 5월 4일 07시,수요일,대구광역시 북구 매천동,경상사고,0,0,1,0,차대차 - 추돌,안전거리미확보,건조,맑음,교차로 - 교차로부근,화물,남,55세,상해없음,승용,여,36세,경상
2016050400100140,2016년 5월 4일 08시,수요일,대구광역시 수성구 수성동2가,중상사고,0,1,0,0,차대차 - 측면충돌,안전운전불이행,건조,맑음,단일로 - 기타,승합,남,42세,상해없음,승용,남,75세,중상
2016050400100141,2016년 5월 4일 08시,수요일,대구광역시 북구 대현동,경상사고,0,0,1,0,차대차 - 추돌,안전운전불이행,건조,맑음,단일로 - 기타,승용,남,49세,상해없음,승용,남,40세,경상
2016050400100181,2016년 5월 4일 09시,수요일,대구광역시 동구 신암동,경상사고,0,0,1,0,차대차 - 추돌,안전운전불이행,건조,맑음,단일로 - 기타,승용,남,56세,상해없음,원동기,남,32세,경상
2016050400100182,2016년 5월 4일 09시,수요일,대구광역시 수성구 지산동,중상사고,0,1,0,0,차대차 - 측면충돌,안전운전불이행,건조,맑음,단일로 - 횡단보도상,승용,남,37세,상해없음,자전거,남,78세,중상
2016050400100224,2016년 5월 4일 10시,수요일,대구광역시 동구 불로동,경상사고,0,0,1,0,차대사람 - 횡단중,안전운전불이행,건조,맑음,단일로 - 기타,승용,남,52세,상해없음,보행자,여,54세,경상
2016050400100251,2016년 5월 4일 11시,수요일,대구광역시 달서구 진천동,중상사고,0,1,0,0,차대사람 - 횡단중,안전운전불이행,건조,맑음,단일로 - 기타,승용,여,57세,상해없음,보행자,여,66세,중상
2016050400100283,2016년 5월 4일 12시,수요일,대구광역시 중구 동일동,중상사고,0,1,0,0,차대사람 - 기타,안전운전불이행,건조,맑음,단일로 - 기타,이륜,남,18세,상해없음,보행자,남,78세,중상
2016050400100284,2016년 5월 4일 12시,수요일,대구광역시 북구 동천동,경상사고,0,0,1,0,차대차 - 기타,기타,건조,맑음,교차로 - 교차로부근,승합,남,42세,상해없음,이륜,남,22세,경상
2016050400100323,2016년 5월 4일 13시,수요일,대구광역시 동구 신천동,중상사고,0,1,0,0,차대차 - 측면충돌,안전운전불이행,건조,맑음,단일로 - 기타,승용,남,54세,상해없음,원동기,남,59세,중상
2016050400100324,2016년 5월 4일 13시,수요일,대구광역시 달서구 도원동,경상사고,0,0,3,0,차대차 - 추돌,안전운전불이행,건조,맑음,교차로 - 교차로부근,승용,남,46세,기타불명,화물,남,43세,경상
2016050400100325,2016년 5월 4일 13시,수요일,대구광역시 달성군 화원읍,부상신고사고,0,0,0,1,차대사람 - 기타,안전운전불이행,건조,맑음,단일로 - 기타,승용,기타불명,기타불명,기타불명,보행자,남,44세,부상신고
2016050400100326,2016년 5월 4일 13시,수요일,대구광역시 달서구 용산동,중상사고,0,1,0,0,차대사람 - 횡단중,안전운전불이행,건조,맑음,교차로 - 교차로부근,승용,여,45세,상해없음,보행자,남,19세,중상
2016050400100327,2016년 5월 4일 13시,수요일,대구광역시 북구 읍내동,중상사고,0,2,0,0,차대차 - 측면충돌,안전운전불이행,건조,맑음,교차로 - 교차로부근,승용,여,56세,중상,화물,남,53세,상해없음
2016050400100366,2016년 5월 4일 14시,수요일,대구광역시 동구 효목동,중상사고,0,1,0,0,차대사람 - 횡단중,신호위반,건조,맑음,기타 - 기타,원동기,남,39세,상해없음,보행자,여,73세,중상
2016050400100367,2016년 5월 4일 14시,수요일,대구광역시 동구 율하동,중상사고,0,1,0,0,차대사람 - 횡단중,보행자보호의무위반,건조,맑음,단일로 - 기타,승용,여,29세,상해없음,보행자,여,77세,중상
2016050400100368,2016년 5월 4일 14시,수요일,대구광역시 수성구 파동,중상사고,0,1,0,0,차대사람 - 횡단중,보행자보호의무위반,건조,맑음,교차로 - 교차로부근,화물,남,58세,상해없음,보행자,남,72세,중상
2016050400100369,2016년 5월 4일 14시,수요일,대구광역시 달서구 월성동,중상사고,0,1,1,0,차대차 - 측면충돌,안전운전불이행,건조,맑음,단일로 - 기타,승합,남,67세,기타불명,승용,여,48세,중상
2016050400100424,2016년 5월 4일 15시,수요일,대구광역시 수성구 상동,부상신고사고,0,0,0,1,차대차 - 측면충돌,안전거리미확보,건조,맑음,단일로 - 기타,이륜,남,24세,부상신고,승합,남,56세,상해없음
2016050400100425,2016년 5월 4일 15시,수요일,대구광역시 수성구 만촌동,경상사고,0,0,1,0,차대차 - 추돌,안전운전불이행,건조,맑음,단일로 - 기타,승용,여,38세,상해없음,승용,남,59세,경상
2016050400100426,2016년 5월 4일 15시,수요일,대구광역시 달서구 상인동,중상사고,0,1,0,0,차대차 - 측면충돌,신호위반,건조,맑음,교차로 - 교차로부근,승용,남,34세,상해없음,자전거,남,11세,중상
2016050400100427,2016년 5월 4일 15시,수요일,대구광역시 북구 관음동,부상신고사고,0,0,0,1,차대차 - 측면충돌,안전운전불이행,건조,맑음,교차로 - 교차로안,자전거,남,13세,부상신고,승용,남,51세,상해없음
2016050400100465,2016년 5월 4일 16시,수요일,대구광역시 북구 산격동,중상사고,0,1,0,0,차대차 - 기타,안전거리미확보,건조,맑음,단일로 - 기타,승용,남,62세,상해없음,승용,여,59세,중상
2016050400100466,2016년 5월 4일 16시,수요일,대구광역시 서구 내당동,중상사고,0,1,0,0,차대차 - 측면직각충돌,안전운전불이행,건조,맑음,단일로 - 기타,승용,기타불명,기타불명,기타불명,승용,기타불명,기타불명,기타불명
2016050400100467,2016년 5월 4일 16시,수요일,대구광역시 달서구 이곡동,부상신고사고,0,0,0,1,차대사람 - 기타,안전운전불이행,건조,맑음,단일로 - 기타,자전거,기타불명,기타불명,기타불명,보행자,남,10세,부상신고
2016050400100527,2016년 5월 4일 17시,수요일,대구광역시 달서구 송현동,중상사고,0,1,0,0,차대사람 - 기타,안전운전불이행,건조,맑음,단일로 - 기타,승용,여,54세,상해없음,보행자,남,72세,중상
2016050400100528,2016년 5월 4일 17시,수요일,대구광역시 달서구 상인동,부상신고사고,0,0,0,1,차대차 - 기타,교차로운행방법위반,건조,맑음,교차로 - 교차로안,원동기,남,16세,부상신고,승합,남,60세,상해없음
2016050400100529,2016년 5월 4일 17시,수요일,대구광역시 달성군 현풍면,사망사고,1,0,0,0,차대사람 - 횡단중,안전운전불이행,건조,맑음,단일로 - 기타,화물,남,48세,상해없음,보행자,여,26세,사망
2016050400100588,2016년 5월 4일 18시,수요일,대구광역시 동구 각산동,중상사고,0,1,0,0,차대사람 - 횡단중,안전운전불이행,건조,맑음,단일로 - 기타,승용,남,57세,상해없음,보행자,남,23세,중상
2016050400100589,2016년 5월 4일 18시,수요일,대구광역시 서구 비산동,경상사고,0,0,2,0,차대차 - 추돌,안전거리미확보,건조,맑음,교차로 - 교차로부근,승용,남,71세,상해없음,승용,남,61세,경상
2016050400100590,2016년 5월 4일 18시,수요일,대구광역시 서구 이현동,부상신고사고,0,0,0,1,차대차 - 측면충돌,교차로운행방법위반,건조,맑음,교차로 - 교차로안,승용,남,35세,상해없음,화물,남,51세,상해없음
2016050400100591,2016년 5월 4일 18시,수요일,대구광역시 서구 내당동,경상사고,0,0,1,0,차대차 - 추돌,안전거리미확보,건조,맑음,단일로 - 기타,이륜,남,52세,상해없음,승용,여,27세,경상
2016050400100634,2016년 5월 4일 19시,수요일,대구광역시 동구 검사동,경상사고,0,0,2,0,차대차 - 추돌,안전운전불이행,건조,맑음,단일로 - 기타,승용,남,69세,상해없음,승용,남,46세,경상
2016050400100641,2016년 5월 4일 19시,수요일,대구광역시 달서구 송현동,경상사고,0,0,1,0,차대사람 - 기타,안전운전불이행,건조,맑음,단일로 - 기타,승용,여,27세,기타불명,보행자,남,45세,경상
2016050400100642,2016년 5월 4일 19시,수요일,대구광역시 달서구 상인동,부상신고사고,0,0,0,1,차대차 - 기타,안전운전불이행,건조,맑음,단일로 - 기타,원동기,여,26세,부상신고,승용,여,66세,상해없음
2016050400100643,2016년 5월 4일 19시,수요일,대구광역시 달서구 상인동,경상사고,0,0,3,0,차대차 - 추돌,안전운전불이행,건조,맑음,단일로 - 기타,승용,여,30세,경상,승용,남,60세,경상
2016050400100644,2016년 5월 4일 19시,수요일,대구광역시 중구 동인동1가,중상사고,0,1,0,0,차대차 - 측면직각충돌,안전운전불이행,건조,맑음,단일로 - 기타,승용,여,47세,상해없음,승용,남,62세,중상
2016050400100677,2016년 5월 4일 20시,수요일,대구광역시 북구 서변동,경상사고,0,0,1,0,차대차 - 기타,안전운전불이행,건조,맑음,단일로 - 기타,화물,남,53세,상해없음,승용,남,34세,경상
2016050400100683,2016년 5월 4일 20시,수요일,대구광역시 중구 수창동,부상신고사고,0,0,0,1,차량단독 - 공작물충돌,안전운전불이행,건조,맑음,단일로 - 기타,이륜,남,40세,부상신고,,,,
2016050400100722,2016년 5월 4일 21시,수요일,대구광역시 남구 대명동,경상사고,0,0,1,0,차대차 - 추돌,안전거리미확보,건조,맑음,단일로 - 기타,승용,남,50세,상해없음,승용,남,33세,경상
2016050400100723,2016년 5월 4일 21시,수요일,대구광역시 동구 신암동,중상사고,0,1,1,0,차대사람 - 횡단중,안전운전불이행,건조,맑음,단일로 - 횡단보도부근,승용,남,58세,상해없음,보행자,남,18세,경상
2016050400100757,2016년 5월 4일 22시,수요일,대구광역시 동구 신용동,경상사고,0,0,3,0,차대차 - 정면충돌,중앙선침범,건조,맑음,단일로 - 기타,승용,남,31세,상해없음,승용,남,38세,경상
2016050400100758,2016년 5월 4일 22시,수요일,대구광역시 달서구 호산동,경상사고,0,0,3,0,차대차 - 정면충돌,신호위반,건조,맑음,교차로 - 교차로안,화물,남,52세,경상,승용,남,29세,경상
2016050400100794,2016년 5월 4일 23시,수요일,대구광역시 동구 불로동,부상신고사고,0,0,0,1,차대사람 - 차도통행중,기타,건조,맑음,단일로 - 기타,승용,남,50세,상해없음,보행자,남,57세,부상신고
2016050400100795,2016년 5월 4일 23시,수요일,대구광역시 북구 태전동,중상사고,0,1,0,0,차대사람 - 보도통행중,안전운전불이행,건조,맑음,단일로 - 기타,승용,남,22세,상해없음,보행자,여,18세,중상
2016050500100017,2016년 5월 5일 00시,목요일,대구광역시 수성구 두산동,경상사고,0,0,3,0,차대차 - 측면충돌,안전운전불이행,건조,맑음,단일로 - 기타,승용,남,26세,경상,승용,남,40세,경상
2016050500100018,2016년 5월 5일 00시,목요일,대구광역시 달서구 진천동,중상사고,0,2,1,0,차대사람 - 횡단중,안전운전불이행,건조,맑음,단일로 - 기타,승용,남,27세,상해없음,보행자,여,44세,중상
2016050500100019,2016년 5월 5일 00시,목요일,대구광역시 달서구 이곡동,사망사고,1,0,0,0,차대차 - 기타,안전운전불이행,건조,맑음,단일로 - 기타,승용,여,45세,상해없음,화물,남,52세,기타불명
2016050500100041,2016년 5월 5일 01시,목요일,대구광역시 서구 비산동,경상사고,0,0,1,0,차대차 - 측면충돌,안전운전불이행,건조,맑음,교차로 - 교차로안,승용,남,31세,상해없음,승용,남,46세,경상
2016050500100042,2016년 5월 5일 01시,목요일,대구광역시 중구 남산동,중상사고,0,1,4,0,차대차 - 측면충돌,신호위반,건조,맑음,교차로 - 교차로안,승용,남,58세,상해없음,승용,남,59세,중상
2016050500100095,2016년 5월 5일 05시,목요일,대구광역시 수성구 범물동,중상사고,0,1,0,0,차대차 - 추돌,안전운전불이행,건조,맑음,단일로 - 기타,승용,여,29세,중상,승합,남,44세,상해없음
2016050500100124,2016년 5월 5일 07시,목요일,대구광역시 동구 신천동,중상사고,0,1,0,0,차대사람 - 횡단중,안전운전불이행,건조,맑음,단일로 - 기타,승용,남,58세,상해없음,보행자,여,78세,중상
2016050500100125,2016년 5월 5일 07시,목요일,대구광역시 서구 이현동,경상사고,0,0,1,0,차대차 - 측면충돌,차로위반,건조,맑음,단일로 - 기타,승용,남,66세,상해없음,승용,남,61세,상해없음
2016050500100141,2016년 5월 5일 08시,목요일,대구광역시 북구 매천동,부상신고사고,0,0,0,1,차대차 - 측면충돌,불법유턴,건조,맑음,단일로 - 기타,이륜,남,33세,부상신고,승용,남,60세,상해없음
2016050500100184,2016년 5월 5일 10시,목요일,대구광역시 달서구 상인동,경상사고,0,0,1,0,차대차 - 측면직각충돌,교차로운행방법위반,건조,맑음,교차로 - 교차로안,이륜,남,70세,경상,승용,남,66세,상해없음
2016050500100217,2016년 5월 5일 11시,목요일,대구광역시 북구 태전동,경상사고,0,0,1,0,차대차 - 정면충돌,안전운전불이행,건조,맑음,단일로 - 기타,승용,여,20세,상해없음,이륜,남,41세,경상
2016050500100255,2016년 5월 5일 12시,목요일,대구광역시 동구 효목동,중상사고,0,1,0,0,차대차 - 추돌,안전운전불이행,건조,맑음,단일로 - 기타,승용,남,32세,상해없음,승용,남,60세,중상
2016050500100287,2016년 5월 5일 13시,목요일,대구광역시 북구 칠성동1가,경상사고,0,0,2,0,차대차 - 추돌,안전운전불이행,건조,맑음,단일로 - 기타,승용,남,50세,상해없음,승용,남,42세,경상
2016050500100288,2016년 5월 5일 13시,목요일,대구광역시 북구 팔달동,중상사고,0,1,0,0,차대차 - 기타,안전운전불이행,건조,맑음,교차로 - 교차로안,화물,남,50세,상해없음,자전거,남,72세,중상
2016050500100320,2016년 5월 5일 14시,목요일,대구광역시 수성구 황금동,사망사고,1,3,0,0,차대차 - 측면충돌,신호위반,건조,맑음,교차로 - 교차로안,승용,남,42세,기타불명,승용,남,66세,중상
2016050500100349,2016년 5월 5일 15시,목요일,대구광역시 동구 신기동,중상사고,0,1,0,0,차대차 - 측면직각충돌,안전운전불이행,건조,맑음,단일로 - 기타,승용,남,41세,상해없음,자전거,남,86세,중상
2016050500100350,2016년 5월 5일 15시,목요일,대구광역시 동구 신암동,경상사고,0,0,1,0,차대차 - 추돌,안전운전불이행,건조,맑음,교차로 - 교차로부근,승용,여,61세,상해없음,승용,남,33세,경상
2016050500100351,2016년 5월 5일 15시,목요일,대구광역시 북구 노원동2가,경상사고,0,0,2,0,차대차 - 추돌,안전운전불이행,건조,맑음,단일로 - 기타,승용,남,56세,상해없음,승용,남,58세,경상
2016050500100352,2016년 5월 5일 15시,목요일,대구광역시 달서구 성당동,부상신고사고,0,0,0,1,차대차 - 측면충돌,안전운전불이행,건조,맑음,기타 - 기타,원동기,기타불명,기타불명,기타불명,자전거,남,4세,부상신고
2016050500100385,2016년 5월 5일 16시,목요일,대구광역시 동구 불로동,경상사고,0,0,2,0,차대차 - 측면충돌,안전운전불이행,건조,맑음,단일로 - 기타,승용,남,64세,상해없음,이륜,남,17세,경상
2016050500100386,2016년 5월 5일 16시,목요일,대구광역시 수성구 수성동1가,중상사고,0,1,1,0,차대사람 - 횡단중,안전운전불이행,건조,맑음,단일로 - 횡단보도상,원동기,여,50세,경상,보행자,여,61세,중상
2016050500100388,2016년 5월 5일 16시,목요일,대구광역시 달성군 화원읍,경상사고,0,0,2,0,차대차 - 측면직각충돌,안전운전불이행,건조,맑음,단일로 - 기타,승용,남,47세,상해없음,승용,여,38세,경상
2016050500100389,2016년 5월 5일 16시,목요일,대구광역시 북구 칠성동2가,경상사고,0,0,1,0,차대사람 - 길가장자리구역통행중,안전운전불이행,건조,맑음,교차로 - 교차로부근,승용,여,37세,상해없음,보행자,여,65세,경상
2016050500100431,2016년 5월 5일 17시,목요일,대구광역시 남구 대명동,경상사고,0,0,1,0,차대차 - 측면충돌,안전거리미확보,건조,맑음,단일로 - 기타,승용,남,74세,상해없음,원동기,남,43세,경상
2016050500100432,2016년 5월 5일 17시,목요일,대구광역시 서구 내당동,경상사고,0,0,2,1,차대차 - 측면직각충돌,교차로운행방법위반,건조,맑음,교차로 - 교차로부근,승용,남,68세,부상신고,승합,남,46세,경상
2016050500100433,2016년 5월 5일 17시,목요일,대구광역시 북구 팔달동,경상사고,0,0,1,0,차대차 - 추돌,안전운전불이행,건조,맑음,교차로 - 교차로부근,승용,남,44세,상해없음,승용,남,59세,경상
2016050500100479,2016년 5월 5일 18시,목요일,대구광역시 서구 비산동,중상사고,0,1,0,0,차대사람 - 횡단중,안전운전불이행,건조,맑음,단일로 - 기타,승용,남,34세,상해없음,보행자,남,62세,중상
2016050500100480,2016년 5월 5일 18시,목요일,대구광역시 북구 팔달동,경상사고,0,0,1,0,차대차 - 측면충돌,안전운전불이행,건조,맑음,단일로 - 기타,자전거,남,43세,경상,승합,남,52세,상해없음
2016050500100507,2016년 5월 5일 19시,목요일,대구광역시 수성구 두산동,경상사고,0,0,1,0,차대차 - 측면충돌,안전운전불이행,건조,맑음,단일로 - 기타,승용,남,49세,상해없음,승용,남,62세,경상
2016050500100534,2016년 5월 5일 20시,목요일,대구광역시 남구 봉덕동,중상사고,0,1,0,0,차대사람 - 기타,안전운전불이행,건조,맑음,단일로 - 기타,승용,남,42세,상해없음,보행자,남,73세,중상
2016050500100535,2016년 5월 5일 20시,목요일,대구광역시 중구 봉산동,중상사고,0,1,0,0,차대차 - 추돌,안전거리미확보,건조,맑음,단일로 - 기타,이륜,남,17세,상해없음,자전거,남,42세,중상
2016050500100536,2016년 5월 5일 20시,목요일,대구광역시 달서구 신당동,중상사고,0,1,0,0,차대사람 - 횡단중,보행자보호의무위반,건조,맑음,교차로 - 교차로부근,승용,남,47세,상해없음,보행자,남,50세,중상
2016050500100537,2016년 5월 5일 20시,목요일,대구광역시 북구 태전동,경상사고,0,0,1,0,차대차 - 측면충돌,교차로운행방법위반,건조,맑음,교차로 - 교차로부근,승용,남,28세,상해없음,이륜,남,19세,경상
2016050500100563,2016년 5월 5일 21시,목요일,대구광역시 동구 지저동,중상사고,0,1,0,0,차대차 - 측면충돌,안전운전불이행,건조,맑음,단일로 - 기타,승용,남,63세,상해없음,자전거,남,57세,중상
2016050500100601,2016년 5월 5일 23시,목요일,대구광역시 수성구 수성동4가,중상사고,0,1,0,0,차대차 - 측면충돌,안전운전불이행,건조,맑음,교차로 - 교차로부근,승용,여,43세,상해없음,이륜,남,29세,중상
2016050500100602,2016년 5월 5일 23시,목요일,대구광역시 달성군 현풍면,경상사고,0,0,1,0,차대차 - 측면직각충돌,안전운전불이행,건조,맑음,교차로 - 교차로안,승용,남,23세,상해없음,승용,남,22세,경상