사고번호,사고일시,요일,시군구,사고내용,사망자수,중상자수,경상자수,부상신고자수,사고유형,법규위반,노면상태,기상상태,도로형태,가해운전자 차종,가해운전자 성별,가해운전자 연령,가해운전자 상해정도,피해운전자 차종,피해운전자 성별,피해운전자 연령,피해운전자 상해정도
2016051300100176,2016년 5월 13일 09시,금요일,대구광역시 북구 칠성동2가,경상사고,0,0,1,0,차대차 - 기타,안전거리미확보,건조,맑음,단일로 - 기타,승용,남,76세,상해없음,승합,남,47세,상해없음
2016051300100213,2016년 5월 13일 10시,금요일,대구광역시 달성군 화원읍,중상사고,0,1,0,0,차량단독 - 기타,기타,건조,맑음,교차로 - 교차로안,승합,남,62세,상해없음,,,,
2016051300100214,2016년 5월 13일 10시,금요일,대구광역시 북구 읍내동,경상사고,0,0,1,0,차대차 - 추돌,안전거리미확보,건조,맑음,단일로 - 기타,승용,남,55세,상해없음,승용,남,29세,경상
2016051300100240,2016년 5월 13일 11시,금요일,대구광역시 남구 봉덕동,중상사고,0,1,0,0,차대사람 - 차도통행중,안전운전불이행,건조,맑음,단일로 - 기타,화물,남,49세,상해없음,보행자,여,67세,중상
2016051300100268,2016년 5월 13일 12시,금요일,대구광역시 동구 신천동,경상사고,0,0,1,0,차대사람 - 기타,안전운전불이행,건조,맑음,단일로 - 기타,승용,남,33세,상해없음,보행자,남,26세,경상
2016051300100269,2016년 5월 13일 12시,금요일,대구광역시 수성구 범어동,경상사고,0,0,1,0,차대차 - 측면직각충돌,안전운전불이행,건조,맑음,단일로 - 기타,승용,남,56세,상해없음,자전거,여,63세,경상
2016051300100297,2016년 5월 13일 13시,금요일,대구광역시 서구 내당동,중상사고,0,1,0,0,차대차 - 측면직각충돌,신호위반,건조,맑음,단일로 - 기타,승용,여,61세,상해없음,원동기,남,36세,중상
2016051300100298,2016년 5월 13일 13시,금요일,대구광역시 북구 구암동,경상사고,0,0,1,0,차대차 - 측면충돌,신호위반,건조,맑음,교차로 - 교차로안,화물,남,35세,상해없음,원동기,남,22세,경상
2016051300100334,2016년 5월 13일 14시,금요일,대구광역시 남구 봉덕동,중상사고,0,1,0,0,차대차 - 측면충돌,교차로운행방법위반,건조,맑음,교차로 - 교차로안,승용,남,73세,상해없음,승용,남,63세,상해없음
2016051300100335,2016년 5월 13일 14시,금요일,대구광역시 동구 불로동,경상사고,0,0,1,0,차대차 - 정면충돌,안전운전불이행,건조,맑음,교차로 - 교차로안,승용,여,61세,상해없음,화물,남,53세,경상
2016051300100336,2016년 5월 13일 14시,금요일,대구광역시 달서구 상인동,경상사고,0,0,1,0,차대차 - 측면직각충돌,안전운전불이행,건조,맑음,단일로 - 기타,승용,남,64세,상해없음,승용,남,49세,경상
2016051300100337,2016년 5월 13일 14시,금요일,대구광역시 서구 내당동,경상사고,0,0,1,0,차대차 - 추돌,안전거리미확보,건조,맑음,단일로 - 횡단보도부근,승용,남,68세,상해없음,승용,여,48세,경상
2016051300100387,2016년 5월 13일 15시,금요일,대구광역시 중구 남일동,경상사고,0,0,1,0,차량단독 - 기타,기타,건조,맑음,단일로 - 기타,승합,남,45세,상해없음,,,,
2016051300100388,2016년 5월 13일 15시,금요일,대구광역시 북구 태전동,경상사고,0,0,2,0,차대차 - 측면충돌,교차로운행방법위반,건조,맑음,교차로 - 교차로안,승용,여,43세,상해없음,승용,남,48세,경상
2016051300100421,2016년 5월 13일 16시,금요일,대구광역시 남구 대명동,중상사고,0,1,0,0,차량단독 - 기타,기타,건조,맑음,교차로 - 교차로안,승합,남,60세,상해없음,,,,
2016051300100422,2016년 5월 13일 16시,금요일,대구광역시 수성구 연호동,경상사고,0,0,1,0,차대사람 - 기타,안전운전불이행,건조,맑음,단일로 - 기타,이륜,남,42세,기타불명,보행자,여,22세,경상
2016051300100423,2016년 5월 13일 16시,금요일,대구광역시 달서구 상인동,중상사고,0,1,0,0,차대차 - 추돌,안전거리미확보,건조,맑음,단일로 - 터널,승용,남,72세,상해없음,승용,여,46세,중상
2016051300100468,2016년 5월 13일 17시,금요일,대구광역시 북구 검단동,경상사고,0,0,2,0,차대차 - 추돌,안전운전불이행,건조,맑음,단일로 - 기타,승용,남,52세,상해없음,승용,남,59세,경상
2016051300100471,2016년 5월 13일 17시,금요일,대구광역시 남구 대명동,부상신고사고,0,0,0,1,차대차 - 정면충돌,교차로운행방법위반,건조,맑음,교차로 - 교차로안,승용,여,66세,부상신고,승용,여,61세,상해없음
2016051300100472,2016년 5월 13일 17시,금요일,대구광역시 달서구 용산동,경상사고,0,0,2,0,차대차 - 측면직각충돌,안전운전불이행,건조,맑음,교차로 - 교차로부근,승용,여,60세,경상,승용,남,37세,경상
2016051300100512,2016년 5월 13일 18시,금요일,대구광역시 동구 율하동,중상사고,0,1,0,0,차대사람 - 횡단중,안전운전불이행,건조,맑음,단일로 - 기타,승용,남,34세,상해없음,보행자,남,7세,중상
2016051300100514,2016년 5월 13일 18시,금요일,대구광역시 서구 비산동,경상사고,0,0,1,0,차대차 - 기타,차로위반,건조,맑음,단일로 - 기타,승용,남,65세,상해없음,승용,남,33세,경상
2016051300100515,2016년 5월 13일 18시,금요일,대구광역시 북구 동천동,경상사고,0,0,1,0,차대차 - 기타,안전운전불이행,건조,맑음,단일로 - 기타,승용,남,69세,상해없음,이륜,남,16세,경상
2016051300100552,2016년 5월 13일 19시,금요일,대구광역시 달성군 논공읍,경상사고,0,0,1,0,차대차 - 정면충돌,중앙선침범,건조,맑음,단일로 - 기타,이륜,남,65세,경상,화물,남,51세,상해없음
2016051300100553,2016년 5월 13일 19시,금요일,대구광역시 달성군 옥포면,중상사고,0,1,0,0,차대차 - 기타,안전운전불이행,건조,맑음,단일로 - 기타,승용,남,55세,상해없음,자전거,남,22세,중상
2016051300100554,2016년 5월 13일 19시,금요일,대구광역시 북구 산격동,경상사고,0,0,1,0,차대차 - 측면직각충돌,안전거리미확보,건조,맑음,단일로 - 기타,승용,남,24세,상해없음,승용,남,38세,경상
2016051300100555,2016년 5월 13일 19시,금요일,대구광역시 달서구 감삼동,경상사고,0,0,2,0,차대차 - 추돌,교차로운행방법위반,건조,맑음,교차로 - 교차로안,승용,여,39세,경상,승용,여,59세,경상
2016051300100684,2016년 5월 13일 23시,금요일,대구광역시 달서구 대곡동,경상사고,0,0,4,0,차대차 - 측면직각충돌,교차로운행방법위반,건조,맑음,교차로 - 교차로안,승용,남,50세,상해없음,승용,여,49세,상해없음
2016051400100039,2016년 5월 14일 01시,토요일,대구광역시 수성구 이천동,중상사고,0,1,2,0,차대차 - 추돌,안전운전불이행,건조,맑음,교차로 - 교차로부근,승합,여,49세,중상,승용,남,33세,경상
2016051400100040,2016년 5월 14일 01시,토요일,대구광역시 달서구 상인동,부상신고사고,0,0,0,1,차대차 - 측면충돌,안전운전불이행,건조,맑음,단일로 - 기타,이륜,남,60세,부상신고,승용,남,64세,상해없음
2016051400100041,2016년 5월 14일 01시,토요일,대구광역시 달성군 유가면,사망사고,1,0,0,0,차대차 - 측면직각충돌,과속,건조,맑음,교차로 - 교차로안,승용,남,37세,상해없음,이륜,남,19세,사망
2016051400100070,2016년 5월 14일 03시,토요일,대구광역시 남구 대명동,경상사고,0,0,3,8,차대차 - 정면충돌,신호위반,건조,맑음,단일로 - 기타,승합,남,61세,상해없음,화물,남,46세,경상
2016051400100071,2016년 5월 14일 03시,토요일,대구광역시 중구 삼덕동2가,경상사고,0,0,1,1,차대차 - 측면직각충돌,신호위반,건조,맑음,교차로 - 교차로안,승용,남,39세,상해없음,승용,남,67세,경상
2016051400100083,2016년 5월 14일 04시,토요일,대구광역시 중구 동인동1가,경상사고,0,0,2,0,차대차 - 정면충돌,중앙선침범,건조,맑음,교차로 - 교차로부근,화물,남,66세,상해없음,승용,남,18세,경상
2016051400100118,2016년 5월 14일 06시,토요일,대구광역시 동구 신암동,경상사고,0,0,2,0,차대차 - 추돌,안전거리미확보,건조,맑음,교차로 - 교차로부근,승용,남,59세,경상,승용,남,28세,경상
2016051400100119,2016년 5월 14일 06시,토요일,대구광역시 수성구 상동,경상사고,0,0,1,0,차대사람 - 차도통행중,안전운전불이행,건조,맑음,단일로 - 기타,화물,남,50세,상해없음,보행자,남,58세,경상
2016051400100120,2016년 5월 14일 06시,토요일,대구광역시 달서구 유천동,중상사고,0,1,0,0,차대차 - 기타,교차로운행방법위반,건조,맑음,교차로 - 교차로부근,화물,남,51세,상해없음,이륜,남,68세,중상
2016051400100140,2016년 5월 14일 07시,토요일,대구광역시 수성구 만촌동,부상신고사고,0,0,0,1,차대차 - 측면직각충돌,신호위반,건조,흐림,교차로 - 교차로안,이륜,남,74세,부상신고,승용,남,45세,상해없음
2016051400100141,2016년 5월 14일 07시,토요일,대구광역시 달서구 상인동,중상사고,0,1,0,0,차대차 - 측면직각충돌,신호위반,건조,맑음,단일로 - 기타,승용,남,62세,상해없음,원동기,여,57세,중상
2016051400100142,2016년 5월 14일 07시,토요일,대구광역시 북구 침산동,중상사고,0,2,0,0,차대차 - 측면직각충돌,안전운전불이행,건조,맑음,교차로 - 교차로안,자전거,남,25세,중상,자전거,여,78세,중상
2016051400100195,2016년 5월 14일 09시,토요일,대구광역시 동구 지저동,경상사고,0,0,1,0,차량단독 - 기타,기타,건조,맑음,단일로 - 기타,승합,남,49세,상해없음,,,,
2016051400100196,2016년 5월 14일 09시,토요일,대구광역시 북구 고성동3가,경상사고,0,0,1,0,차대차 - 측면충돌,안전운전불이행,건조,맑음,교차로 - 교차로안,승용,남,59세,상해없음,승용,남,50세,상해없음
2016051400100197,2016년 5월 14일 09시,토요일,대구광역시 달서구 용산동,중상사고,0,1,0,0,차대사람 - 횡단중,안전운전불이행,건조,맑음,기타 - 기타,승용,여,29세,상해없음,보행자,남,47세,중상
2016051400100229,2016년 5월 14일 10시,토요일,대구광역시 중구 덕산동,중상사고,0,1,0,0,차대차 - 추돌,안전운전불이행,건조,맑음,교차로 - 교차로부근,승용,남,58세,상해없음,승용,남,37세,중상
2016051400100264,2016년 5월 14일 11시,토요일,대구광역시 중구 공평동,부상신고사고,0,0,0,1,차대차 - 추돌,안전거리미확보,건조,맑음,단일로 - 기타,이륜,남,62세,부상신고,승용,남,54세,상해없음
2016051400100265,2016년 5월 14일 11시,토요일,대구광역시 달서구 용산동,경상사고,0,0,5,0,차대차 - 추돌,안전거리미확보,건조,맑음,단일로 - 기타,승용,남,61세,상해없음,승용,여,34세,경상
2016051400100298,2016년 5월 14일 12시,토요일,대구광역시 동구 도학동,경상사고,0,0,1,0,차대사람 - 기타,안전운전불이행,건조,맑음,교차로 - 교차로안,승합,남,39세,상해없음,보행자,남,38세,경상
2016051400100299,2016년 5월 14일 12시,토요일,대구광역시 달서구 본동,중상사고,0,1,0,0,차대사람 - 횡단중,안전운전불이행,건조,맑음,단일로 - 기타,승용,여,48세,상해없음,보행자,여,80세,중상
2016051400100337,2016년 5월 14일 13시,토요일,대구광역시 남구 봉덕동,중상사고,0,1,0,0,차대차 - 추돌,안전거리미확보,건조,맑음,단일로 - 교량,승용,여,62세,상해없음,승용,남,53세,중상
2016051400100338,2016년 5월 14일 13시,토요일,대구광역시 수성구 만촌동,경상사고,0,0,1,0,차대차 - 기타,안전운전불이행,건조,맑음,단일로 - 기타,승용,남,50세,상해없음,승용,여,62세,경상
2016051400100339,2016년 5월 14일 13시,토요일,대구광역시 달서구 진천동,경상사고,0,0,2,0,차대차 - 기타,안전운전불이행,건조,맑음,단일로 - 기타,승용,남,39세,상해없음,승용,남,35세,상해없음
2016051400100340,2016년 5월 14일 13시,토요일,대구광역시 북구 노원동3가,중상사고,0,3,0,0,차대차 - 측면직각충돌,안전거리미확보,건조,맑음,단일로 - 기타,화물,남,58세,상해없음,승합,남,55세,상해없음
2016051400100341,2016년 5월 14일 13시,토요일,대구광역시 서구 비산동,중상사고,0,1,0,0,차대차 - 측면충돌,교차로운행방법위반,건조,맑음,교차로 - 교차로안,승용,남,48세,상해없음,이륜,남,33세,중상
2016051400100342,2016년 5월 14일 13시,토요일,대구광역시 중구 남산동,경상사고,0,0,1,0,차대차 - 측면직각충돌,교차로운행방법위반,건조,맑음,교차로 - 교차로안,승용,남,29세,상해없음,이륜,남,27세,경상
2016051400100381,2016년 5월 14일 14시,토요일,대구광역시 수성구 대흥동,경상사고,0,0,1,0,차대사람 - 횡단중,안전운전불이행,건조,맑음,단일로 - 기타,승용,여,43세,상해없음,보행자,남,6세,경상
2016051400100382,2016년 5월 14일 14시,토요일,대구광역시 북구 침산동,부상신고사고,0,0,0,1,차대차 - 측면직각충돌,안전거리미확보,건조,맑음,단일로 - 기타,이륜,남,23세,부상신고,승용,남,54세,상해없음
2016051400100383,2016년 5월 14일 14시,토요일,대구광역시 중구 문화동,중상사고,0,1,1,0,차대차 - 추돌,안전거리미확보,건조,맑음,단일로 - 기타,승용,남,70세,상해없음,승용,남,27세,경상
2016051400100384,2016년 5월 14일 14시,토요일,대구광역시 달서구 장동,경상사고,0,0,1,0,차대차 - 측면충돌,안전운전불이행,건조,맑음,교차로 - 교차로안,자전거,남,74세,경상,승용,남,50세,상해없음
2016051400100423,2016년 5월 14일 15시,토요일,대구광역시 남구 대명동,경상사고,0,0,2,0,차대차 - 측면충돌,신호위반,건조,맑음,교차로 - 교차로부근,이륜,남,53세,경상,승용,여,60세,경상
2016051400100424,2016년 5월 14일 15시,토요일,대구광역시 중구 동성로3가,경상사고,0,0,1,0,차대차 - 기타,안전운전불이행,건조,맑음,단일로 - 기타,원동기,남,21세,경상,이륜,남,37세,상해없음
2016051400100425,2016년 5월 14일 15시,토요일,대구광역시 북구 서변동,경상사고,0,0,1,0,차대차 - 기타,안전운전불이행,건조,맑음,단일로 - 횡단보도상,승용,남,53세,상해없음,자전거,남,75세,경상
2016051400100456,2016년 5월 14일 16시,토요일,대구광역시 달성군 화원읍,중상사고,0,1,0,0,차대사람 - 횡단중,보행자보호의무위반,건조,맑음,교차로 - 교차로안,승용,남,45세,상해없음,보행자,여,79세,중상
2016051400100458,2016년 5월 14일 16시,토요일,대구광역시 북구 매천동,중상사고,0,1,0,0,차대사람 - 기타,안전운전불이행,건조,맑음,단일로 - 횡단보도상,자전거,남,11세,상해없음,보행자,남,6세,중상
2016051400100521,2016년 5월 14일 18시,토요일,대구광역시 동구 율하동,경상사고,0,0,1,0,차대사람 - 기타,안전운전불이행,건조,맑음,단일로 - 기타,승용,여,32세,상해없음,보행자,여,67세,경상
2016051400100522,2016년 5월 14일 18시,토요일,대구광역시 동구 불로동,부상신고사고,0,0,0,1,차대차 - 측면직각충돌,안전거리미확보,건조,맑음,단일로 - 기타,화물,남,50세,기타불명,이륜,남,17세,부상신고
2016051400100523,2016년 5월 14일 18시,토요일,대구광역시 수성구 상동,중상사고,0,1,0,0,차대차 - 측면충돌,교차로운행방법위반,건조,맑음,교차로 - 교차로안,승용,남,39세,상해없음,이륜,남,37세,중상
2016051400100524,2016년 5월 14일 18시,토요일,대구광역시 달성군 다사읍,중상사고,0,1,0,0,차대사람 - 길가장자리구역통행중,안전운전불이행,건조,맑음,단일로 - 기타,원동기,남,15세,상해없음,보행자,남,73세,중상
2016051400100525,2016년 5월 14일 18시,토요일,대구광역시 달서구 용산동,중상사고,0,1,0,1,차대차 - 측면직각충돌,안전거리미확보,건조,맑음,단일로 - 기타,승용,남,74세,상해없음,이륜,남,17세,중상
2016051400100556,2016년 5월 14일 19시,토요일,대구광역시 북구 복현동,경상사고,0,0,2,0,차대차 - 기타,안전운전불이행,건조,맑음,교차로 - 교차로안,승합,남,57세,상해없음,승용,남,56세,경상
2016051400100557,2016년 5월 14일 19시,토요일,대구광역시 중구 하서동,부상신고사고,0,0,0,2,차대차 - 측면직각충돌,안전운전불이행,건조,맑음,교차로 - 교차로부근,승용,남,27세,상해없음,승용,남,30세,부상신고
2016051400100590,2016년 5월 14일 20시,토요일,대구광역시 동구 율하동,중상사고,0,1,0,0,차대차 - 측면충돌,안전운전불이행,건조,맑음,단일로 - 기타,자전거,남,12세,중상,승용,여,39세,상해없음
2016051400100591,2016년 5월 14일 20시,토요일,대구광역시 서구 평리동,경상사고,0,0,1,0,차대사람 - 횡단중,안전운전불이행,건조,맑음,단일로 - 횡단보도상,승용,남,27세,상해없음,보행자,남,38세,경상
2016051400100613,2016년 5월 14일 21시,토요일,대구광역시 달서구 감삼동,부상신고사고,0,0,0,1,차대차 - 추돌,안전운전불이행,건조,맑음,교차로 - 교차로부근,원동기,남,16세,상해없음,승용,남,34세,상해없음
2016051400100641,2016년 5월 14일 22시,토요일,대구광역시 동구 효목동,경상사고,0,0,1,0,차대차 - 정면충돌,신호위반,건조,맑음,교차로 - 교차로안,화물,남,61세,상해없음,승용,남,61세,경상
2016051400100642,2016년 5월 14일 22시,토요일,대구광역시 동구 신암동,중상사고,0,1,0,0,차량단독 - 전도전복,안전운전불이행,건조,맑음,단일로 - 기타,이륜,남,15세,중상,,,,
2016051400100662,2016년 5월 14일 23시,토요일,대구광역시 수성구 범물동,경상사고,0,0,2,0,차대차 - 추돌,안전운전불이행,건조,맑음,교차로 - 교차로부근,승용,남,23세,상해없음,승용,남,58세,경상
2016051400100663,2016년 5월 14일 23시,토요일,대구광역시 수성구 범어동,경상사고,0,0,1,0,차대차 - 측면직각충돌,안전운전불이행,건조,맑음,교차로 - 교차로부근,승용,남,28세,상해없음,이륜,남,24세,경상
2016051400100664,2016년 5월 14일 23시,토요일,대구광역시 달서구 본동,경상사고,0,0,1,0,차대차 - 측면충돌,차로위반,건조,맑음,단일로 - 기타,승용,남,61세,상해없음,이륜,남,17세,경상
2016051500100026,2016년 5월 15일 01시,일요일,대구광역시 남구 대명동,중상사고,0,1,0,0,차대사람 - 횡단중,안전운전불이행,건조,맑음,단일로 - 횡단보도부근,승용,남,25세,상해없음,보행자,여,21세,중상
2016051500100027,2016년 5월 15일 01시,일요일,대구광역시 중구 삼덕동1가,경상사고,0,0,1,0,차대사람 - 횡단중,안전운전불이행,건조,맑음,단일로 - 기타,승용,남,34세,상해없음,보행자,여,24세,경상
2016051500100069,2016년 5월 15일 05시,일요일,대구광역시 중구 삼덕동1가,경상사고,0,0,1,0,차대사람 - 기타,안전운전불이행,건조,맑음,단일로 - 기타,승용,남,43세,상해없음,보행자,남,20세,경상
2016051500100090,2016년 5월 15일 08시,일요일,대구광역시 북구 관음동,경상사고,0,0,1,0,차대차 - 추돌,안전운전불이행,건조,맑음,단일로 - 기타,화물,남,58세,상해없음,승용,남,55세,상해없음
2016051500100173,2016년 5월 15일 12시,일요일,대구광역시 달서구 월성동,경상사고,0,0,2,0,차대차 - 측면충돌,신호위반,건조,맑음,교차로 - 교차로안,승용,남,56세,경상,승용,여,42세,경상
2016051500100174,2016년 5월 15일 12시,일요일,대구광역시 북구 산격동,경상사고,0,0,1,0,차대차 - 측면충돌,안전운전불이행,건조,맑음,교차로 - 교차로부근,승용,남,40세,상해없음,승용,남,56세,기타불명
2016051500100201,2016년 5월 15일 13시,일요일,대구광역시 남구 대명동,경상사고,0,0,1,0,차대차 - 기타,안전운전불이행,건조,맑음,단일로 - 기타,승용,여,71세,상해없음,자전거,남,14세,경상
2016051500100275,2016년 5월 15일 15시,일요일,대구광역시 동구 입석동,경상사고,0,0,4,0,차대차 - 추돌,안전운전불이행,건조,맑음,단일로 - 기타,승용,남,61세,상해없음,승합,남,50세,경상
2016051500100276,2016년 5월 15일 15시,일요일,대구광역시 수성구 만촌동,경상사고,0,0,1,0,차대차 - 기타,안전운전불이행,건조,맑음,교차로 - 교차로부근,승용,여,43세,상해없음,이륜,남,39세,경상
2016051500100308,2016년 5월 15일 16시,일요일,대구광역시 수성구 두산동,부상신고사고,0,0,0,1,차대차 - 기타,안전운전불이행,건조,맑음,교차로 - 교차로부근,자전거,남,10세,부상신고,승용,남,28세,상해없음
2016051500100309,2016년 5월 15일 16시,일요일,대구광역시 달서구 진천동,경상사고,0,0,1,0,차대사람 - 기타,안전운전불이행,건조,맑음,교차로 - 교차로부근,기타불명,기타불명,기타불명,기타불명,보행자,남,12세,경상
2016051500100310,2016년 5월 15일 16시,일요일,대구광역시 북구 복현동,경상사고,0,0,1,0,차대차 - 측면직각충돌,안전거리미확보,건조,맑음,단일로 - 기타,이륜,남,20세,경상,승용,여,51세,상해없음
2016051500100343,2016년 5월 15일 17시,일요일,대구광역시 달서구 본동,경상사고,0,0,1,0,차대차 - 측면충돌,안전거리미확보,건조,맑음,단일로 - 기타,기타불명,기타불명,기타불명,기타불명,이륜,남,16세,경상
2016051500100378,2016년 5월 15일 18시,일요일,대구광역시 동구 신기동,경상사고,0,0,4,0,차대차 - 추돌,안전운전불이행,건조,맑음,단일로 - 기타,승용,남,63세,상해없음,승용,남,36세,경상
2016051500100379,2016년 5월 15일 18시,일요일,대구광역시 수성구 만촌동,부상신고사고,0,0,0,1,차량단독 - 기타,안전운전불이행,건조,맑음,단일로 - 기타,승합,남,48세,상해없음,,,,
2016051500100380,2016년 5월 15일 18시,일요일,대구광역시 달성군 다사읍,경상사고,0,0,1,0,차대차 - 측면직각충돌,안전운전불이행,건조,맑음,교차로 - 교차로안,이륜,남,52세,경상,이륜,남,26세,상해없음
2016051500100381,2016년 5월 15일 18시,일요일,대구광역시 중구 북성로1가,경상사고,0,0,3,0,차대차 - 측면충돌,중앙선침범,건조,맑음,단일로 - 기타,승용,남,45세,상해없음,승합,남,57세,상해없음
2016051500100411,2016년 5월 15일 19시,일요일,대구광역시 수성구 삼덕동,부상신고사고,0,0,0,1,차대차 - 기타,안전운전불이행,건조,맑음,단일로 - 기타,승용,남,28세,부상신고,승용,남,47세,기타불명
2016051500100412,2016년 5월 15일 19시,일요일,대구광역시 서구 내당동,경상사고,0,0,1,0,차대사람 - 기타,안전운전불이행,건조,맑음,단일로 - 기타,화물,남,58세,상해없음,보행자,남,46세,경상
2016051500100450,2016년 5월 15일 20시,일요일,대구광역시 남구 대명동,경상사고,0,0,1,0,차대사람 - 횡단중,안전운전불이행,건조,맑음,단일로 - 기타,승용,남,47세,기타불명,보행자,남,5세,경상
2016051500100451,2016년 5월 15일 20시,일요일,대구광역시 수성구 범어동,경상사고,0,0,1,0,차대차 - 추돌,안전운전불이행,건조,맑음,단일로 - 기타,승용,남,28세,상해없음,이륜,남,18세,경상
2016051500100494,2016년 5월 15일 21시,일요일,대구광역시 달서구 송현동,경상사고,0,0,1,0,차대차 - 측면충돌,중앙선침범,건조,맑음,단일로 - 기타,승용,남,35세,상해없음,승용,남,32세,경상
2016051500100533,2016년 5월 15일 22시,일요일,대구광역시 서구 내당동,경상사고,0,0,2,0,차대사람 - 횡단중,안전운전불이행,건조,맑음,단일로 - 기타,승용,남,38세,상해없음,보행자,남,47세,경상
2016051500100563,2016년 5월 15일 23시,일요일,대구광역시 남구 봉덕동,중상사고,0,1,0,0,차대차 - 측면직각충돌,안전운전불이행,습기,비,기타 - 기타,승용,남,80세,상해없음,이륜,남,27세,중상
2016051600100015,2016년 5월 16일 00시,월요일,대구광역시 북구 대현동,경상사고,0,0,1,0,차대차 - 추돌,안전운전불이행,건조,맑음,단일로 - 기타,승용,남,55세,상해없음,승용,남,60세,경상
2016051600100033,2016년 5월 16일 02시,월요일,대구광역시 달서구 감삼동,경상사고,0,0,1,0,차대차 - 추돌,안전운전불이행,습기,비,교차로 - 교차로부근,기타불명,기타불명,기타불명,기타불명,승용,남,34세,경상
2016051600100058,2016년 5월 16일 05시,월요일,대구광역시 중구 달성동,부상신고사고,0,0,0,1,차대차 - 정면충돌,신호위반,건조,맑음,단일로 - 기타,승용,남,30세,부상신고,승용,남,71세,상해없음
2016051600100126,2016년 5월 16일 08시,월요일,대구광역시 수성구 만촌동,경상사고,0,0,1,0,차대차 - 추돌,안전운전불이행,건조,맑음,단일로 - 기타,승용,남,67세,상해없음,화물,남,62세,상해없음
2016051600100127,2016년 5월 16일 08시,월요일,대구광역시 수성구 지산동,경상사고,0,0,2,2,차대차 - 측면직각충돌,교차로운행방법위반,건조,맑음,교차로 - 교차로안,승용,남,49세,부상신고,승용,남,26세,경상
2016051600100128,2016년 5월 16일 08시,월요일,대구광역시 달서구 송현동,경상사고,0,0,1,0,차대차 - 추돌,교차로운행방법위반,건조,맑음,교차로 - 교차로안,승합,남,68세,상해없음,승용,남,42세,경상
2016051600100166,2016년 5월 16일 09시,월요일,대구광역시 동구 신암동,경상사고,0,0,2,0,차대차 - 측면충돌,중앙선침범,건조,맑음,단일로 - 기타,승용,남,32세,상해없음,승용,여,52세,경상
2016051600100167,2016년 5월 16일 09시,월요일,대구광역시 달성군 화원읍,경상사고,0,0,1,0,차대차 - 정면충돌,안전운전불이행,건조,맑음,교차로 - 교차로부근,승용,여,61세,경상,승용,남,39세,상해없음
2016051600100205,2016년 5월 16일 10시,월요일,대구광역시 수성구 범어동,경상사고,0,0,1,0,차대사람 - 보도통행중,보행자보호의무위반,건조,맑음,단일로 - 기타,승용,남,76세,상해없음,보행자,여,62세,경상
2016051600100206,2016년 5월 16일 10시,월요일,대구광역시 달서구 장동,경상사고,0,0,1,0,차대차 - 추돌,안전거리미확보,건조,맑음,단일로 - 기타,특수,남,71세,상해없음,승용,여,67세,경상
2016051600100207,2016년 5월 16일 10시,월요일,대구광역시 서구 내당동,경상사고,0,0,1,0,차대차 - 측면직각충돌,안전운전불이행,건조,맑음,단일로 - 기타,승용,여,47세,상해없음,이륜,남,72세,경상
2016051600100238,2016년 5월 16일 11시,월요일,대구광역시 달서구 대천동,경상사고,0,0,2,0,차대차 - 추돌,차로위반,건조,맑음,단일로 - 기타,승용,여,59세,경상,화물,남,31세,경상
2016051600100239,2016년 5월 16일 11시,월요일,대구광역시 북구 산격동,경상사고,0,0,2,0,차대차 - 기타,안전거리미확보,건조,맑음,단일로 - 기타,화물,남,51세,상해없음,승합,남,54세,상해없음
2016051600100299,2016년 5월 16일 13시,월요일,대구광역시 수성구 범어동,경상사고,0,0,1,0,차대차 - 추돌,안전운전불이행,건조,맑음,단일로 - 기타,이륜,남,75세,상해없음,승합,남,49세,상해없음
2016051600100300,2016년 5월 16일 13시,월요일,대구광역시 수성구 지산동,중상사고,0,1,0,0,차대사람 - 길가장자리구역통행중,안전운전불이행,건조,맑음,단일로 - 기타,기타불명,기타불명,기타불명,기타불명,보행자,남,28세,중상
2016051600100301,2016년 5월 16일 13시,월요일,대구광역시 달서구 진천동,중상사고,0,1,0,0,차대차 - 측면충돌,안전운전불이행,건조,맑음,교차로 - 교차로부근,승용,남,69세,상해없음,원동기,남,51세,중상
2016051600100347,2016년 5월 16일 14시,월요일,대구광역시 서구 비산동,경상사고,0,0,1,0,차대차 - 측면직각충돌,안전운전불이행,건조,맑음,교차로 - 교차로안,승용,여,49세,상해없음,이륜,남,82세,경상
2016051600100387,2016년 5월 16일 15시,월요일,대구광역시 수성구 지산동,중상사고,0,1,0,0,차량단독 - 전도전복,안전운전불이행,건조,맑음,단일로 - 기타,승용,여,51세,중상,,,,
2016051600100433,2016년 5월 16일 16시,월요일,대구광역시 수성구 사월동,중상사고,0,1,0,0,차대차 - 측면충돌,신호위반,건조,맑음,단일로 - 횡단보도상,승용,여,23세,상해없음,자전거,여,48세,중상
2016051600100434,2016년 5월 16일 16시,월요일,대구광역시 달성군 가창면,중상사고,0,2,2,0,차대차 - 측면직각충돌,안전거리미확보,건조,맑음,단일로 - 기타,특수,남,58세,상해없음,승용,여,56세,경상
2016051600100435,2016년 5월 16일 16시,월요일,대구광역시 달서구 성당동,중상사고,0,1,1,0,차대차 - 측면충돌,교차로운행방법위반,건조,맑음,교차로 - 교차로안,이륜,남,18세,중상,승용,여,35세,상해없음
2016051600100436,2016년 5월 16일 16시,월요일,대구광역시 달서구 이곡동,경상사고,0,0,2,0,차대차 - 기타,안전운전불이행,건조,맑음,단일로 - 기타,승용,남,27세,기타불명,승용,남,20세,경상