사고번호,사고일시,요일,시군구,사고내용,사망자수,중상자수,경상자수,부상신고자수,사고유형,법규위반,노면상태,기상상태,도로형태,가해운전자 차종,가해운전자 성별,가해운전자 연령,가해운전자 상해정도,피해운전자 차종,피해운전자 성별,피해운전자 연령,피해운전자 상해정도
2016051600100476,2016년 5월 16일 17시,월요일,대구광역시 달서구 상인동,중상사고,0,1,0,0,차대차 - 측면직각충돌,신호위반,건조,맑음,교차로 - 교차로안,화물,남,63세,상해없음,승용,남,68세,중상
2016051600100477,2016년 5월 16일 17시,월요일,대구광역시 달서구 감삼동,경상사고,0,0,1,0,차대차 - 추돌,안전운전불이행,건조,맑음,교차로 - 교차로부근,승용,남,52세,상해없음,승용,여,60세,경상
2016051600100478,2016년 5월 16일 17시,월요일,대구광역시 북구 읍내동,중상사고,0,1,0,0,차대차 - 측면충돌,안전거리미확보,건조,맑음,단일로 - 기타,승용,남,20세,상해없음,이륜,남,38세,중상
2016051600100535,2016년 5월 16일 18시,월요일,대구광역시 서구 중리동,부상신고사고,0,0,0,1,차대차 - 정면충돌,안전운전불이행,건조,맑음,교차로 - 교차로부근,자전거,남,72세,부상신고,승용,남,43세,상해없음
2016051600100563,2016년 5월 16일 19시,월요일,대구광역시 수성구 범어동,경상사고,0,0,4,1,차대차 - 측면충돌,안전거리미확보,건조,맑음,단일로 - 기타,승용,여,56세,부상신고,승용,남,25세,경상
2016051600100564,2016년 5월 16일 19시,월요일,대구광역시 달서구 상인동,중상사고,0,1,0,0,차대사람 - 횡단중,안전운전불이행,건조,맑음,단일로 - 기타,원동기,남,35세,상해없음,보행자,여,80세,중상
2016051600100565,2016년 5월 16일 19시,월요일,대구광역시 달서구 성당동,경상사고,0,0,3,0,차대차 - 측면충돌,안전거리미확보,건조,맑음,단일로 - 횡단보도부근,승용,남,33세,상해없음,승용,남,60세,경상
2016051600100566,2016년 5월 16일 19시,월요일,대구광역시 북구 태전동,중상사고,0,1,2,0,차대차 - 추돌,안전운전불이행,건조,맑음,단일로 - 기타,승용,남,57세,상해없음,승용,남,43세,경상
2016051600100611,2016년 5월 16일 20시,월요일,대구광역시 남구 대명동,경상사고,0,0,1,0,차량단독 - 기타,안전운전불이행,건조,맑음,단일로 - 기타,승합,남,35세,상해없음,,,,
2016051600100612,2016년 5월 16일 20시,월요일,대구광역시 달서구 두류동,경상사고,0,0,1,0,차대차 - 추돌,안전운전불이행,건조,맑음,단일로 - 기타,승용,남,28세,상해없음,승용,여,31세,경상
2016051600100645,2016년 5월 16일 21시,월요일,대구광역시 동구 율하동,경상사고,0,0,1,0,차대차 - 정면충돌,안전운전불이행,건조,맑음,교차로 - 교차로안,승용,여,42세,상해없음,이륜,남,41세,경상
2016051600100646,2016년 5월 16일 21시,월요일,대구광역시 달서구 성당동,경상사고,0,0,1,0,차대차 - 기타,기타,건조,맑음,단일로 - 횡단보도부근,승용,남,64세,상해없음,이륜,남,17세,경상
2016051600100667,2016년 5월 16일 22시,월요일,대구광역시 중구 봉산동,중상사고,0,2,3,0,차대차 - 정면충돌,신호위반,건조,맑음,교차로 - 교차로부근,승용,남,56세,경상,승용,남,56세,경상
2016051600100680,2016년 5월 16일 23시,월요일,대구광역시 북구 금호동,경상사고,0,0,1,0,차대차 - 추돌,안전운전불이행,건조,맑음,단일로 - 기타,승용,남,37세,경상,화물,남,50세,상해없음
2016051600100685,2016년 5월 16일 23시,월요일,대구광역시 달성군 논공읍공단출장,경상사고,0,0,1,0,차량단독 - 전도전복,안전운전불이행,건조,맑음,단일로 - 기타,승용,남,48세,상해없음,,,,
2016051700100021,2016년 5월 17일 00시,화요일,대구광역시 중구 달성동,중상사고,0,1,1,0,차대차 - 측면충돌,신호위반,건조,맑음,교차로 - 교차로안,이륜,남,16세,상해없음,승용,남,69세,경상
2016051700100043,2016년 5월 17일 02시,화요일,대구광역시 수성구 중동,경상사고,0,0,1,0,차대차 - 측면직각충돌,안전운전불이행,건조,맑음,단일로 - 기타,승용,남,42세,상해없음,승용,남,61세,상해없음
2016051700100075,2016년 5월 17일 06시,화요일,대구광역시 수성구 고모동,중상사고,0,1,0,0,차대차 - 추돌,안전운전불이행,건조,맑음,교차로 - 교차로부근,승용,남,53세,상해없음,승용,남,50세,중상
2016051700100076,2016년 5월 17일 06시,화요일,대구광역시 달서구 월성동,중상사고,0,1,0,0,차대차 - 측면충돌,중앙선침범,건조,맑음,단일로 - 기타,승용,남,19세,중상,건설기계,남,42세,상해없음
2016051700100091,2016년 5월 17일 07시,화요일,대구광역시 달서구 성당동,경상사고,0,0,1,0,차대차 - 측면충돌,기타,건조,맑음,단일로 - 기타,승용,남,54세,상해없음,자전거,남,19세,경상
2016051700100133,2016년 5월 17일 08시,화요일,대구광역시 남구 대명동,경상사고,0,0,1,0,차대차 - 측면충돌,불법유턴,건조,맑음,교차로 - 교차로안,자전거,남,81세,경상,승용,남,41세,상해없음
2016051700100134,2016년 5월 17일 08시,화요일,대구광역시 동구 동호동,중상사고,0,1,0,1,차량단독 - 기타,안전운전불이행,건조,맑음,교차로 - 교차로부근,승합,남,59세,기타불명,,,,
2016051700100135,2016년 5월 17일 08시,화요일,대구광역시 수성구 수성동2가,중상사고,0,1,0,0,차대차 - 측면충돌,안전운전불이행,건조,맑음,단일로 - 기타,승용,여,48세,상해없음,승용,남,58세,중상
2016051700100136,2016년 5월 17일 08시,화요일,대구광역시 수성구 지산동,중상사고,0,1,0,0,차대사람 - 횡단중,보행자보호의무위반,건조,맑음,교차로 - 교차로안,승용,여,48세,상해없음,보행자,여,78세,중상
2016051700100137,2016년 5월 17일 08시,화요일,대구광역시 북구 구암동,중상사고,0,1,0,0,차대차 - 기타,안전거리미확보,건조,맑음,단일로 - 기타,승용,남,22세,상해없음,승용,남,43세,중상
2016051700100170,2016년 5월 17일 09시,화요일,대구광역시 수성구 지산동,중상사고,0,2,1,0,차대차 - 측면직각충돌,교차로운행방법위반,건조,맑음,교차로 - 교차로안,승용,여,56세,기타불명,승용,남,63세,중상
2016051700100240,2016년 5월 17일 11시,화요일,대구광역시 달서구 상인동,중상사고,0,1,0,0,차대사람 - 기타,기타,건조,맑음,단일로 - 기타,승합,남,56세,상해없음,보행자,여,82세,중상
2016051700100268,2016년 5월 17일 12시,화요일,대구광역시 남구 대명동,경상사고,0,0,1,1,차대차 - 측면직각충돌,교차로운행방법위반,건조,맑음,교차로 - 교차로안,승용,여,48세,부상신고,승용,남,62세,경상
2016051700100269,2016년 5월 17일 12시,화요일,대구광역시 북구 칠성동2가,부상신고사고,0,0,0,1,차대차 - 기타,안전거리미확보,건조,맑음,단일로 - 기타,이륜,남,77세,부상신고,승용,여,57세,상해없음
2016051700100270,2016년 5월 17일 12시,화요일,대구광역시 중구 삼덕동1가,중상사고,0,1,0,0,차대차 - 측면직각충돌,기타,건조,맑음,단일로 - 기타,승용,남,57세,상해없음,자전거,남,30세,중상
2016051700100303,2016년 5월 17일 13시,화요일,대구광역시 남구 대명동,경상사고,0,0,3,0,차대차 - 기타,안전운전불이행,건조,맑음,단일로 - 기타,승용,여,38세,경상,승용,남,53세,경상
2016051700100339,2016년 5월 17일 14시,화요일,대구광역시 동구 신천동,경상사고,0,0,1,0,차대차 - 기타,안전운전불이행,건조,맑음,단일로 - 기타,자전거,남,47세,경상,승용,남,64세,상해없음
2016051700100340,2016년 5월 17일 14시,화요일,대구광역시 동구 신천동,경상사고,0,0,1,0,차대차 - 측면직각충돌,안전운전불이행,건조,맑음,단일로 - 기타,이륜,남,21세,상해없음,이륜,남,35세,경상
2016051700100341,2016년 5월 17일 14시,화요일,대구광역시 서구 원대동3가,경상사고,0,0,1,0,차대차 - 측면직각충돌,안전운전불이행,건조,맑음,교차로 - 교차로안,승용,여,46세,상해없음,승용,여,44세,경상
2016051700100342,2016년 5월 17일 14시,화요일,대구광역시 달서구 성당동,경상사고,0,0,3,0,차대차 - 추돌,안전거리미확보,건조,맑음,단일로 - 기타,승용,여,52세,상해없음,승용,여,58세,경상
2016051700100424,2016년 5월 17일 16시,화요일,대구광역시 동구 방촌동,중상사고,0,1,0,0,차대차 - 측면직각충돌,직진우회전진행방해,건조,맑음,교차로 - 교차로안,승용,남,66세,상해없음,자전거,여,69세,중상
2016051700100425,2016년 5월 17일 16시,화요일,대구광역시 동구 신암동,경상사고,0,0,1,0,차대차 - 측면충돌,안전운전불이행,건조,맑음,교차로 - 교차로안,화물,남,55세,상해없음,자전거,남,62세,경상
2016051700100426,2016년 5월 17일 16시,화요일,대구광역시 동구 효목동,중상사고,0,1,0,0,차대사람 - 횡단중,안전운전불이행,건조,맑음,단일로 - 기타,승용,남,34세,상해없음,보행자,여,73세,중상
2016051700100427,2016년 5월 17일 16시,화요일,대구광역시 달서구 상인동,경상사고,0,0,1,0,차대차 - 추돌,안전운전불이행,건조,맑음,단일로 - 기타,승용,여,27세,상해없음,승용,여,41세,경상
2016051700100428,2016년 5월 17일 16시,화요일,대구광역시 달성군 화원읍,중상사고,0,1,0,0,차대차 - 기타,안전운전불이행,기타,맑음,교차로 - 교차로부근,건설기계,남,58세,상해없음,승용,여,51세,중상
2016051700100429,2016년 5월 17일 16시,화요일,대구광역시 중구 대신동,중상사고,0,1,0,0,차대사람 - 횡단중,안전운전불이행,건조,맑음,단일로 - 횡단보도부근,승용,남,61세,상해없음,보행자,여,70세,중상
2016051700100473,2016년 5월 17일 17시,화요일,대구광역시 달성군 화원읍,중상사고,0,1,0,0,차대차 - 측면직각충돌,안전운전불이행,건조,맑음,단일로 - 기타,건설기계,남,41세,상해없음,승용,남,65세,중상
2016051700100512,2016년 5월 17일 18시,화요일,대구광역시 동구 동호동,경상사고,0,0,5,0,차대차 - 추돌,안전운전불이행,건조,맑음,단일로 - 기타,화물,남,52세,상해없음,화물,남,44세,경상
2016051700100513,2016년 5월 17일 18시,화요일,대구광역시 동구 신기동,중상사고,0,1,0,0,차대차 - 측면직각충돌,안전운전불이행,건조,맑음,교차로 - 교차로안,승용,여,54세,상해없음,자전거,남,61세,중상
2016051700100514,2016년 5월 17일 18시,화요일,대구광역시 서구 비산동,경상사고,0,0,1,0,차대사람 - 길가장자리구역통행중,안전운전불이행,건조,맑음,단일로 - 기타,승용,여,41세,상해없음,보행자,여,58세,경상
2016051700100540,2016년 5월 17일 19시,화요일,대구광역시 수성구 수성동1가,중상사고,0,1,1,0,차대차 - 정면충돌,안전거리미확보,건조,맑음,교차로 - 교차로부근,승용,여,66세,상해없음,승용,여,31세,경상
2016051700100541,2016년 5월 17일 19시,화요일,대구광역시 달성군 옥포면,중상사고,0,1,6,0,차대차 - 측면직각충돌,안전운전불이행,건조,맑음,단일로 - 기타,승용,여,47세,상해없음,승합,남,60세,상해없음
2016051700100600,2016년 5월 17일 21시,화요일,대구광역시 동구 신천동,경상사고,0,0,1,0,차대차 - 측면충돌,안전운전불이행,건조,맑음,단일로 - 기타,이륜,남,39세,경상,승용,남,43세,상해없음
2016051700100601,2016년 5월 17일 21시,화요일,대구광역시 북구 산격동,중상사고,0,1,0,0,차량단독 - 전도전복,안전운전불이행,건조,맑음,단일로 - 기타,이륜,남,18세,상해없음,,,,
2016051700100602,2016년 5월 17일 21시,화요일,대구광역시 서구 평리동,경상사고,0,0,1,0,차대사람 - 횡단중,중앙선침범,건조,맑음,단일로 - 기타,화물,남,45세,상해없음,보행자,남,57세,경상
2016051700100632,2016년 5월 17일 22시,화요일,대구광역시 서구 평리동,경상사고,0,0,1,0,차량단독 - 기타,기타,건조,맑음,단일로 - 기타,승용,남,56세,상해없음,,,,
2016051700100650,2016년 5월 17일 23시,화요일,대구광역시 북구 산격동,중상사고,0,3,0,0,차대차 - 측면충돌,신호위반,건조,맑음,교차로 - 교차로안,승합,남,61세,상해없음,승용,여,70세,중상
2016051800100029,2016년 5월 18일 01시,수요일,대구광역시 수성구 지산동,경상사고,0,0,1,0,차대차 - 측면직각충돌,안전운전불이행,건조,맑음,단일로 - 기타,기타불명,기타불명,기타불명,기타불명,승용,남,44세,경상
2016051800100030,2016년 5월 18일 01시,수요일,대구광역시 중구 삼덕동2가,경상사고,0,0,1,0,차대사람 - 횡단중,안전운전불이행,건조,맑음,교차로 - 교차로부근,승용,남,65세,상해없음,보행자,여,25세,경상
2016051800100031,2016년 5월 18일 01시,수요일,대구광역시 북구 매천동,경상사고,0,0,1,0,차대차 - 측면직각충돌,안전운전불이행,건조,맑음,교차로 - 교차로안,승용,남,30세,상해없음,승용,남,30세,경상
2016051800100061,2016년 5월 18일 05시,수요일,대구광역시 남구 대명동,중상사고,0,1,0,0,차대차 - 정면충돌,안전운전불이행,건조,맑음,단일로 - 기타,승용,여,66세,상해없음,화물,여,55세,중상
2016051800100062,2016년 5월 18일 05시,수요일,대구광역시 동구 신기동,경상사고,0,0,2,0,차대차 - 측면충돌,신호위반,건조,맑음,교차로 - 교차로부근,승용,남,57세,상해없음,승용,남,53세,경상
2016051800100102,2016년 5월 18일 07시,수요일,대구광역시 동구 신암동,경상사고,0,0,1,0,차량단독 - 공작물충돌,안전운전불이행,건조,맑음,단일로 - 기타,이륜,남,19세,경상,,,,
2016051800100103,2016년 5월 18일 07시,수요일,대구광역시 달서구 대곡동,경상사고,0,0,3,0,차대차 - 추돌,안전거리미확보,건조,맑음,단일로 - 기타,승용,남,29세,경상,승용,남,33세,경상
2016051800100149,2016년 5월 18일 08시,수요일,대구광역시 동구 용계동,중상사고,0,1,0,0,차대사람 - 횡단중,안전운전불이행,건조,맑음,교차로 - 교차로부근,승용,여,49세,상해없음,보행자,여,76세,중상
2016051800100150,2016년 5월 18일 08시,수요일,대구광역시 북구 노원동1가,경상사고,0,0,1,0,차대차 - 측면충돌,차로위반,건조,맑음,교차로 - 교차로부근,화물,남,48세,상해없음,승용,남,27세,경상
2016051800100185,2016년 5월 18일 09시,수요일,대구광역시 동구 신암동,경상사고,0,0,1,0,차대사람 - 횡단중,안전운전불이행,건조,맑음,단일로 - 기타,승용,남,63세,상해없음,보행자,여,84세,경상
2016051800100186,2016년 5월 18일 09시,수요일,대구광역시 수성구 만촌동,경상사고,0,0,2,1,차대차 - 측면직각충돌,직진우회전진행방해,건조,맑음,교차로 - 교차로안,승용,여,71세,부상신고,승용,여,31세,경상
2016051800100187,2016년 5월 18일 09시,수요일,대구광역시 달성군 논공읍,경상사고,0,0,1,0,차대차 - 측면직각충돌,신호위반,건조,맑음,교차로 - 교차로부근,승용,남,50세,상해없음,승용,남,45세,경상
2016051800100233,2016년 5월 18일 10시,수요일,대구광역시 동구 신기동,중상사고,0,1,0,0,차대차 - 추돌,안전거리미확보,건조,맑음,교차로 - 교차로부근,화물,남,49세,상해없음,승용,여,61세,중상
2016051800100259,2016년 5월 18일 11시,수요일,대구광역시 북구 서변동,경상사고,0,0,1,0,차대차 - 측면충돌,안전운전불이행,건조,맑음,교차로 - 교차로부근,화물,남,30세,상해없음,이륜,남,51세,경상
2016051800100285,2016년 5월 18일 12시,수요일,대구광역시 동구 지저동,중상사고,0,1,0,0,차대사람 - 횡단중,안전운전불이행,건조,맑음,단일로 - 기타,승용,남,72세,상해없음,보행자,여,87세,중상
2016051800100286,2016년 5월 18일 12시,수요일,대구광역시 달서구 상인동,경상사고,0,0,1,0,차대차 - 측면충돌,안전운전불이행,건조,맑음,교차로 - 교차로안,승용,남,41세,기타불명,이륜,남,19세,경상
2016051800100321,2016년 5월 18일 13시,수요일,대구광역시 남구 대명동,경상사고,0,0,1,0,차대차 - 정면충돌,교차로운행방법위반,건조,맑음,교차로 - 교차로안,승용,여,49세,상해없음,이륜,남,51세,경상
2016051800100322,2016년 5월 18일 13시,수요일,대구광역시 수성구 범어동,경상사고,0,0,1,0,차대차 - 추돌,안전운전불이행,건조,맑음,단일로 - 기타,승용,남,49세,상해없음,승용,여,34세,경상
2016051800100323,2016년 5월 18일 13시,수요일,대구광역시 달성군 현풍면,중상사고,0,1,0,0,차대차 - 측면직각충돌,안전운전불이행,건조,맑음,교차로 - 교차로부근,이륜,남,19세,중상,승용,남,29세,상해없음
2016051800100324,2016년 5월 18일 13시,수요일,대구광역시 북구 매천동,경상사고,0,0,1,0,차대차 - 추돌,안전거리미확보,건조,맑음,단일로 - 기타,승용,남,20세,기타불명,승용,남,53세,경상
2016051800100357,2016년 5월 18일 14시,수요일,대구광역시 달성군 논공읍공단출장,경상사고,0,0,2,0,차대차 - 측면직각충돌,안전운전불이행,건조,맑음,단일로 - 기타,화물,남,49세,경상,건설기계,남,52세,경상
2016051800100386,2016년 5월 18일 15시,수요일,대구광역시 달서구 본리동,경상사고,0,0,1,0,차대차 - 추돌,안전운전불이행,건조,맑음,교차로 - 교차로부근,이륜,남,35세,상해없음,승용,여,60세,경상
2016051800100431,2016년 5월 18일 16시,수요일,대구광역시 동구 신천동,중상사고,0,1,0,0,차대차 - 측면충돌,신호위반,건조,맑음,단일로 - 기타,승용,남,31세,상해없음,승용,여,53세,중상
2016051800100432,2016년 5월 18일 16시,수요일,대구광역시 동구 방촌동,경상사고,0,0,1,0,차대차 - 기타,안전운전불이행,건조,맑음,단일로 - 기타,승용,남,46세,상해없음,승합,남,63세,경상
2016051800100433,2016년 5월 18일 16시,수요일,대구광역시 달성군 옥포면,중상사고,0,1,0,0,차대차 - 측면직각충돌,안전운전불이행,건조,맑음,단일로 - 기타,화물,남,44세,상해없음,이륜,남,17세,중상
2016051800100434,2016년 5월 18일 16시,수요일,대구광역시 달서구 성당동,경상사고,0,0,1,0,차대차 - 기타,안전운전불이행,건조,맑음,단일로 - 기타,승용,남,41세,상해없음,승용,남,32세,경상
2016051800100435,2016년 5월 18일 16시,수요일,대구광역시 북구 태전동,중상사고,0,1,1,1,차대사람 - 횡단중,안전운전불이행,건조,맑음,단일로 - 기타,이륜,남,16세,경상,보행자,남,36세,중상
2016051800100482,2016년 5월 18일 17시,수요일,대구광역시 북구 서변동,경상사고,0,0,1,0,차대차 - 추돌,안전운전불이행,건조,맑음,단일로 - 교량,화물,남,38세,상해없음,승용,남,68세,경상
2016051800100536,2016년 5월 18일 18시,수요일,대구광역시 동구 신암동,중상사고,0,1,1,0,차대차 - 기타,안전운전불이행,건조,맑음,단일로 - 기타,승용,남,56세,상해없음,원동기,남,21세,중상
2016051800100537,2016년 5월 18일 18시,수요일,대구광역시 수성구 중동,경상사고,0,0,1,0,차대차 - 측면충돌,안전운전불이행,건조,맑음,교차로 - 교차로부근,이륜,남,78세,경상,승용,여,39세,상해없음
2016051800100538,2016년 5월 18일 18시,수요일,대구광역시 달서구 상인동,경상사고,0,0,4,0,차대차 - 측면충돌,안전거리미확보,건조,맑음,단일로 - 기타,승용,남,52세,경상,승용,남,42세,경상
2016051800100539,2016년 5월 18일 18시,수요일,대구광역시 달서구 월성동,경상사고,0,0,2,0,차대차 - 측면충돌,안전거리미확보,건조,맑음,단일로 - 기타,승용,남,26세,상해없음,이륜,남,17세,경상
2016051800100540,2016년 5월 18일 18시,수요일,대구광역시 중구 태평로3가,경상사고,0,0,1,0,차대차 - 추돌,안전운전불이행,건조,맑음,교차로 - 교차로부근,승용,남,56세,상해없음,승용,남,43세,경상
2016051800100541,2016년 5월 18일 18시,수요일,대구광역시 달서구 장기동,경상사고,0,0,1,0,차대차 - 측면충돌,안전거리미확보,건조,맑음,단일로 - 기타,화물,남,55세,상해없음,건설기계,남,40세,경상
2016051800100542,2016년 5월 18일 18시,수요일,대구광역시 달서구 두류동,경상사고,0,0,1,0,차대차 - 기타,안전운전불이행,건조,맑음,단일로 - 기타,기타불명,기타불명,기타불명,기타불명,자전거,여,52세,경상
2016051800100575,2016년 5월 18일 19시,수요일,대구광역시 중구 남산동,부상신고사고,0,0,0,1,차대차 - 측면직각충돌,안전운전불이행,건조,맑음,단일로 - 기타,이륜,남,17세,부상신고,승용,여,41세,상해없음
2016051800100576,2016년 5월 18일 19시,수요일,대구광역시 달서구 호산동,부상신고사고,0,0,0,1,차대사람 - 횡단중,안전운전불이행,건조,맑음,단일로 - 횡단보도상,기타불명,기타불명,기타불명,기타불명,보행자,남,21세,부상신고
2016051800100577,2016년 5월 18일 19시,수요일,대구광역시 달서구 죽전동,경상사고,0,0,2,0,차대차 - 측면충돌,안전거리미확보,건조,맑음,단일로 - 기타,승용,여,40세,상해없음,승용,남,25세,경상
2016051800100608,2016년 5월 18일 20시,수요일,대구광역시 동구 신천동,경상사고,0,0,1,0,차대차 - 기타,안전거리미확보,건조,맑음,단일로 - 기타,승용,여,34세,상해없음,승용,남,56세,상해없음
2016051800100609,2016년 5월 18일 20시,수요일,대구광역시 동구 신기동,중상사고,0,1,0,0,차대사람 - 횡단중,보행자보호의무위반,건조,맑음,교차로 - 교차로부근,승용,남,37세,상해없음,보행자,여,30세,중상
2016051800100639,2016년 5월 18일 21시,수요일,대구광역시 동구 신암동,중상사고,0,1,0,0,차대사람 - 횡단중,보행자보호의무위반,건조,맑음,단일로 - 기타,이륜,남,19세,상해없음,보행자,남,19세,중상
2016051800100640,2016년 5월 18일 21시,수요일,대구광역시 수성구 수성동1가,경상사고,0,0,3,0,차대차 - 측면직각충돌,교차로운행방법위반,건조,맑음,교차로 - 교차로안,승용,남,68세,상해없음,승합,남,62세,경상
2016051800100641,2016년 5월 18일 21시,수요일,대구광역시 수성구 만촌동,경상사고,0,0,2,0,차대차 - 기타,기타,건조,맑음,단일로 - 기타,승용,남,32세,경상,이륜,여,47세,경상
2016051800100642,2016년 5월 18일 21시,수요일,대구광역시 중구 동인동1가,중상사고,0,2,0,0,차대차 - 측면직각충돌,신호위반,건조,맑음,교차로 - 교차로안,승용,남,67세,중상,승용,남,65세,중상
2016051800100666,2016년 5월 18일 22시,수요일,대구광역시 달서구 용산동,경상사고,0,0,2,0,차대차 - 측면충돌,안전운전불이행,건조,맑음,교차로 - 교차로안,원동기,남,17세,경상,승용,남,23세,기타불명
2016051900100020,2016년 5월 19일 01시,목요일,대구광역시 달서구 이곡동,중상사고,0,1,4,1,차대차 - 측면충돌,직진우회전진행방해,건조,맑음,교차로 - 교차로안,승용,남,32세,경상,승용,남,61세,경상
2016051900100043,2016년 5월 19일 03시,목요일,대구광역시 북구 고성동3가,경상사고,0,0,2,0,차대차 - 기타,안전운전불이행,건조,맑음,단일로 - 기타,승용,남,24세,상해없음,승용,남,27세,경상
2016051900100044,2016년 5월 19일 03시,목요일,대구광역시 서구 내당동,경상사고,0,0,2,0,차대차 - 정면충돌,안전거리미확보,건조,맑음,단일로 - 기타,승용,남,63세,상해없음,승용,남,58세,경상
2016051900100070,2016년 5월 19일 06시,목요일,대구광역시 중구 달성동,중상사고,0,7,3,0,차대차 - 측면직각충돌,안전운전불이행,건조,맑음,교차로 - 교차로안,화물,남,56세,상해없음,승용,남,52세,경상
2016051900100091,2016년 5월 19일 07시,목요일,대구광역시 중구 삼덕동2가,경상사고,0,0,2,0,차대차 - 추돌,안전운전불이행,건조,맑음,교차로 - 교차로부근,기타불명,기타불명,기타불명,기타불명,승용,남,48세,경상
2016051900100145,2016년 5월 19일 08시,목요일,대구광역시 수성구 황금동,부상신고사고,0,0,0,1,차대차 - 측면충돌,안전운전불이행,건조,맑음,교차로 - 교차로안,자전거,남,12세,부상신고,승용,여,40세,상해없음
2016051900100146,2016년 5월 19일 08시,목요일,대구광역시 수성구 중동,경상사고,0,0,1,0,차량단독 - 전도전복,안전운전불이행,건조,맑음,단일로 - 기타,자전거,남,61세,경상,,,,
2016051900100147,2016년 5월 19일 08시,목요일,대구광역시 달서구 송현동,경상사고,0,0,1,0,차대차 - 기타,교차로운행방법위반,건조,맑음,교차로 - 교차로안,승용,남,43세,기타불명,원동기,남,50세,경상
2016051900100148,2016년 5월 19일 08시,목요일,대구광역시 달서구 월성동,경상사고,0,0,1,0,차대차 - 측면충돌,안전운전불이행,건조,맑음,교차로 - 교차로안,승용,여,53세,상해없음,건설기계,남,39세,경상
2016051900100183,2016년 5월 19일 09시,목요일,대구광역시 동구 신암동,부상신고사고,0,0,0,1,차대차 - 추돌,안전거리미확보,건조,맑음,단일로 - 기타,원동기,남,17세,부상신고,승용,남,68세,상해없음
2016051900100206,2016년 5월 19일 10시,목요일,대구광역시 동구 율하동,중상사고,0,3,1,0,차대차 - 측면충돌,교차로운행방법위반,건조,맑음,교차로 - 교차로안,승용,남,50세,상해없음,승용,여,61세,경상
2016051900100207,2016년 5월 19일 10시,목요일,대구광역시 중구 동산동,경상사고,0,0,1,0,차대차 - 추돌,안전운전불이행,건조,맑음,단일로 - 기타,승용,남,21세,상해없음,승용,여,27세,경상
2016051900100208,2016년 5월 19일 10시,목요일,대구광역시 달서구 장기동,경상사고,0,0,1,0,차대차 - 기타,안전운전불이행,건조,맑음,단일로 - 기타,화물,남,44세,상해없음,승용,여,52세,경상
2016051900100226,2016년 5월 19일 11시,목요일,대구광역시 달성군 가창면,중상사고,0,1,1,0,차대차 - 측면충돌,안전거리미확보,건조,맑음,교차로 - 교차로부근,승용,남,59세,상해없음,승용,여,44세,중상
2016051900100258,2016년 5월 19일 12시,목요일,대구광역시 북구 노원동3가,경상사고,0,0,1,1,차대사람 - 횡단중,신호위반,건조,맑음,단일로 - 횡단보도상,원동기,남,73세,부상신고,보행자,남,53세,경상
2016051900100259,2016년 5월 19일 12시,목요일,대구광역시 북구 노원동3가,중상사고,0,1,0,0,차대차 - 측면충돌,안전운전불이행,건조,맑음,단일로 - 기타,승용,남,18세,상해없음,화물,남,39세,중상
2016051900100260,2016년 5월 19일 12시,목요일,대구광역시 달서구 감삼동,경상사고,0,0,2,0,차대차 - 기타,안전거리미확보,건조,맑음,교차로 - 교차로부근,이륜,남,51세,상해없음,승용,남,72세,경상
2016051900100288,2016년 5월 19일 13시,목요일,대구광역시 수성구 신매동,부상신고사고,0,0,0,2,차대차 - 측면충돌,교차로운행방법위반,건조,맑음,교차로 - 교차로부근,승용,여,45세,상해없음,승용,여,54세,부상신고
2016051900100289,2016년 5월 19일 13시,목요일,대구광역시 북구 검단동,경상사고,0,0,1,0,차대사람 - 기타,안전운전불이행,건조,맑음,단일로 - 기타,승용,남,38세,기타불명,보행자,남,43세,경상
2016051900100290,2016년 5월 19일 13시,목요일,대구광역시 북구 산격동,경상사고,0,0,1,0,차대사람 - 기타,안전운전불이행,건조,맑음,단일로 - 기타,승합,남,48세,기타불명,보행자,여,68세,경상
2016051900100331,2016년 5월 19일 14시,목요일,대구광역시 동구 신암동,경상사고,0,0,1,0,차대차 - 측면충돌,안전운전불이행,건조,맑음,단일로 - 기타,화물,남,52세,상해없음,승용,여,34세,경상
2016051900100332,2016년 5월 19일 14시,목요일,대구광역시 수성구 범물동,경상사고,0,0,1,0,차대사람 - 횡단중,보행자보호의무위반,건조,맑음,단일로 - 횡단보도상,승용,여,48세,상해없음,보행자,여,42세,경상
2016051900100379,2016년 5월 19일 15시,목요일,대구광역시 달서구 월성동,경상사고,0,0,1,0,차대차 - 추돌,안전거리미확보,건조,맑음,단일로 - 기타,승용,여,40세,기타불명,승용,남,69세,경상
2016051900100413,2016년 5월 19일 16시,목요일,대구광역시 달서구 월성동,중상사고,0,2,1,0,차대차 - 추돌,안전운전불이행,건조,맑음,단일로 - 기타,승용,남,45세,상해없음,승용,남,52세,상해없음
2016051900100414,2016년 5월 19일 16시,목요일,대구광역시 달성군 화원읍,중상사고,0,3,0,0,차대차 - 정면충돌,안전운전불이행,건조,맑음,교차로 - 교차로부근,승용,여,52세,상해없음,승용,여,32세,중상
2016051900100415,2016년 5월 19일 16시,목요일,대구광역시 달서구 이곡동,부상신고사고,0,0,0,1,차대차 - 기타,교차로운행방법위반,건조,맑음,교차로 - 교차로안,승용,남,35세,상해없음,승용,여,33세,부상신고