사고번호,사고일시,요일,시군구,사고내용,사망자수,중상자수,경상자수,부상신고자수,사고유형,법규위반,노면상태,기상상태,도로형태,가해운전자 차종,가해운전자 성별,가해운전자 연령,가해운전자 상해정도,피해운전자 차종,피해운전자 성별,피해운전자 연령,피해운전자 상해정도
2016052200100479,2016년 5월 22일 19시,일요일,대구광역시 달서구 신당동,경상사고,0,0,1,0,차대차 - 기타,안전거리미확보,건조,맑음,교차로 - 교차로부근,승용,남,22세,상해없음,이륜,남,20세,경상
2016052200100503,2016년 5월 22일 20시,일요일,대구광역시 동구 신암동,경상사고,0,0,1,0,차대차 - 기타,안전운전불이행,건조,맑음,단일로 - 기타,승용,여,41세,상해없음,승용,남,33세,경상
2016052200100517,2016년 5월 22일 21시,일요일,대구광역시 동구 서호동,경상사고,0,0,1,0,차대차 - 추돌,안전운전불이행,건조,맑음,교차로 - 교차로부근,승용,남,28세,기타불명,승용,여,56세,경상
2016052200100539,2016년 5월 22일 22시,일요일,대구광역시 중구 공평동,중상사고,0,1,0,0,차량단독 - 기타,기타,건조,맑음,단일로 - 기타,승합,남,42세,상해없음,,,,
2016052200100552,2016년 5월 22일 23시,일요일,대구광역시 달서구 죽전동,사망사고,1,0,0,0,차대사람 - 횡단중,안전운전불이행,건조,맑음,단일로 - 기타,승용,남,30세,상해없음,보행자,남,60세,사망
2016052300100007,2016년 5월 23일 00시,월요일,대구광역시 달서구 장기동,경상사고,0,0,1,0,차대차 - 기타,안전운전불이행,건조,맑음,단일로 - 기타,화물,남,52세,상해없음,자전거,여,60세,경상
2016052300100023,2016년 5월 23일 02시,월요일,대구광역시 달서구 월성동,경상사고,0,0,2,0,차대차 - 측면충돌,신호위반,건조,맑음,교차로 - 교차로안,승용,남,55세,상해없음,승용,남,46세,경상
2016052300100051,2016년 5월 23일 05시,월요일,대구광역시 서구 평리동,부상신고사고,0,0,0,1,차대사람 - 기타,안전운전불이행,건조,맑음,단일로 - 기타,승용,기타불명,기타불명,기타불명,보행자,남,28세,부상신고
2016052300100091,2016년 5월 23일 07시,월요일,대구광역시 수성구 이천동,경상사고,0,0,1,0,차대차 - 추돌,안전운전불이행,건조,맑음,교차로 - 교차로부근,승합,남,72세,상해없음,승용,여,35세,경상
2016052300100092,2016년 5월 23일 07시,월요일,대구광역시 북구 침산동,중상사고,0,1,0,0,차대차 - 기타,안전운전불이행,건조,맑음,교차로 - 교차로안,자전거,남,15세,상해없음,원동기,남,63세,중상
2016052300100143,2016년 5월 23일 08시,월요일,대구광역시 달서구 대곡동,경상사고,0,0,1,0,차대차 - 측면직각충돌,안전운전불이행,건조,맑음,단일로 - 기타,이륜,남,87세,경상,승용,남,67세,상해없음
2016052300100144,2016년 5월 23일 08시,월요일,대구광역시 북구 칠성동2가,경상사고,0,0,1,0,차대차 - 측면충돌,안전거리미확보,건조,맑음,교차로 - 교차로부근,화물,남,62세,상해없음,승용,남,62세,경상
2016052300100145,2016년 5월 23일 08시,월요일,대구광역시 북구 대현동,중상사고,0,1,0,0,차대사람 - 횡단중,안전운전불이행,건조,맑음,교차로 - 교차로부근,화물,남,49세,상해없음,보행자,여,50세,중상
2016052300100178,2016년 5월 23일 09시,월요일,대구광역시 남구 봉덕동,중상사고,0,1,0,0,차대사람 - 횡단중,안전운전불이행,건조,맑음,단일로 - 횡단보도상,승용,남,69세,상해없음,보행자,여,66세,중상
2016052300100201,2016년 5월 23일 10시,월요일,대구광역시 남구 봉덕동,경상사고,0,0,1,0,차대차 - 기타,기타,건조,맑음,단일로 - 기타,승용,남,27세,상해없음,승용,여,41세,경상
2016052300100202,2016년 5월 23일 10시,월요일,대구광역시 중구 동문동,경상사고,0,0,2,0,차대차 - 측면충돌,안전운전불이행,건조,맑음,교차로 - 교차로부근,승용,여,73세,상해없음,이륜,남,36세,경상
2016052300100203,2016년 5월 23일 10시,월요일,대구광역시 북구 팔달동,중상사고,0,1,0,0,차대차 - 측면충돌,안전운전불이행,건조,맑음,기타 - 기타,화물,남,63세,상해없음,자전거,남,43세,중상
2016052300100237,2016년 5월 23일 11시,월요일,대구광역시 달서구 상인동,중상사고,0,1,0,0,차대사람 - 보도통행중,기타,건조,맑음,교차로 - 교차로안,승용,남,44세,상해없음,보행자,여,76세,중상
2016052300100261,2016년 5월 23일 12시,월요일,대구광역시 북구 노원동1가,경상사고,0,0,1,0,차대차 - 측면충돌,안전운전불이행,건조,맑음,교차로 - 교차로안,승용,남,24세,상해없음,이륜,남,24세,경상
2016052300100297,2016년 5월 23일 13시,월요일,대구광역시 달서구 송현동,경상사고,0,0,1,0,차대사람 - 횡단중,안전운전불이행,건조,맑음,교차로 - 교차로안,승용,여,46세,상해없음,보행자,남,37세,경상
2016052300100298,2016년 5월 23일 13시,월요일,대구광역시 서구 상리동,중상사고,0,1,1,0,차대차 - 정면충돌,차로위반,건조,맑음,단일로 - 기타,건설기계,남,43세,중상,승용,여,45세,경상
2016052300100370,2016년 5월 23일 15시,월요일,대구광역시 남구 대명동,경상사고,0,0,1,0,차대사람 - 기타,기타,건조,맑음,단일로 - 기타,승합,남,46세,상해없음,보행자,여,51세,경상
2016052300100371,2016년 5월 23일 15시,월요일,대구광역시 동구 신암동,경상사고,0,0,1,0,차대차 - 측면충돌,안전거리미확보,건조,맑음,단일로 - 기타,승용,여,30세,상해없음,승용,여,58세,경상
2016052300100408,2016년 5월 23일 16시,월요일,대구광역시 수성구 파동,중상사고,0,1,0,0,차대사람 - 기타,안전운전불이행,건조,맑음,단일로 - 기타,자전거,남,35세,상해없음,보행자,남,59세,중상
2016052300100409,2016년 5월 23일 16시,월요일,대구광역시 수성구 범어동,경상사고,0,0,1,0,차대차 - 측면충돌,안전거리미확보,건조,맑음,단일로 - 기타,승용,남,51세,상해없음,이륜,남,24세,경상
2016052300100410,2016년 5월 23일 16시,월요일,대구광역시 서구 비산동,경상사고,0,0,1,0,차대차 - 측면충돌,불법유턴,건조,맑음,단일로 - 횡단보도상,이륜,남,46세,경상,승용,남,56세,상해없음
2016052300100452,2016년 5월 23일 17시,월요일,대구광역시 수성구 수성동4가,경상사고,0,0,1,2,차대차 - 측면직각충돌,교차로운행방법위반,건조,맑음,교차로 - 교차로안,승용,여,57세,부상신고,화물,남,41세,경상
2016052300100453,2016년 5월 23일 17시,월요일,대구광역시 중구 동산동,경상사고,0,0,1,0,차대차 - 추돌,차로위반,건조,맑음,단일로 - 기타,승용,남,18세,상해없음,승용,여,31세,경상
2016052300100491,2016년 5월 23일 18시,월요일,대구광역시 동구 율하동,중상사고,0,1,0,0,차대차 - 측면충돌,안전운전불이행,건조,맑음,단일로 - 횡단보도상,승용,여,51세,상해없음,자전거,남,8세,중상
2016052300100492,2016년 5월 23일 18시,월요일,대구광역시 수성구 파동,중상사고,0,1,1,0,차대차 - 정면충돌,안전운전불이행,건조,맑음,교차로 - 교차로안,승용,여,34세,상해없음,승용,남,56세,경상
2016052300100493,2016년 5월 23일 18시,월요일,대구광역시 중구 남산동,부상신고사고,0,0,0,1,차대차 - 기타,기타,건조,맑음,교차로 - 교차로안,승용,여,28세,부상신고,승용,여,53세,상해없음
2016052300100494,2016년 5월 23일 18시,월요일,대구광역시 북구 태전동,중상사고,0,1,1,0,차대차 - 측면충돌,신호위반,건조,맑음,교차로 - 교차로안,승용,남,77세,상해없음,승용,남,57세,경상
2016052300100530,2016년 5월 23일 19시,월요일,대구광역시 서구 내당동,경상사고,0,0,1,0,차대사람 - 길가장자리구역통행중,기타,건조,맑음,단일로 - 기타,화물,남,45세,상해없음,보행자,남,4세,경상
2016052300100531,2016년 5월 23일 19시,월요일,대구광역시 서구 비산동,경상사고,0,0,1,0,차대차 - 측면충돌,신호위반,건조,맑음,교차로 - 교차로안,자전거,남,9세,경상,승용,남,44세,상해없음
2016052300100532,2016년 5월 23일 19시,월요일,대구광역시 북구 태전동,경상사고,0,0,2,0,차대차 - 측면충돌,신호위반,건조,맑음,교차로 - 교차로안,화물,남,57세,상해없음,승용,남,52세,경상
2016052300100558,2016년 5월 23일 20시,월요일,대구광역시 중구 동인동2가,경상사고,0,0,1,0,차대차 - 기타,안전거리미확보,건조,맑음,단일로 - 기타,승용,여,22세,상해없음,이륜,남,34세,경상
2016052300100581,2016년 5월 23일 21시,월요일,대구광역시 북구 침산동,부상신고사고,0,0,0,1,차대차 - 기타,안전운전불이행,건조,맑음,단일로 - 기타,승용,남,67세,상해없음,원동기,여,37세,부상신고
2016052300100614,2016년 5월 23일 22시,월요일,대구광역시 동구 용계동,경상사고,0,0,1,0,차대사람 - 횡단중,안전운전불이행,건조,맑음,단일로 - 기타,승용,남,53세,상해없음,보행자,남,48세,경상
2016052300100615,2016년 5월 23일 22시,월요일,대구광역시 북구 읍내동,부상신고사고,0,0,0,1,차대차 - 측면충돌,안전운전불이행,건조,맑음,단일로 - 기타,이륜,남,18세,부상신고,화물,남,26세,상해없음
2016052300100633,2016년 5월 23일 23시,월요일,대구광역시 남구 대명동,경상사고,0,0,1,0,차대차 - 추돌,안전운전불이행,건조,맑음,단일로 - 횡단보도부근,승용,남,31세,상해없음,승용,남,41세,경상
2016052300100634,2016년 5월 23일 23시,월요일,대구광역시 중구 남산동,경상사고,0,0,1,0,차대차 - 기타,안전운전불이행,건조,맑음,기타 - 기타,승용,남,27세,상해없음,이륜,남,17세,경상
2016052300100635,2016년 5월 23일 23시,월요일,대구광역시 북구 태전동,중상사고,0,1,0,0,차대사람 - 횡단중,안전운전불이행,건조,맑음,단일로 - 기타,이륜,남,17세,상해없음,보행자,남,50세,중상
2016052400100015,2016년 5월 24일 00시,화요일,대구광역시 중구 동인동3가,부상신고사고,0,0,0,1,차량단독 - 공작물충돌,안전운전불이행,건조,맑음,미분류 - 미분류,승용,남,40세,부상신고,,,,
2016052400100058,2016년 5월 24일 03시,화요일,대구광역시 달서구 송현동,경상사고,0,0,1,0,차대사람 - 횡단중,안전운전불이행,건조,맑음,단일로 - 기타,승용,남,48세,기타불명,보행자,남,57세,경상
2016052400100117,2016년 5월 24일 07시,화요일,대구광역시 수성구 수성동1가,중상사고,0,1,0,0,차대차 - 정면충돌,안전운전불이행,건조,맑음,교차로 - 교차로부근,승용,남,50세,상해없음,자전거,남,72세,중상
2016052400100147,2016년 5월 24일 08시,화요일,대구광역시 북구 동호동,경상사고,0,0,1,0,차대차 - 측면충돌,교차로운행방법위반,건조,맑음,교차로 - 교차로안,승용,남,54세,상해없음,승용,여,47세,경상
2016052400100196,2016년 5월 24일 09시,화요일,대구광역시 동구 효목동,중상사고,0,1,0,0,차대차 - 정면충돌,안전운전불이행,건조,맑음,교차로 - 교차로안,이륜,남,62세,중상,승용,남,58세,상해없음
2016052400100197,2016년 5월 24일 09시,화요일,대구광역시 달서구 상인동,경상사고,0,0,2,0,차대차 - 측면충돌,안전운전불이행,건조,맑음,교차로 - 교차로안,승용,남,41세,경상,승용,남,33세,경상
2016052400100262,2016년 5월 24일 11시,화요일,대구광역시 북구 서변동,경상사고,0,0,1,0,차대차 - 추돌,안전운전불이행,건조,맑음,단일로 - 기타,승용,남,53세,상해없음,승용,여,47세,경상
2016052400100299,2016년 5월 24일 12시,화요일,대구광역시 수성구 가천동,경상사고,0,0,1,0,차대차 - 측면충돌,안전운전불이행,습기,비,교차로 - 교차로부근,화물,여,55세,상해없음,화물,여,58세,경상
2016052400100300,2016년 5월 24일 12시,화요일,대구광역시 중구 남산동,경상사고,0,0,1,0,차대차 - 추돌,안전거리미확보,습기,비,교차로 - 교차로부근,승용,남,56세,상해없음,승용,여,60세,경상
2016052400100325,2016년 5월 24일 13시,화요일,대구광역시 동구 신기동,경상사고,0,0,1,0,차대차 - 측면충돌,안전운전불이행,습기,비,교차로 - 교차로부근,승합,남,76세,상해없음,원동기,남,50세,경상
2016052400100326,2016년 5월 24일 13시,화요일,대구광역시 중구 대신동,경상사고,0,0,1,0,차대차 - 측면직각충돌,차로위반,습기,비,단일로 - 기타,승용,여,47세,상해없음,승용,여,64세,경상
2016052400100327,2016년 5월 24일 13시,화요일,대구광역시 북구 매천동,경상사고,0,0,2,0,차대차 - 추돌,안전운전불이행,건조,맑음,교차로 - 교차로부근,승용,남,47세,상해없음,승용,여,52세,경상
2016052400100359,2016년 5월 24일 14시,화요일,대구광역시 북구 칠성동2가,경상사고,0,0,2,0,차대차 - 추돌,안전거리미확보,습기,비,교차로 - 교차로부근,승용,남,31세,상해없음,화물,남,25세,경상
2016052400100394,2016년 5월 24일 15시,화요일,대구광역시 달서구 월성동,경상사고,0,0,1,0,차대사람 - 기타,기타,습기,비,교차로 - 교차로부근,승용,남,65세,상해없음,보행자,여,59세,경상
2016052400100395,2016년 5월 24일 15시,화요일,대구광역시 달서구 송현동,경상사고,0,0,1,0,차대차 - 측면충돌,안전운전불이행,건조,맑음,단일로 - 기타,승용,남,54세,상해없음,승용,여,54세,경상
2016052400100396,2016년 5월 24일 15시,화요일,대구광역시 중구 계산동2가,중상사고,0,2,0,0,차대차 - 측면직각충돌,안전거리미확보,건조,맑음,단일로 - 기타,승용,남,70세,상해없음,승용,남,33세,중상
2016052400100420,2016년 5월 24일 16시,화요일,대구광역시 달서구 월성동,경상사고,0,0,1,0,차대차 - 측면충돌,안전거리미확보,건조,맑음,교차로 - 교차로부근,승용,남,30세,상해없음,승용,여,48세,경상
2016052400100421,2016년 5월 24일 16시,화요일,대구광역시 북구 노원동2가,중상사고,0,1,0,0,차대차 - 측면충돌,안전운전불이행,습기,비,단일로 - 기타,승용,남,47세,상해없음,승용,남,43세,중상
2016052400100422,2016년 5월 24일 16시,화요일,대구광역시 중구 삼덕동2가,중상사고,0,1,0,0,차대차 - 측면직각충돌,안전운전불이행,건조,맑음,교차로 - 교차로안,승용,여,47세,상해없음,승용,남,74세,중상
2016052400100457,2016년 5월 24일 17시,화요일,대구광역시 동구 지묘동,경상사고,0,0,1,0,차대차 - 측면충돌,중앙선침범,습기,흐림,단일로 - 기타,승용,남,25세,기타불명,화물,남,65세,경상
2016052400100458,2016년 5월 24일 17시,화요일,대구광역시 동구 용계동,경상사고,0,0,2,0,차대차 - 기타,안전운전불이행,습기,맑음,교차로 - 교차로부근,화물,남,19세,상해없음,승용,남,62세,상해없음
2016052400100459,2016년 5월 24일 17시,화요일,대구광역시 서구 내당동,경상사고,0,0,3,0,차대차 - 추돌,안전운전불이행,건조,맑음,교차로 - 교차로부근,승용,남,55세,상해없음,승용,여,43세,경상
2016052400100460,2016년 5월 24일 17시,화요일,대구광역시 북구 동천동,중상사고,0,1,0,0,차대차 - 기타,안전운전불이행,습기,비,교차로 - 교차로안,승용,여,49세,상해없음,이륜,남,52세,중상
2016052400100494,2016년 5월 24일 18시,화요일,대구광역시 달서구 유천동,중상사고,0,1,0,0,차대차 - 측면충돌,차로위반,건조,맑음,단일로 - 기타,승용,여,36세,상해없음,이륜,남,21세,중상
2016052400100528,2016년 5월 24일 19시,화요일,대구광역시 수성구 시지동,경상사고,0,0,1,0,차대차 - 추돌,안전운전불이행,건조,맑음,교차로 - 교차로안,승용,남,58세,상해없음,이륜,남,31세,경상
2016052400100529,2016년 5월 24일 19시,화요일,대구광역시 달서구 상인동,중상사고,0,1,4,0,차대차 - 측면충돌,신호위반,습기,맑음,교차로 - 교차로안,승용,남,66세,경상,승용,남,45세,경상
2016052400100570,2016년 5월 24일 20시,화요일,대구광역시 중구 남산동,부상신고사고,0,0,0,1,차대차 - 추돌,안전운전불이행,건조,맑음,교차로 - 교차로부근,승용,남,23세,상해없음,자전거,남,9세,부상신고
2016052400100591,2016년 5월 24일 21시,화요일,대구광역시 달서구 상인동,경상사고,0,0,1,0,차대차 - 측면충돌,안전운전불이행,건조,맑음,단일로 - 기타,승용,여,35세,상해없음,승용,남,28세,경상
2016052400100592,2016년 5월 24일 21시,화요일,대구광역시 달서구 신당동,경상사고,0,0,3,0,차대차 - 추돌,안전운전불이행,건조,맑음,교차로 - 교차로부근,승용,여,66세,상해없음,승용,여,43세,경상
2016052400100631,2016년 5월 24일 23시,화요일,대구광역시 남구 대명동,중상사고,0,3,1,0,차대차 - 추돌,안전운전불이행,건조,맑음,단일로 - 기타,승용,여,44세,상해없음,승용,남,44세,중상
2016052500100025,2016년 5월 25일 02시,수요일,대구광역시 달서구 진천동,경상사고,0,0,1,0,차대사람 - 길가장자리구역통행중,안전운전불이행,건조,맑음,교차로 - 교차로부근,화물,남,35세,상해없음,보행자,남,54세,경상
2016052500100047,2016년 5월 25일 05시,수요일,대구광역시 동구 효목동,경상사고,0,0,4,0,차대차 - 정면충돌,안전운전불이행,건조,맑음,단일로 - 기타,승용,남,51세,상해없음,승용,남,25세,경상
2016052500100088,2016년 5월 25일 07시,수요일,대구광역시 달성군 구지면,중상사고,0,1,1,0,차대차 - 측면충돌,안전운전불이행,건조,맑음,교차로 - 교차로안,승용,남,43세,중상,승용,남,32세,경상
2016052500100121,2016년 5월 25일 08시,수요일,대구광역시 북구 고성동1가,경상사고,0,0,1,0,차대차 - 추돌,안전거리미확보,건조,맑음,단일로 - 기타,화물,남,67세,상해없음,승용,남,66세,상해없음
2016052500100122,2016년 5월 25일 08시,수요일,대구광역시 북구 노원동3가,중상사고,0,1,1,0,차대차 - 추돌,안전거리미확보,건조,맑음,단일로 - 기타,승용,남,67세,상해없음,승용,남,59세,중상
2016052500100123,2016년 5월 25일 08시,수요일,대구광역시 달서구 용산동,중상사고,0,1,5,0,차대차 - 추돌,안전운전불이행,건조,맑음,단일로 - 기타,승용,남,40세,중상,승용,남,24세,상해없음
2016052500100124,2016년 5월 25일 08시,수요일,대구광역시 달서구 성당동,경상사고,0,0,1,0,차대차 - 추돌,안전운전불이행,건조,맑음,단일로 - 기타,승합,남,54세,상해없음,승합,남,52세,상해없음
2016052500100125,2016년 5월 25일 08시,수요일,대구광역시 달서구 장기동,중상사고,0,1,1,0,차대차 - 측면직각충돌,기타,건조,맑음,단일로 - 기타,승용,여,47세,중상,화물,남,52세,상해없음
2016052500100154,2016년 5월 25일 09시,수요일,대구광역시 동구 신암동,경상사고,0,0,1,0,차대사람 - 횡단중,안전운전불이행,건조,맑음,교차로 - 교차로부근,승용,여,56세,기타불명,보행자,여,82세,경상
2016052500100191,2016년 5월 25일 10시,수요일,대구광역시 동구 신천동,중상사고,0,1,0,0,차대사람 - 횡단중,보행자보호의무위반,건조,맑음,교차로 - 교차로안,승합,남,45세,상해없음,보행자,여,59세,중상
2016052500100192,2016년 5월 25일 10시,수요일,대구광역시 북구 노원동3가,경상사고,0,0,1,0,차대차 - 측면충돌,안전운전불이행,건조,맑음,단일로 - 기타,승용,여,41세,상해없음,자전거,여,71세,경상
2016052500100193,2016년 5월 25일 10시,수요일,대구광역시 달서구 두류동,경상사고,0,0,2,0,차대차 - 측면직각충돌,안전거리미확보,건조,맑음,단일로 - 기타,승용,여,26세,상해없음,승용,남,33세,경상
2016052500100194,2016년 5월 25일 10시,수요일,대구광역시 중구 동인동3가,경상사고,0,0,1,0,차대차 - 측면직각충돌,신호위반,건조,맑음,교차로 - 교차로안,승용,여,38세,상해없음,자전거,남,73세,경상
2016052500100227,2016년 5월 25일 11시,수요일,대구광역시 수성구 수성동4가,중상사고,0,2,0,0,차대차 - 측면충돌,교차로운행방법위반,건조,맑음,교차로 - 교차로안,승용,남,30세,상해없음,이륜,남,75세,중상
2016052500100229,2016년 5월 25일 11시,수요일,대구광역시 달서구 대천동,중상사고,0,1,0,0,차대사람 - 횡단중,안전운전불이행,건조,맑음,단일로 - 기타,화물,남,44세,상해없음,보행자,남,70세,중상
2016052500100230,2016년 5월 25일 11시,수요일,대구광역시 북구 동천동,중상사고,0,1,0,0,차대사람 - 횡단중,보행자보호의무위반,건조,맑음,교차로 - 교차로안,승용,남,27세,상해없음,보행자,여,82세,중상
2016052500100288,2016년 5월 25일 13시,수요일,대구광역시 동구 검사동,경상사고,0,0,1,0,차대차 - 기타,안전운전불이행,건조,맑음,단일로 - 기타,승용,남,59세,상해없음,이륜,남,29세,경상
2016052500100289,2016년 5월 25일 13시,수요일,대구광역시 수성구 신매동,경상사고,0,0,1,0,차대차 - 측면충돌,안전운전불이행,건조,맑음,단일로 - 기타,승용,여,36세,상해없음,원동기,남,34세,경상
2016052500100290,2016년 5월 25일 13시,수요일,대구광역시 달서구 유천동,경상사고,0,0,1,0,차대차 - 측면충돌,안전운전불이행,건조,맑음,단일로 - 기타,승용,남,66세,상해없음,승용,남,65세,경상
2016052500100291,2016년 5월 25일 13시,수요일,대구광역시 북구 침산동,경상사고,0,0,1,0,차대차 - 측면충돌,중앙선침범,건조,맑음,단일로 - 기타,원동기,남,45세,경상,승용,남,31세,상해없음
2016052500100319,2016년 5월 25일 14시,수요일,대구광역시 서구 평리동,경상사고,0,0,1,0,차대차 - 정면충돌,안전운전불이행,건조,맑음,단일로 - 기타,승용,남,27세,상해없음,승용,여,34세,경상
2016052500100355,2016년 5월 25일 15시,수요일,대구광역시 동구 신암동,경상사고,0,0,1,0,차대사람 - 차도통행중,안전운전불이행,건조,맑음,단일로 - 기타,승용,남,71세,상해없음,보행자,여,46세,경상
2016052500100356,2016년 5월 25일 15시,수요일,대구광역시 달서구 도원동,경상사고,0,0,1,0,차대사람 - 횡단중,안전운전불이행,건조,맑음,단일로 - 기타,승용,여,47세,상해없음,보행자,남,7세,경상
2016052500100395,2016년 5월 25일 16시,수요일,대구광역시 수성구 황금동,중상사고,0,1,0,1,차대차 - 추돌,안전운전불이행,건조,맑음,교차로 - 교차로부근,승용,남,27세,상해없음,승용,남,56세,중상
2016052500100397,2016년 5월 25일 16시,수요일,대구광역시 달성군 다사읍,경상사고,0,0,1,0,차대차 - 측면충돌,안전운전불이행,건조,맑음,교차로 - 교차로안,기타불명,기타불명,20세,기타불명,자전거,남,90세 이상,경상
2016052500100398,2016년 5월 25일 16시,수요일,대구광역시 달서구 호산동,중상사고,0,1,0,1,차대차 - 추돌,신호위반,건조,맑음,교차로 - 교차로부근,승용,남,47세,상해없음,승용,남,54세,중상
2016052500100439,2016년 5월 25일 17시,수요일,대구광역시 달서구 진천동,중상사고,0,1,0,0,차대차 - 추돌,안전운전불이행,건조,맑음,단일로 - 기타,승용,남,56세,상해없음,승용,남,46세,중상
2016052500100440,2016년 5월 25일 17시,수요일,대구광역시 달성군 현풍면,중상사고,0,2,4,0,차대차 - 추돌,안전운전불이행,건조,맑음,교차로 - 교차로부근,승용,여,21세,상해없음,승용,남,43세,중상
2016052500100441,2016년 5월 25일 17시,수요일,대구광역시 달성군 가창면,경상사고,0,0,1,0,차대차 - 측면직각충돌,안전운전불이행,건조,맑음,단일로 - 기타,승용,남,77세,상해없음,승용,남,45세,경상
2016052500100474,2016년 5월 25일 18시,수요일,대구광역시 달서구 대천동,경상사고,0,0,2,0,차대차 - 추돌,안전운전불이행,건조,맑음,단일로 - 기타,화물,남,46세,상해없음,승용,여,37세,경상
2016052500100476,2016년 5월 25일 18시,수요일,대구광역시 수성구 범어동,중상사고,0,1,0,0,차대차 - 측면충돌,기타,건조,맑음,단일로 - 기타,승용,여,32세,상해없음,원동기,남,31세,중상
2016052500100477,2016년 5월 25일 18시,수요일,대구광역시 수성구 범어동,중상사고,0,1,0,0,차대사람 - 길가장자리구역통행중,안전운전불이행,건조,맑음,단일로 - 기타,이륜,남,46세,상해없음,보행자,남,55세,중상
2016052500100478,2016년 5월 25일 18시,수요일,대구광역시 수성구 시지동,경상사고,0,0,1,0,차대사람 - 길가장자리구역통행중,안전운전불이행,건조,맑음,단일로 - 기타,이륜,남,51세,상해없음,보행자,여,27세,경상
2016052500100479,2016년 5월 25일 18시,수요일,대구광역시 달서구 상인동,중상사고,0,1,0,0,차대사람 - 횡단중,보행자보호의무위반,건조,맑음,단일로 - 횡단보도상,승용,남,47세,상해없음,보행자,남,7세,중상
2016052500100510,2016년 5월 25일 19시,수요일,대구광역시 동구 부동,경상사고,0,0,1,0,차대차 - 기타,안전운전불이행,건조,맑음,단일로 - 기타,승용,여,34세,상해없음,승용,남,39세,경상
2016052500100512,2016년 5월 25일 19시,수요일,대구광역시 수성구 수성동3가,중상사고,0,1,0,0,차대사람 - 횡단중,보행자보호의무위반,건조,맑음,단일로 - 기타,승합,남,72세,상해없음,보행자,남,7세,중상
2016052500100513,2016년 5월 25일 19시,수요일,대구광역시 서구 비산동,경상사고,0,0,2,0,차대차 - 측면직각충돌,안전운전불이행,건조,맑음,단일로 - 기타,화물,남,28세,상해없음,승용,남,67세,상해없음
2016052500100569,2016년 5월 25일 21시,수요일,대구광역시 수성구 범어동,중상사고,0,1,0,0,차대차 - 기타,신호위반,건조,맑음,단일로 - 기타,승용,남,63세,상해없음,이륜,남,20세,중상
2016052500100604,2016년 5월 25일 22시,수요일,대구광역시 동구 신천동,경상사고,0,0,3,0,차대차 - 추돌,안전운전불이행,건조,맑음,단일로 - 기타,승용,남,57세,상해없음,승용,남,27세,경상
2016052500100605,2016년 5월 25일 22시,수요일,대구광역시 북구 동천동,경상사고,0,0,2,0,차대차 - 추돌,안전운전불이행,건조,맑음,교차로 - 교차로부근,승용,남,58세,상해없음,승용,남,25세,경상
2016052500100627,2016년 5월 25일 23시,수요일,대구광역시 수성구 지산동,경상사고,0,0,2,0,차대차 - 측면충돌,안전운전불이행,건조,맑음,단일로 - 기타,이륜,남,16세,경상,승용,남,44세,상해없음
2016052600100016,2016년 5월 26일 00시,목요일,대구광역시 달서구 월성동,중상사고,0,1,2,0,차대차 - 측면직각충돌,교차로운행방법위반,건조,맑음,교차로 - 교차로안,승용,남,61세,상해없음,승용,여,35세,중상
2016052600100030,2016년 5월 26일 01시,목요일,대구광역시 서구 평리동,중상사고,0,1,0,0,차대차 - 측면직각충돌,교차로운행방법위반,건조,맑음,교차로 - 교차로안,승용,남,53세,상해없음,승용,남,66세,상해없음
2016052600100060,2016년 5월 26일 05시,목요일,대구광역시 수성구 만촌동,중상사고,0,1,0,0,차량단독 - 전도전복,안전운전불이행,건조,맑음,단일로 - 기타,이륜,남,23세,중상,,,,
2016052600100091,2016년 5월 26일 07시,목요일,대구광역시 수성구 지산동,중상사고,0,2,1,0,차대차 - 측면충돌,안전운전불이행,건조,맑음,교차로 - 교차로부근,화물,남,55세,상해없음,승용,남,33세,중상
2016052600100128,2016년 5월 26일 08시,목요일,대구광역시 동구 효목동,경상사고,0,0,2,0,차대차 - 측면직각충돌,안전거리미확보,건조,맑음,단일로 - 기타,승용,남,78세,상해없음,승용,남,31세,경상
2016052600100129,2016년 5월 26일 08시,목요일,대구광역시 수성구 지산동,경상사고,0,0,1,0,차대사람 - 횡단중,보행자보호의무위반,건조,맑음,단일로 - 횡단보도상,승용,남,37세,상해없음,보행자,남,16세,경상
2016052600100130,2016년 5월 26일 08시,목요일,대구광역시 수성구 파동,경상사고,0,0,2,0,차대차 - 측면충돌,안전운전불이행,건조,맑음,단일로 - 기타,승용,남,65세,경상,승용,여,28세,경상
2016052600100131,2016년 5월 26일 08시,목요일,대구광역시 북구 검단동,경상사고,0,0,1,0,차대차 - 측면직각충돌,중앙선침범,건조,맑음,단일로 - 기타,승용,남,35세,상해없음,승합,남,54세,상해없음
2016052600100166,2016년 5월 26일 09시,목요일,대구광역시 남구 대명동,경상사고,0,0,1,0,차대사람 - 횡단중,안전운전불이행,건조,맑음,교차로 - 교차로부근,승용,여,40세,상해없음,보행자,남,26세,경상
2016052600100167,2016년 5월 26일 09시,목요일,대구광역시 수성구 신매동,경상사고,0,0,1,0,차대차 - 추돌,교차로운행방법위반,건조,맑음,교차로 - 교차로부근,승용,남,46세,상해없음,화물,남,72세,상해없음
2016052600100195,2016년 5월 26일 10시,목요일,대구광역시 동구 서호동,중상사고,0,1,0,0,차량단독 - 기타,안전운전불이행,건조,맑음,단일로 - 기타,승합,남,49세,상해없음,,,,