사고번호,사고일시,요일,시군구,사고내용,사망자수,중상자수,경상자수,부상신고자수,사고유형,법규위반,노면상태,기상상태,도로형태,가해운전자 차종,가해운전자 성별,가해운전자 연령,가해운전자 상해정도,피해운전자 차종,피해운전자 성별,피해운전자 연령,피해운전자 상해정도
2016052600100197,2016년 5월 26일 10시,목요일,대구광역시 중구 남산동,중상사고,0,1,0,0,차대차 - 정면충돌,직진우회전진행방해,건조,맑음,교차로 - 교차로안,승용,여,58세,상해없음,자전거,여,57세,중상
2016052600100242,2016년 5월 26일 12시,목요일,대구광역시 서구 중리동,경상사고,0,0,1,0,차대차 - 측면직각충돌,안전운전불이행,건조,맑음,단일로 - 기타,승용,남,41세,상해없음,승용,남,42세,경상
2016052600100243,2016년 5월 26일 12시,목요일,대구광역시 북구 구암동,경상사고,0,0,1,0,차대차 - 추돌,안전운전불이행,건조,맑음,교차로 - 교차로부근,승용,남,53세,상해없음,승용,여,50세,경상
2016052600100269,2016년 5월 26일 13시,목요일,대구광역시 서구 평리동,경상사고,0,0,1,0,차대차 - 측면충돌,안전거리미확보,건조,맑음,단일로 - 기타,이륜,남,24세,경상,승용,여,23세,상해없음
2016052600100270,2016년 5월 26일 13시,목요일,대구광역시 달서구 용산동,사망사고,1,0,0,0,차대사람 - 횡단중,안전운전불이행,건조,맑음,교차로 - 교차로안,승용,남,36세,상해없음,보행자,남,83세,사망
2016052600100337,2016년 5월 26일 15시,목요일,대구광역시 수성구 황금동,중상사고,0,1,0,0,차대사람 - 횡단중,보행자보호의무위반,건조,맑음,단일로 - 기타,승용,남,73세,상해없음,보행자,여,10세,중상
2016052600100338,2016년 5월 26일 15시,목요일,대구광역시 달성군 화원읍,중상사고,0,2,0,0,차대차 - 기타,신호위반,건조,맑음,교차로 - 교차로안,승용,남,67세,상해없음,화물,남,52세,기타불명
2016052600100370,2016년 5월 26일 16시,목요일,대구광역시 남구 봉덕동,부상신고사고,0,0,0,1,차대차 - 정면충돌,중앙선침범,건조,맑음,단일로 - 기타,이륜,남,16세,부상신고,승합,남,28세,상해없음
2016052600100371,2016년 5월 26일 16시,목요일,대구광역시 동구 신천동,경상사고,0,0,1,1,차대차 - 측면직각충돌,교차로운행방법위반,건조,맑음,교차로 - 교차로안,승용,여,44세,부상신고,승용,남,39세,경상
2016052600100372,2016년 5월 26일 16시,목요일,대구광역시 북구 복현동,부상신고사고,0,0,0,1,차대사람 - 길가장자리구역통행중,안전운전불이행,건조,맑음,단일로 - 기타,기타불명,기타불명,기타불명,기타불명,보행자,여,21세,부상신고
2016052600100373,2016년 5월 26일 16시,목요일,대구광역시 달서구 장기동,경상사고,0,0,4,0,차대차 - 추돌,안전운전불이행,건조,맑음,교차로 - 교차로부근,승용,여,36세,상해없음,승용,남,20세,경상
2016052600100419,2016년 5월 26일 17시,목요일,대구광역시 달서구 송현동,부상신고사고,0,0,0,1,차대차 - 기타,교차로운행방법위반,건조,맑음,교차로 - 교차로안,기타불명,기타불명,기타불명,기타불명,이륜,남,51세,부상신고
2016052600100420,2016년 5월 26일 17시,목요일,대구광역시 중구 동인동1가,경상사고,0,0,1,0,차대차 - 추돌,안전거리미확보,건조,맑음,교차로 - 교차로부근,승용,남,63세,상해없음,승용,여,25세,경상
2016052600100457,2016년 5월 26일 18시,목요일,대구광역시 북구 산격동,경상사고,0,0,1,1,차대차 - 측면충돌,안전운전불이행,건조,맑음,단일로 - 기타,승용,여,57세,부상신고,승용,남,35세,경상
2016052600100458,2016년 5월 26일 18시,목요일,대구광역시 북구 산격동,경상사고,0,0,1,0,차대차 - 측면직각충돌,안전거리미확보,건조,맑음,교차로 - 교차로부근,승용,여,55세,경상,화물,남,49세,상해없음
2016052600100489,2016년 5월 26일 19시,목요일,대구광역시 북구 칠성동2가,경상사고,0,0,1,1,차대차 - 측면직각충돌,안전운전불이행,건조,맑음,교차로 - 교차로부근,이륜,남,24세,부상신고,승용,남,66세,경상
2016052600100520,2016년 5월 26일 20시,목요일,대구광역시 북구 산격동,경상사고,0,0,4,0,차대차 - 측면충돌,직진우회전진행방해,건조,맑음,단일로 - 기타,화물,남,73세,상해없음,승용,남,51세,경상
2016052600100521,2016년 5월 26일 20시,목요일,대구광역시 달서구 신당동,경상사고,0,0,1,0,차대차 - 측면충돌,안전운전불이행,건조,맑음,교차로 - 교차로부근,승용,남,19세,상해없음,이륜,남,26세,경상
2016052600100555,2016년 5월 26일 21시,목요일,대구광역시 북구 산격동,경상사고,0,0,1,0,차대차 - 측면충돌,기타,건조,맑음,교차로 - 교차로안,원동기,남,31세,경상,승용,남,28세,상해없음
2016052600100584,2016년 5월 26일 22시,목요일,대구광역시 북구 동천동,경상사고,0,0,2,0,차대차 - 측면직각충돌,안전거리미확보,건조,맑음,단일로 - 기타,승용,남,30세,상해없음,이륜,남,19세,경상
2016052600100605,2016년 5월 26일 23시,목요일,대구광역시 중구 대신동,경상사고,0,0,2,0,차대차 - 측면직각충돌,신호위반,건조,맑음,교차로 - 교차로안,승용,여,37세,상해없음,승용,남,59세,경상
2016052700100024,2016년 5월 27일 02시,금요일,대구광역시 남구 봉덕동,경상사고,0,0,1,0,차대차 - 기타,안전운전불이행,건조,맑음,단일로 - 기타,승용,남,22세,상해없음,승용,남,64세,경상
2016052700100025,2016년 5월 27일 02시,금요일,대구광역시 중구 동인동4가,중상사고,0,1,0,0,차대사람 - 횡단중,안전운전불이행,건조,맑음,교차로 - 교차로부근,승용,남,55세,상해없음,보행자,여,51세,중상
2016052700100034,2016년 5월 27일 03시,금요일,대구광역시 중구 남산동,중상사고,0,1,2,0,차대차 - 추돌,안전운전불이행,건조,맑음,교차로 - 교차로부근,승용,남,36세,상해없음,원동기,남,47세,중상
2016052700100059,2016년 5월 27일 06시,금요일,대구광역시 달서구 두류동,경상사고,0,0,1,0,차대차 - 측면충돌,안전운전불이행,건조,맑음,단일로 - 기타,화물,남,40세,상해없음,승용,남,66세,경상
2016052700100082,2016년 5월 27일 07시,금요일,대구광역시 수성구 황금동,경상사고,0,0,2,0,차대차 - 추돌,안전운전불이행,건조,맑음,교차로 - 교차로부근,기타불명,기타불명,기타불명,기타불명,승용,남,62세,상해없음
2016052700100083,2016년 5월 27일 07시,금요일,대구광역시 달서구 진천동,중상사고,0,1,0,0,차대차 - 측면충돌,안전운전불이행,건조,맑음,교차로 - 교차로안,승용,남,46세,상해없음,화물,남,50세,상해없음
2016052700100084,2016년 5월 27일 07시,금요일,대구광역시 달서구 상인동,경상사고,0,0,2,0,차대차 - 기타,안전거리미확보,건조,맑음,단일로 - 기타,승용,남,69세,경상,승합,남,54세,경상
2016052700100121,2016년 5월 27일 08시,금요일,대구광역시 달서구 성당동,중상사고,0,1,0,0,차대사람 - 횡단중,안전운전불이행,건조,맑음,교차로 - 교차로안,화물,남,50세,상해없음,보행자,남,46세,중상
2016052700100122,2016년 5월 27일 08시,금요일,대구광역시 북구 구암동,경상사고,0,0,1,0,차대차 - 추돌,불법유턴,건조,맑음,단일로 - 기타,승합,남,76세,상해없음,승용,남,24세,경상
2016052700100153,2016년 5월 27일 09시,금요일,대구광역시 중구 공평동,경상사고,0,0,1,0,차대차 - 정면충돌,안전운전불이행,건조,맑음,단일로 - 기타,승용,남,61세,상해없음,이륜,남,28세,경상
2016052700100178,2016년 5월 27일 10시,금요일,대구광역시 북구 산격동,부상신고사고,0,0,0,1,차대차 - 측면충돌,안전운전불이행,건조,맑음,교차로 - 교차로안,원동기,남,24세,부상신고,승용,남,34세,상해없음
2016052700100203,2016년 5월 27일 11시,금요일,대구광역시 서구 중리동,경상사고,0,0,1,0,차대차 - 측면충돌,직진우회전진행방해,건조,맑음,교차로 - 교차로안,화물,남,56세,상해없음,자전거,남,48세,경상
2016052700100204,2016년 5월 27일 11시,금요일,대구광역시 중구 북성로1가,중상사고,0,1,0,0,차대사람 - 횡단중,보행자보호의무위반,건조,맑음,단일로 - 기타,이륜,남,36세,상해없음,보행자,남,63세,중상
2016052700100205,2016년 5월 27일 11시,금요일,대구광역시 북구 구암동,경상사고,0,0,3,0,차대차 - 추돌,안전운전불이행,건조,맑음,교차로 - 교차로부근,화물,남,44세,상해없음,승용,남,26세,경상
2016052700100237,2016년 5월 27일 12시,금요일,대구광역시 달서구 신당동,경상사고,0,0,1,0,차대차 - 추돌,교차로운행방법위반,건조,맑음,교차로 - 교차로안,승용,여,49세,상해없음,승용,여,48세,경상
2016052700100276,2016년 5월 27일 13시,금요일,대구광역시 동구 방촌동,경상사고,0,0,2,0,차대차 - 측면직각충돌,교차로운행방법위반,건조,맑음,교차로 - 교차로안,화물,남,34세,경상,화물,남,63세,경상
2016052700100277,2016년 5월 27일 13시,금요일,대구광역시 달서구 상인동,사망사고,1,0,0,0,차량단독 - 기타,안전운전불이행,건조,맑음,단일로 - 기타,원동기,남,79세,사망,,,,
2016052700100278,2016년 5월 27일 13시,금요일,대구광역시 달서구 송현동,경상사고,0,0,2,0,차대차 - 측면충돌,안전운전불이행,건조,맑음,단일로 - 기타,승용,여,53세,상해없음,승용,남,62세,경상
2016052700100279,2016년 5월 27일 13시,금요일,대구광역시 달서구 파호동,경상사고,0,0,1,0,차대차 - 측면충돌,안전거리미확보,건조,맑음,단일로 - 기타,승용,남,49세,상해없음,승용,남,43세,경상
2016052700100313,2016년 5월 27일 14시,금요일,대구광역시 남구 봉덕동,경상사고,0,0,1,0,차대사람 - 기타,안전운전불이행,건조,맑음,단일로 - 기타,승용,여,43세,상해없음,보행자,남,52세,경상
2016052700100314,2016년 5월 27일 14시,금요일,대구광역시 동구 중대동,중상사고,0,1,1,0,차대차 - 정면충돌,안전운전불이행,건조,맑음,단일로 - 기타,화물,남,39세,기타불명,승용,남,75세,중상
2016052700100315,2016년 5월 27일 14시,금요일,대구광역시 수성구 이천동,경상사고,0,0,1,0,차대차 - 추돌,안전운전불이행,건조,맑음,교차로 - 교차로부근,승용,남,55세,상해없음,승용,여,45세,경상
2016052700100352,2016년 5월 27일 15시,금요일,대구광역시 남구 대명동,경상사고,0,0,1,0,차대사람 - 횡단중,보행자보호의무위반,건조,맑음,단일로 - 기타,승합,여,45세,상해없음,보행자,남,12세,경상
2016052700100353,2016년 5월 27일 15시,금요일,대구광역시 수성구 상동,경상사고,0,0,2,0,차대차 - 추돌,안전운전불이행,건조,맑음,단일로 - 기타,승용,남,59세,기타불명,승용,남,26세,경상
2016052700100354,2016년 5월 27일 15시,금요일,대구광역시 북구 산격동,경상사고,0,0,1,0,차대사람 - 기타,안전운전불이행,건조,맑음,단일로 - 기타,승용,남,69세,상해없음,보행자,여,48세,경상
2016052700100355,2016년 5월 27일 15시,금요일,대구광역시 북구 태전동,중상사고,0,4,0,0,차대차 - 정면충돌,중앙선침범,건조,흐림,단일로 - 기타,승용,남,70세,상해없음,승용,남,51세,중상
2016052700100356,2016년 5월 27일 15시,금요일,대구광역시 북구 태전동,중상사고,0,1,0,0,차대사람 - 횡단중,기타,건조,맑음,단일로 - 기타,승용,여,42세,상해없음,보행자,남,3세,중상
2016052700100403,2016년 5월 27일 16시,금요일,대구광역시 중구 남산동,경상사고,0,0,2,1,차대차 - 측면직각충돌,안전거리미확보,건조,맑음,교차로 - 교차로부근,승용,남,66세,부상신고,승용,남,37세,경상
2016052700100404,2016년 5월 27일 16시,금요일,대구광역시 중구 대봉동,부상신고사고,0,0,0,1,차대차 - 추돌,안전거리미확보,건조,맑음,단일로 - 기타,이륜,남,23세,부상신고,승용,남,53세,상해없음
2016052700100405,2016년 5월 27일 16시,금요일,대구광역시 달서구 용산동,중상사고,0,1,0,0,차대차 - 측면직각충돌,안전운전불이행,건조,맑음,단일로 - 기타,승용,남,53세,상해없음,자전거,남,15세,중상
2016052700100443,2016년 5월 27일 17시,금요일,대구광역시 서구 내당동,중상사고,0,1,0,0,차대차 - 정면충돌,안전운전불이행,건조,맑음,단일로 - 기타,화물,남,50세,상해없음,자전거,남,76세,중상
2016052700100444,2016년 5월 27일 17시,금요일,대구광역시 중구 북성로1가,중상사고,0,1,0,0,차대차 - 추돌,안전운전불이행,건조,맑음,단일로 - 기타,화물,남,61세,상해없음,자전거,여,54세,중상
2016052700100445,2016년 5월 27일 17시,금요일,대구광역시 중구 동산동,경상사고,0,0,1,0,차대차 - 추돌,안전운전불이행,건조,맑음,단일로 - 기타,승용,남,40세,상해없음,승용,남,41세,상해없음
2016052700100446,2016년 5월 27일 17시,금요일,대구광역시 중구 태평로1가,중상사고,0,1,0,0,차량단독 - 기타,안전운전불이행,건조,맑음,단일로 - 기타,승합,남,44세,상해없음,,,,
2016052700100491,2016년 5월 27일 18시,금요일,대구광역시 달서구 갈산동,경상사고,0,0,1,0,차대차 - 추돌,안전운전불이행,건조,맑음,교차로 - 교차로부근,승용,남,53세,상해없음,승용,남,37세,경상
2016052700100492,2016년 5월 27일 18시,금요일,대구광역시 북구 노원동3가,중상사고,0,1,0,0,차대차 - 측면직각충돌,안전운전불이행,건조,맑음,교차로 - 교차로부근,승용,여,50세,상해없음,이륜,남,64세,중상
2016052700100493,2016년 5월 27일 18시,금요일,대구광역시 서구 내당동,중상사고,0,1,0,0,차대차 - 측면충돌,직진우회전진행방해,건조,맑음,교차로 - 교차로안,원동기,남,50세,중상,승용,남,33세,상해없음
2016052700100521,2016년 5월 27일 19시,금요일,대구광역시 동구 효목동,부상신고사고,0,0,0,1,차대차 - 측면충돌,안전운전불이행,건조,맑음,교차로 - 교차로안,원동기,남,30세,부상신고,승용,여,42세,상해없음
2016052700100522,2016년 5월 27일 19시,금요일,대구광역시 달서구 성당동,중상사고,0,1,0,0,차대차 - 기타,안전거리미확보,건조,맑음,단일로 - 기타,이륜,남,51세,상해없음,승합,남,55세,상해없음
2016052700100523,2016년 5월 27일 19시,금요일,대구광역시 북구 동천동,경상사고,0,0,1,0,차대차 - 측면충돌,신호위반,건조,맑음,교차로 - 교차로부근,이륜,남,20세,경상,승용,여,31세,상해없음
2016052700100557,2016년 5월 27일 20시,금요일,대구광역시 북구 팔달동,부상신고사고,0,0,0,1,차대차 - 측면직각충돌,안전운전불이행,건조,맑음,단일로 - 횡단보도상,기타불명,기타불명,30세,기타불명,자전거,남,19세,부상신고
2016052700100589,2016년 5월 27일 21시,금요일,대구광역시 달서구 감삼동,중상사고,0,1,0,0,차대사람 - 기타,안전운전불이행,건조,맑음,단일로 - 기타,승용,남,27세,상해없음,보행자,남,34세,중상
2016052700100615,2016년 5월 27일 22시,금요일,대구광역시 남구 대명동,경상사고,0,0,1,0,차대차 - 기타,안전운전불이행,건조,맑음,기타 - 기타,승용,남,71세,상해없음,자전거,남,45세,경상
2016052700100616,2016년 5월 27일 22시,금요일,대구광역시 북구 동천동,부상신고사고,0,0,0,1,차대차 - 측면충돌,안전운전불이행,건조,맑음,단일로 - 기타,이륜,남,21세,부상신고,승용,남,45세,상해없음
2016052700100643,2016년 5월 27일 23시,금요일,대구광역시 수성구 매호동,경상사고,0,0,1,0,차대차 - 측면충돌,안전운전불이행,건조,맑음,단일로 - 기타,승용,남,36세,상해없음,승용,남,27세,경상
2016052700100644,2016년 5월 27일 23시,금요일,대구광역시 서구 비산동,경상사고,0,0,2,0,차대차 - 측면직각충돌,교차로운행방법위반,건조,맑음,교차로 - 교차로안,승용,여,57세,경상,승용,남,59세,경상
2016052700100645,2016년 5월 27일 23시,금요일,대구광역시 달서구 신당동,중상사고,0,1,1,0,차대차 - 기타,안전운전불이행,건조,흐림,교차로 - 교차로안,승용,남,48세,상해없음,원동기,남,19세,중상
2016052800100024,2016년 5월 28일 00시,토요일,대구광역시 동구 방촌동,중상사고,0,1,0,0,차대차 - 측면충돌,안전운전불이행,건조,맑음,단일로 - 기타,승용,남,65세,상해없음,이륜,남,18세,중상
2016052800100025,2016년 5월 28일 00시,토요일,대구광역시 수성구 범어동,중상사고,0,1,0,0,차대차 - 기타,교차로운행방법위반,건조,맑음,교차로 - 교차로안,승용,남,54세,상해없음,자전거,남,17세,중상
2016052800100026,2016년 5월 28일 00시,토요일,대구광역시 달서구 월암동,경상사고,0,0,2,0,차대차 - 측면충돌,직진우회전진행방해,건조,맑음,교차로 - 교차로안,승용,여,61세,경상,승용,남,28세,경상
2016052800100027,2016년 5월 28일 00시,토요일,대구광역시 북구 태전동,경상사고,0,0,1,0,차대차 - 측면충돌,안전거리미확보,건조,맑음,단일로 - 기타,승용,여,29세,상해없음,이륜,남,22세,경상
2016052800100039,2016년 5월 28일 01시,토요일,대구광역시 수성구 수성동3가,중상사고,0,1,1,0,차대차 - 추돌,안전운전불이행,건조,맑음,교차로 - 교차로부근,승용,여,43세,상해없음,승용,남,53세,경상
2016052800100040,2016년 5월 28일 01시,토요일,대구광역시 달서구 본리동,중상사고,0,1,1,0,차대차 - 측면충돌,신호위반,건조,맑음,교차로 - 교차로안,승용,남,59세,상해없음,승용,남,53세,상해없음
2016052800100075,2016년 5월 28일 04시,토요일,대구광역시 서구 비산동,경상사고,0,0,1,0,차량단독 - 전도전복,안전운전불이행,건조,맑음,단일로 - 기타,이륜,남,17세,상해없음,,,,
2016052800100088,2016년 5월 28일 05시,토요일,대구광역시 중구 삼덕동1가,경상사고,0,0,2,0,차대사람 - 횡단중,안전운전불이행,건조,맑음,단일로 - 기타,승용,남,20세,상해없음,보행자,남,24세,경상
2016052800100138,2016년 5월 28일 08시,토요일,대구광역시 서구 비산동,경상사고,0,0,1,0,차대차 - 추돌,안전운전불이행,건조,맑음,단일로 - 기타,승용,남,58세,상해없음,화물,남,25세,경상
2016052800100164,2016년 5월 28일 09시,토요일,대구광역시 남구 대명동,중상사고,0,1,0,0,차대차 - 정면충돌,교차로운행방법위반,건조,맑음,교차로 - 교차로안,승용,여,45세,상해없음,승합,남,39세,중상
2016052800100165,2016년 5월 28일 09시,토요일,대구광역시 동구 율하동,경상사고,0,0,1,0,차대차 - 측면직각충돌,교차로운행방법위반,건조,맑음,교차로 - 교차로안,승용,남,48세,상해없음,승용,남,64세,경상
2016052800100166,2016년 5월 28일 09시,토요일,대구광역시 수성구 중동,경상사고,0,0,1,0,차대차 - 정면충돌,안전운전불이행,건조,맑음,단일로 - 기타,이륜,남,27세,경상,화물,남,37세,상해없음
2016052800100167,2016년 5월 28일 09시,토요일,대구광역시 달서구 도원동,경상사고,0,0,1,0,차대사람 - 기타,안전운전불이행,건조,맑음,기타 - 기타,화물,남,54세,상해없음,보행자,여,72세,경상
2016052800100168,2016년 5월 28일 09시,토요일,대구광역시 서구 비산동,중상사고,0,1,3,0,차대차 - 측면충돌,안전운전불이행,건조,맑음,교차로 - 교차로부근,원동기,남,21세,상해없음,승용,남,34세,경상
2016052800100200,2016년 5월 28일 10시,토요일,대구광역시 서구 평리동,중상사고,0,1,0,0,차대차 - 정면충돌,안전운전불이행,건조,맑음,교차로 - 교차로안,자전거,남,49세,중상,승합,남,45세,상해없음
2016052800100201,2016년 5월 28일 10시,토요일,대구광역시 중구 남산동,중상사고,0,1,0,0,차대사람 - 횡단중,보행자보호의무위반,건조,맑음,단일로 - 횡단보도상,화물,남,33세,상해없음,보행자,여,81세,중상
2016052800100315,2016년 5월 28일 13시,토요일,대구광역시 남구 대명동,경상사고,0,0,2,0,차대차 - 정면충돌,차로위반,건조,맑음,단일로 - 기타,승용,남,46세,상해없음,승용,남,20세,경상
2016052800100316,2016년 5월 28일 13시,토요일,대구광역시 달서구 용산동,경상사고,0,0,2,0,차대차 - 측면충돌,교차로운행방법위반,건조,맑음,교차로 - 교차로안,승용,여,39세,경상,승용,여,43세,경상
2016052800100358,2016년 5월 28일 14시,토요일,대구광역시 수성구 지산동,중상사고,0,1,0,0,차대사람 - 길가장자리구역통행중,기타,건조,맑음,단일로 - 기타,승용,남,67세,상해없음,보행자,여,73세,중상
2016052800100359,2016년 5월 28일 14시,토요일,대구광역시 수성구 황금동,경상사고,0,0,1,0,차대차 - 측면직각충돌,안전거리미확보,건조,맑음,단일로 - 기타,승용,남,46세,상해없음,승용,여,33세,경상
2016052800100360,2016년 5월 28일 14시,토요일,대구광역시 달서구 월성동,경상사고,0,0,1,0,차대차 - 추돌,안전운전불이행,건조,맑음,단일로 - 기타,승용,남,68세,상해없음,승용,남,32세,경상
2016052800100401,2016년 5월 28일 15시,토요일,대구광역시 수성구 상동,경상사고,0,0,1,0,차대차 - 기타,안전운전불이행,건조,맑음,교차로 - 교차로안,승용,여,35세,상해없음,승용,여,25세,경상
2016052800100402,2016년 5월 28일 15시,토요일,대구광역시 서구 내당동,경상사고,0,0,4,0,차대차 - 추돌,안전운전불이행,건조,맑음,교차로 - 교차로부근,승용,남,32세,상해없음,승용,남,38세,경상
2016052800100452,2016년 5월 28일 16시,토요일,대구광역시 남구 대명동,중상사고,0,1,0,0,차대사람 - 횡단중,보행자보호의무위반,건조,맑음,단일로 - 횡단보도상,화물,남,68세,상해없음,보행자,여,43세,중상
2016052800100453,2016년 5월 28일 16시,토요일,대구광역시 수성구 신매동,중상사고,0,1,0,0,차대차 - 추돌,안전거리미확보,건조,맑음,단일로 - 기타,승용,남,59세,상해없음,승용,여,26세,중상
2016052800100454,2016년 5월 28일 16시,토요일,대구광역시 수성구 지산동,경상사고,0,0,1,0,차대사람 - 횡단중,안전운전불이행,건조,맑음,교차로 - 교차로부근,승용,여,27세,상해없음,보행자,여,77세,경상
2016052800100455,2016년 5월 28일 16시,토요일,대구광역시 서구 원대동1가,경상사고,0,0,1,0,차대차 - 측면직각충돌,기타,건조,맑음,교차로 - 교차로부근,승용,여,49세,상해없음,자전거,여,11세,경상
2016052800100559,2016년 5월 28일 19시,토요일,대구광역시 동구 신암동,경상사고,0,0,1,0,차대차 - 추돌,안전거리미확보,건조,맑음,단일로 - 기타,승용,여,31세,상해없음,승용,남,33세,경상
2016052800100560,2016년 5월 28일 19시,토요일,대구광역시 달성군 옥포면,경상사고,0,0,1,0,차대사람 - 횡단중,안전운전불이행,건조,맑음,교차로 - 교차로부근,화물,남,59세,상해없음,보행자,여,67세,경상
2016052800100592,2016년 5월 28일 20시,토요일,대구광역시 달서구 상인동,경상사고,0,0,1,0,차대차 - 측면충돌,교차로운행방법위반,건조,맑음,교차로 - 교차로부근,화물,남,53세,상해없음,이륜,남,19세,경상
2016052800100593,2016년 5월 28일 20시,토요일,대구광역시 달서구 용산동,경상사고,0,0,1,0,차대차 - 측면직각충돌,안전거리미확보,건조,맑음,단일로 - 기타,승용,남,55세,상해없음,이륜,남,21세,경상
2016052800100624,2016년 5월 28일 21시,토요일,대구광역시 동구 신기동,중상사고,0,1,0,0,차대사람 - 횡단중,보행자보호의무위반,건조,맑음,단일로 - 횡단보도상,이륜,남,15세,상해없음,보행자,여,50세,중상
2016052800100625,2016년 5월 28일 21시,토요일,대구광역시 달서구 월성동,중상사고,0,2,0,0,차대사람 - 횡단중,안전운전불이행,건조,맑음,단일로 - 기타,승용,남,55세,상해없음,보행자,남,8세,중상
2016052800100626,2016년 5월 28일 21시,토요일,대구광역시 달서구 이곡동,경상사고,0,0,2,0,차대차 - 추돌,안전운전불이행,건조,맑음,교차로 - 교차로부근,이륜,남,20세,상해없음,승용,남,28세,경상
2016052800100687,2016년 5월 28일 23시,토요일,대구광역시 동구 각산동,경상사고,0,0,2,0,차대차 - 추돌,안전운전불이행,건조,맑음,교차로 - 교차로부근,화물,남,53세,상해없음,승용,남,35세,경상
2016052800100688,2016년 5월 28일 23시,토요일,대구광역시 달성군 화원읍,경상사고,0,0,1,0,차대차 - 측면충돌,안전운전불이행,건조,맑음,교차로 - 교차로부근,승용,여,50세,상해없음,원동기,남,19세,경상
2016052800100689,2016년 5월 28일 23시,토요일,대구광역시 중구 달성동,중상사고,0,1,0,0,차대사람 - 길가장자리구역통행중,안전운전불이행,건조,맑음,단일로 - 기타,승용,남,27세,상해없음,보행자,여,61세,중상
2016052900100021,2016년 5월 29일 00시,일요일,대구광역시 달성군 논공읍,경상사고,0,0,2,0,차대차 - 정면충돌,안전운전불이행,건조,맑음,교차로 - 교차로부근,승용,남,32세,상해없음,승용,남,63세,경상
2016052900100022,2016년 5월 29일 00시,일요일,대구광역시 중구 수창동,경상사고,0,0,2,0,차대차 - 정면충돌,안전운전불이행,건조,맑음,단일로 - 기타,승용,남,35세,상해없음,승용,남,43세,경상
2016052900100035,2016년 5월 29일 01시,일요일,대구광역시 수성구 수성동3가,경상사고,0,0,2,0,차대차 - 기타,안전거리미확보,건조,맑음,단일로 - 기타,승용,남,27세,상해없음,승용,남,44세,상해없음
2016052900100036,2016년 5월 29일 01시,일요일,대구광역시 수성구 범어동,중상사고,0,1,0,0,차대사람 - 횡단중,신호위반,건조,맑음,단일로 - 횡단보도상,이륜,남,26세,상해없음,보행자,여,28세,중상
2016052900100047,2016년 5월 29일 02시,일요일,대구광역시 북구 산격동,중상사고,0,2,2,0,차대차 - 측면직각충돌,안전운전불이행,건조,맑음,교차로 - 교차로안,승용,남,48세,상해없음,승용,남,58세,중상
2016052900100048,2016년 5월 29일 02시,일요일,대구광역시 서구 내당동,경상사고,0,0,1,0,차대차 - 추돌,안전거리미확보,건조,맑음,단일로 - 횡단보도부근,승용,남,57세,상해없음,승용,남,53세,경상
2016052900100062,2016년 5월 29일 03시,일요일,대구광역시 북구 침산동,경상사고,0,0,2,0,차대차 - 측면충돌,안전운전불이행,건조,맑음,교차로 - 교차로부근,승용,남,39세,상해없음,승용,남,19세,경상
2016052900100084,2016년 5월 29일 05시,일요일,대구광역시 중구 삼덕동1가,경상사고,0,0,1,0,차대차 - 정면충돌,안전운전불이행,건조,맑음,교차로 - 교차로부근,승용,여,37세,상해없음,승용,남,33세,경상
2016052900100124,2016년 5월 29일 08시,일요일,대구광역시 중구 동인동1가,중상사고,0,1,0,0,차대차 - 측면직각충돌,안전거리미확보,건조,맑음,단일로 - 기타,승용,남,71세,상해없음,이륜,남,80세,중상
2016052900100138,2016년 5월 29일 09시,일요일,대구광역시 달성군 가창면,경상사고,0,0,1,0,차대차 - 기타,안전운전불이행,건조,맑음,단일로 - 기타,승용,여,41세,상해없음,자전거,남,38세,경상
2016052900100153,2016년 5월 29일 10시,일요일,대구광역시 남구 대명동,부상신고사고,0,0,0,1,차대차 - 기타,신호위반,건조,맑음,교차로 - 교차로안,자전거,남,35세,부상신고,승용,여,34세,상해없음
2016052900100154,2016년 5월 29일 10시,일요일,대구광역시 북구 침산동,경상사고,0,0,1,0,차량단독 - 전도전복,안전운전불이행,건조,흐림,교차로 - 교차로부근,원동기,남,63세,경상,,,,
2016052900100155,2016년 5월 29일 10시,일요일,대구광역시 서구 내당동,경상사고,0,0,1,0,차대사람 - 차도통행중,안전운전불이행,건조,맑음,단일로 - 기타,승용,여,29세,상해없음,보행자,남,48세,경상
2016052900100156,2016년 5월 29일 10시,일요일,대구광역시 북구 관음동,경상사고,0,0,1,0,차대차 - 측면직각충돌,불법유턴,건조,맑음,단일로 - 기타,승용,남,75세,경상,화물,남,38세,상해없음
2016052900100172,2016년 5월 29일 11시,일요일,대구광역시 동구 신암동,부상신고사고,0,0,0,1,차량단독 - 전도전복,안전운전불이행,건조,맑음,단일로 - 기타,원동기,남,67세,부상신고,,,,
2016052900100196,2016년 5월 29일 12시,일요일,대구광역시 수성구 두산동,경상사고,0,0,1,0,차대차 - 측면직각충돌,안전운전불이행,건조,맑음,교차로 - 교차로부근,화물,남,66세,상해없음,이륜,남,21세,경상
2016052900100218,2016년 5월 29일 13시,일요일,대구광역시 달서구 신당동,경상사고,0,0,3,0,차량단독 - 공작물충돌,안전운전불이행,건조,맑음,단일로 - 기타,승용,남,21세,상해없음,,,,
2016052900100219,2016년 5월 29일 13시,일요일,대구광역시 달서구 성당동,경상사고,0,0,1,0,차대사람 - 기타,안전운전불이행,건조,맑음,교차로 - 교차로안,기타불명,기타불명,기타불명,기타불명,보행자,여,69세,경상