사고번호,사고일시,요일,시군구,사고내용,사망자수,중상자수,경상자수,부상신고자수,사고유형,법규위반,노면상태,기상상태,도로형태,가해운전자 차종,가해운전자 성별,가해운전자 연령,가해운전자 상해정도,피해운전자 차종,피해운전자 성별,피해운전자 연령,피해운전자 상해정도
2016060100100465,2016년 6월 1일 17시,수요일,대구광역시 북구 동천동,중상사고,0,1,1,0,차대차 - 측면직각충돌,신호위반,건조,맑음,교차로 - 교차로안,승용,남,28세,상해없음,승용,여,44세,중상
2016060100100505,2016년 6월 1일 18시,수요일,대구광역시 남구 대명동,경상사고,0,0,1,0,차대사람 - 횡단중,보행자보호의무위반,건조,맑음,단일로 - 횡단보도상,승용,남,26세,상해없음,보행자,여,30세,경상
2016060100100506,2016년 6월 1일 18시,수요일,대구광역시 달서구 신당동,경상사고,0,0,1,0,차대사람 - 횡단중,안전운전불이행,건조,맑음,단일로 - 기타,승합,남,51세,상해없음,보행자,여,14세,경상
2016060100100534,2016년 6월 1일 19시,수요일,대구광역시 수성구 범어동,경상사고,0,0,1,0,차대사람 - 보도통행중,기타,건조,맑음,단일로 - 기타,승용,남,62세,상해없음,보행자,남,32세,경상
2016060100100535,2016년 6월 1일 19시,수요일,대구광역시 달서구 유천동,경상사고,0,0,1,0,차대차 - 측면충돌,안전운전불이행,건조,맑음,단일로 - 횡단보도상,승용,여,49세,상해없음,자전거,여,47세,경상
2016060100100536,2016년 6월 1일 19시,수요일,대구광역시 서구 내당동,경상사고,0,0,1,0,차대차 - 정면충돌,안전운전불이행,건조,맑음,교차로 - 교차로부근,승용,여,36세,상해없음,승용,여,42세,경상
2016060100100562,2016년 6월 1일 20시,수요일,대구광역시 달서구 상인동,경상사고,0,0,1,0,차대사람 - 보도통행중,기타,건조,맑음,단일로 - 기타,기타불명,기타불명,기타불명,기타불명,보행자,여,21세,경상
2016060100100563,2016년 6월 1일 20시,수요일,대구광역시 북구 국우동,경상사고,0,0,1,0,차대차 - 측면충돌,안전운전불이행,건조,맑음,단일로 - 기타,승용,남,46세,상해없음,승용,여,61세,경상
2016060100100596,2016년 6월 1일 21시,수요일,대구광역시 달서구 이곡동,부상신고사고,0,0,0,1,차대차 - 기타,안전거리미확보,건조,맑음,단일로 - 기타,승용,남,71세,상해없음,이륜,남,22세,부상신고
2016060100100625,2016년 6월 1일 22시,수요일,대구광역시 동구 검사동,경상사고,0,0,1,0,차대차 - 측면충돌,중앙선침범,건조,맑음,교차로 - 교차로안,승용,기타불명,기타불명,기타불명,승용,여,49세,경상
2016060100100626,2016년 6월 1일 22시,수요일,대구광역시 수성구 범어동,부상신고사고,0,0,0,1,차대차 - 기타,안전운전불이행,건조,맑음,단일로 - 기타,자전거,여,44세,부상신고,승용,남,47세,상해없음
2016060100100654,2016년 6월 1일 23시,수요일,대구광역시 달서구 용산동,경상사고,0,0,1,0,차대차 - 추돌,안전운전불이행,건조,맑음,교차로 - 교차로부근,승용,남,29세,상해없음,승용,남,54세,경상
2016060200100007,2016년 6월 2일 00시,목요일,대구광역시 달서구 성당동,경상사고,0,0,1,0,차대사람 - 횡단중,안전운전불이행,건조,맑음,단일로 - 기타,기타불명,기타불명,기타불명,기타불명,보행자,여,51세,경상
2016060200100025,2016년 6월 2일 02시,목요일,대구광역시 달서구 감삼동,경상사고,0,0,1,0,차대사람 - 횡단중,안전운전불이행,건조,맑음,단일로 - 횡단보도상,승용,남,52세,상해없음,보행자,남,17세,경상
2016060200100052,2016년 6월 2일 05시,목요일,대구광역시 동구 신서동,경상사고,0,0,1,0,차대차 - 측면직각충돌,신호위반,건조,맑음,교차로 - 교차로안,화물,남,50세,상해없음,승용,남,47세,경상
2016060200100067,2016년 6월 2일 06시,목요일,대구광역시 서구 비산동,중상사고,0,1,0,0,차대차 - 기타,중앙선침범,건조,맑음,단일로 - 기타,승용,남,54세,상해없음,승용,남,57세,중상
2016060200100148,2016년 6월 2일 08시,목요일,대구광역시 남구 대명동,중상사고,0,1,0,0,차량단독 - 기타,기타,건조,맑음,단일로 - 기타,승합,남,57세,상해없음,,,,
2016060200100149,2016년 6월 2일 08시,목요일,대구광역시 북구 노원동2가,중상사고,0,1,0,0,차대사람 - 기타,안전운전불이행,건조,맑음,단일로 - 기타,승용,남,66세,상해없음,보행자,여,41세,중상
2016060200100150,2016년 6월 2일 08시,목요일,대구광역시 서구 평리동,중상사고,0,1,0,0,차대차 - 추돌,안전거리미확보,건조,맑음,단일로 - 횡단보도부근,승용,남,25세,상해없음,승용,여,54세,중상
2016060200100151,2016년 6월 2일 08시,목요일,대구광역시 중구 삼덕동3가,경상사고,0,0,2,0,차대차 - 추돌,안전거리미확보,건조,맑음,단일로 - 기타,승용,남,62세,상해없음,승합,남,39세,경상
2016060200100198,2016년 6월 2일 09시,목요일,대구광역시 달서구 월성동,경상사고,0,0,1,0,차대차 - 추돌,안전운전불이행,건조,맑음,단일로 - 기타,화물,남,45세,상해없음,승용,남,46세,경상
2016060200100199,2016년 6월 2일 09시,목요일,대구광역시 북구 산격동,부상신고사고,0,0,0,1,차대차 - 측면직각충돌,안전운전불이행,건조,맑음,교차로 - 교차로안,자전거,여,49세,부상신고,승용,남,72세,상해없음
2016060200100200,2016년 6월 2일 09시,목요일,대구광역시 북구 국우동,중상사고,0,1,0,0,차대사람 - 횡단중,보행자보호의무위반,건조,맑음,교차로 - 교차로부근,승용,여,54세,상해없음,보행자,여,69세,중상
2016060200100228,2016년 6월 2일 10시,목요일,대구광역시 수성구 상동,경상사고,0,0,1,0,차대차 - 기타,안전운전불이행,건조,맑음,단일로 - 기타,승용,남,74세,상해없음,승용,남,27세,경상
2016060200100229,2016년 6월 2일 10시,목요일,대구광역시 서구 비산동,부상신고사고,0,0,0,1,차대사람 - 기타,안전운전불이행,건조,맑음,단일로 - 기타,승용,기타불명,기타불명,기타불명,보행자,남,50세,부상신고
2016060200100262,2016년 6월 2일 11시,목요일,대구광역시 서구 중리동,중상사고,0,1,0,0,차대차 - 측면충돌,안전거리미확보,건조,맑음,교차로 - 교차로안,승합,남,43세,상해없음,승용,여,46세,중상
2016060200100286,2016년 6월 2일 12시,목요일,대구광역시 수성구 지산동,중상사고,0,1,0,0,차대차 - 추돌,안전운전불이행,건조,맑음,교차로 - 교차로안,승용,남,56세,상해없음,화물,남,48세,중상
2016060200100317,2016년 6월 2일 13시,목요일,대구광역시 달서구 송현동,경상사고,0,0,1,0,차대사람 - 횡단중,안전운전불이행,건조,맑음,교차로 - 교차로안,승용,여,59세,상해없음,보행자,남,54세,경상
2016060200100318,2016년 6월 2일 13시,목요일,대구광역시 달서구 죽전동,경상사고,0,0,2,0,차대차 - 추돌,안전거리미확보,건조,맑음,교차로 - 교차로부근,승용,남,58세,상해없음,승용,남,47세,경상
2016060200100319,2016년 6월 2일 13시,목요일,대구광역시 달서구 감삼동,경상사고,0,0,1,0,차대차 - 측면충돌,신호위반,건조,맑음,단일로 - 기타,승용,여,44세,상해없음,이륜,남,55세,경상
2016060200100369,2016년 6월 2일 15시,목요일,대구광역시 동구 율하동,경상사고,0,0,2,0,차대차 - 추돌,안전운전불이행,건조,맑음,단일로 - 기타,승용,남,55세,상해없음,승용,남,37세,상해없음
2016060200100370,2016년 6월 2일 15시,목요일,대구광역시 서구 평리동,경상사고,0,0,1,0,차대차 - 기타,안전거리미확보,건조,맑음,단일로 - 기타,승용,여,23세,상해없음,이륜,남,51세,경상
2016060200100412,2016년 6월 2일 16시,목요일,대구광역시 동구 효목동,경상사고,0,0,1,0,차대차 - 측면직각충돌,안전운전불이행,건조,맑음,단일로 - 기타,승용,남,23세,상해없음,자전거,남,13세,경상
2016060200100414,2016년 6월 2일 16시,목요일,대구광역시 달서구 본동,경상사고,0,0,1,0,차대차 - 기타,안전운전불이행,건조,맑음,기타 - 기타,승용,여,58세,상해없음,화물,남,23세,경상
2016060200100415,2016년 6월 2일 16시,목요일,대구광역시 북구 복현동,경상사고,0,0,1,0,차대차 - 측면충돌,안전거리미확보,건조,맑음,단일로 - 기타,승용,남,33세,상해없음,승용,여,44세,경상
2016060200100416,2016년 6월 2일 16시,목요일,대구광역시 북구 침산동,경상사고,0,0,1,0,차대사람 - 기타,안전운전불이행,건조,맑음,단일로 - 기타,이륜,여,58세,상해없음,보행자,남,14세,경상
2016060200100462,2016년 6월 2일 17시,목요일,대구광역시 남구 대명동,중상사고,0,1,0,0,차대사람 - 횡단중,안전운전불이행,건조,맑음,단일로 - 기타,원동기,남,19세,상해없음,보행자,남,57세,중상
2016060200100463,2016년 6월 2일 17시,목요일,대구광역시 동구 입석동,중상사고,0,1,0,0,차대사람 - 기타,안전운전불이행,건조,맑음,단일로 - 기타,화물,남,40세,상해없음,보행자,남,80세,중상
2016060200100464,2016년 6월 2일 17시,목요일,대구광역시 동구 신암동,중상사고,0,1,0,0,차대차 - 측면직각충돌,안전거리미확보,건조,맑음,단일로 - 기타,이륜,남,67세,중상,화물,남,63세,상해없음
2016060200100465,2016년 6월 2일 17시,목요일,대구광역시 동구 입석동,경상사고,0,0,1,0,차대차 - 측면직각충돌,차로위반,건조,맑음,단일로 - 기타,승용,여,45세,상해없음,승용,여,35세,경상
2016060200100466,2016년 6월 2일 17시,목요일,대구광역시 동구 율하동,중상사고,0,1,0,0,차대차 - 기타,안전운전불이행,건조,맑음,단일로 - 기타,승용,남,51세,상해없음,승합,남,27세,상해없음
2016060200100467,2016년 6월 2일 17시,목요일,대구광역시 중구 남산동,경상사고,0,0,1,0,차대차 - 기타,안전거리미확보,건조,맑음,단일로 - 기타,승용,남,66세,상해없음,승용,남,46세,경상
2016060200100468,2016년 6월 2일 17시,목요일,대구광역시 달서구 파호동,경상사고,0,0,1,0,차대사람 - 횡단중,안전운전불이행,건조,맑음,기타 - 기타,이륜,남,53세,기타불명,보행자,남,6세,경상
2016060200100469,2016년 6월 2일 17시,목요일,대구광역시 북구 구암동,경상사고,0,0,1,0,차대차 - 추돌,안전거리미확보,건조,맑음,단일로 - 기타,승용,여,36세,상해없음,이륜,남,19세,경상
2016060200100516,2016년 6월 2일 18시,목요일,대구광역시 남구 대명동,경상사고,0,0,1,0,차대사람 - 횡단중,안전운전불이행,건조,맑음,단일로 - 기타,승용,남,45세,상해없음,보행자,남,7세,경상
2016060200100552,2016년 6월 2일 19시,목요일,대구광역시 북구 국우동,부상신고사고,0,0,0,1,차대차 - 측면직각충돌,안전운전불이행,건조,맑음,교차로 - 교차로부근,자전거,남,13세,부상신고,승용,여,32세,상해없음
2016060200100592,2016년 6월 2일 20시,목요일,대구광역시 서구 비산동,경상사고,0,0,1,1,차대차 - 측면충돌,안전운전불이행,건조,맑음,교차로 - 교차로부근,이륜,남,17세,상해없음,승용,여,55세,경상
2016060200100657,2016년 6월 2일 22시,목요일,대구광역시 수성구 범어동,경상사고,0,0,1,0,차대차 - 측면충돌,안전운전불이행,건조,맑음,교차로 - 교차로안,승용,남,48세,상해없음,자전거,남,24세,경상
2016060200100658,2016년 6월 2일 22시,목요일,대구광역시 북구 노원동1가,경상사고,0,0,1,0,차대차 - 기타,직진우회전진행방해,건조,맑음,교차로 - 교차로안,승용,여,55세,상해없음,자전거,남,51세,경상
2016060200100659,2016년 6월 2일 22시,목요일,대구광역시 북구 노원동3가,중상사고,0,1,0,0,차대사람 - 횡단중,안전운전불이행,건조,맑음,교차로 - 교차로안,승용,여,43세,상해없음,보행자,남,51세,중상
2016060200100678,2016년 6월 2일 23시,목요일,대구광역시 동구 신천동,중상사고,0,1,0,0,차대차 - 추돌,안전운전불이행,건조,맑음,단일로 - 기타,승용,남,39세,상해없음,승용,여,33세,중상
2016060200100679,2016년 6월 2일 23시,목요일,대구광역시 서구 비산동,중상사고,0,1,1,0,차대차 - 측면직각충돌,안전운전불이행,건조,맑음,단일로 - 기타,승용,남,58세,상해없음,승용,남,63세,중상
2016060200100680,2016년 6월 2일 23시,목요일,대구광역시 서구 평리동,경상사고,0,0,1,0,차대차 - 측면충돌,신호위반,건조,맑음,교차로 - 교차로안,이륜,남,36세,상해없음,이륜,남,34세,경상
2016060200100681,2016년 6월 2일 23시,목요일,대구광역시 중구 대봉동,중상사고,0,1,0,0,차대사람 - 기타,안전운전불이행,건조,맑음,단일로 - 기타,승용,여,50세,상해없음,보행자,남,36세,중상
2016060300100010,2016년 6월 3일 00시,금요일,대구광역시 수성구 황금동,경상사고,0,0,5,0,차대차 - 정면충돌,안전운전불이행,건조,맑음,교차로 - 교차로안,승용,남,24세,상해없음,승용,남,29세,상해없음
2016060300100077,2016년 6월 3일 06시,금요일,대구광역시 수성구 이천동,경상사고,0,0,1,0,차대차 - 추돌,안전거리미확보,건조,맑음,단일로 - 기타,승용,여,42세,상해없음,승용,여,80세,경상
2016060300100078,2016년 6월 3일 06시,금요일,대구광역시 달성군 다사읍,중상사고,0,1,3,0,차대차 - 측면직각충돌,안전운전불이행,건조,맑음,단일로 - 기타,승용,남,56세,상해없음,승합,남,59세,상해없음
2016060300100079,2016년 6월 3일 06시,금요일,대구광역시 북구 매천동,중상사고,0,1,0,0,차대차 - 측면충돌,중앙선침범,건조,맑음,단일로 - 기타,화물,남,68세,기타불명,승용,남,51세,중상
2016060300100107,2016년 6월 3일 07시,금요일,대구광역시 북구 침산동,경상사고,0,0,1,0,차대차 - 기타,교차로운행방법위반,건조,맑음,교차로 - 교차로안,이륜,남,69세,경상,화물,남,42세,상해없음
2016060300100154,2016년 6월 3일 08시,금요일,대구광역시 북구 노원동2가,경상사고,0,0,1,0,차대차 - 기타,교차로운행방법위반,건조,맑음,단일로 - 기타,자전거,여,68세,경상,승용,남,46세,상해없음
2016060300100187,2016년 6월 3일 09시,금요일,대구광역시 달성군 옥포면,중상사고,0,1,0,0,차대차 - 측면직각충돌,안전운전불이행,건조,맑음,교차로 - 교차로안,승용,여,43세,상해없음,승용,여,29세,중상
2016060300100218,2016년 6월 3일 10시,금요일,대구광역시 서구 비산동,중상사고,0,1,0,0,차량단독 - 전도전복,안전운전불이행,건조,맑음,단일로 - 기타,자전거,남,65세,중상,,,,
2016060300100219,2016년 6월 3일 10시,금요일,대구광역시 달서구 성당동,경상사고,0,0,1,0,차대차 - 추돌,안전운전불이행,건조,맑음,기타 - 기타,승용,여,50세,상해없음,승용,여,36세,경상
2016060300100270,2016년 6월 3일 12시,금요일,대구광역시 수성구 만촌동,경상사고,0,0,1,0,차대차 - 정면충돌,안전운전불이행,건조,맑음,교차로 - 교차로부근,승용,여,56세,상해없음,승용,남,37세,경상
2016060300100300,2016년 6월 3일 13시,금요일,대구광역시 북구 서변동,사망사고,1,1,2,0,차대차 - 추돌,안전운전불이행,건조,맑음,단일로 - 기타,화물,남,63세,사망,화물,남,35세,중상
2016060300100306,2016년 6월 3일 13시,금요일,대구광역시 동구 신천동,경상사고,0,0,1,0,차대차 - 측면직각충돌,안전거리미확보,건조,맑음,단일로 - 기타,승용,남,63세,상해없음,승용,남,34세,경상
2016060300100307,2016년 6월 3일 13시,금요일,대구광역시 수성구 두산동,경상사고,0,0,1,0,차대차 - 측면충돌,교차로운행방법위반,건조,맑음,교차로 - 교차로안,승용,여,36세,상해없음,이륜,남,58세,경상
2016060300100344,2016년 6월 3일 14시,금요일,대구광역시 남구 대명동,경상사고,0,0,1,0,차대차 - 정면충돌,안전운전불이행,건조,맑음,단일로 - 기타,승합,남,56세,기타불명,화물,남,32세,상해없음
2016060300100345,2016년 6월 3일 14시,금요일,대구광역시 북구 서변동,중상사고,0,3,4,0,차대차 - 측면충돌,중앙선침범,건조,맑음,교차로 - 교차로부근,승용,여,43세,상해없음,승용,남,65세,경상
2016060300100346,2016년 6월 3일 14시,금요일,대구광역시 북구 학정동,중상사고,0,2,0,0,차대사람 - 횡단중,안전운전불이행,건조,맑음,단일로 - 기타,화물,남,50세,상해없음,보행자,여,57세,중상
2016060300100388,2016년 6월 3일 15시,금요일,대구광역시 수성구 지산동,경상사고,0,0,1,0,차대차 - 기타,안전거리미확보,건조,맑음,기타 - 기타,자전거,남,67세,경상,승용,여,39세,상해없음
2016060300100389,2016년 6월 3일 15시,금요일,대구광역시 달서구 대곡동,경상사고,0,0,2,0,차대차 - 추돌,안전운전불이행,건조,맑음,교차로 - 교차로부근,승용,남,41세,상해없음,이륜,남,71세,경상
2016060300100390,2016년 6월 3일 15시,금요일,대구광역시 북구 읍내동,경상사고,0,0,1,0,차대차 - 측면직각충돌,안전운전불이행,건조,맑음,교차로 - 교차로부근,승용,남,54세,상해없음,자전거,남,10세,경상
2016060300100424,2016년 6월 3일 16시,금요일,대구광역시 북구 금호동,경상사고,0,0,1,0,차대차 - 추돌,안전운전불이행,건조,맑음,단일로 - 기타,기타불명,기타불명,기타불명,기타불명,화물,남,30세,경상
2016060300100428,2016년 6월 3일 16시,금요일,대구광역시 서구 내당동,경상사고,0,0,1,0,차대사람 - 기타,안전운전불이행,건조,맑음,단일로 - 기타,승용,남,47세,상해없음,보행자,여,7세,경상
2016060300100463,2016년 6월 3일 17시,금요일,대구광역시 수성구 시지동,경상사고,0,0,1,0,차대차 - 측면직각충돌,교차로운행방법위반,건조,맑음,교차로 - 교차로부근,승용,여,56세,상해없음,승용,남,36세,경상
2016060300100464,2016년 6월 3일 17시,금요일,대구광역시 수성구 노변동,중상사고,0,1,0,0,차대사람 - 횡단중,보행자보호의무위반,건조,맑음,교차로 - 교차로부근,승용,여,69세,상해없음,보행자,남,77세,중상
2016060300100515,2016년 6월 3일 18시,금요일,대구광역시 서구 내당동,중상사고,0,1,0,0,차대차 - 추돌,기타,건조,맑음,단일로 - 기타,승용,남,68세,상해없음,이륜,남,31세,중상
2016060300100516,2016년 6월 3일 18시,금요일,대구광역시 달서구 장기동,경상사고,0,0,1,0,차대차 - 기타,안전운전불이행,건조,맑음,단일로 - 기타,승용,남,40세,상해없음,자전거,남,6세,경상
2016060300100517,2016년 6월 3일 18시,금요일,대구광역시 달서구 용산동,경상사고,0,0,1,0,차대차 - 측면충돌,안전거리미확보,건조,맑음,단일로 - 기타,승용,여,66세,상해없음,승용,여,42세,경상
2016060300100609,2016년 6월 3일 20시,금요일,대구광역시 수성구 황금동,경상사고,0,0,1,0,차대차 - 측면충돌,안전운전불이행,건조,맑음,단일로 - 기타,승용,남,45세,상해없음,이륜,남,27세,경상
2016060300100610,2016년 6월 3일 20시,금요일,대구광역시 수성구 지산동,중상사고,0,1,0,0,차대차 - 정면충돌,신호위반,건조,맑음,교차로 - 교차로안,승용,남,41세,상해없음,승용,여,30세,중상
2016060300100611,2016년 6월 3일 20시,금요일,대구광역시 달서구 상인동,경상사고,0,0,1,0,차대사람 - 횡단중,안전운전불이행,건조,맑음,단일로 - 기타,승합,남,46세,상해없음,보행자,남,65세,경상
2016060300100612,2016년 6월 3일 20시,금요일,대구광역시 달서구 월성동,경상사고,0,0,1,5,차대차 - 측면충돌,안전거리미확보,건조,맑음,단일로 - 기타,승용,남,40세,경상,승용,남,19세,부상신고
2016060300100613,2016년 6월 3일 20시,금요일,대구광역시 중구 수창동,부상신고사고,0,0,0,1,차대차 - 측면직각충돌,안전운전불이행,건조,맑음,교차로 - 교차로안,이륜,남,17세,부상신고,승용,남,38세,상해없음
2016060300100652,2016년 6월 3일 21시,금요일,대구광역시 동구 검사동,중상사고,0,1,0,0,차대차 - 기타,안전운전불이행,건조,맑음,교차로 - 교차로안,승용,남,51세,상해없음,이륜,남,56세,중상
2016060300100653,2016년 6월 3일 21시,금요일,대구광역시 서구 내당동,경상사고,0,0,1,0,차대차 - 기타,기타,건조,맑음,단일로 - 기타,승용,남,58세,상해없음,이륜,남,28세,경상
2016060300100654,2016년 6월 3일 21시,금요일,대구광역시 북구 동천동,경상사고,0,0,2,0,차대차 - 측면직각충돌,안전거리미확보,건조,맑음,단일로 - 기타,승용,여,49세,경상,이륜,남,18세,경상
2016060300100684,2016년 6월 3일 22시,금요일,대구광역시 동구 효목동,중상사고,0,1,0,0,차대사람 - 횡단중,안전운전불이행,건조,맑음,교차로 - 교차로부근,승합,남,55세,상해없음,보행자,여,57세,중상
2016060300100685,2016년 6월 3일 22시,금요일,대구광역시 북구 노원동3가,사망사고,2,1,0,0,차대사람 - 기타,보행자보호의무위반,건조,맑음,단일로 - 기타,승용,남,52세,상해없음,보행자,여,71세,사망
2016060300100686,2016년 6월 3일 22시,금요일,대구광역시 서구 중리동,경상사고,0,0,1,0,차대사람 - 기타,안전운전불이행,건조,맑음,교차로 - 교차로안,승용,남,44세,상해없음,보행자,남,51세,경상
2016060300100687,2016년 6월 3일 22시,금요일,대구광역시 중구 대봉동,경상사고,0,0,2,0,차대차 - 추돌,안전운전불이행,건조,맑음,교차로 - 교차로부근,승용,남,59세,상해없음,승용,남,33세,경상
2016060300100688,2016년 6월 3일 22시,금요일,대구광역시 달서구 용산동,경상사고,0,0,1,0,차대차 - 정면충돌,안전운전불이행,건조,맑음,단일로 - 기타,화물,남,53세,상해없음,승용,남,20세,경상
2016060300100709,2016년 6월 3일 23시,금요일,대구광역시 수성구 황금동,경상사고,0,0,1,0,차대차 - 정면충돌,안전운전불이행,건조,맑음,단일로 - 기타,승용,기타불명,기타불명,기타불명,승용,남,53세,상해없음
2016060300100710,2016년 6월 3일 23시,금요일,대구광역시 북구 칠성동2가,경상사고,0,0,1,0,차대차 - 기타,안전거리미확보,건조,맑음,단일로 - 기타,승용,남,59세,상해없음,이륜,남,30세,경상
2016060300100711,2016년 6월 3일 23시,금요일,대구광역시 달서구 두류동,경상사고,0,0,1,0,차대차 - 측면직각충돌,차로위반,건조,맑음,단일로 - 기타,화물,남,62세,상해없음,승용,남,48세,경상
2016060300100712,2016년 6월 3일 23시,금요일,대구광역시 달서구 감삼동,중상사고,0,1,0,0,차대사람 - 횡단중,안전운전불이행,건조,맑음,단일로 - 기타,승합,남,34세,상해없음,보행자,남,50세,중상
2016060400100020,2016년 6월 4일 00시,토요일,대구광역시 수성구 두산동,경상사고,0,0,1,0,차대차 - 추돌,안전운전불이행,건조,맑음,단일로 - 기타,승용,남,22세,상해없음,승용,남,54세,경상
2016060400100040,2016년 6월 4일 01시,토요일,대구광역시 남구 봉덕동,경상사고,0,0,1,0,차량단독 - 공작물충돌,안전운전불이행,건조,맑음,교차로 - 교차로부근,승용,남,56세,상해없음,,,,
2016060400100041,2016년 6월 4일 01시,토요일,대구광역시 서구 이현동,중상사고,0,1,1,0,차대차 - 기타,안전거리미확보,건조,맑음,교차로 - 교차로부근,승용,남,21세,경상,승용,남,44세,상해없음
2016060400100058,2016년 6월 4일 02시,토요일,대구광역시 수성구 연호동,경상사고,0,0,1,0,차대차 - 측면충돌,안전거리미확보,건조,맑음,단일로 - 기타,승용,남,73세,상해없음,승합,남,40세,상해없음
2016060400100059,2016년 6월 4일 02시,토요일,대구광역시 중구 대봉동,중상사고,0,1,4,1,차대차 - 추돌,안전거리미확보,건조,맑음,단일로 - 기타,승용,남,54세,상해없음,승용,남,24세,중상
2016060400100144,2016년 6월 4일 08시,토요일,대구광역시 동구 신천동,경상사고,0,0,1,0,차대차 - 측면충돌,안전운전불이행,건조,맑음,교차로 - 교차로부근,화물,남,59세,상해없음,자전거,남,59세,경상
2016060400100145,2016년 6월 4일 08시,토요일,대구광역시 달성군 현풍면,경상사고,0,0,1,0,차대차 - 정면충돌,안전운전불이행,건조,맑음,교차로 - 교차로부근,기타불명,기타불명,기타불명,기타불명,자전거,여,36세,경상
2016060400100177,2016년 6월 4일 09시,토요일,대구광역시 수성구 지산동,경상사고,0,0,1,0,차대차 - 측면직각충돌,안전운전불이행,건조,맑음,교차로 - 교차로부근,승용,남,28세,상해없음,승용,남,61세,경상
2016060400100178,2016년 6월 4일 09시,토요일,대구광역시 서구 이현동,경상사고,0,0,1,0,차대차 - 추돌,기타,건조,맑음,단일로 - 기타,승합,남,63세,상해없음,승합,남,37세,기타불명
2016060400100246,2016년 6월 4일 11시,토요일,대구광역시 수성구 시지동,경상사고,0,0,3,0,차대차 - 측면직각충돌,안전운전불이행,습기,흐림,교차로 - 교차로안,화물,남,28세,상해없음,승용,남,27세,경상
2016060400100247,2016년 6월 4일 11시,토요일,대구광역시 중구 대신동,경상사고,0,0,1,0,차대사람 - 횡단중,안전운전불이행,습기,비,단일로 - 기타,화물,남,50세,상해없음,보행자,남,54세,경상
2016060400100248,2016년 6월 4일 11시,토요일,대구광역시 중구 남산동,경상사고,0,0,1,0,차대차 - 추돌,안전거리미확보,건조,맑음,단일로 - 기타,승용,남,27세,상해없음,승용,남,60세,경상
2016060400100286,2016년 6월 4일 12시,토요일,대구광역시 달서구 상인동,경상사고,0,0,2,0,차대차 - 측면충돌,중앙선침범,습기,비,교차로 - 교차로부근,화물,남,26세,상해없음,승용,여,33세,경상
2016060400100287,2016년 6월 4일 12시,토요일,대구광역시 달서구 용산동,중상사고,0,1,0,0,차대차 - 추돌,안전운전불이행,건조,맑음,단일로 - 기타,이륜,남,32세,상해없음,이륜,여,53세,중상
2016060400100288,2016년 6월 4일 12시,토요일,대구광역시 달서구 신당동,경상사고,0,0,2,0,차대차 - 추돌,안전운전불이행,습기,비,단일로 - 기타,승용,남,41세,상해없음,승용,남,55세,경상
2016060400100289,2016년 6월 4일 12시,토요일,대구광역시 북구 태전동,중상사고,0,1,0,0,차대차 - 측면직각충돌,안전운전불이행,습기,비,단일로 - 횡단보도상,기타불명,기타불명,27세,기타불명,자전거,남,71세,중상
2016060400100332,2016년 6월 4일 13시,토요일,대구광역시 달서구 월성동,경상사고,0,0,1,0,차대차 - 측면직각충돌,안전운전불이행,건조,맑음,단일로 - 기타,승용,남,43세,상해없음,원동기,남,50세,경상
2016060400100382,2016년 6월 4일 14시,토요일,대구광역시 동구 신암동,경상사고,0,0,6,0,차대차 - 추돌,안전운전불이행,건조,맑음,단일로 - 기타,승용,남,26세,상해없음,승용,남,25세,경상
2016060400100383,2016년 6월 4일 14시,토요일,대구광역시 수성구 대흥동,경상사고,0,0,2,0,차대차 - 기타,차로위반,습기,비,단일로 - 기타,승용,남,76세,상해없음,승용,여,26세,경상
2016060400100420,2016년 6월 4일 15시,토요일,대구광역시 달서구 진천동,경상사고,0,0,1,0,차대차 - 측면충돌,교차로운행방법위반,건조,맑음,교차로 - 교차로안,승용,남,25세,상해없음,승용,여,57세,경상
2016060400100421,2016년 6월 4일 15시,토요일,대구광역시 달성군 다사읍,중상사고,0,1,0,0,차대차 - 측면충돌,안전운전불이행,습기,흐림,단일로 - 기타,승용,남,24세,상해없음,자전거,남,56세,중상
2016060400100422,2016년 6월 4일 15시,토요일,대구광역시 북구 노원동3가,경상사고,0,0,1,0,차대차 - 측면충돌,안전운전불이행,습기,비,교차로 - 교차로안,화물,남,55세,상해없음,이륜,남,18세,경상
2016060400100423,2016년 6월 4일 15시,토요일,대구광역시 서구 이현동,사망사고,1,0,0,0,차대차 - 측면충돌,신호위반,습기,흐림,교차로 - 교차로안,이륜,남,64세,사망,승용,여,39세,상해없음
2016060400100464,2016년 6월 4일 16시,토요일,대구광역시 동구 방촌동,중상사고,0,1,0,0,차대차 - 측면충돌,직진우회전진행방해,습기,비,교차로 - 교차로부근,승용,여,27세,상해없음,원동기,남,21세,중상
2016060400100465,2016년 6월 4일 16시,토요일,대구광역시 동구 신천동,경상사고,0,0,2,1,차대차 - 측면충돌,신호위반,건조,맑음,교차로 - 교차로안,승용,남,50세,상해없음,승용,남,36세,경상
2016060400100497,2016년 6월 4일 17시,토요일,대구광역시 달서구 본동,경상사고,0,0,1,0,차대사람 - 기타,안전운전불이행,건조,맑음,단일로 - 기타,승용,여,39세,상해없음,보행자,남,72세,경상
2016060400100498,2016년 6월 4일 17시,토요일,대구광역시 서구 내당동,경상사고,0,0,2,0,차대차 - 정면충돌,중앙선침범,건조,맑음,교차로 - 교차로부근,승용,여,49세,상해없음,승용,남,58세,경상
2016060400100530,2016년 6월 4일 18시,토요일,대구광역시 수성구 매호동,경상사고,0,0,1,0,차대사람 - 차도통행중,안전운전불이행,습기,비,단일로 - 기타,승용,남,27세,상해없음,보행자,남,23세,경상