사고번호,사고일시,요일,시군구,사고내용,사망자수,중상자수,경상자수,부상신고자수,사고유형,법규위반,노면상태,기상상태,도로형태,가해운전자 차종,가해운전자 성별,가해운전자 연령,가해운전자 상해정도,피해운전자 차종,피해운전자 성별,피해운전자 연령,피해운전자 상해정도
2016060900100248,2016년 6월 9일 13시,목요일,대구광역시 수성구 만촌동,경상사고,0,0,1,0,차대차 - 추돌,안전거리미확보,건조,맑음,단일로 - 기타,승용,남,51세,상해없음,이륜,남,19세,경상
2016060900100281,2016년 6월 9일 14시,목요일,대구광역시 동구 방촌동,경상사고,0,0,1,0,차대차 - 추돌,안전운전불이행,건조,맑음,단일로 - 기타,승용,남,49세,상해없음,승용,여,28세,상해없음
2016060900100282,2016년 6월 9일 14시,목요일,대구광역시 달성군 다사읍,중상사고,0,1,0,0,차대차 - 추돌,안전운전불이행,건조,맑음,교차로 - 교차로부근,이륜,남,31세,중상,승용,남,69세,상해없음
2016060900100305,2016년 6월 9일 15시,목요일,대구광역시 동구 지묘동,경상사고,0,0,1,0,차대차 - 정면충돌,안전운전불이행,건조,맑음,교차로 - 교차로안,화물,남,40세,상해없음,자전거,남,68세,경상
2016060900100342,2016년 6월 9일 16시,목요일,대구광역시 수성구 지산동,중상사고,0,1,0,0,차대사람 - 횡단중,안전운전불이행,건조,맑음,교차로 - 교차로안,승용,여,61세,상해없음,보행자,남,11세,중상
2016060900100343,2016년 6월 9일 16시,목요일,대구광역시 북구 고성동3가,경상사고,0,0,1,0,차대차 - 측면충돌,안전거리미확보,건조,맑음,단일로 - 기타,승용,남,78세,상해없음,승용,여,36세,상해없음
2016060900100344,2016년 6월 9일 16시,목요일,대구광역시 중구 서성로1가,부상신고사고,0,0,0,1,차대차 - 정면충돌,안전운전불이행,건조,맑음,단일로 - 기타,자전거,남,74세,부상신고,승용,여,30세,상해없음
2016060900100393,2016년 6월 9일 17시,목요일,대구광역시 남구 대명동,중상사고,0,1,0,0,차대차 - 기타,교차로운행방법위반,건조,맑음,교차로 - 교차로안,승용,여,35세,상해없음,자전거,여,37세,중상
2016060900100394,2016년 6월 9일 17시,목요일,대구광역시 달서구 호산동,경상사고,0,0,1,0,차대차 - 기타,신호위반,건조,맑음,단일로 - 기타,승용,남,55세,상해없음,자전거,남,8세,경상
2016060900100444,2016년 6월 9일 18시,목요일,대구광역시 달서구 월성동,경상사고,0,0,1,0,차대차 - 측면직각충돌,안전운전불이행,건조,맑음,교차로 - 교차로안,승용,여,23세,상해없음,승용,남,46세,경상
2016060900100445,2016년 6월 9일 18시,목요일,대구광역시 달서구 본리동,경상사고,0,0,1,0,차대사람 - 횡단중,안전운전불이행,건조,맑음,단일로 - 기타,승용,여,56세,상해없음,보행자,남,14세,경상
2016060900100446,2016년 6월 9일 18시,목요일,대구광역시 북구 매천동,경상사고,0,0,1,0,차대차 - 기타,안전운전불이행,건조,맑음,단일로 - 기타,승용,여,54세,상해없음,승용,남,26세,경상
2016060900100486,2016년 6월 9일 19시,목요일,대구광역시 달서구 장기동,경상사고,0,0,2,0,차대차 - 측면충돌,안전거리미확보,건조,맑음,단일로 - 기타,승용,남,37세,상해없음,이륜,남,17세,경상
2016060900100487,2016년 6월 9일 19시,목요일,대구광역시 북구 구암동,경상사고,0,0,1,0,차대차 - 측면충돌,안전운전불이행,건조,맑음,단일로 - 기타,승용,남,34세,상해없음,이륜,남,21세,경상
2016060900100510,2016년 6월 9일 20시,목요일,대구광역시 북구 태전동,경상사고,0,0,1,0,차대차 - 측면직각충돌,안전운전불이행,건조,맑음,단일로 - 기타,화물,남,48세,상해없음,승용,남,60세,경상
2016060900100545,2016년 6월 9일 21시,목요일,대구광역시 달서구 장동,경상사고,0,0,2,0,차대차 - 추돌,안전운전불이행,건조,맑음,단일로 - 기타,승용,남,57세,상해없음,이륜,남,17세,경상
2016060900100587,2016년 6월 9일 23시,목요일,대구광역시 수성구 두산동,경상사고,0,0,1,0,차대차 - 추돌,기타,건조,맑음,단일로 - 기타,승합,남,67세,상해없음,자전거,여,53세,경상
2016060900100588,2016년 6월 9일 23시,목요일,대구광역시 서구 비산동,중상사고,0,1,0,0,차대사람 - 횡단중,기타,건조,맑음,단일로 - 기타,승용,남,24세,상해없음,보행자,여,67세,중상
2016061000100027,2016년 6월 10일 01시,금요일,대구광역시 동구 입석동,경상사고,0,0,1,0,차대차 - 추돌,안전운전불이행,건조,맑음,단일로 - 기타,이륜,남,17세,상해없음,승용,남,53세,경상
2016061000100028,2016년 6월 10일 01시,금요일,대구광역시 북구 복현동,중상사고,0,1,0,0,차대사람 - 차도통행중,안전운전불이행,건조,맑음,교차로 - 교차로부근,승용,남,27세,상해없음,보행자,남,46세,중상
2016061000100064,2016년 6월 10일 05시,금요일,대구광역시 남구 대명동,경상사고,0,0,1,0,차대사람 - 횡단중,안전운전불이행,건조,맑음,단일로 - 기타,승용,남,34세,상해없음,보행자,남,25세,경상
2016061000100065,2016년 6월 10일 05시,금요일,대구광역시 서구 중리동,중상사고,0,1,1,1,차대차 - 측면충돌,교차로운행방법위반,건조,맑음,교차로 - 교차로안,승용,남,58세,부상신고,승용,남,25세,경상
2016061000100078,2016년 6월 10일 06시,금요일,대구광역시 북구 사수동,중상사고,0,1,2,0,차대차 - 측면충돌,신호위반,건조,맑음,교차로 - 교차로안,화물,남,62세,경상,승용,남,60세,상해없음
2016061000100097,2016년 6월 10일 07시,금요일,대구광역시 동구 각산동,중상사고,0,1,0,0,차대차 - 정면충돌,신호위반,건조,맑음,교차로 - 교차로안,승용,남,68세,상해없음,이륜,남,63세,중상
2016061000100098,2016년 6월 10일 07시,금요일,대구광역시 달성군 논공읍,중상사고,0,1,0,0,차대차 - 기타,안전운전불이행,건조,맑음,교차로 - 교차로부근,승용,남,36세,상해없음,원동기,남,53세,중상
2016061000100134,2016년 6월 10일 08시,금요일,대구광역시 달서구 감삼동,중상사고,0,1,0,1,차대차 - 추돌,안전운전불이행,건조,맑음,교차로 - 교차로부근,승용,여,31세,상해없음,자전거,남,65세,중상
2016061000100164,2016년 6월 10일 09시,금요일,대구광역시 동구 동호동,중상사고,0,1,0,0,차대차 - 기타,안전거리미확보,건조,맑음,단일로 - 기타,승용,남,60세,기타불명,승합,남,46세,상해없음
2016061000100165,2016년 6월 10일 09시,금요일,대구광역시 서구 내당동,경상사고,0,0,1,0,차량단독 - 기타,안전운전불이행,건조,맑음,교차로 - 교차로안,기타불명,기타불명,기타불명,기타불명,,,,
2016061000100202,2016년 6월 10일 10시,금요일,대구광역시 동구 신암동,경상사고,0,0,1,0,차대차 - 추돌,안전운전불이행,건조,맑음,단일로 - 기타,승용,여,57세,상해없음,승용,남,48세,경상
2016061000100203,2016년 6월 10일 10시,금요일,대구광역시 달서구 월성동,중상사고,0,1,0,0,차대차 - 기타,안전거리미확보,건조,맑음,단일로 - 기타,승용,여,45세,기타불명,승용,남,25세,중상
2016061000100229,2016년 6월 10일 11시,금요일,대구광역시 남구 대명동,중상사고,0,1,0,0,차대차 - 정면충돌,신호위반,건조,맑음,교차로 - 교차로안,이륜,남,14세,상해없음,이륜,남,48세,중상
2016061000100273,2016년 6월 10일 12시,금요일,대구광역시 동구 방촌동,경상사고,0,0,1,0,차대차 - 정면충돌,안전운전불이행,건조,맑음,단일로 - 기타,승용,남,41세,상해없음,이륜,남,32세,경상
2016061000100274,2016년 6월 10일 12시,금요일,대구광역시 달서구 장기동,경상사고,0,0,3,0,차대차 - 기타,안전운전불이행,건조,맑음,교차로 - 교차로부근,승용,남,21세,경상,화물,남,51세,경상
2016061000100300,2016년 6월 10일 13시,금요일,대구광역시 남구 대명동,경상사고,0,0,1,0,차량단독 - 전도전복,안전운전불이행,건조,맑음,단일로 - 기타,이륜,남,56세,경상,,,,
2016061000100338,2016년 6월 10일 14시,금요일,대구광역시 동구 신천동,중상사고,0,1,0,0,차대차 - 측면충돌,중앙선침범,건조,맑음,단일로 - 기타,화물,남,21세,상해없음,이륜,남,59세,중상
2016061000100339,2016년 6월 10일 14시,금요일,대구광역시 달서구 장기동,경상사고,0,0,1,0,차대사람 - 기타,안전운전불이행,건조,맑음,단일로 - 기타,승합,남,49세,상해없음,보행자,여,48세,경상
2016061000100373,2016년 6월 10일 15시,금요일,대구광역시 수성구 상동,경상사고,0,0,1,0,차대사람 - 길가장자리구역통행중,안전운전불이행,건조,맑음,단일로 - 기타,승용,남,34세,상해없음,보행자,여,12세,경상
2016061000100374,2016년 6월 10일 15시,금요일,대구광역시 달성군 다사읍,중상사고,0,1,0,0,차대사람 - 기타,안전운전불이행,건조,맑음,교차로 - 교차로부근,승용,남,59세,상해없음,보행자,남,57세,중상
2016061000100417,2016년 6월 10일 16시,금요일,대구광역시 달서구 상인동,경상사고,0,0,1,0,차대차 - 정면충돌,불법유턴,건조,맑음,단일로 - 기타,승용,여,57세,기타불명,승용,여,42세,경상
2016061000100418,2016년 6월 10일 16시,금요일,대구광역시 북구 산격동,경상사고,0,0,3,0,차대차 - 추돌,안전운전불이행,건조,맑음,교차로 - 교차로부근,승용,남,53세,상해없음,승용,남,69세,경상
2016061000100419,2016년 6월 10일 16시,금요일,대구광역시 북구 산격동,중상사고,0,1,0,0,차량단독 - 기타,기타,건조,맑음,단일로 - 기타,승합,남,58세,상해없음,,,,
2016061000100420,2016년 6월 10일 16시,금요일,대구광역시 달서구 죽전동,부상신고사고,0,0,0,1,차대차 - 측면직각충돌,교차로운행방법위반,건조,맑음,교차로 - 교차로안,승용,남,23세,상해없음,승용,남,52세,부상신고
2016061000100470,2016년 6월 10일 17시,금요일,대구광역시 동구 효목동,경상사고,0,0,1,0,차대차 - 정면충돌,안전운전불이행,건조,맑음,기타 - 기타,승용,남,64세,상해없음,승용,남,63세,경상
2016061000100471,2016년 6월 10일 17시,금요일,대구광역시 서구 평리동,경상사고,0,0,1,0,차대차 - 추돌,안전운전불이행,건조,맑음,단일로 - 횡단보도부근,승용,남,56세,상해없음,화물,남,47세,경상
2016061000100520,2016년 6월 10일 18시,금요일,대구광역시 중구 계산동2가,부상신고사고,0,0,0,1,차대차 - 측면직각충돌,안전거리미확보,건조,맑음,단일로 - 기타,승용,남,50세,상해없음,승용,남,20세,부상신고
2016061000100557,2016년 6월 10일 19시,금요일,대구광역시 달서구 상인동,경상사고,0,0,1,0,차대사람 - 횡단중,보행자보호의무위반,건조,맑음,단일로 - 횡단보도상,승용,남,39세,상해없음,보행자,남,66세,경상
2016061000100558,2016년 6월 10일 19시,금요일,대구광역시 서구 내당동,경상사고,0,0,1,0,차대차 - 측면충돌,차로위반,건조,맑음,단일로 - 기타,승용,남,49세,상해없음,승용,남,31세,경상
2016061000100583,2016년 6월 10일 20시,금요일,대구광역시 동구 각산동,경상사고,0,0,1,0,차대사람 - 횡단중,안전운전불이행,건조,맑음,단일로 - 기타,이륜,남,36세,상해없음,보행자,여,55세,경상
2016061000100584,2016년 6월 10일 20시,금요일,대구광역시 달서구 진천동,경상사고,0,0,4,0,차대차 - 추돌,안전운전불이행,건조,맑음,교차로 - 교차로부근,승용,남,44세,상해없음,승용,여,57세,경상
2016061000100585,2016년 6월 10일 20시,금요일,대구광역시 달서구 상인동,중상사고,0,3,1,0,차대차 - 추돌,안전운전불이행,건조,맑음,단일로 - 기타,승용,남,25세,상해없음,승용,남,62세,중상
2016061000100614,2016년 6월 10일 21시,금요일,대구광역시 달성군 논공읍,중상사고,0,1,3,0,차대차 - 추돌,안전운전불이행,건조,맑음,교차로 - 교차로안,승용,여,53세,중상,승용,남,34세,경상
2016061000100615,2016년 6월 10일 21시,금요일,대구광역시 달서구 파호동,경상사고,0,0,2,0,차대차 - 기타,안전운전불이행,건조,맑음,교차로 - 교차로안,승용,남,56세,상해없음,이륜,남,17세,경상
2016061000100653,2016년 6월 10일 22시,금요일,대구광역시 수성구 지산동,중상사고,0,1,0,0,차대사람 - 횡단중,보행자보호의무위반,건조,맑음,단일로 - 기타,승용,여,64세,상해없음,보행자,남,49세,중상
2016061100100017,2016년 6월 11일 00시,토요일,대구광역시 달서구 진천동,경상사고,0,0,1,0,차대차 - 측면직각충돌,안전운전불이행,건조,맑음,교차로 - 교차로부근,승용,여,52세,상해없음,기타불명,남,40세,경상
2016061100100018,2016년 6월 11일 00시,토요일,대구광역시 북구 산격동,경상사고,0,0,1,2,차대차 - 추돌,차로위반,건조,맑음,단일로 - 기타,승용,여,26세,경상,승용,남,44세,부상신고
2016061100100019,2016년 6월 11일 00시,토요일,대구광역시 중구 남산동,중상사고,0,1,1,0,차대차 - 추돌,안전운전불이행,건조,맑음,단일로 - 기타,승용,남,27세,상해없음,승용,남,28세,중상
2016061100100030,2016년 6월 11일 01시,토요일,대구광역시 달서구 두류동,중상사고,0,1,0,0,차대차 - 추돌,안전운전불이행,건조,맑음,기타 - 기타,승용,남,24세,상해없음,이륜,남,53세,상해없음
2016061100100047,2016년 6월 11일 02시,토요일,대구광역시 북구 침산동,경상사고,0,0,1,0,차대차 - 측면충돌,신호위반,건조,맑음,단일로 - 횡단보도상,승용,남,61세,상해없음,자전거,남,40세,경상
2016061100100062,2016년 6월 11일 03시,토요일,대구광역시 수성구 두산동,중상사고,0,2,2,0,차대차 - 추돌,안전운전불이행,건조,맑음,교차로 - 교차로안,승용,남,26세,상해없음,승용,남,29세,중상
2016061100100093,2016년 6월 11일 05시,토요일,대구광역시 수성구 두산동,경상사고,0,0,1,0,차대차 - 정면충돌,안전운전불이행,건조,맑음,단일로 - 기타,승용,여,27세,상해없음,승용,남,31세,경상
2016061100100094,2016년 6월 11일 05시,토요일,대구광역시 서구 중리동,중상사고,0,1,0,0,차대차 - 측면직각충돌,안전운전불이행,건조,맑음,단일로 - 기타,승용,남,61세,상해없음,이륜,남,55세,중상
2016061100100106,2016년 6월 11일 06시,토요일,대구광역시 서구 비산동,중상사고,0,1,0,0,차대사람 - 횡단중,안전운전불이행,건조,맑음,단일로 - 기타,특수,남,32세,상해없음,보행자,남,22세,중상
2016061100100157,2016년 6월 11일 08시,토요일,대구광역시 서구 내당동,경상사고,0,0,1,0,차대차 - 측면충돌,안전운전불이행,건조,맑음,단일로 - 기타,화물,남,53세,상해없음,자전거,여,55세,경상
2016061100100188,2016년 6월 11일 09시,토요일,대구광역시 중구 수동,경상사고,0,0,1,0,차대차 - 측면충돌,안전운전불이행,건조,맑음,교차로 - 교차로부근,승용,여,59세,상해없음,승용,남,54세,경상
2016061100100189,2016년 6월 11일 09시,토요일,대구광역시 북구 구암동,경상사고,0,0,5,1,차대차 - 측면충돌,안전운전불이행,건조,맑음,단일로 - 기타,승용,여,51세,부상신고,승용,여,41세,경상
2016061100100190,2016년 6월 11일 09시,토요일,대구광역시 북구 구암동,경상사고,0,0,1,0,차대차 - 측면충돌,안전운전불이행,건조,맑음,단일로 - 기타,승용,남,52세,상해없음,승용,남,53세,경상
2016061100100219,2016년 6월 11일 10시,토요일,대구광역시 남구 대명동,경상사고,0,0,1,0,차대차 - 정면충돌,안전운전불이행,건조,맑음,교차로 - 교차로부근,승용,남,81세,상해없음,승용,여,43세,경상
2016061100100220,2016년 6월 11일 10시,토요일,대구광역시 북구 칠성동2가,부상신고사고,0,0,0,1,차대사람 - 기타,안전운전불이행,건조,맑음,단일로 - 기타,자전거,남,66세,부상신고,보행자,남,61세,상해없음
2016061100100241,2016년 6월 11일 11시,토요일,대구광역시 동구 검사동,경상사고,0,0,1,0,차대차 - 기타,안전거리미확보,건조,맑음,단일로 - 기타,승용,여,56세,상해없음,화물,남,33세,경상
2016061100100243,2016년 6월 11일 11시,토요일,대구광역시 수성구 범어동,중상사고,0,1,0,0,차대차 - 추돌,교차로운행방법위반,건조,맑음,교차로 - 교차로부근,승용,여,47세,상해없음,승용,여,36세,중상
2016061100100282,2016년 6월 11일 12시,토요일,대구광역시 수성구 수성동2가,중상사고,0,1,0,0,차량단독 - 기타,안전운전불이행,건조,맑음,단일로 - 기타,승합,남,57세,상해없음,,,,
2016061100100283,2016년 6월 11일 12시,토요일,대구광역시 달서구 월성동,경상사고,0,0,1,0,차대차 - 측면충돌,안전거리미확보,건조,맑음,교차로 - 교차로부근,승용,남,46세,상해없음,이륜,남,57세,경상
2016061100100284,2016년 6월 11일 12시,토요일,대구광역시 서구 이현동,부상신고사고,0,0,0,3,차대차 - 추돌,기타,건조,맑음,단일로 - 기타,화물,남,54세,상해없음,승합,여,34세,부상신고
2016061100100326,2016년 6월 11일 13시,토요일,대구광역시 동구 송정동,중상사고,0,1,0,0,차대사람 - 횡단중,신호위반,건조,맑음,단일로 - 횡단보도상,승용,남,79세,상해없음,보행자,여,73세,중상
2016061100100327,2016년 6월 11일 13시,토요일,대구광역시 남구 봉덕동,경상사고,0,0,1,0,차대차 - 측면직각충돌,안전거리미확보,건조,맑음,단일로 - 기타,승용,기타불명,기타불명,기타불명,승용,남,40세,경상
2016061100100399,2016년 6월 11일 15시,토요일,대구광역시 수성구 범어동,중상사고,0,1,0,0,차대사람 - 횡단중,안전운전불이행,건조,맑음,단일로 - 횡단보도상,자전거,남,13세,상해없음,보행자,여,48세,중상
2016061100100400,2016년 6월 11일 15시,토요일,대구광역시 중구 공평동,경상사고,0,0,2,0,차대차 - 측면직각충돌,안전운전불이행,건조,맑음,단일로 - 기타,승용,여,36세,경상,승용,남,56세,경상
2016061100100439,2016년 6월 11일 16시,토요일,대구광역시 북구 검단동,중상사고,0,1,0,0,차대사람 - 횡단중,안전운전불이행,건조,맑음,단일로 - 기타,승용,남,27세,상해없음,보행자,남,37세,중상
2016061100100442,2016년 6월 11일 16시,토요일,대구광역시 달서구 월성동,경상사고,0,0,1,1,차대차 - 측면충돌,안전운전불이행,건조,맑음,단일로 - 기타,승용,남,55세,상해없음,이륜,남,16세,경상
2016061100100486,2016년 6월 11일 17시,토요일,대구광역시 수성구 황금동,경상사고,0,0,4,0,차대차 - 추돌,안전운전불이행,건조,맑음,단일로 - 기타,승용,여,56세,상해없음,승용,남,43세,경상
2016061100100517,2016년 6월 11일 18시,토요일,대구광역시 달성군 구지면,중상사고,0,1,0,0,차대차 - 기타,안전운전불이행,건조,맑음,교차로 - 교차로안,승용,남,26세,상해없음,원동기,남,56세,중상
2016061100100549,2016년 6월 11일 19시,토요일,대구광역시 달서구 상인동,중상사고,0,1,0,0,차대차 - 측면충돌,안전운전불이행,건조,맑음,교차로 - 교차로안,이륜,남,18세,상해없음,자전거,여,43세,중상
2016061100100570,2016년 6월 11일 20시,토요일,대구광역시 북구 침산동,경상사고,0,0,1,1,차대사람 - 횡단중,안전운전불이행,건조,맑음,단일로 - 기타,이륜,남,58세,부상신고,보행자,여,56세,경상
2016061100100611,2016년 6월 11일 21시,토요일,대구광역시 동구 효목동,경상사고,0,0,1,0,차대차 - 측면직각충돌,안전운전불이행,건조,맑음,교차로 - 교차로안,승용,여,56세,상해없음,승용,남,47세,경상
2016061100100648,2016년 6월 11일 22시,토요일,대구광역시 남구 대명동,부상신고사고,0,0,0,1,차대사람 - 기타,안전운전불이행,건조,맑음,교차로 - 교차로부근,이륜,남,26세,부상신고,보행자,남,53세,상해없음
2016061100100649,2016년 6월 11일 22시,토요일,대구광역시 달성군 다사읍,중상사고,0,1,0,0,차대사람 - 횡단중,안전운전불이행,건조,맑음,교차로 - 교차로안,승용,남,41세,상해없음,보행자,남,23세,중상
2016061100100650,2016년 6월 11일 22시,토요일,대구광역시 서구 내당동,중상사고,0,1,0,0,차대사람 - 기타,기타,건조,맑음,단일로 - 기타,승용,남,59세,상해없음,보행자,여,62세,중상
2016061100100651,2016년 6월 11일 22시,토요일,대구광역시 중구 대신동,부상신고사고,0,0,0,1,차대사람 - 횡단중,보행자보호의무위반,건조,맑음,단일로 - 기타,승용,남,58세,상해없음,보행자,여,27세,부상신고
2016061100100652,2016년 6월 11일 22시,토요일,대구광역시 달서구 죽전동,경상사고,0,0,1,0,차대차 - 추돌,안전운전불이행,건조,맑음,단일로 - 기타,승용,남,31세,상해없음,승용,남,63세,경상
2016061100100675,2016년 6월 11일 23시,토요일,대구광역시 남구 대명동,경상사고,0,0,1,0,차대차 - 기타,차로위반,건조,맑음,단일로 - 기타,승용,남,53세,상해없음,이륜,남,19세,경상
2016061100100676,2016년 6월 11일 23시,토요일,대구광역시 북구 학정동,경상사고,0,0,1,0,차대차 - 측면충돌,안전거리미확보,건조,맑음,교차로 - 교차로안,승합,남,52세,상해없음,승용,남,46세,상해없음
2016061200100013,2016년 6월 12일 00시,일요일,대구광역시 달서구 도원동,경상사고,0,0,3,0,차대차 - 정면충돌,중앙선침범,건조,맑음,단일로 - 기타,승용,남,35세,상해없음,승용,남,56세,경상
2016061200100014,2016년 6월 12일 00시,일요일,대구광역시 북구 산격동,경상사고,0,0,2,0,차대차 - 추돌,안전거리미확보,건조,맑음,단일로 - 기타,승용,남,47세,상해없음,승용,여,54세,경상
2016061200100052,2016년 6월 12일 02시,일요일,대구광역시 수성구 범어동,경상사고,0,0,1,0,차대차 - 측면충돌,안전운전불이행,건조,맑음,교차로 - 교차로안,자전거,남,21세,경상,승용,남,37세,상해없음
2016061200100053,2016년 6월 12일 02시,일요일,대구광역시 달서구 상인동,경상사고,0,0,2,0,차대차 - 측면충돌,직진우회전진행방해,건조,맑음,교차로 - 교차로안,승용,남,23세,상해없음,승용,남,56세,경상
2016061200100063,2016년 6월 12일 03시,일요일,대구광역시 남구 봉덕동,경상사고,0,0,1,0,차대차 - 측면직각충돌,직진우회전진행방해,건조,맑음,교차로 - 교차로안,승용,남,32세,상해없음,승용,여,31세,경상
2016061200100064,2016년 6월 12일 03시,일요일,대구광역시 남구 대명동,경상사고,0,0,1,0,차대차 - 정면충돌,안전운전불이행,건조,맑음,단일로 - 기타,승용,남,29세,상해없음,승용,여,12세,경상
2016061200100075,2016년 6월 12일 04시,일요일,대구광역시 서구 평리동,경상사고,0,0,1,0,차대사람 - 횡단중,보행자보호의무위반,건조,맑음,교차로 - 교차로부근,승용,남,71세,상해없음,보행자,남,58세,경상
2016061200100076,2016년 6월 12일 04시,일요일,대구광역시 북구 태전동,중상사고,0,2,0,1,차대차 - 측면충돌,신호위반,건조,맑음,교차로 - 교차로안,이륜,남,18세,중상,승용,남,41세,중상
2016061200100220,2016년 6월 12일 13시,일요일,대구광역시 수성구 매호동,중상사고,0,1,0,0,차대차 - 측면충돌,안전운전불이행,건조,흐림,교차로 - 교차로안,승용,남,44세,상해없음,이륜,남,39세,중상
2016061200100221,2016년 6월 12일 13시,일요일,대구광역시 수성구 범어동,경상사고,0,0,1,0,차대차 - 측면직각충돌,중앙선침범,건조,맑음,교차로 - 교차로부근,승용,여,59세,상해없음,이륜,남,24세,경상
2016061200100222,2016년 6월 12일 13시,일요일,대구광역시 달서구 송현동,경상사고,0,0,1,0,차대차 - 추돌,안전운전불이행,건조,맑음,단일로 - 기타,승용,남,48세,상해없음,승용,남,54세,상해없음
2016061200100223,2016년 6월 12일 13시,일요일,대구광역시 달성군 가창면,중상사고,0,1,0,0,차대차 - 측면충돌,안전운전불이행,건조,맑음,단일로 - 기타,원동기,남,44세,중상,승용,남,43세,상해없음
2016061200100253,2016년 6월 12일 14시,일요일,대구광역시 동구 방촌동,경상사고,0,0,1,0,차대차 - 추돌,안전운전불이행,습기,흐림,단일로 - 기타,승용,남,25세,경상,승용,여,37세,상해없음
2016061200100285,2016년 6월 12일 15시,일요일,대구광역시 동구 각산동,경상사고,0,0,2,0,차대차 - 측면직각충돌,차로위반,습기,비,단일로 - 기타,승용,여,42세,상해없음,이륜,남,18세,경상
2016061200100286,2016년 6월 12일 15시,일요일,대구광역시 달성군 가창면,경상사고,0,0,2,0,차대사람 - 기타,안전운전불이행,건조,맑음,단일로 - 기타,화물,남,49세,상해없음,보행자,남,23세,경상
2016061200100287,2016년 6월 12일 15시,일요일,대구광역시 북구 침산동,경상사고,0,0,1,0,차대차 - 측면직각충돌,신호위반,건조,맑음,교차로 - 교차로안,승용,여,27세,상해없음,이륜,남,59세,경상
2016061200100288,2016년 6월 12일 15시,일요일,대구광역시 달서구 이곡동,중상사고,0,1,0,0,차대사람 - 횡단중,신호위반,건조,맑음,교차로 - 교차로부근,이륜,남,18세,상해없음,보행자,여,55세,중상
2016061200100310,2016년 6월 12일 16시,일요일,대구광역시 수성구 수성동4가,경상사고,0,0,1,0,차대차 - 측면충돌,안전거리미확보,건조,맑음,단일로 - 기타,승용,여,55세,상해없음,승용,남,44세,경상
2016061200100311,2016년 6월 12일 16시,일요일,대구광역시 달서구 송현동,경상사고,0,0,1,0,차대사람 - 기타,안전운전불이행,건조,맑음,단일로 - 기타,승용,남,36세,상해없음,보행자,여,15세,경상
2016061200100312,2016년 6월 12일 16시,일요일,대구광역시 서구 평리동,중상사고,0,1,0,0,차대차 - 측면직각충돌,직진우회전진행방해,건조,맑음,교차로 - 교차로안,승용,남,57세,상해없음,이륜,남,52세,중상
2016061200100313,2016년 6월 12일 16시,일요일,대구광역시 달서구 본리동,경상사고,0,0,1,0,차대사람 - 횡단중,안전운전불이행,건조,맑음,단일로 - 기타,승용,여,51세,상해없음,보행자,남,47세,경상
2016061200100344,2016년 6월 12일 17시,일요일,대구광역시 달서구 용산동,중상사고,0,1,0,0,차대차 - 측면충돌,안전운전불이행,건조,맑음,단일로 - 기타,승용,남,33세,상해없음,자전거,남,11세,중상
2016061200100362,2016년 6월 12일 18시,일요일,대구광역시 동구 지저동,경상사고,0,0,1,0,차대차 - 측면충돌,안전거리미확보,건조,맑음,교차로 - 교차로안,승용,여,40세,상해없음,이륜,남,67세,경상
2016061200100363,2016년 6월 12일 18시,일요일,대구광역시 달서구 상인동,경상사고,0,0,1,0,차대차 - 측면충돌,기타,건조,맑음,교차로 - 교차로부근,승용,남,58세,기타불명,원동기,남,52세,경상
2016061200100396,2016년 6월 12일 19시,일요일,대구광역시 북구 금호동,경상사고,0,0,2,0,차량단독 - 전도전복,안전운전불이행,건조,맑음,단일로 - 기타,이륜,남,42세,경상,,,,
2016061200100418,2016년 6월 12일 20시,일요일,대구광역시 달서구 상인동,경상사고,0,0,1,0,차대차 - 기타,불법유턴,건조,맑음,기타 - 기타,승합,남,63세,상해없음,이륜,남,16세,경상
2016061200100448,2016년 6월 12일 21시,일요일,대구광역시 수성구 범어동,경상사고,0,0,2,0,차대차 - 추돌,안전운전불이행,건조,맑음,단일로 - 기타,승용,여,25세,상해없음,승용,남,73세,경상
2016061200100449,2016년 6월 12일 21시,일요일,대구광역시 수성구 범어동,경상사고,0,0,1,0,차대사람 - 길가장자리구역통행중,안전운전불이행,건조,맑음,단일로 - 기타,승용,남,45세,상해없음,보행자,남,61세,경상
2016061200100450,2016년 6월 12일 21시,일요일,대구광역시 달성군 현풍면,경상사고,0,0,1,0,차량단독 - 전도전복,안전운전불이행,건조,맑음,단일로 - 기타,이륜,남,59세,경상,,,,
2016061200100451,2016년 6월 12일 21시,일요일,대구광역시 달서구 성당동,경상사고,0,0,1,0,차대사람 - 기타,안전운전불이행,건조,맑음,단일로 - 기타,승용,남,32세,상해없음,보행자,남,18세,경상
2016061200100480,2016년 6월 12일 23시,일요일,대구광역시 북구 산격동,중상사고,0,1,0,0,차대차 - 추돌,안전운전불이행,건조,맑음,단일로 - 기타,승용,남,55세,상해없음,승용,여,26세,중상
2016061300100005,2016년 6월 13일 00시,월요일,대구광역시 달서구 송현동,경상사고,0,0,3,0,차대차 - 측면충돌,안전운전불이행,건조,맑음,교차로 - 교차로부근,승용,여,40세,상해없음,승용,남,50세,경상
2016061300100006,2016년 6월 13일 00시,월요일,대구광역시 달서구 성당동,부상신고사고,0,0,0,1,차대차 - 측면충돌,안전거리미확보,건조,맑음,단일로 - 기타,승용,남,54세,상해없음,이륜,남,48세,부상신고