사고번호,사고일시,요일,시군구,사고내용,사망자수,중상자수,경상자수,부상신고자수,사고유형,법규위반,노면상태,기상상태,도로형태,가해운전자 차종,가해운전자 성별,가해운전자 연령,가해운전자 상해정도,피해운전자 차종,피해운전자 성별,피해운전자 연령,피해운전자 상해정도
2016061600100121,2016년 6월 16일 08시,목요일,대구광역시 수성구 만촌동,경상사고,0,0,1,0,차대사람 - 길가장자리구역통행중,안전운전불이행,건조,맑음,단일로 - 기타,승용,여,44세,상해없음,보행자,남,16세,경상
2016061600100122,2016년 6월 16일 08시,목요일,대구광역시 북구 태전동,중상사고,0,1,0,0,차대사람 - 횡단중,보행자보호의무위반,건조,맑음,단일로 - 기타,승용,남,53세,상해없음,보행자,여,24세,중상
2016061600100148,2016년 6월 16일 09시,목요일,대구광역시 남구 대명동,경상사고,0,0,1,0,차대차 - 기타,차로위반,건조,맑음,단일로 - 기타,승용,남,61세,상해없음,승용,남,61세,경상
2016061600100176,2016년 6월 16일 10시,목요일,대구광역시 수성구 범물동,중상사고,0,1,0,0,차대차 - 정면충돌,안전운전불이행,건조,맑음,단일로 - 기타,승용,남,49세,상해없음,승용,여,22세,중상
2016061600100177,2016년 6월 16일 10시,목요일,대구광역시 북구 구암동,중상사고,0,1,0,0,차대차 - 측면직각충돌,교차로운행방법위반,건조,맑음,교차로 - 교차로안,승용,남,49세,상해없음,승용,남,30세,중상
2016061600100204,2016년 6월 16일 11시,목요일,대구광역시 남구 봉덕동,중상사고,0,1,0,0,차대차 - 정면충돌,중앙선침범,건조,맑음,단일로 - 기타,승합,남,25세,상해없음,승용,남,71세,중상
2016061600100228,2016년 6월 16일 12시,목요일,대구광역시 수성구 만촌동,경상사고,0,0,1,0,차대차 - 추돌,안전운전불이행,건조,맑음,단일로 - 기타,이륜,남,43세,경상,승용,여,50세,상해없음
2016061600100260,2016년 6월 16일 13시,목요일,대구광역시 수성구 욱수동,중상사고,0,1,0,0,차대차 - 정면충돌,안전운전불이행,건조,맑음,단일로 - 기타,건설기계,남,60세,상해없음,승용,여,42세,중상
2016061600100261,2016년 6월 16일 13시,목요일,대구광역시 달서구 장기동,중상사고,0,1,0,0,차대차 - 측면직각충돌,불법유턴,건조,맑음,단일로 - 횡단보도상,이륜,여,43세,중상,승용,남,33세,상해없음
2016061600100291,2016년 6월 16일 14시,목요일,대구광역시 동구 동호동,부상신고사고,0,0,0,1,차대사람 - 보도통행중,기타,건조,맑음,단일로 - 횡단보도부근,승용,여,57세,상해없음,보행자,남,48세,부상신고
2016061600100292,2016년 6월 16일 14시,목요일,대구광역시 수성구 매호동,경상사고,0,0,1,0,차대차 - 측면직각충돌,안전거리미확보,건조,맑음,단일로 - 기타,승용,여,52세,상해없음,승용,남,47세,경상
2016061600100293,2016년 6월 16일 14시,목요일,대구광역시 달성군 가창면,경상사고,0,0,5,0,차대차 - 추돌,안전운전불이행,건조,맑음,단일로 - 기타,화물,남,67세,경상,승합,남,46세,경상
2016061600100294,2016년 6월 16일 14시,목요일,대구광역시 달서구 감삼동,중상사고,0,1,0,0,차대차 - 기타,기타,건조,맑음,단일로 - 기타,승용,남,23세,상해없음,자전거,남,68세,중상
2016061600100327,2016년 6월 16일 15시,목요일,대구광역시 남구 대명동,부상신고사고,0,0,0,1,차대차 - 기타,교차로운행방법위반,건조,맑음,교차로 - 교차로안,승용,기타불명,기타불명,기타불명,자전거,남,59세,부상신고
2016061600100328,2016년 6월 16일 15시,목요일,대구광역시 수성구 삼덕동,부상신고사고,0,0,0,1,차량단독 - 전도전복,안전운전불이행,건조,맑음,단일로 - 기타,승용,여,47세,부상신고,,,,
2016061600100360,2016년 6월 16일 16시,목요일,대구광역시 달서구 월성동,중상사고,0,1,0,0,차대차 - 기타,기타,건조,맑음,단일로 - 기타,화물,남,60세,상해없음,이륜,여,42세,중상
2016061600100361,2016년 6월 16일 16시,목요일,대구광역시 달서구 상인동,경상사고,0,0,1,0,차대차 - 측면충돌,기타,건조,맑음,교차로 - 교차로부근,승용,남,52세,상해없음,자전거,남,12세,경상
2016061600100362,2016년 6월 16일 16시,목요일,대구광역시 중구 대신동,중상사고,0,1,0,0,차대사람 - 횡단중,안전운전불이행,건조,맑음,단일로 - 기타,승용,남,38세,상해없음,보행자,여,53세,중상
2016061600100392,2016년 6월 16일 17시,목요일,대구광역시 동구 신천동,중상사고,0,1,0,0,차대차 - 측면충돌,기타,건조,맑음,단일로 - 기타,승용,남,38세,상해없음,이륜,남,29세,상해없음
2016061600100393,2016년 6월 16일 17시,목요일,대구광역시 달서구 두류동,경상사고,0,0,1,0,차대차 - 정면충돌,안전운전불이행,건조,맑음,단일로 - 기타,승용,여,39세,상해없음,승용,남,22세,상해없음
2016061600100394,2016년 6월 16일 17시,목요일,대구광역시 북구 태전동,경상사고,0,0,1,0,차대차 - 측면충돌,안전운전불이행,습기,맑음,단일로 - 기타,승용,남,27세,상해없음,자전거,남,18세,경상
2016061600100426,2016년 6월 16일 18시,목요일,대구광역시 남구 대명동,경상사고,0,0,1,0,차대차 - 정면충돌,안전운전불이행,건조,맑음,단일로 - 기타,승용,남,71세,상해없음,승용,남,39세,경상
2016061600100427,2016년 6월 16일 18시,목요일,대구광역시 달서구 상인동,경상사고,0,0,1,1,차대차 - 측면직각충돌,차로위반,건조,맑음,단일로 - 기타,승합,남,56세,상해없음,이륜,남,16세,경상
2016061600100428,2016년 6월 16일 18시,목요일,대구광역시 북구 산격동,경상사고,0,0,1,0,차대사람 - 횡단중,안전운전불이행,건조,맑음,단일로 - 기타,승용,남,20세,상해없음,보행자,남,12세,경상
2016061600100429,2016년 6월 16일 18시,목요일,대구광역시 북구 서변동,중상사고,0,1,0,0,차대차 - 측면충돌,직진우회전진행방해,건조,맑음,교차로 - 교차로안,승용,여,61세,상해없음,이륜,남,80세,중상
2016061600100457,2016년 6월 16일 19시,목요일,대구광역시 서구 비산동,부상신고사고,0,0,0,1,차대차 - 측면직각충돌,안전운전불이행,건조,맑음,교차로 - 교차로안,자전거,남,71세,부상신고,승용,남,44세,상해없음
2016061600100458,2016년 6월 16일 19시,목요일,대구광역시 북구 동천동,중상사고,0,1,0,0,차대차 - 측면충돌,안전운전불이행,건조,맑음,단일로 - 기타,이륜,남,56세,중상,화물,남,40세,상해없음
2016061600100459,2016년 6월 16일 19시,목요일,대구광역시 북구 동천동,부상신고사고,0,0,0,1,차대차 - 측면충돌,안전거리미확보,건조,맑음,단일로 - 기타,승용,남,54세,상해없음,이륜,남,19세,부상신고
2016061600100489,2016년 6월 16일 20시,목요일,대구광역시 수성구 지산동,경상사고,0,0,1,0,차대차 - 측면충돌,교차로운행방법위반,건조,맑음,교차로 - 교차로안,승용,남,63세,상해없음,자전거,남,12세,경상
2016061600100523,2016년 6월 16일 21시,목요일,대구광역시 동구 효목동,경상사고,0,0,1,0,차대차 - 정면충돌,중앙선침범,건조,맑음,단일로 - 기타,승용,남,56세,상해없음,승용,남,59세,경상
2016061600100524,2016년 6월 16일 21시,목요일,대구광역시 수성구 범물동,경상사고,0,0,1,0,차대사람 - 길가장자리구역통행중,안전운전불이행,건조,맑음,교차로 - 교차로부근,승용,여,62세,상해없음,보행자,여,63세,경상
2016061600100549,2016년 6월 16일 22시,목요일,대구광역시 동구 불로동,경상사고,0,0,1,0,차대차 - 기타,교차로운행방법위반,건조,맑음,교차로 - 교차로안,승용,남,55세,상해없음,자전거,남,14세,경상
2016061600100550,2016년 6월 16일 22시,목요일,대구광역시 중구 포정동,경상사고,0,0,2,0,차대차 - 측면충돌,신호위반,건조,맑음,교차로 - 교차로안,승용,남,19세,상해없음,승용,남,51세,경상
2016061700100015,2016년 6월 17일 00시,금요일,대구광역시 달성군 다사읍,중상사고,0,1,0,0,차량단독 - 전도전복,안전운전불이행,건조,맑음,교차로 - 교차로부근,이륜,남,31세,중상,,,,
2016061700100016,2016년 6월 17일 00시,금요일,대구광역시 서구 상리동,경상사고,0,0,1,0,차대차 - 추돌,안전운전불이행,건조,맑음,단일로 - 기타,승용,남,72세,상해없음,기타불명,기타불명,기타불명,기타불명
2016061700100026,2016년 6월 17일 01시,금요일,대구광역시 달성군 옥포면,경상사고,0,0,1,0,차대차 - 추돌,안전운전불이행,건조,맑음,단일로 - 기타,화물,남,60세,상해없음,화물,남,63세,경상
2016061700100035,2016년 6월 17일 02시,금요일,대구광역시 남구 이천동,경상사고,0,0,1,0,차대차 - 기타,중앙선침범,건조,맑음,교차로 - 교차로부근,승용,여,21세,상해없음,승용,남,35세,경상
2016061700100059,2016년 6월 17일 05시,금요일,대구광역시 달성군 현풍면,중상사고,0,2,0,0,차대차 - 측면직각충돌,안전운전불이행,건조,맑음,교차로 - 교차로안,승용,남,34세,상해없음,이륜,남,51세,중상
2016061700100098,2016년 6월 17일 07시,금요일,대구광역시 달서구 송현동,경상사고,0,0,2,0,차대차 - 추돌,안전운전불이행,건조,맑음,기타 - 기타,승용,남,55세,상해없음,승합,남,21세,경상
2016061700100099,2016년 6월 17일 07시,금요일,대구광역시 달성군 화원읍,경상사고,0,0,1,0,차대사람 - 횡단중,안전운전불이행,건조,맑음,단일로 - 기타,승용,남,62세,상해없음,보행자,남,17세,경상
2016061700100141,2016년 6월 17일 08시,금요일,대구광역시 남구 봉덕동,경상사고,0,0,4,0,차대차 - 추돌,안전운전불이행,건조,맑음,단일로 - 기타,승용,남,37세,경상,승용,남,57세,경상
2016061700100142,2016년 6월 17일 08시,금요일,대구광역시 수성구 만촌동,경상사고,0,0,1,0,차대사람 - 횡단중,보행자보호의무위반,건조,맑음,단일로 - 횡단보도상,자전거,남,22세,상해없음,보행자,여,53세,경상
2016061700100171,2016년 6월 17일 09시,금요일,대구광역시 달서구 월성동,경상사고,0,0,3,0,차대차 - 측면충돌,안전운전불이행,건조,맑음,단일로 - 기타,화물,남,37세,경상,승용,남,62세,경상
2016061700100172,2016년 6월 17일 09시,금요일,대구광역시 달서구 상인동,중상사고,0,1,0,0,차대사람 - 횡단중,안전운전불이행,건조,맑음,단일로 - 기타,승용,남,39세,상해없음,보행자,여,24세,중상
2016061700100173,2016년 6월 17일 09시,금요일,대구광역시 달서구 두류동,중상사고,0,1,0,0,차대차 - 추돌,안전운전불이행,건조,맑음,단일로 - 기타,승용,남,50세,상해없음,이륜,여,64세,중상
2016061700100201,2016년 6월 17일 10시,금요일,대구광역시 서구 비산동,경상사고,0,0,1,0,차대차 - 측면충돌,안전운전불이행,건조,맑음,교차로 - 교차로부근,이륜,남,56세,경상,승용,여,29세,상해없음
2016061700100202,2016년 6월 17일 10시,금요일,대구광역시 중구 봉산동,경상사고,0,0,3,0,차대차 - 추돌,안전거리미확보,건조,맑음,단일로 - 기타,승용,남,74세,상해없음,승용,여,55세,경상
2016061700100228,2016년 6월 17일 11시,금요일,대구광역시 달서구 월성동,경상사고,0,0,1,0,차대차 - 기타,직진우회전진행방해,건조,맑음,교차로 - 교차로안,화물,여,65세,상해없음,승용,남,38세,경상
2016061700100229,2016년 6월 17일 11시,금요일,대구광역시 서구 이현동,중상사고,0,1,0,0,차대차 - 정면충돌,안전운전불이행,건조,맑음,교차로 - 교차로부근,승용,남,22세,상해없음,이륜,남,50세,중상
2016061700100254,2016년 6월 17일 12시,금요일,대구광역시 서구 원대동3가,중상사고,0,2,0,0,차대사람 - 횡단중,신호위반,건조,맑음,단일로 - 기타,화물,남,24세,상해없음,보행자,여,25세,중상
2016061700100276,2016년 6월 17일 13시,금요일,대구광역시 동구 용계동,중상사고,0,1,0,0,차대차 - 측면충돌,안전운전불이행,건조,맑음,단일로 - 기타,화물,남,39세,상해없음,이륜,남,63세,중상
2016061700100277,2016년 6월 17일 13시,금요일,대구광역시 달성군 구지면,경상사고,0,0,1,0,차량단독 - 기타,안전운전불이행,건조,맑음,단일로 - 기타,자전거,남,54세,경상,,,,
2016061700100278,2016년 6월 17일 13시,금요일,대구광역시 북구 칠성동2가,경상사고,0,0,1,0,차대차 - 추돌,안전운전불이행,건조,맑음,교차로 - 교차로부근,승용,남,58세,상해없음,승용,여,64세,경상
2016061700100304,2016년 6월 17일 14시,금요일,대구광역시 수성구 신매동,경상사고,0,0,1,0,차대사람 - 횡단중,보행자보호의무위반,건조,맑음,단일로 - 횡단보도상,승용,기타불명,기타불명,기타불명,보행자,남,25세,경상
2016061700100339,2016년 6월 17일 15시,금요일,대구광역시 남구 대명동,경상사고,0,0,2,0,차대사람 - 기타,안전운전불이행,건조,맑음,기타 - 기타,승합,남,55세,경상,보행자,여,60세,경상
2016061700100340,2016년 6월 17일 15시,금요일,대구광역시 달성군 가창면,경상사고,0,0,1,0,차량단독 - 전도전복,안전운전불이행,건조,맑음,교차로 - 교차로안,자전거,남,51세,경상,,,,
2016061700100341,2016년 6월 17일 15시,금요일,대구광역시 달성군 가창면,경상사고,0,0,1,0,차량단독 - 전도전복,안전운전불이행,건조,맑음,교차로 - 교차로안,자전거,남,64세,경상,,,,
2016061700100342,2016년 6월 17일 15시,금요일,대구광역시 서구 비산동,경상사고,0,0,1,0,차대차 - 측면직각충돌,안전운전불이행,건조,맑음,교차로 - 교차로안,화물,남,60세,상해없음,화물,남,63세,경상
2016061700100381,2016년 6월 17일 16시,금요일,대구광역시 수성구 대흥동,중상사고,0,2,0,0,차대차 - 측면충돌,안전운전불이행,건조,맑음,단일로 - 기타,이륜,남,42세,중상,이륜,남,48세,중상
2016061700100382,2016년 6월 17일 16시,금요일,대구광역시 수성구 파동,중상사고,0,1,0,0,차량단독 - 전도전복,안전운전불이행,건조,맑음,단일로 - 기타,승용,여,69세,중상,,,,
2016061700100383,2016년 6월 17일 16시,금요일,대구광역시 서구 평리동,부상신고사고,0,0,0,1,차대차 - 측면충돌,안전운전불이행,건조,맑음,단일로 - 기타,자전거,남,16세,부상신고,승용,남,57세,상해없음
2016061700100384,2016년 6월 17일 16시,금요일,대구광역시 북구 읍내동,경상사고,0,0,1,0,차대차 - 측면충돌,안전운전불이행,건조,맑음,단일로 - 기타,승용,남,52세,상해없음,원동기,남,62세,경상
2016061700100428,2016년 6월 17일 17시,금요일,대구광역시 남구 봉덕동,경상사고,0,0,1,0,차대차 - 정면충돌,안전운전불이행,건조,맑음,단일로 - 기타,승용,남,58세,상해없음,승용,남,28세,경상
2016061700100429,2016년 6월 17일 17시,금요일,대구광역시 동구 신암동,경상사고,0,0,1,0,차대차 - 측면직각충돌,안전운전불이행,건조,맑음,단일로 - 기타,승용,남,55세,상해없음,승용,남,72세,경상
2016061700100430,2016년 6월 17일 17시,금요일,대구광역시 달서구 유천동,경상사고,0,0,2,0,차대차 - 측면직각충돌,교차로운행방법위반,건조,맑음,교차로 - 교차로안,원동기,남,24세,경상,승용,남,46세,경상
2016061700100431,2016년 6월 17일 17시,금요일,대구광역시 북구 칠성동2가,중상사고,0,1,2,0,차대차 - 추돌,안전운전불이행,건조,맑음,단일로 - 기타,화물,남,52세,상해없음,승용,여,37세,경상
2016061700100432,2016년 6월 17일 17시,금요일,대구광역시 북구 침산동,부상신고사고,0,0,0,1,차대차 - 측면충돌,기타,건조,맑음,단일로 - 기타,이륜,남,19세,부상신고,승용,남,44세,상해없음
2016061700100433,2016년 6월 17일 17시,금요일,대구광역시 서구 내당동,경상사고,0,0,1,0,차대사람 - 기타,안전운전불이행,건조,맑음,단일로 - 기타,승합,남,46세,상해없음,보행자,여,63세,경상
2016061700100434,2016년 6월 17일 17시,금요일,대구광역시 중구 달성동,중상사고,0,1,1,0,차대차 - 추돌,안전거리미확보,건조,맑음,교차로 - 교차로부근,화물,남,42세,상해없음,화물,남,53세,경상
2016061700100473,2016년 6월 17일 18시,금요일,대구광역시 수성구 시지동,경상사고,0,0,1,0,차대차 - 추돌,안전운전불이행,건조,맑음,교차로 - 교차로부근,승용,남,38세,상해없음,승용,남,38세,경상
2016061700100474,2016년 6월 17일 18시,금요일,대구광역시 수성구 범어동,경상사고,0,0,1,0,차대차 - 추돌,안전운전불이행,건조,맑음,단일로 - 기타,승용,여,31세,상해없음,화물,남,44세,경상
2016061700100475,2016년 6월 17일 18시,금요일,대구광역시 북구 노원동3가,경상사고,0,0,1,0,차대차 - 측면충돌,안전운전불이행,건조,맑음,단일로 - 기타,승용,남,53세,상해없음,승용,남,33세,상해없음
2016061700100476,2016년 6월 17일 18시,금요일,대구광역시 중구 삼덕동2가,경상사고,0,0,1,0,차대사람 - 횡단중,보행자보호의무위반,건조,맑음,단일로 - 기타,승용,여,29세,상해없음,보행자,남,9세,경상
2016061700100477,2016년 6월 17일 18시,금요일,대구광역시 북구 읍내동,경상사고,0,0,1,0,차대차 - 추돌,안전거리미확보,건조,맑음,단일로 - 교량,승용,여,41세,상해없음,화물,남,63세,경상
2016061700100478,2016년 6월 17일 18시,금요일,대구광역시 북구 읍내동,중상사고,0,1,0,0,차대차 - 기타,안전운전불이행,건조,맑음,단일로 - 기타,승용,남,60세,기타불명,승합,남,56세,기타불명
2016061700100513,2016년 6월 17일 19시,금요일,대구광역시 서구 비산동,경상사고,0,0,1,0,차대차 - 측면충돌,안전거리미확보,건조,맑음,단일로 - 기타,화물,남,54세,상해없음,승용,남,42세,경상
2016061700100556,2016년 6월 17일 20시,금요일,대구광역시 수성구 수성동4가,경상사고,0,0,1,0,차대차 - 기타,안전운전불이행,건조,맑음,단일로 - 기타,자전거,남,28세,경상,승용,남,56세,상해없음
2016061700100557,2016년 6월 17일 20시,금요일,대구광역시 수성구 범어동,경상사고,0,0,2,0,차대차 - 정면충돌,기타,건조,맑음,단일로 - 기타,승용,남,67세,상해없음,승용,여,49세,경상
2016061700100588,2016년 6월 17일 21시,금요일,대구광역시 수성구 상동,중상사고,0,1,0,1,차대차 - 측면충돌,중앙선침범,건조,맑음,단일로 - 기타,자전거,남,16세,부상신고,자전거,남,36세,중상
2016061700100589,2016년 6월 17일 21시,금요일,대구광역시 달서구 월성동,중상사고,0,1,0,0,차대차 - 기타,안전운전불이행,건조,맑음,단일로 - 기타,승용,여,47세,상해없음,원동기,남,24세,중상
2016061700100590,2016년 6월 17일 21시,금요일,대구광역시 북구 구암동,중상사고,0,1,0,0,차대차 - 측면충돌,신호위반,건조,맑음,교차로 - 교차로안,승용,남,66세,상해없음,승용,남,24세,중상
2016061700100626,2016년 6월 17일 22시,금요일,대구광역시 달서구 대곡동,경상사고,0,0,3,0,차대차 - 측면충돌,안전운전불이행,건조,맑음,교차로 - 교차로안,승용,남,58세,경상,승용,여,46세,경상
2016061800100013,2016년 6월 18일 00시,토요일,대구광역시 달서구 송현동,경상사고,0,0,1,0,차대차 - 측면충돌,교차로운행방법위반,건조,맑음,교차로 - 교차로안,승용,남,57세,상해없음,원동기,남,22세,경상
2016061800100052,2016년 6월 18일 02시,토요일,대구광역시 수성구 파동,경상사고,0,0,1,0,차대차 - 측면충돌,안전거리미확보,건조,맑음,단일로 - 기타,승용,남,33세,상해없음,승용,남,51세,상해없음
2016061800100081,2016년 6월 18일 05시,토요일,대구광역시 북구 노원동3가,경상사고,0,0,1,0,차대차 - 기타,신호위반,건조,맑음,교차로 - 교차로안,화물,남,63세,상해없음,화물,남,54세,경상
2016061800100082,2016년 6월 18일 05시,토요일,대구광역시 중구 대신동,부상신고사고,0,0,0,1,차대차 - 정면충돌,불법유턴,건조,맑음,교차로 - 교차로안,자전거,남,62세,부상신고,승합,남,61세,상해없음
2016061800100096,2016년 6월 18일 06시,토요일,대구광역시 북구 대현동,중상사고,0,2,2,0,차대차 - 측면충돌,안전거리미확보,건조,맑음,단일로 - 기타,원동기,남,19세,경상,원동기,남,20세,중상
2016061800100134,2016년 6월 18일 08시,토요일,대구광역시 북구 매천동,중상사고,0,1,0,0,차량단독 - 전도전복,안전운전불이행,건조,맑음,단일로 - 기타,자전거,남,44세,중상,,,,
2016061800100187,2016년 6월 18일 10시,토요일,대구광역시 달서구 송현동,경상사고,0,0,1,0,차대차 - 측면직각충돌,직진우회전진행방해,건조,맑음,교차로 - 교차로안,이륜,남,70세,경상,승용,여,61세,상해없음
2016061800100215,2016년 6월 18일 11시,토요일,대구광역시 수성구 파동,경상사고,0,0,1,0,차대차 - 측면직각충돌,안전거리미확보,건조,맑음,단일로 - 기타,승용,남,23세,상해없음,화물,남,23세,경상
2016061800100216,2016년 6월 18일 11시,토요일,대구광역시 달성군 가창면,중상사고,0,1,0,0,차대차 - 기타,안전운전불이행,건조,맑음,교차로 - 교차로안,승용,남,74세,상해없음,자전거,남,79세,중상
2016061800100217,2016년 6월 18일 11시,토요일,대구광역시 달성군 화원읍,중상사고,0,3,0,0,차대차 - 측면직각충돌,신호위반,건조,맑음,교차로 - 교차로안,승용,남,41세,상해없음,승용,여,52세,중상
2016061800100218,2016년 6월 18일 11시,토요일,대구광역시 북구 노원동3가,경상사고,0,0,2,0,차대차 - 기타,안전운전불이행,건조,맑음,단일로 - 기타,화물,남,58세,상해없음,이륜,남,72세,경상
2016061800100219,2016년 6월 18일 11시,토요일,대구광역시 북구 구암동,중상사고,0,1,0,0,차대차 - 기타,안전운전불이행,건조,맑음,교차로 - 교차로안,승용,남,36세,기타불명,승용,여,54세,중상
2016061800100251,2016년 6월 18일 12시,토요일,대구광역시 북구 복현동,경상사고,0,0,1,0,차대차 - 정면충돌,중앙선침범,건조,맑음,단일로 - 기타,승용,남,58세,상해없음,승용,남,24세,상해없음
2016061800100252,2016년 6월 18일 12시,토요일,대구광역시 중구 봉산동,경상사고,0,0,1,0,차대사람 - 횡단중,신호위반,건조,맑음,단일로 - 기타,승용,남,25세,상해없음,보행자,남,4세,경상
2016061800100290,2016년 6월 18일 13시,토요일,대구광역시 수성구 범어동,중상사고,0,1,0,0,차대차 - 측면충돌,안전거리미확보,건조,맑음,단일로 - 기타,승용,여,46세,상해없음,이륜,남,69세,중상
2016061800100291,2016년 6월 18일 13시,토요일,대구광역시 북구 산격동,경상사고,0,0,1,0,차대사람 - 기타,보행자보호의무위반,건조,맑음,단일로 - 기타,승용,여,53세,상해없음,보행자,남,6세,경상
2016061800100292,2016년 6월 18일 13시,토요일,대구광역시 북구 산격동,중상사고,0,2,1,0,차대차 - 기타,안전운전불이행,건조,맑음,단일로 - 기타,원동기,남,55세,중상,원동기,남,42세,경상
2016061800100332,2016년 6월 18일 14시,토요일,대구광역시 달성군 화원읍,경상사고,0,0,1,0,차대차 - 추돌,안전운전불이행,건조,맑음,단일로 - 기타,승용,남,60세,상해없음,승용,여,51세,경상
2016061800100333,2016년 6월 18일 14시,토요일,대구광역시 북구 산격동,경상사고,0,0,2,0,차대차 - 측면충돌,신호위반,건조,맑음,교차로 - 교차로안,승용,남,25세,상해없음,승용,남,42세,경상
2016061800100334,2016년 6월 18일 14시,토요일,대구광역시 중구 태평로3가,경상사고,0,0,1,0,차량단독 - 기타,안전운전불이행,건조,맑음,교차로 - 교차로부근,승용,남,47세,상해없음,,,,
2016061800100335,2016년 6월 18일 14시,토요일,대구광역시 중구 공평동,중상사고,0,1,0,0,차대사람 - 횡단중,안전운전불이행,건조,맑음,교차로 - 교차로안,승용,여,31세,상해없음,보행자,여,19세,중상
2016061800100336,2016년 6월 18일 14시,토요일,대구광역시 중구 서성로1가,경상사고,0,0,1,0,차대차 - 측면직각충돌,교차로운행방법위반,건조,맑음,교차로 - 교차로부근,승용,남,60세,상해없음,이륜,남,56세,경상
2016061800100337,2016년 6월 18일 14시,토요일,대구광역시 달서구 이곡동,경상사고,0,0,1,0,차대차 - 측면충돌,안전운전불이행,건조,맑음,단일로 - 기타,승용,남,58세,기타불명,이륜,남,17세,경상
2016061800100373,2016년 6월 18일 15시,토요일,대구광역시 동구 입석동,중상사고,0,1,0,0,차대사람 - 횡단중,보행자보호의무위반,건조,맑음,교차로 - 교차로부근,승용,남,35세,상해없음,보행자,여,54세,중상
2016061800100374,2016년 6월 18일 15시,토요일,대구광역시 달성군 현풍면,중상사고,0,1,0,0,차대차 - 측면충돌,안전운전불이행,건조,맑음,교차로 - 교차로부근,화물,남,48세,상해없음,자전거,남,70세,중상
2016061800100375,2016년 6월 18일 15시,토요일,대구광역시 중구 대봉동,경상사고,0,0,1,0,차대차 - 측면직각충돌,중앙선침범,건조,맑음,단일로 - 기타,이륜,남,44세,상해없음,자전거,남,14세,경상
2016061800100376,2016년 6월 18일 15시,토요일,대구광역시 달서구 본리동,중상사고,0,1,0,0,차대차 - 기타,직진우회전진행방해,건조,맑음,교차로 - 교차로안,승용,여,39세,상해없음,이륜,남,59세,중상
2016061800100416,2016년 6월 18일 16시,토요일,대구광역시 남구 대명동,경상사고,0,0,1,0,차대차 - 기타,안전운전불이행,건조,맑음,단일로 - 기타,승용,여,27세,상해없음,이륜,남,63세,경상
2016061800100417,2016년 6월 18일 16시,토요일,대구광역시 동구 불로동,경상사고,0,0,4,0,차대차 - 측면충돌,신호위반,건조,맑음,교차로 - 교차로안,승용,남,65세,상해없음,승용,여,44세,경상
2016061800100418,2016년 6월 18일 16시,토요일,대구광역시 동구 능성동,중상사고,0,1,0,0,차대차 - 추돌,안전운전불이행,건조,맑음,단일로 - 기타,승용,남,26세,상해없음,승용,여,55세,중상
2016061800100419,2016년 6월 18일 16시,토요일,대구광역시 북구 산격동,경상사고,0,0,1,0,차대차 - 기타,안전운전불이행,건조,맑음,단일로 - 기타,승용,남,31세,상해없음,이륜,남,41세,경상
2016061800100454,2016년 6월 18일 17시,토요일,대구광역시 달서구 월성동,경상사고,0,0,1,0,차대사람 - 횡단중,보행자보호의무위반,건조,맑음,교차로 - 교차로부근,승용,남,32세,상해없음,보행자,남,14세,경상
2016061800100455,2016년 6월 18일 17시,토요일,대구광역시 달서구 대곡동,경상사고,0,0,1,0,차대차 - 측면충돌,안전운전불이행,건조,맑음,교차로 - 교차로부근,승합,남,72세,상해없음,승용,여,41세,경상
2016061800100456,2016년 6월 18일 17시,토요일,대구광역시 달서구 이곡동,경상사고,0,0,1,0,차대차 - 측면충돌,안전거리미확보,건조,맑음,단일로 - 기타,승용,남,27세,상해없음,이륜,남,22세,경상
2016061800100502,2016년 6월 18일 18시,토요일,대구광역시 서구 내당동,경상사고,0,0,1,0,차대차 - 추돌,안전운전불이행,건조,맑음,단일로 - 기타,승용,여,62세,상해없음,승용,남,29세,경상
2016061800100528,2016년 6월 18일 19시,토요일,대구광역시 수성구 지산동,경상사고,0,0,5,0,차대차 - 추돌,안전거리미확보,건조,맑음,교차로 - 교차로부근,승용,남,50세,상해없음,승용,남,31세,경상
2016061800100529,2016년 6월 18일 19시,토요일,대구광역시 중구 대봉동,경상사고,0,0,1,0,차대차 - 측면직각충돌,교차로운행방법위반,건조,맑음,교차로 - 교차로안,승용,남,37세,상해없음,승용,남,53세,상해없음
2016061800100530,2016년 6월 18일 19시,토요일,대구광역시 북구 태전동,중상사고,0,1,1,0,차대차 - 측면충돌,안전거리미확보,건조,맑음,단일로 - 기타,승용,남,61세,상해없음,이륜,남,17세,경상
2016061800100589,2016년 6월 18일 21시,토요일,대구광역시 달성군 다사읍,경상사고,0,0,1,0,차대사람 - 횡단중,안전운전불이행,건조,맑음,교차로 - 교차로안,화물,남,60세,상해없음,보행자,여,55세,경상
2016061800100590,2016년 6월 18일 21시,토요일,대구광역시 서구 평리동,경상사고,0,0,1,0,차대차 - 기타,기타,건조,맑음,단일로 - 기타,승용,남,55세,상해없음,이륜,남,50세,경상
2016061800100621,2016년 6월 18일 22시,토요일,대구광역시 달서구 상인동,경상사고,0,0,2,0,차대차 - 기타,안전운전불이행,건조,맑음,단일로 - 기타,이륜,남,17세,경상,승용,남,45세,상해없음
2016061800100622,2016년 6월 18일 22시,토요일,대구광역시 달서구 도원동,중상사고,0,1,0,0,차대사람 - 기타,안전운전불이행,건조,맑음,단일로 - 기타,승용,남,35세,상해없음,보행자,여,55세,중상