사고번호,사고일시,요일,시군구,사고내용,사망자수,중상자수,경상자수,부상신고자수,사고유형,법규위반,노면상태,기상상태,도로형태,가해운전자 차종,가해운전자 성별,가해운전자 연령,가해운전자 상해정도,피해운전자 차종,피해운전자 성별,피해운전자 연령,피해운전자 상해정도
2016062200100254,2016년 6월 22일 13시,수요일,대구광역시 수성구 성동,부상신고사고,0,0,0,1,차대차 - 기타,안전운전불이행,건조,맑음,교차로 - 교차로부근,기타불명,기타불명,기타불명,기타불명,자전거,남,64세,부상신고
2016062200100255,2016년 6월 22일 13시,수요일,대구광역시 동구 효목동,경상사고,0,0,4,0,차대차 - 측면직각충돌,교차로운행방법위반,건조,맑음,교차로 - 교차로안,승용,남,32세,경상,승용,남,76세,경상
2016062200100256,2016년 6월 22일 13시,수요일,대구광역시 수성구 성동,중상사고,0,1,0,0,차대차 - 추돌,안전운전불이행,건조,맑음,교차로 - 교차로부근,승용,남,52세,상해없음,자전거,남,64세,중상
2016062200100291,2016년 6월 22일 14시,수요일,대구광역시 동구 신천동,중상사고,0,1,0,0,차대사람 - 보도통행중,기타,건조,맑음,단일로 - 기타,승용,남,43세,상해없음,보행자,남,36세,중상
2016062200100292,2016년 6월 22일 14시,수요일,대구광역시 수성구 파동,중상사고,0,1,0,0,차대차 - 측면충돌,안전운전불이행,건조,맑음,교차로 - 교차로부근,기타불명,기타불명,기타불명,기타불명,승용,여,38세,중상
2016062200100293,2016년 6월 22일 14시,수요일,대구광역시 중구 대신동,부상신고사고,0,0,0,1,차대차 - 추돌,안전운전불이행,건조,맑음,단일로 - 기타,기타불명,기타불명,기타불명,기타불명,이륜,남,77세,부상신고
2016062200100294,2016년 6월 22일 14시,수요일,대구광역시 달서구 이곡동,중상사고,0,1,0,0,차대차 - 측면충돌,안전운전불이행,건조,맑음,단일로 - 기타,승용,여,53세,상해없음,승용,남,34세,중상
2016062200100373,2016년 6월 22일 16시,수요일,대구광역시 동구 효목동,경상사고,0,0,1,0,차량단독 - 기타,안전운전불이행,건조,맑음,단일로 - 기타,승합,남,55세,상해없음,,,,
2016062200100374,2016년 6월 22일 16시,수요일,대구광역시 달성군 다사읍,경상사고,0,0,1,0,차량단독 - 전도전복,안전운전불이행,습기,비,교차로 - 교차로안,이륜,남,81세,경상,,,,
2016062200100375,2016년 6월 22일 16시,수요일,대구광역시 북구 칠성동1가,경상사고,0,0,1,0,차대차 - 측면충돌,중앙선침범,건조,맑음,교차로 - 교차로부근,자전거,남,57세,경상,화물,남,55세,상해없음
2016062200100376,2016년 6월 22일 16시,수요일,대구광역시 중구 남산동,경상사고,0,0,2,0,차대차 - 측면직각충돌,안전운전불이행,건조,맑음,단일로 - 기타,승용,남,56세,상해없음,승합,남,26세,경상
2016062200100414,2016년 6월 22일 17시,수요일,대구광역시 달서구 두류동,경상사고,0,0,1,0,차대차 - 기타,안전운전불이행,기타,비,단일로 - 기타,자전거,남,15세,경상,승용,남,33세,상해없음
2016062200100415,2016년 6월 22일 17시,수요일,대구광역시 북구 관음동,경상사고,0,0,1,0,차대차 - 측면충돌,기타,건조,맑음,단일로 - 기타,승용,남,58세,상해없음,자전거,남,78세,경상
2016062200100451,2016년 6월 22일 18시,수요일,대구광역시 달성군 구지면,경상사고,0,0,2,0,차대차 - 측면직각충돌,중앙선침범,습기,비,교차로 - 교차로부근,승용,남,56세,상해없음,승용,여,35세,경상
2016062200100452,2016년 6월 22일 18시,수요일,대구광역시 서구 평리동,부상신고사고,0,0,0,1,차대차 - 측면충돌,안전운전불이행,건조,맑음,교차로 - 교차로부근,이륜,남,16세,부상신고,승합,남,61세,상해없음
2016062200100453,2016년 6월 22일 18시,수요일,대구광역시 서구 내당동,경상사고,0,0,1,0,차대차 - 측면충돌,안전거리미확보,건조,맑음,단일로 - 기타,승용,남,49세,기타불명,승용,여,51세,경상
2016062200100454,2016년 6월 22일 18시,수요일,대구광역시 달서구 장기동,중상사고,0,1,0,0,차대차 - 추돌,교차로운행방법위반,건조,맑음,단일로 - 기타,승용,남,31세,상해없음,이륜,남,38세,중상
2016062200100455,2016년 6월 22일 18시,수요일,대구광역시 달서구 신당동,경상사고,0,0,1,0,차대차 - 측면충돌,차로위반,습기,비,교차로 - 교차로부근,승용,남,63세,상해없음,원동기,남,24세,경상
2016062200100508,2016년 6월 22일 20시,수요일,대구광역시 수성구 범어동,경상사고,0,0,3,0,차대차 - 추돌,안전운전불이행,건조,흐림,단일로 - 기타,승용,남,25세,상해없음,승용,남,24세,상해없음
2016062200100509,2016년 6월 22일 20시,수요일,대구광역시 달서구 상인동,부상신고사고,0,0,0,1,차대차 - 기타,안전운전불이행,습기,비,단일로 - 기타,원동기,남,17세,부상신고,승용,남,72세,상해없음
2016062200100510,2016년 6월 22일 20시,수요일,대구광역시 달성군 구지면,중상사고,0,1,0,0,차대사람 - 차도통행중,안전운전불이행,건조,맑음,단일로 - 기타,승용,여,55세,상해없음,보행자,남,64세,중상
2016062200100511,2016년 6월 22일 20시,수요일,대구광역시 달성군 화원읍,중상사고,0,1,0,0,차대사람 - 횡단중,보행자보호의무위반,건조,맑음,교차로 - 교차로안,승용,남,47세,상해없음,보행자,여,61세,중상
2016062200100512,2016년 6월 22일 20시,수요일,대구광역시 달서구 용산동,경상사고,0,0,3,0,차대차 - 기타,차로위반,건조,맑음,단일로 - 기타,승용,남,54세,상해없음,승용,남,20세,경상
2016062200100560,2016년 6월 22일 22시,수요일,대구광역시 북구 고성동2가,경상사고,0,0,2,0,차대차 - 측면충돌,안전운전불이행,건조,맑음,교차로 - 교차로부근,승용,여,36세,상해없음,승용,여,31세,경상
2016062200100588,2016년 6월 22일 23시,수요일,대구광역시 수성구 두산동,경상사고,0,0,1,0,차대사람 - 횡단중,보행자보호의무위반,건조,맑음,단일로 - 횡단보도상,화물,남,49세,상해없음,보행자,남,44세,경상
2016062200100589,2016년 6월 22일 23시,수요일,대구광역시 수성구 지산동,경상사고,0,0,2,0,차대차 - 측면직각충돌,안전운전불이행,건조,맑음,단일로 - 기타,승용,남,32세,상해없음,승용,남,24세,경상
2016062200100590,2016년 6월 22일 23시,수요일,대구광역시 달서구 본리동,경상사고,0,0,2,0,차대차 - 측면충돌,안전운전불이행,건조,맑음,단일로 - 기타,이륜,남,24세,경상,승용,남,51세,경상
2016062300100047,2016년 6월 23일 03시,목요일,대구광역시 달서구 성당동,경상사고,0,0,2,0,차대차 - 측면충돌,신호위반,건조,맑음,교차로 - 교차로안,승용,남,27세,상해없음,승용,남,57세,경상
2016062300100053,2016년 6월 23일 04시,목요일,대구광역시 서구 평리동,중상사고,0,1,2,0,차대차 - 측면직각충돌,신호위반,건조,맑음,교차로 - 교차로안,승용,여,46세,상해없음,화물,남,52세,경상
2016062300100092,2016년 6월 23일 07시,목요일,대구광역시 달서구 이곡동,경상사고,0,0,1,0,차대차 - 추돌,안전거리미확보,건조,맑음,교차로 - 교차로부근,승용,여,45세,상해없음,승용,여,40세,경상
2016062300100134,2016년 6월 23일 08시,목요일,대구광역시 북구 노원동3가,중상사고,0,1,0,0,차대차 - 기타,기타,건조,맑음,단일로 - 기타,화물,남,54세,상해없음,자전거,남,77세,중상
2016062300100135,2016년 6월 23일 08시,목요일,대구광역시 중구 남산동,경상사고,0,0,2,0,차대차 - 추돌,안전거리미확보,건조,맑음,단일로 - 기타,승용,남,48세,상해없음,승용,남,57세,경상
2016062300100172,2016년 6월 23일 09시,목요일,대구광역시 남구 봉덕동,경상사고,0,0,2,0,차대차 - 측면충돌,차로위반,건조,맑음,교차로 - 교차로부근,승용,여,63세,경상,승용,남,49세,경상
2016062300100173,2016년 6월 23일 09시,목요일,대구광역시 북구 태전동,중상사고,0,1,0,0,차대차 - 측면충돌,신호위반,건조,맑음,단일로 - 횡단보도상,승용,여,44세,상해없음,자전거,여,53세,중상
2016062300100196,2016년 6월 23일 10시,목요일,대구광역시 수성구 신매동,경상사고,0,0,1,0,차대차 - 정면충돌,안전거리미확보,건조,맑음,단일로 - 기타,화물,남,55세,상해없음,승합,남,42세,상해없음
2016062300100197,2016년 6월 23일 10시,목요일,대구광역시 북구 노원동3가,경상사고,0,0,1,0,차대차 - 기타,교차로운행방법위반,건조,맑음,교차로 - 교차로안,화물,남,50세,상해없음,이륜,남,50세,경상
2016062300100217,2016년 6월 23일 11시,목요일,대구광역시 수성구 수성동1가,부상신고사고,0,0,0,1,차대차 - 기타,안전운전불이행,건조,맑음,단일로 - 기타,승용,남,29세,부상신고,화물,남,47세,상해없음
2016062300100218,2016년 6월 23일 11시,목요일,대구광역시 달성군 화원읍,경상사고,0,0,3,0,차대차 - 측면직각충돌,안전운전불이행,건조,맑음,교차로 - 교차로안,승용,여,44세,경상,승용,여,37세,경상
2016062300100251,2016년 6월 23일 12시,목요일,대구광역시 달서구 대천동,경상사고,0,0,1,0,차대차 - 측면직각충돌,중앙선침범,건조,맑음,교차로 - 교차로부근,화물,남,34세,상해없음,승용,남,67세,경상
2016062300100335,2016년 6월 23일 15시,목요일,대구광역시 북구 칠성동2가,경상사고,0,0,1,0,차대사람 - 기타,안전운전불이행,건조,맑음,단일로 - 기타,원동기,남,35세,상해없음,보행자,남,9세,경상
2016062300100336,2016년 6월 23일 15시,목요일,대구광역시 중구 태평로3가,중상사고,0,1,0,0,차대차 - 측면충돌,안전거리미확보,건조,맑음,교차로 - 교차로안,승용,남,29세,상해없음,승용,남,56세,중상
2016062300100337,2016년 6월 23일 15시,목요일,대구광역시 달서구 장동,중상사고,0,1,0,0,차대차 - 측면충돌,교차로운행방법위반,건조,맑음,교차로 - 교차로안,승용,남,58세,상해없음,이륜,남,60세,중상
2016062300100338,2016년 6월 23일 15시,목요일,대구광역시 북구 매천동,경상사고,0,0,1,0,차대차 - 측면충돌,안전운전불이행,건조,맑음,단일로 - 기타,이륜,남,25세,경상,화물,남,41세,상해없음
2016062300100371,2016년 6월 23일 16시,목요일,대구광역시 수성구 신매동,경상사고,0,0,1,0,차대차 - 정면충돌,신호위반,건조,맑음,교차로 - 교차로부근,이륜,남,24세,경상,승용,여,48세,상해없음
2016062300100372,2016년 6월 23일 16시,목요일,대구광역시 달서구 감삼동,경상사고,0,0,1,0,차대사람 - 횡단중,보행자보호의무위반,건조,맑음,단일로 - 횡단보도상,승용,남,32세,상해없음,보행자,남,10세,경상
2016062300100407,2016년 6월 23일 17시,목요일,대구광역시 동구 신암동,경상사고,0,0,1,0,차대차 - 측면충돌,교차로운행방법위반,건조,맑음,교차로 - 교차로안,승용,남,26세,상해없음,승용,남,37세,경상
2016062300100408,2016년 6월 23일 17시,목요일,대구광역시 달서구 죽전동,경상사고,0,0,1,0,차대차 - 측면직각충돌,안전운전불이행,건조,맑음,단일로 - 기타,승용,남,20세,상해없음,화물,남,37세,경상
2016062300100443,2016년 6월 23일 18시,목요일,대구광역시 수성구 수성동4가,경상사고,0,0,1,0,차대차 - 추돌,안전거리미확보,건조,맑음,단일로 - 기타,승용,남,24세,기타불명,승용,남,59세,경상
2016062300100444,2016년 6월 23일 18시,목요일,대구광역시 달성군 현풍면,중상사고,0,1,0,0,차대차 - 측면충돌,직진우회전진행방해,건조,맑음,교차로 - 교차로안,승용,남,29세,상해없음,승용,남,59세,중상
2016062300100473,2016년 6월 23일 19시,목요일,대구광역시 동구 율하동,경상사고,0,0,3,0,차대차 - 측면직각충돌,안전거리미확보,건조,맑음,단일로 - 기타,승용,여,20세,상해없음,승합,남,69세,상해없음
2016062300100496,2016년 6월 23일 20시,목요일,대구광역시 동구 효목동,중상사고,0,1,0,0,차대사람 - 횡단중,안전운전불이행,건조,맑음,단일로 - 기타,승용,남,39세,상해없음,보행자,여,28세,중상
2016062300100497,2016년 6월 23일 20시,목요일,대구광역시 수성구 수성동1가,경상사고,0,0,1,0,차대사람 - 길가장자리구역통행중,안전운전불이행,건조,맑음,단일로 - 기타,승용,남,45세,상해없음,보행자,여,23세,경상
2016062300100498,2016년 6월 23일 20시,목요일,대구광역시 서구 평리동,경상사고,0,0,2,0,차대차 - 측면충돌,교차로운행방법위반,건조,맑음,교차로 - 교차로안,승용,남,60세,상해없음,이륜,남,70세,경상
2016062300100563,2016년 6월 23일 22시,목요일,대구광역시 동구 신암동,중상사고,0,1,1,0,차대사람 - 기타,안전운전불이행,건조,맑음,단일로 - 기타,자전거,남,59세,중상,보행자,여,71세,경상
2016062300100564,2016년 6월 23일 22시,목요일,대구광역시 달서구 대곡동,경상사고,0,0,1,0,차대차 - 정면충돌,안전운전불이행,건조,맑음,단일로 - 기타,승용,남,36세,상해없음,승용,여,46세,경상
2016062300100590,2016년 6월 23일 23시,목요일,대구광역시 동구 신암동,중상사고,0,1,0,0,차대사람 - 횡단중,안전운전불이행,건조,맑음,단일로 - 기타,승용,여,35세,상해없음,보행자,남,52세,중상
2016062300100591,2016년 6월 23일 23시,목요일,대구광역시 수성구 연호동,중상사고,0,1,0,0,차대차 - 기타,안전운전불이행,건조,맑음,단일로 - 기타,이륜,남,25세,상해없음,이륜,남,30세,중상
2016062300100592,2016년 6월 23일 23시,목요일,대구광역시 수성구 매호동,경상사고,0,0,1,0,차대차 - 측면직각충돌,교차로운행방법위반,건조,맑음,교차로 - 교차로안,승용,여,21세,상해없음,원동기,남,34세,경상
2016062400100033,2016년 6월 24일 01시,금요일,대구광역시 수성구 상동,부상신고사고,0,0,0,1,차대차 - 기타,안전운전불이행,건조,맑음,단일로 - 기타,이륜,남,45세,부상신고,승용,남,44세,기타불명
2016062400100034,2016년 6월 24일 01시,금요일,대구광역시 북구 읍내동,경상사고,0,0,1,0,차대차 - 추돌,안전거리미확보,건조,맑음,단일로 - 기타,승용,남,63세,상해없음,승용,남,62세,경상
2016062400100048,2016년 6월 24일 02시,금요일,대구광역시 수성구 연호동,중상사고,0,1,1,0,차대차 - 추돌,안전거리미확보,건조,맑음,교차로 - 교차로부근,승용,남,25세,상해없음,승용,남,50세,경상
2016062400100058,2016년 6월 24일 03시,금요일,대구광역시 동구 효목동,경상사고,0,0,1,0,차대사람 - 횡단중,보행자보호의무위반,건조,맑음,교차로 - 교차로부근,승용,남,56세,상해없음,보행자,남,16세,경상
2016062400100059,2016년 6월 24일 03시,금요일,대구광역시 수성구 만촌동,중상사고,0,2,0,0,차량단독 - 전도전복,안전운전불이행,습기,흐림,단일로 - 기타,승용,여,24세,중상,,,,
2016062400100066,2016년 6월 24일 04시,금요일,대구광역시 북구 침산동,경상사고,0,0,1,0,차대차 - 기타,안전운전불이행,습기,비,단일로 - 기타,이륜,남,15세,상해없음,화물,남,46세,상해없음
2016062400100092,2016년 6월 24일 06시,금요일,대구광역시 동구 신암동,경상사고,0,0,1,0,차대차 - 추돌,안전운전불이행,건조,맑음,단일로 - 기타,승용,남,32세,상해없음,승합,남,40세,경상
2016062400100093,2016년 6월 24일 06시,금요일,대구광역시 서구 비산동,경상사고,0,0,2,0,차대차 - 정면충돌,신호위반,습기,비,교차로 - 교차로안,화물,남,30세,상해없음,승합,남,54세,경상
2016062400100120,2016년 6월 24일 07시,금요일,대구광역시 수성구 지산동,중상사고,0,1,0,0,차대차 - 측면충돌,안전거리미확보,습기,비,단일로 - 기타,화물,남,68세,상해없음,이륜,남,46세,중상
2016062400100169,2016년 6월 24일 08시,금요일,대구광역시 수성구 만촌동,중상사고,0,1,3,1,차대차 - 측면직각충돌,중앙선침범,습기,비,교차로 - 교차로부근,화물,여,44세,부상신고,승용,여,46세,중상
2016062400100170,2016년 6월 24일 08시,금요일,대구광역시 달서구 상인동,경상사고,0,0,1,0,차대차 - 추돌,안전운전불이행,습기,비,단일로 - 기타,승용,남,52세,상해없음,승용,여,46세,경상
2016062400100171,2016년 6월 24일 08시,금요일,대구광역시 북구 복현동,경상사고,0,0,1,0,차대차 - 추돌,안전거리미확보,습기,비,단일로 - 기타,승용,남,35세,기타불명,승합,남,46세,경상
2016062400100243,2016년 6월 24일 10시,금요일,대구광역시 달서구 상인동,부상신고사고,0,0,0,1,차대차 - 추돌,안전운전불이행,건조,맑음,교차로 - 교차로안,승용,여,61세,상해없음,승용,남,60세,상해없음
2016062400100301,2016년 6월 24일 12시,금요일,대구광역시 수성구 범어동,경상사고,0,0,1,0,차대차 - 기타,안전거리미확보,습기,비,단일로 - 기타,승용,남,56세,상해없음,화물,남,34세,경상
2016062400100302,2016년 6월 24일 12시,금요일,대구광역시 달서구 감삼동,경상사고,0,0,4,0,차대차 - 추돌,안전운전불이행,습기,비,단일로 - 기타,승합,남,59세,상해없음,승용,남,24세,경상
2016062400100331,2016년 6월 24일 13시,금요일,대구광역시 북구 동천동,경상사고,0,0,1,0,차대차 - 측면충돌,안전운전불이행,건조,맑음,단일로 - 기타,승용,여,33세,상해없음,이륜,남,21세,경상
2016062400100356,2016년 6월 24일 14시,금요일,대구광역시 동구 신천동,중상사고,0,1,0,0,차대차 - 추돌,안전운전불이행,습기,비,단일로 - 기타,화물,남,54세,상해없음,승용,남,39세,상해없음
2016062400100357,2016년 6월 24일 14시,금요일,대구광역시 수성구 수성동1가,경상사고,0,0,1,1,차대차 - 측면충돌,안전운전불이행,습기,비,교차로 - 교차로안,승용,남,59세,부상신고,이륜,남,23세,경상
2016062400100386,2016년 6월 24일 15시,금요일,대구광역시 달서구 본동,경상사고,0,0,1,0,차대사람 - 횡단중,안전운전불이행,건조,맑음,단일로 - 기타,승용,남,61세,상해없음,보행자,여,64세,경상
2016062400100387,2016년 6월 24일 15시,금요일,대구광역시 북구 침산동,경상사고,0,0,2,0,차대차 - 추돌,안전거리미확보,습기,비,단일로 - 기타,승용,남,55세,상해없음,승용,여,44세,상해없음
2016062400100388,2016년 6월 24일 15시,금요일,대구광역시 중구 남산동,중상사고,0,1,0,0,차대차 - 기타,안전운전불이행,습기,비,단일로 - 기타,이륜,남,69세,중상,승용,남,50세,상해없음
2016062400100417,2016년 6월 24일 16시,금요일,대구광역시 수성구 만촌동,경상사고,0,0,4,0,차대차 - 측면충돌,안전거리미확보,건조,맑음,단일로 - 기타,승용,남,21세,상해없음,화물,남,50세,경상
2016062400100418,2016년 6월 24일 16시,금요일,대구광역시 서구 비산동,중상사고,0,2,2,0,차대차 - 측면충돌,안전거리미확보,건조,맑음,교차로 - 교차로부근,승용,남,60세,상해없음,승용,남,40세,상해없음
2016062400100462,2016년 6월 24일 17시,금요일,대구광역시 남구 대명동,경상사고,0,0,1,0,차대차 - 측면충돌,교차로운행방법위반,건조,맑음,교차로 - 교차로안,승용,남,40세,상해없음,원동기,남,53세,경상
2016062400100463,2016년 6월 24일 17시,금요일,대구광역시 동구 지저동,중상사고,0,1,0,0,차대사람 - 횡단중,안전운전불이행,건조,맑음,교차로 - 교차로안,승용,남,50세,상해없음,보행자,여,71세,중상
2016062400100494,2016년 6월 24일 18시,금요일,대구광역시 달서구 용산동,경상사고,0,0,2,0,차대차 - 추돌,안전운전불이행,건조,맑음,단일로 - 기타,승용,남,60세,경상,승용,남,44세,경상
2016062400100531,2016년 6월 24일 19시,금요일,대구광역시 달서구 월성동,경상사고,0,0,1,0,차대사람 - 횡단중,보행자보호의무위반,건조,맑음,단일로 - 횡단보도상,승용,남,68세,상해없음,보행자,남,39세,경상
2016062400100591,2016년 6월 24일 21시,금요일,대구광역시 수성구 시지동,경상사고,0,0,1,0,차대차 - 추돌,안전거리미확보,건조,맑음,교차로 - 교차로부근,승용,남,53세,상해없음,승용,남,57세,경상
2016062400100592,2016년 6월 24일 21시,금요일,대구광역시 달서구 송현동,중상사고,0,1,0,0,차대사람 - 횡단중,안전운전불이행,건조,맑음,교차로 - 교차로부근,승합,남,45세,상해없음,보행자,남,69세,중상
2016062400100618,2016년 6월 24일 22시,금요일,대구광역시 달서구 성당동,경상사고,0,0,2,0,차대차 - 기타,교차로운행방법위반,건조,맑음,교차로 - 교차로부근,승용,남,46세,기타불명,승용,여,44세,경상
2016062400100643,2016년 6월 24일 23시,금요일,대구광역시 달서구 본동,경상사고,0,0,1,0,차대차 - 정면충돌,안전거리미확보,건조,맑음,단일로 - 기타,승용,남,53세,경상,승용,남,34세,상해없음
2016062400100645,2016년 6월 24일 23시,금요일,대구광역시 북구 동천동,경상사고,0,0,2,0,차대차 - 측면직각충돌,안전운전불이행,건조,맑음,교차로 - 교차로안,이륜,남,17세,경상,이륜,남,18세,경상
2016062500100015,2016년 6월 25일 00시,토요일,대구광역시 남구 대명동,중상사고,0,1,2,0,차대차 - 측면직각충돌,교차로운행방법위반,건조,맑음,교차로 - 교차로안,승용,여,46세,경상,승용,남,40세,경상
2016062500100016,2016년 6월 25일 00시,토요일,대구광역시 북구 구암동,경상사고,0,0,2,0,차대차 - 측면충돌,안전운전불이행,건조,맑음,단일로 - 기타,이륜,남,19세,경상,승용,남,34세,상해없음
2016062500100036,2016년 6월 25일 01시,토요일,대구광역시 중구 삼덕동2가,경상사고,0,0,2,0,차대차 - 기타,중앙선침범,건조,맑음,교차로 - 교차로부근,승용,남,18세,상해없음,승용,여,48세,경상
2016062500100059,2016년 6월 25일 02시,토요일,대구광역시 수성구 신매동,경상사고,0,0,1,0,차대차 - 측면충돌,안전운전불이행,건조,맑음,단일로 - 기타,승용,남,48세,상해없음,승용,남,22세,경상
2016062500100060,2016년 6월 25일 02시,토요일,대구광역시 북구 침산동,경상사고,0,0,3,1,차대차 - 추돌,안전거리미확보,건조,맑음,단일로 - 기타,승용,남,53세,부상신고,승용,남,39세,경상
2016062500100161,2016년 6월 25일 08시,토요일,대구광역시 남구 대명동,경상사고,0,0,1,0,차대차 - 추돌,안전운전불이행,건조,맑음,단일로 - 기타,승용,남,49세,상해없음,승용,여,44세,경상
2016062500100162,2016년 6월 25일 08시,토요일,대구광역시 북구 동천동,경상사고,0,0,1,0,차대차 - 측면충돌,안전운전불이행,건조,맑음,단일로 - 기타,승용,여,44세,상해없음,승용,여,57세,경상
2016062500100185,2016년 6월 25일 09시,토요일,대구광역시 동구 신천동,경상사고,0,0,1,0,차대사람 - 차도통행중,안전운전불이행,건조,맑음,단일로 - 기타,승용,여,61세,상해없음,보행자,여,61세,경상
2016062500100186,2016년 6월 25일 09시,토요일,대구광역시 서구 원대동2가,경상사고,0,0,1,0,차대차 - 측면충돌,안전운전불이행,건조,맑음,단일로 - 횡단보도상,자전거,여,52세,경상,화물,남,59세,상해없음
2016062500100230,2016년 6월 25일 10시,토요일,대구광역시 수성구 매호동,중상사고,0,1,1,0,차대차 - 정면충돌,중앙선침범,건조,맑음,교차로 - 교차로부근,이륜,남,83세,경상,승용,여,44세,중상
2016062500100231,2016년 6월 25일 10시,토요일,대구광역시 달서구 월암동,경상사고,0,0,1,0,차대차 - 추돌,안전운전불이행,건조,맑음,교차로 - 교차로부근,승용,여,40세,상해없음,이륜,남,25세,경상
2016062500100232,2016년 6월 25일 10시,토요일,대구광역시 달서구 신당동,중상사고,0,1,0,0,차대사람 - 횡단중,안전운전불이행,건조,맑음,교차로 - 교차로부근,승용,남,53세,상해없음,보행자,남,63세,중상
2016062500100233,2016년 6월 25일 10시,토요일,대구광역시 달서구 성당동,경상사고,0,0,2,0,차대차 - 추돌,안전운전불이행,습기,비,단일로 - 기타,승용,여,19세,상해없음,승용,남,56세,경상
2016062500100255,2016년 6월 25일 11시,토요일,대구광역시 북구 고성동2가,경상사고,0,0,1,0,차대차 - 측면직각충돌,안전거리미확보,건조,맑음,교차로 - 교차로부근,승용,여,29세,상해없음,화물,남,54세,경상
2016062500100289,2016년 6월 25일 12시,토요일,대구광역시 동구 효목동,경상사고,0,0,1,0,차대사람 - 기타,안전운전불이행,건조,맑음,단일로 - 기타,승용,남,67세,상해없음,보행자,남,44세,경상
2016062500100290,2016년 6월 25일 12시,토요일,대구광역시 동구 지저동,경상사고,0,0,1,0,차대차 - 추돌,안전운전불이행,건조,맑음,단일로 - 기타,화물,남,28세,상해없음,승용,남,57세,경상
2016062500100291,2016년 6월 25일 12시,토요일,대구광역시 달서구 진천동,경상사고,0,0,1,0,차대차 - 추돌,안전운전불이행,건조,맑음,단일로 - 기타,승용,남,35세,상해없음,승용,남,42세,경상
2016062500100329,2016년 6월 25일 13시,토요일,대구광역시 수성구 범어동,경상사고,0,0,4,0,차대차 - 측면충돌,안전운전불이행,건조,맑음,단일로 - 기타,승용,남,21세,상해없음,승용,여,61세,경상
2016062500100375,2016년 6월 25일 14시,토요일,대구광역시 달성군 옥포면,중상사고,0,1,0,0,차대차 - 측면직각충돌,직진우회전진행방해,건조,맑음,교차로 - 교차로안,승용,남,36세,상해없음,이륜,남,46세,중상
2016062500100419,2016년 6월 25일 15시,토요일,대구광역시 달성군 다사읍,중상사고,0,1,0,0,차대차 - 기타,안전운전불이행,건조,맑음,단일로 - 기타,자전거,남,41세,중상,화물,남,45세,상해없음
2016062500100460,2016년 6월 25일 16시,토요일,대구광역시 동구 중대동,중상사고,0,3,0,0,차량단독 - 전도전복,안전운전불이행,건조,맑음,단일로 - 기타,승용,여,61세,상해없음,,,,
2016062500100461,2016년 6월 25일 16시,토요일,대구광역시 서구 비산동,부상신고사고,0,0,0,1,차대차 - 측면직각충돌,안전운전불이행,건조,맑음,교차로 - 교차로안,자전거,여,54세,부상신고,승용,남,60세,상해없음
2016062500100501,2016년 6월 25일 17시,토요일,대구광역시 수성구 수성동1가,중상사고,0,1,0,0,차대사람 - 기타,안전운전불이행,건조,맑음,단일로 - 기타,승용,여,41세,상해없음,보행자,여,90세 이상,중상
2016062500100550,2016년 6월 25일 18시,토요일,대구광역시 동구 봉무동,경상사고,0,0,1,0,차대사람 - 횡단중,신호위반,건조,맑음,교차로 - 교차로안,원동기,남,19세,기타불명,보행자,남,9세,경상
2016062500100578,2016년 6월 25일 19시,토요일,대구광역시 달서구 송현동,경상사고,0,0,1,0,차대사람 - 횡단중,안전운전불이행,건조,맑음,교차로 - 교차로안,승용,남,54세,상해없음,보행자,남,59세,경상
2016062500100600,2016년 6월 25일 20시,토요일,대구광역시 남구 대명동,경상사고,0,0,1,0,차대차 - 추돌,안전운전불이행,건조,맑음,단일로 - 기타,이륜,남,38세,경상,승용,여,53세,상해없음
2016062500100601,2016년 6월 25일 20시,토요일,대구광역시 북구 복현동,경상사고,0,0,1,0,차대사람 - 횡단중,안전운전불이행,건조,맑음,교차로 - 교차로안,승용,여,24세,상해없음,보행자,남,64세,경상
2016062500100602,2016년 6월 25일 20시,토요일,대구광역시 북구 침산동,경상사고,0,0,1,0,차대사람 - 횡단중,안전운전불이행,건조,맑음,단일로 - 기타,이륜,남,50세,상해없음,보행자,남,55세,경상
2016062500100603,2016년 6월 25일 20시,토요일,대구광역시 달서구 이곡동,중상사고,0,1,3,0,차대차 - 추돌,안전운전불이행,건조,맑음,단일로 - 기타,승용,남,46세,상해없음,승용,남,35세,경상
2016062500100633,2016년 6월 25일 21시,토요일,대구광역시 달성군 논공읍,사망사고,1,0,0,0,차대사람 - 횡단중,과속,건조,맑음,단일로 - 횡단보도부근,승용,남,57세,상해없음,보행자,여,66세,사망
2016062500100634,2016년 6월 25일 21시,토요일,대구광역시 달서구 두류동,경상사고,0,0,1,0,차대사람 - 횡단중,신호위반,건조,맑음,단일로 - 횡단보도상,승용,남,27세,상해없음,보행자,남,54세,경상
2016062500100681,2016년 6월 25일 23시,토요일,대구광역시 달서구 용산동,경상사고,0,0,3,0,차대차 - 기타,중앙선침범,건조,맑음,단일로 - 기타,승용,여,30세,상해없음,승용,남,60세,상해없음
2016062600100015,2016년 6월 26일 00시,일요일,대구광역시 달서구 본리동,경상사고,0,0,2,0,차대차 - 기타,안전운전불이행,건조,맑음,교차로 - 교차로부근,이륜,남,16세,상해없음,이륜,남,21세,경상
2016062600100074,2016년 6월 26일 05시,일요일,대구광역시 수성구 신매동,중상사고,0,1,0,0,차대차 - 추돌,안전운전불이행,건조,맑음,교차로 - 교차로부근,승용,남,22세,상해없음,승용,남,69세,중상