사고번호,사고일시,요일,시군구,사고내용,사망자수,중상자수,경상자수,부상신고자수,사고유형,법규위반,노면상태,기상상태,도로형태,가해운전자 차종,가해운전자 성별,가해운전자 연령,가해운전자 상해정도,피해운전자 차종,피해운전자 성별,피해운전자 연령,피해운전자 상해정도
2016062600100090,2016년 6월 26일 06시,일요일,대구광역시 서구 내당동,경상사고,0,0,1,0,차대차 - 정면충돌,교차로운행방법위반,건조,맑음,교차로 - 교차로부근,승용,남,75세,상해없음,승용,남,62세,경상
2016062600100104,2016년 6월 26일 07시,일요일,대구광역시 북구 읍내동,경상사고,0,0,2,0,차대차 - 측면직각충돌,안전거리미확보,건조,맑음,단일로 - 기타,승용,여,36세,상해없음,승용,남,66세,경상
2016062600100160,2016년 6월 26일 10시,일요일,대구광역시 동구 율하동,경상사고,0,0,2,0,차대차 - 추돌,안전거리미확보,건조,맑음,단일로 - 기타,승용,여,33세,상해없음,승용,남,42세,경상
2016062600100161,2016년 6월 26일 10시,일요일,대구광역시 달성군 화원읍,경상사고,0,0,1,0,차대차 - 기타,안전운전불이행,건조,맑음,교차로 - 교차로안,자전거,남,42세,경상,화물,남,71세,상해없음
2016062600100162,2016년 6월 26일 10시,일요일,대구광역시 북구 읍내동,중상사고,0,1,0,0,차대차 - 측면충돌,신호위반,건조,맑음,교차로 - 교차로안,이륜,남,41세,상해없음,자전거,여,62세,중상
2016062600100182,2016년 6월 26일 11시,일요일,대구광역시 북구 산격동,경상사고,0,0,1,0,차대차 - 측면충돌,안전운전불이행,건조,맑음,단일로 - 기타,승용,남,59세,상해없음,자전거,남,17세,경상
2016062600100206,2016년 6월 26일 12시,일요일,대구광역시 달서구 송현동,중상사고,0,1,0,0,차대차 - 측면충돌,차로위반,건조,맑음,단일로 - 기타,승용,남,54세,상해없음,이륜,남,32세,중상
2016062600100244,2016년 6월 26일 13시,일요일,대구광역시 동구 신기동,경상사고,0,0,2,0,차대차 - 측면직각충돌,중앙선침범,건조,맑음,단일로 - 기타,승용,여,37세,상해없음,승용,남,62세,상해없음
2016062600100245,2016년 6월 26일 13시,일요일,대구광역시 수성구 수성동4가,경상사고,0,0,1,0,차대차 - 측면충돌,신호위반,건조,맑음,교차로 - 교차로안,승용,여,45세,상해없음,승용,남,66세,경상
2016062600100246,2016년 6월 26일 13시,일요일,대구광역시 중구 대봉동,부상신고사고,0,0,0,1,차대차 - 측면직각충돌,안전운전불이행,건조,맑음,교차로 - 교차로안,자전거,남,12세,부상신고,승용,남,36세,상해없음
2016062600100306,2016년 6월 26일 15시,일요일,대구광역시 동구 서호동,경상사고,0,0,1,0,차대차 - 측면충돌,중앙선침범,건조,맑음,교차로 - 교차로부근,승용,남,55세,상해없음,원동기,남,42세,경상
2016062600100330,2016년 6월 26일 16시,일요일,대구광역시 동구 신암동,경상사고,0,0,1,0,차대차 - 측면직각충돌,안전운전불이행,건조,맑음,교차로 - 교차로부근,화물,남,24세,상해없음,승용,남,48세,경상
2016062600100377,2016년 6월 26일 18시,일요일,대구광역시 동구 신서동,경상사고,0,0,1,0,차대차 - 추돌,안전운전불이행,건조,맑음,단일로 - 기타,승용,남,63세,상해없음,승용,남,37세,경상
2016062600100404,2016년 6월 26일 19시,일요일,대구광역시 달성군 화원읍,경상사고,0,0,1,0,차대차 - 측면직각충돌,안전운전불이행,건조,맑음,단일로 - 기타,자전거,남,11세,상해없음,자전거,여,60세,경상
2016062600100431,2016년 6월 26일 20시,일요일,대구광역시 달서구 상인동,경상사고,0,0,1,0,차대사람 - 기타,안전운전불이행,건조,맑음,단일로 - 기타,이륜,남,18세,상해없음,보행자,여,46세,경상
2016062600100455,2016년 6월 26일 21시,일요일,대구광역시 수성구 황금동,경상사고,0,0,1,0,차대차 - 측면충돌,안전운전불이행,건조,맑음,단일로 - 기타,승용,남,33세,상해없음,자전거,남,17세,경상
2016062600100456,2016년 6월 26일 21시,일요일,대구광역시 달서구 신당동,경상사고,0,0,1,0,차대차 - 측면충돌,안전운전불이행,건조,맑음,교차로 - 교차로안,기타불명,기타불명,40세,기타불명,승용,남,24세,경상
2016062600100474,2016년 6월 26일 22시,일요일,대구광역시 달서구 도원동,경상사고,0,0,1,0,차대사람 - 횡단중,안전운전불이행,건조,맑음,단일로 - 기타,승용,남,44세,상해없음,보행자,남,52세,경상
2016062600100475,2016년 6월 26일 22시,일요일,대구광역시 달서구 이곡동,경상사고,0,0,2,0,차대차 - 측면충돌,안전운전불이행,건조,맑음,단일로 - 기타,승용,남,47세,상해없음,이륜,남,18세,경상
2016062700100010,2016년 6월 27일 00시,월요일,대구광역시 중구 대신동,경상사고,0,0,2,0,차대사람 - 기타,보행자보호의무위반,건조,맑음,단일로 - 기타,이륜,남,22세,상해없음,보행자,여,20세,경상
2016062700100022,2016년 6월 27일 02시,월요일,대구광역시 북구 대현동,중상사고,0,1,0,0,차대차 - 측면충돌,신호위반,건조,맑음,교차로 - 교차로안,이륜,남,25세,상해없음,승용,남,23세,상해없음
2016062700100074,2016년 6월 27일 07시,월요일,대구광역시 서구 중리동,중상사고,0,1,0,0,차대차 - 측면충돌,교차로운행방법위반,건조,맑음,교차로 - 교차로안,승용,남,22세,기타불명,승용,여,47세,중상
2016062700100075,2016년 6월 27일 07시,월요일,대구광역시 북구 태전동,경상사고,0,0,1,0,차대차 - 기타,안전운전불이행,건조,맑음,교차로 - 교차로부근,승용,여,44세,상해없음,승용,여,27세,경상
2016062700100076,2016년 6월 27일 07시,월요일,대구광역시 북구 학정동,경상사고,0,0,1,0,차대사람 - 기타,안전운전불이행,건조,맑음,단일로 - 기타,승용,남,26세,상해없음,보행자,남,62세,경상
2016062700100106,2016년 6월 27일 08시,월요일,대구광역시 남구 대명동,경상사고,0,0,1,0,차대차 - 기타,신호위반,건조,맑음,교차로 - 교차로안,승용,여,51세,상해없음,승용,여,30세,경상
2016062700100107,2016년 6월 27일 08시,월요일,대구광역시 동구 신천동,경상사고,0,0,2,0,차대차 - 추돌,안전거리미확보,건조,맑음,교차로 - 교차로안,승용,여,44세,상해없음,승용,남,75세,상해없음
2016062700100108,2016년 6월 27일 08시,월요일,대구광역시 동구 용계동,경상사고,0,0,2,0,차대차 - 측면충돌,안전운전불이행,건조,맑음,단일로 - 기타,승용,남,52세,상해없음,화물,남,55세,상해없음
2016062700100109,2016년 6월 27일 08시,월요일,대구광역시 수성구 황금동,경상사고,0,0,1,0,차대차 - 측면충돌,안전운전불이행,건조,맑음,단일로 - 기타,승합,남,34세,상해없음,이륜,남,57세,경상
2016062700100110,2016년 6월 27일 08시,월요일,대구광역시 중구 태평로3가,경상사고,0,0,1,0,차대차 - 측면직각충돌,신호위반,건조,맑음,교차로 - 교차로부근,승용,남,24세,상해없음,승용,남,34세,경상
2016062700100172,2016년 6월 27일 10시,월요일,대구광역시 달성군 하빈면,경상사고,0,0,1,0,차대차 - 측면직각충돌,안전운전불이행,건조,맑음,교차로 - 교차로부근,화물,남,56세,상해없음,승용,남,59세,경상
2016062700100173,2016년 6월 27일 10시,월요일,대구광역시 달성군 옥포면,중상사고,0,1,0,0,차대차 - 추돌,안전운전불이행,건조,맑음,단일로 - 기타,화물,남,51세,기타불명,자전거,남,56세,중상
2016062700100174,2016년 6월 27일 10시,월요일,대구광역시 중구 동인동4가,경상사고,0,0,1,0,차대사람 - 기타,안전운전불이행,건조,맑음,단일로 - 기타,승용,남,51세,상해없음,보행자,여,27세,경상
2016062700100175,2016년 6월 27일 10시,월요일,대구광역시 북구 태전동,경상사고,0,0,1,0,차대차 - 측면충돌,교차로운행방법위반,건조,맑음,교차로 - 교차로안,승용,여,45세,상해없음,화물,남,51세,상해없음
2016062700100298,2016년 6월 27일 14시,월요일,대구광역시 달서구 송현동,중상사고,0,1,0,0,차대차 - 측면충돌,직진우회전진행방해,건조,맑음,교차로 - 교차로안,이륜,남,43세,중상,승용,남,65세,상해없음
2016062700100299,2016년 6월 27일 14시,월요일,대구광역시 달서구 상인동,부상신고사고,0,0,0,1,차대사람 - 기타,안전운전불이행,건조,맑음,단일로 - 기타,승용,남,63세,기타불명,보행자,여,82세,부상신고
2016062700100300,2016년 6월 27일 14시,월요일,대구광역시 달서구 진천동,경상사고,0,0,1,0,차대사람 - 길가장자리구역통행중,안전운전불이행,건조,맑음,단일로 - 기타,승용,여,27세,상해없음,보행자,여,43세,경상
2016062700100301,2016년 6월 27일 14시,월요일,대구광역시 북구 구암동,경상사고,0,0,1,0,차대차 - 측면충돌,안전운전불이행,건조,맑음,단일로 - 기타,승용,남,46세,상해없음,이륜,남,42세,경상
2016062700100337,2016년 6월 27일 15시,월요일,대구광역시 동구 신천동,경상사고,0,0,2,0,차대차 - 측면충돌,안전거리미확보,건조,맑음,단일로 - 기타,화물,남,28세,상해없음,승용,여,36세,경상
2016062700100370,2016년 6월 27일 16시,월요일,대구광역시 남구 대명동,경상사고,0,0,2,6,차대차 - 기타,안전운전불이행,건조,맑음,기타 - 기타,승용,남,67세,상해없음,승용,남,74세,경상
2016062700100371,2016년 6월 27일 16시,월요일,대구광역시 수성구 범어동,경상사고,0,0,1,0,차대차 - 기타,교차로운행방법위반,건조,맑음,교차로 - 교차로안,승용,남,47세,상해없음,자전거,남,23세,경상
2016062700100372,2016년 6월 27일 16시,월요일,대구광역시 달서구 월성동,경상사고,0,0,1,0,차대차 - 측면충돌,안전운전불이행,건조,맑음,교차로 - 교차로부근,승용,여,54세,상해없음,원동기,남,57세,경상
2016062700100373,2016년 6월 27일 16시,월요일,대구광역시 북구 침산동,경상사고,0,0,1,0,차대차 - 측면직각충돌,안전운전불이행,건조,맑음,기타 - 기타,자전거,남,8세,경상,승용,남,33세,상해없음
2016062700100374,2016년 6월 27일 16시,월요일,대구광역시 중구 도원동,경상사고,0,0,2,0,차대차 - 기타,안전운전불이행,건조,맑음,교차로 - 교차로안,승용,여,55세,상해없음,승용,남,41세,경상
2016062700100414,2016년 6월 27일 17시,월요일,대구광역시 남구 대명동,중상사고,0,1,0,0,차대사람 - 길가장자리구역통행중,안전운전불이행,건조,맑음,단일로 - 기타,승용,남,68세,상해없음,보행자,여,77세,중상
2016062700100415,2016년 6월 27일 17시,월요일,대구광역시 수성구 범어동,경상사고,0,0,1,0,차대차 - 측면직각충돌,안전운전불이행,건조,맑음,단일로 - 기타,승용,남,34세,상해없음,승용,남,36세,경상
2016062700100416,2016년 6월 27일 17시,월요일,대구광역시 달서구 대천동,경상사고,0,0,1,0,차대차 - 측면직각충돌,안전운전불이행,건조,맑음,단일로 - 횡단보도상,화물,남,26세,상해없음,자전거,남,8세,경상
2016062700100448,2016년 6월 27일 18시,월요일,대구광역시 서구 상리동,경상사고,0,0,2,0,차대차 - 기타,안전운전불이행,건조,맑음,단일로 - 기타,승용,남,50세,상해없음,승용,남,22세,경상
2016062700100453,2016년 6월 27일 18시,월요일,대구광역시 동구 신천동,중상사고,0,2,0,0,차대차 - 측면충돌,신호위반,습기,비,단일로 - 기타,승용,남,68세,상해없음,승용,남,42세,중상
2016062700100454,2016년 6월 27일 18시,월요일,대구광역시 수성구 만촌동,경상사고,0,0,1,0,차대차 - 기타,안전운전불이행,습기,비,교차로 - 교차로부근,승용,남,64세,상해없음,자전거,남,13세,경상
2016062700100455,2016년 6월 27일 18시,월요일,대구광역시 달서구 월성동,중상사고,0,1,0,0,차대차 - 측면직각충돌,안전운전불이행,건조,맑음,단일로 - 기타,승용,남,45세,상해없음,자전거,남,8세,중상
2016062700100456,2016년 6월 27일 18시,월요일,대구광역시 북구 산격동,중상사고,0,1,0,0,차대차 - 측면직각충돌,직진우회전진행방해,습기,비,교차로 - 교차로안,승용,여,56세,상해없음,원동기,남,28세,중상
2016062700100457,2016년 6월 27일 18시,월요일,대구광역시 서구 내당동,경상사고,0,0,3,1,차대차 - 측면충돌,차로위반,습기,비,단일로 - 기타,승용,남,30세,부상신고,승용,남,23세,경상
2016062700100458,2016년 6월 27일 18시,월요일,대구광역시 북구 관음동,경상사고,0,0,1,0,차대차 - 측면충돌,직진우회전진행방해,습기,비,교차로 - 교차로안,승용,여,49세,상해없음,이륜,여,53세,경상
2016062700100485,2016년 6월 27일 19시,월요일,대구광역시 달서구 상인동,경상사고,0,0,1,0,차대사람 - 기타,안전운전불이행,건조,맑음,교차로 - 교차로부근,승용,남,36세,상해없음,보행자,남,42세,경상
2016062700100486,2016년 6월 27일 19시,월요일,대구광역시 중구 태평로2가,경상사고,0,0,2,2,차대차 - 기타,안전운전불이행,습기,흐림,교차로 - 교차로부근,기타불명,기타불명,기타불명,기타불명,승용,남,38세,부상신고
2016062700100516,2016년 6월 27일 20시,월요일,대구광역시 수성구 매호동,중상사고,0,1,0,0,차대사람 - 횡단중,안전운전불이행,건조,맑음,교차로 - 교차로부근,승용,남,41세,상해없음,보행자,남,57세,중상
2016062700100517,2016년 6월 27일 20시,월요일,대구광역시 달서구 송현동,경상사고,0,0,1,0,차대사람 - 횡단중,안전운전불이행,건조,맑음,교차로 - 교차로안,승용,여,55세,상해없음,보행자,여,73세,경상
2016062700100541,2016년 6월 27일 21시,월요일,대구광역시 수성구 매호동,중상사고,0,1,0,0,차대차 - 측면충돌,안전운전불이행,건조,맑음,교차로 - 교차로안,특수,남,22세,상해없음,승용,여,46세,중상
2016062700100542,2016년 6월 27일 21시,월요일,대구광역시 달서구 본동,경상사고,0,0,1,0,차대차 - 기타,차로위반,건조,맑음,단일로 - 기타,승용,여,26세,상해없음,승용,남,43세,경상
2016062700100543,2016년 6월 27일 21시,월요일,대구광역시 달서구 진천동,경상사고,0,0,2,0,차대차 - 추돌,안전거리미확보,건조,맑음,단일로 - 기타,승용,남,31세,기타불명,승용,여,37세,경상
2016062700100544,2016년 6월 27일 21시,월요일,대구광역시 달서구 대천동,중상사고,0,1,1,0,차대차 - 측면충돌,중앙선침범,건조,맑음,교차로 - 교차로부근,승용,여,45세,상해없음,승용,남,34세,중상
2016062700100545,2016년 6월 27일 21시,월요일,대구광역시 서구 내당동,경상사고,0,0,2,0,차대차 - 정면충돌,안전운전불이행,건조,맑음,단일로 - 기타,승용,남,27세,상해없음,승용,남,60세,경상
2016062700100546,2016년 6월 27일 21시,월요일,대구광역시 달서구 이곡동,경상사고,0,0,1,0,차대사람 - 횡단중,안전운전불이행,건조,맑음,단일로 - 기타,승용,남,22세,상해없음,보행자,여,42세,경상
2016062700100574,2016년 6월 27일 22시,월요일,대구광역시 수성구 범어동,경상사고,0,0,1,0,차대차 - 추돌,안전운전불이행,건조,맑음,단일로 - 기타,승용,남,71세,상해없음,승용,남,48세,상해없음
2016062700100575,2016년 6월 27일 22시,월요일,대구광역시 서구 평리동,경상사고,0,0,1,0,차대차 - 측면직각충돌,안전운전불이행,건조,맑음,단일로 - 기타,화물,남,57세,상해없음,승용,남,70세,경상
2016062700100596,2016년 6월 27일 23시,월요일,대구광역시 서구 평리동,경상사고,0,0,2,0,차대차 - 측면직각충돌,기타,건조,맑음,교차로 - 교차로안,승용,남,33세,상해없음,승용,여,35세,경상
2016062800100017,2016년 6월 28일 01시,화요일,대구광역시 수성구 만촌동,경상사고,0,0,1,0,차대차 - 측면충돌,안전운전불이행,건조,맑음,교차로 - 교차로안,승용,남,41세,상해없음,승용,남,42세,경상
2016062800100018,2016년 6월 28일 01시,화요일,대구광역시 서구 평리동,경상사고,0,0,1,0,차대차 - 추돌,안전운전불이행,건조,맑음,교차로 - 교차로부근,승용,남,34세,기타불명,승용,남,60세,경상
2016062800100030,2016년 6월 28일 02시,화요일,대구광역시 수성구 황금동,경상사고,0,0,1,0,차대사람 - 횡단중,보행자보호의무위반,건조,맑음,단일로 - 횡단보도상,승용,남,46세,상해없음,보행자,여,32세,경상
2016062800100031,2016년 6월 28일 02시,화요일,대구광역시 수성구 두산동,경상사고,0,0,1,0,차대차 - 측면충돌,안전거리미확보,건조,맑음,교차로 - 교차로안,승용,남,25세,상해없음,승용,남,60세,경상
2016062800100067,2016년 6월 28일 06시,화요일,대구광역시 서구 내당동,경상사고,0,0,2,0,차대차 - 측면직각충돌,안전거리미확보,건조,맑음,단일로 - 기타,승용,남,36세,경상,승용,남,34세,경상
2016062800100082,2016년 6월 28일 07시,화요일,대구광역시 수성구 만촌동,경상사고,0,0,1,0,차대사람 - 횡단중,안전운전불이행,건조,맑음,단일로 - 횡단보도상,자전거,기타불명,기타불명,기타불명,보행자,남,25세,경상
2016062800100083,2016년 6월 28일 07시,화요일,대구광역시 달서구 장동,경상사고,0,0,2,0,차대차 - 측면직각충돌,안전운전불이행,습기,맑음,단일로 - 횡단보도상,승용,여,53세,경상,자전거,남,36세,경상
2016062800100114,2016년 6월 28일 08시,화요일,대구광역시 달성군 옥포면,중상사고,0,1,1,0,차대차 - 정면충돌,중앙선침범,건조,맑음,기타 - 기타,승용,여,45세,중상,화물,남,46세,경상
2016062800100117,2016년 6월 28일 08시,화요일,대구광역시 북구 침산동,경상사고,0,0,4,0,차대차 - 추돌,안전운전불이행,건조,맑음,단일로 - 기타,화물,남,49세,상해없음,승용,남,45세,경상
2016062800100118,2016년 6월 28일 08시,화요일,대구광역시 달서구 두류동,경상사고,0,0,1,0,차대사람 - 횡단중,보행자보호의무위반,건조,맑음,단일로 - 기타,승용,남,31세,상해없음,보행자,남,7세,경상
2016062800100119,2016년 6월 28일 08시,화요일,대구광역시 북구 동천동,경상사고,0,0,1,0,차대차 - 기타,안전거리미확보,건조,맑음,단일로 - 기타,화물,남,58세,상해없음,승합,남,48세,상해없음
2016062800100152,2016년 6월 28일 09시,화요일,대구광역시 달서구 장기동,경상사고,0,0,2,0,차대차 - 추돌,안전거리미확보,건조,맑음,단일로 - 기타,승용,남,39세,경상,승용,여,55세,상해없음
2016062800100153,2016년 6월 28일 09시,화요일,대구광역시 북구 서변동,중상사고,0,1,0,0,차대사람 - 횡단중,보행자보호의무위반,건조,맑음,단일로 - 횡단보도상,화물,남,37세,상해없음,보행자,여,42세,중상
2016062800100154,2016년 6월 28일 09시,화요일,대구광역시 북구 매천동,부상신고사고,0,0,0,1,차대차 - 추돌,안전거리미확보,건조,흐림,단일로 - 횡단보도상,이륜,남,21세,부상신고,이륜,남,45세,상해없음
2016062800100183,2016년 6월 28일 10시,화요일,대구광역시 달서구 진천동,중상사고,0,1,0,0,차대차 - 측면직각충돌,안전거리미확보,건조,맑음,단일로 - 기타,건설기계,남,41세,기타불명,승용,여,52세,중상
2016062800100184,2016년 6월 28일 10시,화요일,대구광역시 서구 평리동,경상사고,0,0,1,0,차대차 - 추돌,안전운전불이행,건조,맑음,단일로 - 기타,이륜,남,19세,상해없음,승용,남,57세,경상
2016062800100185,2016년 6월 28일 10시,화요일,대구광역시 달서구 월암동,경상사고,0,0,2,0,차대차 - 측면충돌,안전운전불이행,건조,맑음,교차로 - 교차로안,화물,남,42세,상해없음,승용,남,53세,경상
2016062800100235,2016년 6월 28일 12시,화요일,대구광역시 중구 남성로,중상사고,0,1,1,0,차대차 - 측면직각충돌,직진우회전진행방해,건조,맑음,교차로 - 교차로안,승용,여,32세,중상,승용,남,59세,경상
2016062800100286,2016년 6월 28일 14시,화요일,대구광역시 달서구 상인동,경상사고,0,0,1,0,차대차 - 추돌,안전운전불이행,건조,맑음,교차로 - 교차로부근,승용,여,38세,상해없음,승용,여,30세,경상
2016062800100287,2016년 6월 28일 14시,화요일,대구광역시 달성군 화원읍,중상사고,0,1,0,0,차대사람 - 횡단중,보행자보호의무위반,건조,맑음,단일로 - 횡단보도상,승용,남,37세,상해없음,보행자,남,7세,중상
2016062800100320,2016년 6월 28일 15시,화요일,대구광역시 중구 태평로2가,경상사고,0,0,1,0,차대차 - 정면충돌,안전운전불이행,건조,맑음,교차로 - 교차로부근,승용,남,54세,상해없음,이륜,남,74세,경상
2016062800100321,2016년 6월 28일 15시,화요일,대구광역시 중구 대봉동,경상사고,0,0,2,0,차대차 - 기타,안전거리미확보,건조,맑음,단일로 - 기타,승용,남,73세,상해없음,승용,여,58세,경상
2016062800100392,2016년 6월 28일 17시,화요일,대구광역시 달서구 월성동,경상사고,0,0,1,0,차량단독 - 전도전복,안전운전불이행,건조,맑음,단일로 - 기타,승용,남,68세,경상,,,,
2016062800100433,2016년 6월 28일 18시,화요일,대구광역시 수성구 지산동,중상사고,0,1,0,0,차대차 - 정면충돌,안전운전불이행,건조,맑음,단일로 - 기타,승용,남,54세,상해없음,자전거,여,60세,중상
2016062800100491,2016년 6월 28일 20시,화요일,대구광역시 북구 대현동,경상사고,0,0,2,0,차대차 - 측면충돌,교차로운행방법위반,건조,맑음,교차로 - 교차로부근,승용,여,54세,경상,승용,남,60세,경상
2016062800100556,2016년 6월 28일 22시,화요일,대구광역시 동구 신천동,중상사고,0,2,1,0,차대차 - 추돌,안전운전불이행,건조,맑음,교차로 - 교차로부근,승용,남,51세,상해없음,승용,남,54세,중상
2016062800100557,2016년 6월 28일 22시,화요일,대구광역시 수성구 파동,중상사고,0,1,0,0,차대차 - 추돌,안전운전불이행,건조,맑음,단일로 - 기타,승용,여,25세,중상,화물,남,57세,기타불명
2016062800100558,2016년 6월 28일 22시,화요일,대구광역시 달서구 송현동,경상사고,0,0,1,0,차대사람 - 차도통행중,안전운전불이행,건조,맑음,교차로 - 교차로안,승용,남,18세,상해없음,보행자,여,54세,경상
2016062900100024,2016년 6월 29일 01시,수요일,대구광역시 달서구 죽전동,중상사고,0,1,1,0,차대차 - 측면충돌,안전거리미확보,건조,맑음,단일로 - 기타,승용,남,22세,상해없음,승용,남,44세,경상
2016062900100025,2016년 6월 29일 01시,수요일,대구광역시 달서구 죽전동,경상사고,0,0,1,0,차대차 - 측면직각충돌,안전운전불이행,건조,흐림,단일로 - 기타,이륜,남,22세,상해없음,승용,남,51세,상해없음
2016062900100038,2016년 6월 29일 02시,수요일,대구광역시 중구 동인동4가,중상사고,0,4,0,0,차대차 - 추돌,안전운전불이행,건조,맑음,교차로 - 교차로부근,승용,남,31세,상해없음,승용,남,26세,중상
2016062900100046,2016년 6월 29일 04시,수요일,대구광역시 남구 대명동,경상사고,0,0,1,2,차대차 - 측면충돌,교차로운행방법위반,건조,맑음,교차로 - 교차로안,이륜,남,33세,부상신고,승용,남,64세,부상신고
2016062900100097,2016년 6월 29일 07시,수요일,대구광역시 서구 내당동,경상사고,0,0,1,0,차대차 - 추돌,안전운전불이행,건조,맑음,단일로 - 기타,기타불명,기타불명,기타불명,기타불명,자전거,남,69세,경상
2016062900100134,2016년 6월 29일 08시,수요일,대구광역시 동구 신암동,경상사고,0,0,1,0,차대차 - 측면충돌,안전운전불이행,건조,맑음,단일로 - 횡단보도상,승합,남,53세,상해없음,자전거,남,50세,경상
2016062900100135,2016년 6월 29일 08시,수요일,대구광역시 달서구 월성동,경상사고,0,0,1,0,차대차 - 기타,교차로운행방법위반,건조,맑음,교차로 - 교차로안,승용,남,38세,상해없음,승용,여,39세,경상
2016062900100136,2016년 6월 29일 08시,수요일,대구광역시 달서구 본동,경상사고,0,0,1,0,차대사람 - 횡단중,안전운전불이행,건조,맑음,교차로 - 교차로부근,화물,남,52세,상해없음,보행자,남,22세,경상
2016062900100137,2016년 6월 29일 08시,수요일,대구광역시 북구 구암동,경상사고,0,0,1,0,차대차 - 추돌,안전거리미확보,건조,맑음,단일로 - 기타,승용,여,60세,상해없음,승용,여,27세,경상
2016062900100138,2016년 6월 29일 08시,수요일,대구광역시 북구 읍내동,경상사고,0,0,2,0,차대차 - 측면직각충돌,안전운전불이행,건조,맑음,단일로 - 기타,이륜,남,80세,경상,승용,여,60세,경상
2016062900100165,2016년 6월 29일 09시,수요일,대구광역시 북구 복현동,중상사고,0,1,0,0,차대차 - 측면충돌,안전운전불이행,건조,맑음,단일로 - 기타,승용,남,38세,상해없음,자전거,여,84세,중상
2016062900100166,2016년 6월 29일 09시,수요일,대구광역시 서구 비산동,경상사고,0,0,2,0,차대차 - 측면충돌,직진우회전진행방해,건조,맑음,교차로 - 교차로안,화물,남,67세,경상,화물,남,52세,경상
2016062900100205,2016년 6월 29일 10시,수요일,대구광역시 서구 내당동,경상사고,0,0,1,0,차대차 - 정면충돌,안전운전불이행,건조,맑음,교차로 - 교차로부근,승용,남,51세,상해없음,승용,남,58세,경상
2016062900100206,2016년 6월 29일 10시,수요일,대구광역시 북구 동천동,경상사고,0,0,1,1,차대차 - 측면직각충돌,안전운전불이행,건조,맑음,교차로 - 교차로안,승용,남,43세,부상신고,승용,여,54세,경상
2016062900100262,2016년 6월 29일 12시,수요일,대구광역시 수성구 매호동,중상사고,0,1,0,0,차대차 - 정면충돌,직진우회전진행방해,건조,맑음,단일로 - 기타,승용,여,32세,상해없음,승용,여,53세,중상
2016062900100263,2016년 6월 29일 12시,수요일,대구광역시 북구 대현동,경상사고,0,0,1,0,차대사람 - 기타,안전운전불이행,건조,맑음,교차로 - 교차로부근,승합,남,57세,상해없음,보행자,여,77세,경상
2016062900100288,2016년 6월 29일 13시,수요일,대구광역시 동구 신기동,경상사고,0,0,1,0,차대차 - 기타,교차로운행방법위반,건조,맑음,교차로 - 교차로부근,승용,남,56세,상해없음,승합,남,53세,상해없음
2016062900100289,2016년 6월 29일 13시,수요일,대구광역시 서구 상리동,중상사고,0,1,0,0,차대차 - 추돌,안전운전불이행,건조,맑음,단일로 - 기타,승용,여,41세,상해없음,승용,여,33세,중상
2016062900100320,2016년 6월 29일 14시,수요일,대구광역시 달서구 송현동,중상사고,0,1,0,0,차대사람 - 기타,안전운전불이행,건조,맑음,단일로 - 기타,승용,여,39세,상해없음,보행자,여,72세,중상
2016062900100321,2016년 6월 29일 14시,수요일,대구광역시 서구 중리동,경상사고,0,0,1,0,차량단독 - 기타,기타,건조,흐림,단일로 - 기타,승합,남,41세,상해없음,,,,
2016062900100357,2016년 6월 29일 15시,수요일,대구광역시 중구 수창동,중상사고,0,2,1,0,차대차 - 측면직각충돌,교차로운행방법위반,건조,맑음,교차로 - 교차로안,승용,여,49세,중상,승용,남,30세,경상
2016062900100358,2016년 6월 29일 15시,수요일,대구광역시 북구 서변동,경상사고,0,0,1,0,차대차 - 측면충돌,안전거리미확보,건조,맑음,단일로 - 기타,승용,남,50세,상해없음,이륜,남,19세,경상
2016062900100391,2016년 6월 29일 16시,수요일,대구광역시 달서구 상인동,경상사고,0,0,2,1,차대차 - 측면충돌,교차로운행방법위반,건조,맑음,교차로 - 교차로안,화물,남,54세,부상신고,원동기,남,19세,경상
2016062900100392,2016년 6월 29일 16시,수요일,대구광역시 북구 대현동,중상사고,0,1,0,0,차대사람 - 횡단중,보행자보호의무위반,건조,맑음,단일로 - 횡단보도상,승용,남,45세,상해없음,보행자,여,8세,중상
2016062900100429,2016년 6월 29일 17시,수요일,대구광역시 동구 도동,경상사고,0,0,2,0,차대차 - 측면충돌,안전운전불이행,건조,맑음,단일로 - 기타,승용,남,39세,경상,승용,남,42세,경상
2016062900100430,2016년 6월 29일 17시,수요일,대구광역시 수성구 상동,중상사고,0,1,0,0,차대차 - 측면충돌,안전운전불이행,건조,맑음,단일로 - 기타,승합,남,72세,상해없음,자전거,여,9세,중상
2016062900100477,2016년 6월 29일 18시,수요일,대구광역시 동구 신서동,경상사고,0,0,2,0,차대차 - 추돌,안전운전불이행,건조,맑음,교차로 - 교차로부근,승용,남,57세,상해없음,승용,남,43세,경상
2016062900100505,2016년 6월 29일 19시,수요일,대구광역시 달서구 장동,경상사고,0,0,1,0,차대차 - 측면직각충돌,교차로운행방법위반,건조,맑음,교차로 - 교차로안,승용,남,71세,상해없음,원동기,남,17세,경상
2016062900100506,2016년 6월 29일 19시,수요일,대구광역시 북구 칠성동2가,중상사고,0,1,0,0,차대사람 - 횡단중,보행자보호의무위반,건조,맑음,단일로 - 횡단보도상,승용,여,58세,상해없음,보행자,여,54세,중상