사고번호,사고일시,요일,시군구,사고내용,사망자수,중상자수,경상자수,부상신고자수,사고유형,법규위반,노면상태,기상상태,도로형태,가해운전자 차종,가해운전자 성별,가해운전자 연령,가해운전자 상해정도,피해운전자 차종,피해운전자 성별,피해운전자 연령,피해운전자 상해정도
2016070300100079,2016년 7월 3일 07시,일요일,대구광역시 달서구 상인동,경상사고,0,0,1,0,차대차 - 측면충돌,중앙선침범,건조,맑음,교차로 - 교차로부근,승용,남,31세,상해없음,승용,여,48세,경상
2016070300100080,2016년 7월 3일 07시,일요일,대구광역시 북구 관음동,경상사고,0,0,2,0,차대차 - 측면충돌,신호위반,습기,흐림,교차로 - 교차로안,승용,남,44세,상해없음,승합,남,58세,경상
2016070300100093,2016년 7월 3일 08시,일요일,대구광역시 중구 삼덕동2가,경상사고,0,0,1,0,차대사람 - 길가장자리구역통행중,안전운전불이행,건조,맑음,단일로 - 기타,승용,남,35세,상해없음,보행자,여,26세,경상
2016070300100122,2016년 7월 3일 10시,일요일,대구광역시 동구 능성동,경상사고,0,0,2,0,차대차 - 정면충돌,직진우회전진행방해,건조,맑음,교차로 - 교차로안,승용,남,57세,상해없음,승용,남,55세,경상
2016070300100146,2016년 7월 3일 11시,일요일,대구광역시 남구 봉덕동,경상사고,0,0,1,0,차대차 - 추돌,안전거리미확보,습기,비,단일로 - 기타,승용,남,22세,기타불명,화물,남,67세,경상
2016070300100171,2016년 7월 3일 12시,일요일,대구광역시 북구 관음동,경상사고,0,0,1,0,차대차 - 측면직각충돌,안전거리미확보,건조,맑음,단일로 - 기타,승용,남,38세,상해없음,원동기,남,36세,경상
2016070300100198,2016년 7월 3일 13시,일요일,대구광역시 동구 서호동,경상사고,0,0,1,0,차대사람 - 횡단중,보행자보호의무위반,건조,맑음,단일로 - 횡단보도상,승용,남,58세,상해없음,보행자,남,30세,경상
2016070300100199,2016년 7월 3일 13시,일요일,대구광역시 수성구 지산동,중상사고,0,1,0,0,차대차 - 측면충돌,중앙선침범,건조,맑음,단일로 - 기타,승용,여,45세,상해없음,이륜,남,45세,중상
2016070300100200,2016년 7월 3일 13시,일요일,대구광역시 수성구 파동,사망사고,1,4,3,0,차대차 - 측면직각충돌,신호위반,습기,비,교차로 - 교차로안,승용,남,49세,상해없음,승용,남,57세,경상
2016070300100201,2016년 7월 3일 13시,일요일,대구광역시 달서구 두류동,경상사고,0,0,1,0,차대사람 - 횡단중,안전운전불이행,건조,흐림,단일로 - 기타,승용,남,48세,상해없음,보행자,여,65세,경상
2016070300100202,2016년 7월 3일 13시,일요일,대구광역시 북구 태전동,경상사고,0,0,1,0,차대사람 - 횡단중,보행자보호의무위반,건조,맑음,단일로 - 기타,승용,남,62세,상해없음,보행자,여,9세,경상
2016070300100228,2016년 7월 3일 14시,일요일,대구광역시 수성구 범어동,경상사고,0,0,1,0,차대차 - 측면직각충돌,안전운전불이행,건조,맑음,교차로 - 교차로부근,승용,남,47세,상해없음,화물,남,54세,경상
2016070300100259,2016년 7월 3일 15시,일요일,대구광역시 수성구 대흥동,경상사고,0,0,1,0,차대사람 - 기타,안전운전불이행,습기,비,교차로 - 교차로안,승용,여,61세,기타불명,보행자,남,54세,경상
2016070300100260,2016년 7월 3일 15시,일요일,대구광역시 달서구 본동,중상사고,0,1,1,0,차대차 - 추돌,안전운전불이행,건조,맑음,단일로 - 기타,승용,남,52세,상해없음,승용,여,48세,경상
2016070300100302,2016년 7월 3일 17시,일요일,대구광역시 서구 원대동3가,경상사고,0,0,4,0,차대차 - 정면충돌,직진우회전진행방해,습기,비,교차로 - 교차로안,승용,남,41세,상해없음,승용,여,31세,경상
2016070300100335,2016년 7월 3일 18시,일요일,대구광역시 중구 남산동,중상사고,0,1,2,0,차대차 - 측면직각충돌,안전운전불이행,습기,비,교차로 - 교차로부근,승용,남,24세,상해없음,승용,남,74세,중상
2016070300100356,2016년 7월 3일 19시,일요일,대구광역시 수성구 황금동,경상사고,0,0,1,0,차대사람 - 길가장자리구역통행중,안전운전불이행,건조,맑음,단일로 - 기타,기타불명,기타불명,기타불명,기타불명,보행자,여,17세,경상
2016070300100357,2016년 7월 3일 19시,일요일,대구광역시 서구 비산동,경상사고,0,0,1,0,차대차 - 기타,직진우회전진행방해,습기,비,교차로 - 교차로안,승용,남,32세,상해없음,승용,여,43세,경상
2016070300100374,2016년 7월 3일 20시,일요일,대구광역시 남구 대명동,경상사고,0,0,2,0,차대사람 - 기타,안전운전불이행,습기,흐림,교차로 - 교차로부근,승용,남,19세,상해없음,보행자,여,64세,경상
2016070300100375,2016년 7월 3일 20시,일요일,대구광역시 수성구 수성동1가,경상사고,0,0,1,1,차대차 - 측면충돌,안전거리미확보,습기,비,단일로 - 기타,승용,여,39세,부상신고,승용,남,28세,경상
2016070300100376,2016년 7월 3일 20시,일요일,대구광역시 달서구 두류동,경상사고,0,0,1,0,차대사람 - 횡단중,보행자보호의무위반,습기,비,단일로 - 기타,승용,남,53세,상해없음,보행자,여,61세,경상
2016070300100398,2016년 7월 3일 21시,일요일,대구광역시 남구 봉덕동,경상사고,0,0,1,0,차대사람 - 횡단중,보행자보호의무위반,습기,비,단일로 - 횡단보도상,승용,남,44세,상해없음,보행자,남,26세,경상
2016070300100399,2016년 7월 3일 21시,일요일,대구광역시 달서구 진천동,경상사고,0,0,1,0,차대사람 - 횡단중,안전운전불이행,습기,비,단일로 - 기타,기타불명,기타불명,기타불명,기타불명,보행자,남,55세,경상
2016070300100400,2016년 7월 3일 21시,일요일,대구광역시 서구 비산동,경상사고,0,0,1,0,차대차 - 측면직각충돌,안전거리미확보,습기,비,단일로 - 기타,승용,여,53세,상해없음,승용,남,27세,경상
2016070300100401,2016년 7월 3일 21시,일요일,대구광역시 북구 동천동,경상사고,0,0,1,0,차대차 - 측면충돌,안전운전불이행,건조,맑음,단일로 - 기타,화물,남,34세,상해없음,이륜,남,17세,경상
2016070300100419,2016년 7월 3일 22시,일요일,대구광역시 수성구 만촌동,경상사고,0,0,1,0,차대차 - 추돌,안전운전불이행,건조,맑음,교차로 - 교차로부근,승용,남,27세,상해없음,승용,남,47세,경상
2016070400100022,2016년 7월 4일 02시,월요일,대구광역시 남구 대명동,경상사고,0,0,1,0,차대차 - 기타,신호위반,습기,비,교차로 - 교차로안,승용,남,29세,기타불명,승용,여,51세,경상
2016070400100023,2016년 7월 4일 02시,월요일,대구광역시 동구 방촌동,경상사고,0,0,1,0,차대차 - 측면충돌,안전운전불이행,습기,비,단일로 - 기타,승용,기타불명,기타불명,기타불명,승용,여,54세,경상
2016070400100030,2016년 7월 4일 04시,월요일,대구광역시 북구 태전동,경상사고,0,0,1,0,차대차 - 측면충돌,안전거리미확보,습기,비,단일로 - 기타,승용,남,63세,상해없음,승용,남,37세,상해없음
2016070400100040,2016년 7월 4일 05시,월요일,대구광역시 동구 신천동,경상사고,0,0,1,0,차대차 - 측면직각충돌,안전운전불이행,건조,맑음,단일로 - 교량,건설기계,남,59세,상해없음,승용,여,50세,경상
2016070400100041,2016년 7월 4일 05시,월요일,대구광역시 수성구 수성동4가,경상사고,0,0,1,0,차대차 - 추돌,안전운전불이행,습기,비,단일로 - 기타,승용,남,74세,상해없음,승합,남,52세,경상
2016070400100050,2016년 7월 4일 06시,월요일,대구광역시 중구 남산동,중상사고,0,1,0,0,차대차 - 기타,차로위반,습기,비,단일로 - 기타,승용,남,72세,상해없음,이륜,남,51세,중상
2016070400100069,2016년 7월 4일 07시,월요일,대구광역시 달서구 진천동,경상사고,0,0,3,0,차대차 - 추돌,안전운전불이행,건조,맑음,단일로 - 기타,승용,남,24세,상해없음,화물,남,48세,경상
2016070400100109,2016년 7월 4일 08시,월요일,대구광역시 중구 대봉동,중상사고,0,1,2,0,차대차 - 측면충돌,안전운전불이행,건조,맑음,단일로 - 기타,승용,남,79세,상해없음,승합,남,52세,경상
2016070400100110,2016년 7월 4일 08시,월요일,대구광역시 동구 율암동,경상사고,0,0,1,0,차대차 - 추돌,안전거리미확보,건조,기타,단일로 - 기타,승용,여,48세,상해없음,승용,여,35세,경상
2016070400100111,2016년 7월 4일 08시,월요일,대구광역시 수성구 범어동,중상사고,0,1,3,0,차대차 - 추돌,안전운전불이행,건조,맑음,단일로 - 기타,승용,남,68세,상해없음,승용,남,52세,경상
2016070400100112,2016년 7월 4일 08시,월요일,대구광역시 달성군 화원읍,중상사고,0,1,0,0,차대차 - 측면직각충돌,신호위반,습기,비,교차로 - 교차로부근,이륜,남,65세,중상,화물,남,73세,상해없음
2016070400100113,2016년 7월 4일 08시,월요일,대구광역시 북구 태전동,경상사고,0,0,1,0,차대사람 - 횡단중,보행자보호의무위반,습기,비,교차로 - 교차로안,승용,여,51세,상해없음,보행자,여,56세,경상
2016070400100114,2016년 7월 4일 08시,월요일,대구광역시 북구 서변동,경상사고,0,0,1,0,차대차 - 추돌,안전거리미확보,습기,비,교차로 - 교차로안,승용,남,65세,상해없음,승용,여,37세,경상
2016070400100142,2016년 7월 4일 09시,월요일,대구광역시 남구 대명동,경상사고,0,0,1,0,차대사람 - 길가장자리구역통행중,안전운전불이행,건조,맑음,단일로 - 기타,승용,여,27세,상해없음,보행자,여,64세,경상
2016070400100143,2016년 7월 4일 09시,월요일,대구광역시 서구 비산동,경상사고,0,0,1,0,차대차 - 측면직각충돌,안전거리미확보,습기,비,단일로 - 기타,승용,여,55세,상해없음,이륜,남,43세,경상
2016070400100168,2016년 7월 4일 10시,월요일,대구광역시 달서구 두류동,부상신고사고,0,0,0,1,차대차 - 추돌,안전운전불이행,습기,비,단일로 - 기타,승용,남,46세,부상신고,승용,남,34세,기타불명
2016070400100197,2016년 7월 4일 11시,월요일,대구광역시 동구 신암동,경상사고,0,0,1,0,차량단독 - 기타,기타,건조,맑음,단일로 - 기타,승합,남,56세,상해없음,,,,
2016070400100198,2016년 7월 4일 11시,월요일,대구광역시 중구 남산동,중상사고,0,1,1,0,차대차 - 측면직각충돌,안전거리미확보,건조,맑음,단일로 - 기타,승용,남,67세,상해없음,이륜,남,16세,중상
2016070400100253,2016년 7월 4일 13시,월요일,대구광역시 서구 평리동,경상사고,0,0,1,0,차대차 - 추돌,안전운전불이행,습기,비,교차로 - 교차로부근,승용,남,52세,상해없음,승용,남,56세,경상
2016070400100283,2016년 7월 4일 14시,월요일,대구광역시 수성구 욱수동,경상사고,0,0,1,0,차대차 - 측면충돌,교차로운행방법위반,건조,맑음,단일로 - 기타,승용,여,45세,상해없음,승용,여,45세,경상
2016070400100344,2016년 7월 4일 16시,월요일,대구광역시 수성구 상동,중상사고,0,1,0,0,차대차 - 측면직각충돌,안전운전불이행,건조,맑음,교차로 - 교차로안,승용,여,37세,상해없음,이륜,남,44세,중상
2016070400100345,2016년 7월 4일 16시,월요일,대구광역시 북구 동천동,중상사고,0,1,0,0,차대차 - 기타,교차로운행방법위반,건조,흐림,교차로 - 교차로안,원동기,남,54세,중상,승용,여,47세,상해없음
2016070400100370,2016년 7월 4일 17시,월요일,대구광역시 서구 내당동,경상사고,0,0,1,0,차대사람 - 기타,안전운전불이행,건조,맑음,단일로 - 기타,승용,여,33세,상해없음,보행자,남,29세,경상
2016070400100371,2016년 7월 4일 17시,월요일,대구광역시 북구 산격동,중상사고,0,1,2,0,차대차 - 추돌,안전운전불이행,습기,비,단일로 - 기타,화물,남,56세,상해없음,승용,여,41세,중상
2016070400100409,2016년 7월 4일 18시,월요일,대구광역시 남구 대명동,경상사고,0,0,4,0,차대차 - 기타,안전운전불이행,건조,맑음,단일로 - 기타,화물,남,54세,상해없음,승용,여,34세,경상
2016070400100410,2016년 7월 4일 18시,월요일,대구광역시 북구 복현동,중상사고,0,1,0,0,차대차 - 측면충돌,안전거리미확보,건조,맑음,교차로 - 교차로부근,승용,남,24세,상해없음,이륜,남,23세,중상
2016070400100446,2016년 7월 4일 19시,월요일,대구광역시 수성구 만촌동,중상사고,0,1,1,0,차대차 - 측면충돌,안전운전불이행,건조,맑음,교차로 - 교차로부근,화물,남,67세,상해없음,승용,여,46세,경상
2016070400100447,2016년 7월 4일 19시,월요일,대구광역시 북구 노원동2가,부상신고사고,0,0,0,1,차대차 - 기타,안전운전불이행,습기,비,단일로 - 횡단보도상,자전거,남,51세,부상신고,승용,남,49세,상해없음
2016070400100524,2016년 7월 4일 21시,월요일,대구광역시 동구 신천동,경상사고,0,0,1,1,차대차 - 정면충돌,교차로운행방법위반,건조,맑음,교차로 - 교차로안,이륜,남,42세,부상신고,승용,남,23세,경상
2016070400100525,2016년 7월 4일 21시,월요일,대구광역시 서구 비산동,중상사고,0,1,0,0,차대차 - 기타,안전운전불이행,건조,맑음,단일로 - 기타,승용,여,55세,상해없음,이륜,남,31세,중상
2016070400100563,2016년 7월 4일 22시,월요일,대구광역시 동구 지저동,중상사고,0,1,0,0,차대차 - 측면충돌,안전운전불이행,건조,맑음,교차로 - 교차로안,이륜,남,17세,중상,승용,남,75세,상해없음
2016070400100609,2016년 7월 4일 23시,월요일,대구광역시 동구 율하동,중상사고,0,1,0,0,차대사람 - 횡단중,안전운전불이행,습기,비,교차로 - 교차로안,승용,남,51세,상해없음,보행자,남,43세,중상
2016070400100610,2016년 7월 4일 23시,월요일,대구광역시 북구 복현동,경상사고,0,0,4,0,차대차 - 기타,차로위반,습기,비,단일로 - 기타,승용,여,24세,경상,승용,남,22세,경상
2016070500100017,2016년 7월 5일 00시,화요일,대구광역시 남구 대명동,중상사고,0,1,1,0,차대차 - 추돌,안전운전불이행,습기,비,단일로 - 기타,승용,남,25세,상해없음,승용,남,37세,경상
2016070500100018,2016년 7월 5일 00시,화요일,대구광역시 동구 방촌동,중상사고,0,1,0,0,차대차 - 측면충돌,안전거리미확보,습기,흐림,단일로 - 기타,이륜,남,21세,중상,승용,남,26세,상해없음
2016070500100042,2016년 7월 5일 02시,화요일,대구광역시 북구 칠성동2가,사망사고,1,0,0,0,차대사람 - 횡단중,안전운전불이행,건조,맑음,단일로 - 기타,승용,남,26세,상해없음,보행자,남,57세,사망
2016070500100154,2016년 7월 5일 09시,화요일,대구광역시 달서구 월암동,경상사고,0,0,1,0,차대차 - 측면충돌,직진우회전진행방해,습기,맑음,교차로 - 교차로안,화물,남,49세,상해없음,화물,남,36세,경상
2016070500100155,2016년 7월 5일 09시,화요일,대구광역시 서구 평리동,중상사고,0,1,0,0,차대차 - 추돌,불법유턴,건조,맑음,단일로 - 기타,승용,남,59세,상해없음,이륜,남,62세,중상
2016070500100231,2016년 7월 5일 12시,화요일,대구광역시 남구 대명동,경상사고,0,0,1,0,차대차 - 기타,안전운전불이행,건조,맑음,기타 - 기타,승용,남,39세,상해없음,이륜,남,63세,경상
2016070500100297,2016년 7월 5일 14시,화요일,대구광역시 달서구 월성동,경상사고,0,0,2,0,차대차 - 측면충돌,중앙선침범,건조,맑음,교차로 - 교차로부근,승용,남,49세,상해없음,승용,여,53세,경상
2016070500100298,2016년 7월 5일 14시,화요일,대구광역시 북구 침산동,부상신고사고,0,0,0,1,차대차 - 측면직각충돌,안전운전불이행,건조,맑음,단일로 - 기타,자전거,여,56세,부상신고,승용,여,43세,상해없음
2016070500100299,2016년 7월 5일 14시,화요일,대구광역시 북구 매천동,경상사고,0,0,1,0,차대차 - 측면직각충돌,안전거리미확보,건조,맑음,단일로 - 기타,승용,여,54세,상해없음,승용,남,34세,경상
2016070500100361,2016년 7월 5일 16시,화요일,대구광역시 남구 대명동,경상사고,0,0,1,0,차대차 - 정면충돌,교차로운행방법위반,건조,맑음,교차로 - 교차로안,승용,남,59세,상해없음,자전거,남,12세,경상
2016070500100362,2016년 7월 5일 16시,화요일,대구광역시 남구 이천동,경상사고,0,0,1,0,차대차 - 기타,안전운전불이행,건조,맑음,단일로 - 기타,승용,남,66세,상해없음,승용,남,34세,경상
2016070500100363,2016년 7월 5일 16시,화요일,대구광역시 달서구 이곡동,중상사고,0,1,0,0,차대사람 - 횡단중,보행자보호의무위반,건조,맑음,단일로 - 횡단보도상,승용,여,35세,상해없음,보행자,여,25세,중상
2016070500100391,2016년 7월 5일 17시,화요일,대구광역시 달성군 현풍면,중상사고,0,1,0,0,차대차 - 추돌,안전운전불이행,기타,맑음,단일로 - 기타,화물,남,46세,상해없음,승용,여,50세,중상
2016070500100394,2016년 7월 5일 17시,화요일,대구광역시 남구 대명동,경상사고,0,0,1,0,차대차 - 측면충돌,안전운전불이행,건조,맑음,단일로 - 기타,이륜,남,86세,경상,승용,남,43세,상해없음
2016070500100395,2016년 7월 5일 17시,화요일,대구광역시 달서구 이곡동,중상사고,0,1,0,0,차대사람 - 횡단중,안전운전불이행,건조,맑음,기타 - 기타,승용,남,48세,상해없음,보행자,남,8세,중상
2016070500100396,2016년 7월 5일 17시,화요일,대구광역시 북구 매천동,중상사고,0,1,0,0,차대차 - 측면충돌,안전운전불이행,건조,흐림,단일로 - 기타,화물,남,45세,상해없음,승용,남,25세,중상
2016070500100449,2016년 7월 5일 18시,화요일,대구광역시 달서구 월성동,경상사고,0,0,3,0,차대차 - 측면직각충돌,안전운전불이행,건조,맑음,교차로 - 교차로안,화물,남,38세,경상,화물,남,33세,경상
2016070500100450,2016년 7월 5일 18시,화요일,대구광역시 북구 대현동,부상신고사고,0,0,0,1,차대차 - 기타,안전운전불이행,건조,맑음,단일로 - 횡단보도부근,자전거,여,59세,부상신고,승용,남,65세,상해없음
2016070500100451,2016년 7월 5일 18시,화요일,대구광역시 중구 태평로2가,경상사고,0,0,1,0,차대차 - 기타,안전운전불이행,건조,맑음,단일로 - 기타,이륜,남,65세,경상,승용,남,53세,상해없음
2016070500100480,2016년 7월 5일 19시,화요일,대구광역시 남구 대명동,경상사고,0,0,1,0,차대사람 - 길가장자리구역통행중,안전운전불이행,건조,맑음,단일로 - 기타,승용,남,49세,상해없음,보행자,남,40세,경상
2016070500100481,2016년 7월 5일 19시,화요일,대구광역시 수성구 만촌동,경상사고,0,0,1,1,차대차 - 측면직각충돌,교차로운행방법위반,건조,맑음,교차로 - 교차로안,승용,여,52세,부상신고,승용,여,59세,경상
2016070500100482,2016년 7월 5일 19시,화요일,대구광역시 서구 중리동,중상사고,0,1,0,0,차대사람 - 기타,안전운전불이행,건조,맑음,단일로 - 기타,승용,남,57세,상해없음,보행자,남,6세,중상
2016070500100483,2016년 7월 5일 19시,화요일,대구광역시 북구 구암동,경상사고,0,0,1,0,차대사람 - 길가장자리구역통행중,안전운전불이행,건조,맑음,교차로 - 교차로안,승용,남,54세,상해없음,보행자,남,30세,경상
2016070500100513,2016년 7월 5일 20시,화요일,대구광역시 수성구 수성동4가,경상사고,0,0,1,0,차대차 - 추돌,안전운전불이행,건조,맑음,단일로 - 기타,승용,여,49세,상해없음,이륜,남,26세,경상
2016070500100514,2016년 7월 5일 20시,화요일,대구광역시 수성구 상동,경상사고,0,0,1,0,차대차 - 추돌,안전운전불이행,건조,맑음,단일로 - 기타,승용,남,45세,상해없음,원동기,남,35세,경상
2016070500100515,2016년 7월 5일 20시,화요일,대구광역시 서구 내당동,경상사고,0,0,1,0,차대차 - 추돌,안전거리미확보,건조,맑음,단일로 - 기타,승용,여,54세,상해없음,승용,남,37세,경상
2016070500100516,2016년 7월 5일 20시,화요일,대구광역시 중구 덕산동,중상사고,0,1,1,0,차대차 - 측면충돌,신호위반,건조,맑음,교차로 - 교차로안,이륜,남,20세,중상,승용,남,33세,경상
2016070500100517,2016년 7월 5일 20시,화요일,대구광역시 달서구 이곡동,부상신고사고,0,0,0,1,차대차 - 측면충돌,안전운전불이행,건조,맑음,단일로 - 기타,이륜,남,18세,상해없음,승용,여,50세,상해없음
2016070500100518,2016년 7월 5일 20시,화요일,대구광역시 북구 태전동,경상사고,0,0,1,0,차대차 - 측면충돌,안전운전불이행,건조,맑음,교차로 - 교차로부근,승용,남,24세,상해없음,승용,남,28세,경상
2016070500100548,2016년 7월 5일 21시,화요일,대구광역시 달서구 파호동,경상사고,0,0,1,0,차대사람 - 횡단중,보행자보호의무위반,건조,맑음,교차로 - 교차로안,승용,여,41세,상해없음,보행자,여,67세,경상
2016070500100589,2016년 7월 5일 22시,화요일,대구광역시 북구 칠성동1가,경상사고,0,0,1,0,차대사람 - 기타,기타,건조,맑음,단일로 - 기타,승합,남,52세,상해없음,보행자,여,56세,경상
2016070500100619,2016년 7월 5일 23시,화요일,대구광역시 중구 동인동2가,중상사고,0,1,5,1,차대차 - 측면직각충돌,신호위반,건조,흐림,교차로 - 교차로안,이륜,남,21세,부상신고,승용,남,47세,경상
2016070600100015,2016년 7월 6일 00시,수요일,대구광역시 남구 대명동,중상사고,0,1,2,0,차대차 - 추돌,안전운전불이행,건조,맑음,단일로 - 기타,승용,남,61세,기타불명,승용,남,63세,중상
2016070600100016,2016년 7월 6일 00시,수요일,대구광역시 달서구 도원동,중상사고,0,1,0,0,차대사람 - 기타,안전운전불이행,습기,비,단일로 - 기타,승용,남,56세,상해없음,보행자,남,39세,중상
2016070600100017,2016년 7월 6일 00시,수요일,대구광역시 북구 침산동,부상신고사고,0,0,0,1,차대차 - 기타,안전운전불이행,습기,비,단일로 - 기타,기타불명,기타불명,기타불명,기타불명,원동기,남,35세,부상신고
2016070600100035,2016년 7월 6일 01시,수요일,대구광역시 남구 대명동,경상사고,0,0,1,0,차대차 - 측면충돌,안전운전불이행,습기,비,단일로 - 기타,승용,남,27세,상해없음,승용,남,49세,경상
2016070600100036,2016년 7월 6일 01시,수요일,대구광역시 북구 태전동,경상사고,0,0,1,0,차대차 - 측면충돌,안전운전불이행,건조,맑음,단일로 - 기타,승용,남,43세,경상,승합,남,41세,상해없음
2016070600100046,2016년 7월 6일 02시,수요일,대구광역시 동구 방촌동,경상사고,0,0,1,0,차량단독 - 공작물충돌,안전운전불이행,건조,맑음,단일로 - 기타,승용,남,52세,상해없음,,,,
2016070600100047,2016년 7월 6일 02시,수요일,대구광역시 수성구 상동,중상사고,0,2,0,0,차대차 - 측면직각충돌,신호위반,습기,비,교차로 - 교차로안,승용,남,28세,상해없음,승용,여,19세,중상
2016070600100053,2016년 7월 6일 03시,수요일,대구광역시 동구 불로동,경상사고,0,0,1,0,차대사람 - 횡단중,보행자보호의무위반,습기,흐림,단일로 - 기타,승용,남,55세,상해없음,보행자,남,21세,경상
2016070600100054,2016년 7월 6일 03시,수요일,대구광역시 중구 동인동3가,경상사고,0,0,2,0,차대차 - 측면직각충돌,신호위반,습기,비,교차로 - 교차로안,승용,남,32세,상해없음,승용,남,53세,경상
2016070600100064,2016년 7월 6일 04시,수요일,대구광역시 북구 산격동,중상사고,0,1,1,0,차대차 - 측면직각충돌,직진우회전진행방해,습기,비,교차로 - 교차로안,승용,남,52세,중상,화물,남,62세,경상
2016070600100111,2016년 7월 6일 07시,수요일,대구광역시 달성군 논공읍,경상사고,0,0,1,0,차대차 - 추돌,안전운전불이행,건조,맑음,교차로 - 교차로부근,승용,남,49세,상해없음,승용,남,36세,경상
2016070600100112,2016년 7월 6일 07시,수요일,대구광역시 북구 읍내동,중상사고,0,1,0,0,차대사람 - 횡단중,안전운전불이행,건조,맑음,단일로 - 기타,승합,여,46세,상해없음,보행자,남,63세,중상
2016070600100145,2016년 7월 6일 08시,수요일,대구광역시 달서구 월성동,경상사고,0,0,1,0,차대차 - 측면직각충돌,안전운전불이행,건조,맑음,교차로 - 교차로안,승용,여,36세,상해없음,자전거,남,34세,경상
2016070600100146,2016년 7월 6일 08시,수요일,대구광역시 서구 원대동1가,부상신고사고,0,0,0,1,차대차 - 정면충돌,안전운전불이행,건조,맑음,단일로 - 기타,자전거,남,43세,부상신고,승용,남,42세,상해없음
2016070600100147,2016년 7월 6일 08시,수요일,대구광역시 중구 삼덕동3가,경상사고,0,0,1,0,차대차 - 정면충돌,안전운전불이행,건조,맑음,교차로 - 교차로안,승용,남,20세,상해없음,승용,남,63세,경상
2016070600100170,2016년 7월 6일 09시,수요일,대구광역시 동구 각산동,부상신고사고,0,0,0,1,차량단독 - 전도전복,안전운전불이행,건조,맑음,단일로 - 기타,승용,여,62세,부상신고,,,,
2016070600100171,2016년 7월 6일 09시,수요일,대구광역시 수성구 지산동,중상사고,0,1,0,0,차대차 - 측면충돌,안전운전불이행,건조,맑음,교차로 - 교차로안,승용,남,61세,상해없음,자전거,남,71세,중상
2016070600100172,2016년 7월 6일 09시,수요일,대구광역시 북구 침산동,중상사고,0,1,0,0,차대차 - 기타,안전거리미확보,건조,맑음,단일로 - 기타,승용,남,64세,상해없음,화물,남,30세,상해없음
2016070600100173,2016년 7월 6일 09시,수요일,대구광역시 중구 서문로1가,경상사고,0,0,1,0,차대차 - 측면직각충돌,직진우회전진행방해,건조,맑음,교차로 - 교차로안,승용,남,64세,상해없음,승용,남,60세,상해없음
2016070600100199,2016년 7월 6일 10시,수요일,대구광역시 달성군 다사읍,경상사고,0,0,1,0,차대사람 - 기타,안전운전불이행,습기,비,단일로 - 기타,승용,여,51세,상해없음,보행자,남,34세,경상
2016070600100200,2016년 7월 6일 10시,수요일,대구광역시 북구 서변동,경상사고,0,0,1,0,차대차 - 측면직각충돌,교차로운행방법위반,건조,맑음,교차로 - 교차로안,승용,남,77세,상해없음,승용,남,29세,경상
2016070600100253,2016년 7월 6일 12시,수요일,대구광역시 북구 사수동,중상사고,0,1,1,1,차대차 - 추돌,안전운전불이행,습기,비,교차로 - 교차로부근,화물,남,32세,부상신고,승합,여,48세,중상
2016070600100286,2016년 7월 6일 13시,수요일,대구광역시 서구 내당동,중상사고,0,1,0,0,차대차 - 측면충돌,안전거리미확보,습기,비,단일로 - 기타,승용,남,66세,상해없음,이륜,남,34세,중상
2016070600100287,2016년 7월 6일 13시,수요일,대구광역시 중구 대봉동,경상사고,0,0,1,0,차대차 - 기타,안전운전불이행,습기,비,교차로 - 교차로부근,승용,여,64세,상해없음,승용,남,44세,경상
2016070600100310,2016년 7월 6일 14시,수요일,대구광역시 동구 불로동,경상사고,0,0,1,0,차대차 - 추돌,안전운전불이행,건조,맑음,단일로 - 기타,화물,남,42세,상해없음,승용,남,53세,경상
2016070600100311,2016년 7월 6일 14시,수요일,대구광역시 달서구 도원동,경상사고,0,0,2,0,차대차 - 측면충돌,안전운전불이행,건조,맑음,단일로 - 기타,승용,남,55세,경상,승용,여,42세,경상
2016070600100312,2016년 7월 6일 14시,수요일,대구광역시 서구 평리동,중상사고,0,1,1,0,차대차 - 추돌,안전거리미확보,습기,비,단일로 - 기타,승용,남,70세,상해없음,승용,남,41세,경상
2016070600100313,2016년 7월 6일 14시,수요일,대구광역시 북구 구암동,부상신고사고,0,0,0,1,차대차 - 측면충돌,신호위반,습기,비,교차로 - 교차로부근,이륜,남,19세,부상신고,승용,남,22세,상해없음
2016070600100340,2016년 7월 6일 15시,수요일,대구광역시 북구 칠성동2가,경상사고,0,0,1,0,차량단독 - 기타,안전운전불이행,습기,비,교차로 - 교차로부근,승용,남,41세,상해없음,,,,
2016070600100383,2016년 7월 6일 16시,수요일,대구광역시 수성구 시지동,경상사고,0,0,1,0,차대차 - 측면직각충돌,안전운전불이행,습기,비,단일로 - 기타,원동기,남,73세,경상,승용,여,42세,상해없음
2016070600100384,2016년 7월 6일 16시,수요일,대구광역시 달성군 다사읍,경상사고,0,0,1,0,차대차 - 측면충돌,안전운전불이행,습기,비,단일로 - 기타,승용,남,77세,상해없음,화물,남,52세,경상
2016070600100427,2016년 7월 6일 17시,수요일,대구광역시 달서구 죽전동,중상사고,0,1,0,0,차대차 - 측면충돌,안전거리미확보,적설,흐림,단일로 - 기타,승용,여,50세,상해없음,이륜,남,74세,중상
2016070600100428,2016년 7월 6일 17시,수요일,대구광역시 달서구 성당동,경상사고,0,0,1,0,차대사람 - 횡단중,안전운전불이행,건조,맑음,단일로 - 기타,승용,남,69세,상해없음,보행자,남,17세,경상