사고번호,사고일시,요일,시군구,사고내용,사망자수,중상자수,경상자수,부상신고자수,사고유형,법규위반,노면상태,기상상태,도로형태,가해운전자 차종,가해운전자 성별,가해운전자 연령,가해운전자 상해정도,피해운전자 차종,피해운전자 성별,피해운전자 연령,피해운전자 상해정도
2016071000100107,2016년 7월 10일 07시,일요일,대구광역시 동구 효목동,경상사고,0,0,1,0,차대차 - 정면충돌,안전운전불이행,건조,맑음,교차로 - 교차로안,승용,남,25세,상해없음,승합,남,43세,경상
2016071000100108,2016년 7월 10일 07시,일요일,대구광역시 동구 봉무동,경상사고,0,0,1,0,차대차 - 측면직각충돌,신호위반,건조,맑음,교차로 - 교차로안,승용,여,50세,상해없음,승용,남,59세,경상
2016071000100151,2016년 7월 10일 09시,일요일,대구광역시 수성구 파동,경상사고,0,0,1,5,차대차 - 측면직각충돌,안전거리미확보,건조,맑음,단일로 - 기타,승용,여,41세,부상신고,승용,여,26세,경상
2016071000100194,2016년 7월 10일 11시,일요일,대구광역시 동구 서호동,중상사고,0,1,0,0,차대사람 - 기타,기타,건조,맑음,단일로 - 기타,승합,남,54세,상해없음,보행자,여,72세,중상
2016071000100195,2016년 7월 10일 11시,일요일,대구광역시 달성군 다사읍,경상사고,0,0,2,0,차대차 - 정면충돌,안전운전불이행,건조,맑음,교차로 - 교차로안,화물,남,46세,상해없음,화물,남,73세,경상
2016071000100196,2016년 7월 10일 11시,일요일,대구광역시 달성군 논공읍,중상사고,0,1,0,0,차대차 - 정면충돌,안전운전불이행,건조,맑음,교차로 - 교차로부근,원동기,남,74세,중상,승용,남,48세,상해없음
2016071000100227,2016년 7월 10일 12시,일요일,대구광역시 수성구 범어동,중상사고,0,1,2,0,차대차 - 측면직각충돌,신호위반,건조,맑음,교차로 - 교차로안,승용,남,70세,경상,승용,여,64세,중상
2016071000100265,2016년 7월 10일 13시,일요일,대구광역시 북구 서변동,경상사고,0,0,1,0,차대차 - 추돌,안전운전불이행,건조,맑음,단일로 - 기타,승용,남,46세,상해없음,승용,남,43세,상해없음
2016071000100269,2016년 7월 10일 13시,일요일,대구광역시 남구 대명동,경상사고,0,0,1,0,차대차 - 측면충돌,안전운전불이행,건조,맑음,단일로 - 기타,원동기,남,70세,경상,승용,남,69세,상해없음
2016071000100303,2016년 7월 10일 14시,일요일,대구광역시 동구 효목동,경상사고,0,0,1,0,차대차 - 측면충돌,안전운전불이행,건조,맑음,교차로 - 교차로부근,승용,여,47세,상해없음,승용,남,35세,경상
2016071000100323,2016년 7월 10일 15시,일요일,대구광역시 동구 율하동,경상사고,0,0,3,0,차대차 - 측면직각충돌,안전거리미확보,건조,맑음,교차로 - 교차로부근,승용,남,51세,상해없음,승합,남,41세,상해없음
2016071000100324,2016년 7월 10일 15시,일요일,대구광역시 중구 공평동,경상사고,0,0,1,0,차대사람 - 길가장자리구역통행중,안전운전불이행,건조,맑음,교차로 - 교차로부근,승용,남,37세,상해없음,보행자,남,39세,경상
2016071000100325,2016년 7월 10일 15시,일요일,대구광역시 북구 관음동,경상사고,0,0,1,0,차대차 - 측면충돌,안전운전불이행,건조,맑음,단일로 - 기타,승용,남,58세,상해없음,이륜,남,30세,경상
2016071000100342,2016년 7월 10일 16시,일요일,대구광역시 수성구 범물동,부상신고사고,0,0,0,1,차대차 - 측면충돌,교차로운행방법위반,건조,맑음,교차로 - 교차로안,이륜,여,46세,부상신고,승용,남,47세,상해없음
2016071000100343,2016년 7월 10일 16시,일요일,대구광역시 수성구 지산동,부상신고사고,0,0,0,1,차대차 - 측면직각충돌,교차로운행방법위반,건조,맑음,교차로 - 교차로안,원동기,남,23세,부상신고,승용,여,35세,상해없음
2016071000100344,2016년 7월 10일 16시,일요일,대구광역시 수성구 범물동,부상신고사고,0,0,0,1,차량단독 - 전도전복,안전운전불이행,건조,맑음,단일로 - 기타,이륜,남,42세,부상신고,,,,
2016071000100345,2016년 7월 10일 16시,일요일,대구광역시 달서구 신당동,중상사고,0,2,0,0,차대차 - 기타,안전운전불이행,건조,맑음,교차로 - 교차로부근,승용,남,28세,상해없음,승용,여,60세,중상
2016071000100373,2016년 7월 10일 17시,일요일,대구광역시 동구 신기동,경상사고,0,0,3,0,차대차 - 측면충돌,안전운전불이행,건조,맑음,기타 - 기타,승용,남,50세,경상,승용,여,69세,경상
2016071000100374,2016년 7월 10일 17시,일요일,대구광역시 북구 산격동,경상사고,0,0,1,0,차대차 - 측면충돌,안전운전불이행,건조,맑음,교차로 - 교차로부근,화물,남,56세,상해없음,승용,남,66세,경상
2016071000100375,2016년 7월 10일 17시,일요일,대구광역시 서구 중리동,경상사고,0,0,1,0,차대차 - 측면충돌,안전거리미확보,건조,맑음,단일로 - 기타,승용,남,58세,상해없음,이륜,남,40세,경상
2016071000100440,2016년 7월 10일 19시,일요일,대구광역시 달서구 장기동,경상사고,0,0,1,0,차대차 - 추돌,안전운전불이행,건조,맑음,단일로 - 기타,승합,남,63세,상해없음,승용,여,38세,경상
2016071000100441,2016년 7월 10일 19시,일요일,대구광역시 북구 동천동,경상사고,0,0,1,0,차대차 - 기타,안전거리미확보,건조,맑음,단일로 - 기타,이륜,남,18세,경상,승용,남,28세,상해없음
2016071000100468,2016년 7월 10일 20시,일요일,대구광역시 수성구 신매동,중상사고,0,1,0,0,차대차 - 측면충돌,안전운전불이행,건조,맑음,교차로 - 교차로안,승용,남,41세,상해없음,이륜,남,45세,중상
2016071000100469,2016년 7월 10일 20시,일요일,대구광역시 수성구 범어동,경상사고,0,0,1,0,차대차 - 추돌,안전운전불이행,건조,맑음,단일로 - 기타,화물,남,40세,상해없음,승용,여,28세,경상
2016071000100470,2016년 7월 10일 20시,일요일,대구광역시 달서구 신당동,부상신고사고,0,0,0,1,차량단독 - 전도전복,안전운전불이행,건조,맑음,기타 - 기타,이륜,남,17세,부상신고,,,,
2016071000100471,2016년 7월 10일 20시,일요일,대구광역시 북구 태전동,경상사고,0,0,1,0,차대차 - 측면충돌,기타,건조,맑음,단일로 - 기타,승용,남,54세,상해없음,원동기,남,24세,경상
2016071000100491,2016년 7월 10일 21시,일요일,대구광역시 북구 사수동,경상사고,0,0,1,0,차대차 - 기타,안전운전불이행,건조,맑음,교차로 - 교차로부근,승용,남,55세,상해없음,승용,남,62세,경상
2016071100100009,2016년 7월 11일 00시,월요일,대구광역시 중구 삼덕동1가,경상사고,0,0,1,0,차대사람 - 기타,안전운전불이행,건조,맑음,단일로 - 기타,승용,여,21세,상해없음,보행자,남,26세,경상
2016071100100033,2016년 7월 11일 02시,월요일,대구광역시 중구 달성동,경상사고,0,0,1,1,차대차 - 기타,안전운전불이행,건조,맑음,교차로 - 교차로부근,기타불명,기타불명,기타불명,기타불명,승용,남,50세,부상신고
2016071100100084,2016년 7월 11일 07시,월요일,대구광역시 달서구 대천동,경상사고,0,0,1,0,차대차 - 추돌,안전거리미확보,건조,맑음,단일로 - 기타,승용,여,34세,상해없음,승용,여,42세,경상
2016071100100122,2016년 7월 11일 08시,월요일,대구광역시 달서구 용산동,중상사고,0,1,0,0,차대사람 - 횡단중,보행자보호의무위반,건조,맑음,단일로 - 횡단보도상,화물,남,53세,상해없음,보행자,여,10세,중상
2016071100100123,2016년 7월 11일 08시,월요일,대구광역시 북구 태전동,중상사고,0,1,1,0,차대차 - 추돌,안전거리미확보,건조,맑음,단일로 - 기타,승용,남,57세,상해없음,승용,남,24세,경상
2016071100100189,2016년 7월 11일 10시,월요일,대구광역시 수성구 만촌동,경상사고,0,0,1,0,차대차 - 추돌,안전운전불이행,건조,맑음,교차로 - 교차로부근,승용,여,38세,상해없음,승용,남,47세,경상
2016071100100213,2016년 7월 11일 11시,월요일,대구광역시 동구 신천동,경상사고,0,0,1,1,차대차 - 측면충돌,직진우회전진행방해,건조,맑음,교차로 - 교차로부근,승용,남,37세,부상신고,승용,남,52세,경상
2016071100100245,2016년 7월 11일 12시,월요일,대구광역시 달서구 월암동,경상사고,0,0,1,0,차대차 - 추돌,교차로운행방법위반,건조,맑음,교차로 - 교차로안,화물,남,69세,상해없음,승용,여,37세,경상
2016071100100314,2016년 7월 11일 14시,월요일,대구광역시 북구 노원동3가,중상사고,0,1,0,0,차대차 - 측면충돌,안전운전불이행,건조,맑음,단일로 - 기타,이륜,남,55세,중상,화물,남,53세,상해없음
2016071100100315,2016년 7월 11일 14시,월요일,대구광역시 중구 동산동,중상사고,0,1,0,0,차대차 - 기타,안전거리미확보,건조,맑음,단일로 - 기타,승용,남,48세,상해없음,승합,남,43세,상해없음
2016071100100316,2016년 7월 11일 14시,월요일,대구광역시 북구 동천동,경상사고,0,0,1,0,차대차 - 측면직각충돌,안전운전불이행,건조,맑음,단일로 - 기타,승용,남,80세,상해없음,이륜,남,21세,경상
2016071100100352,2016년 7월 11일 15시,월요일,대구광역시 서구 평리동,경상사고,0,0,1,0,차대사람 - 횡단중,신호위반,건조,맑음,교차로 - 교차로부근,이륜,남,75세,상해없음,보행자,여,67세,경상
2016071100100353,2016년 7월 11일 15시,월요일,대구광역시 서구 내당동,경상사고,0,0,1,0,차대차 - 추돌,안전운전불이행,건조,맑음,단일로 - 기타,승합,남,60세,상해없음,승용,남,44세,경상
2016071100100354,2016년 7월 11일 15시,월요일,대구광역시 중구 대신동,경상사고,0,0,1,0,차대차 - 추돌,안전운전불이행,건조,맑음,단일로 - 기타,승용,여,29세,상해없음,승용,남,42세,경상
2016071100100355,2016년 7월 11일 15시,월요일,대구광역시 중구 대봉동,경상사고,0,0,2,0,차대차 - 추돌,안전거리미확보,건조,맑음,단일로 - 기타,승용,남,45세,상해없음,승용,남,52세,상해없음
2016071100100356,2016년 7월 11일 15시,월요일,대구광역시 달서구 두류동,경상사고,0,0,1,0,차대차 - 측면직각충돌,안전거리미확보,건조,맑음,단일로 - 기타,승용,남,42세,상해없음,승용,남,29세,경상
2016071100100393,2016년 7월 11일 16시,월요일,대구광역시 동구 효목동,경상사고,0,0,2,0,차대차 - 기타,신호위반,건조,맑음,교차로 - 교차로안,승용,남,38세,상해없음,승합,남,58세,상해없음
2016071100100439,2016년 7월 11일 17시,월요일,대구광역시 수성구 신매동,경상사고,0,0,1,0,차대차 - 측면직각충돌,교차로운행방법위반,습기,비,교차로 - 교차로안,승용,여,46세,상해없음,승용,여,48세,경상
2016071100100440,2016년 7월 11일 17시,월요일,대구광역시 달서구 진천동,경상사고,0,0,1,0,차대차 - 기타,안전거리미확보,건조,맑음,단일로 - 기타,화물,남,49세,상해없음,이륜,남,19세,경상
2016071100100441,2016년 7월 11일 17시,월요일,대구광역시 북구 산격동,중상사고,0,1,0,0,차대사람 - 횡단중,안전운전불이행,건조,맑음,단일로 - 기타,화물,남,38세,상해없음,보행자,남,74세,중상
2016071100100442,2016년 7월 11일 17시,월요일,대구광역시 달서구 본리동,경상사고,0,0,1,0,차대사람 - 보도통행중,기타,습기,비,기타 - 기타,승용,여,68세,상해없음,보행자,여,63세,경상
2016071100100483,2016년 7월 11일 18시,월요일,대구광역시 수성구 만촌동,부상신고사고,0,0,0,1,차대차 - 추돌,안전운전불이행,습기,비,교차로 - 교차로부근,이륜,남,33세,부상신고,승용,여,64세,상해없음
2016071100100484,2016년 7월 11일 18시,월요일,대구광역시 서구 평리동,중상사고,0,1,0,0,차대사람 - 횡단중,보행자보호의무위반,건조,맑음,단일로 - 기타,승용,여,36세,상해없음,보행자,여,67세,중상
2016071100100508,2016년 7월 11일 19시,월요일,대구광역시 동구 신천동,경상사고,0,0,2,0,차대차 - 측면직각충돌,안전운전불이행,습기,비,교차로 - 교차로안,승용,남,73세,상해없음,이륜,남,19세,경상
2016071100100509,2016년 7월 11일 19시,월요일,대구광역시 동구 신천동,중상사고,0,1,0,0,차대사람 - 횡단중,안전운전불이행,건조,맑음,단일로 - 기타,이륜,남,24세,상해없음,보행자,여,47세,중상
2016071100100510,2016년 7월 11일 19시,월요일,대구광역시 달서구 이곡동,경상사고,0,0,1,0,차대차 - 정면충돌,안전운전불이행,습기,비,기타 - 기타,승용,남,48세,상해없음,승용,남,60세,경상
2016071100100581,2016년 7월 11일 21시,월요일,대구광역시 남구 대명동,경상사고,0,0,1,0,차대차 - 기타,안전운전불이행,건조,맑음,단일로 - 기타,승용,남,57세,상해없음,승용,남,44세,경상
2016071100100582,2016년 7월 11일 21시,월요일,대구광역시 북구 칠성동2가,경상사고,0,0,1,0,차대사람 - 횡단중,안전운전불이행,건조,맑음,단일로 - 기타,승용,남,47세,상해없음,보행자,남,61세,경상
2016071100100608,2016년 7월 11일 22시,월요일,대구광역시 서구 내당동,경상사고,0,0,4,0,차대차 - 측면직각충돌,차로위반,건조,맑음,단일로 - 기타,승용,여,58세,경상,승용,남,45세,경상
2016071100100628,2016년 7월 11일 23시,월요일,대구광역시 동구 신천동,경상사고,0,0,2,0,차대차 - 측면충돌,안전운전불이행,건조,맑음,단일로 - 기타,승용,남,33세,상해없음,승용,남,34세,경상
2016071200100013,2016년 7월 12일 00시,화요일,대구광역시 중구 태평로3가,중상사고,0,1,0,0,차대차 - 기타,차로위반,건조,맑음,단일로 - 기타,승용,남,26세,상해없음,이륜,남,55세,중상
2016071200100026,2016년 7월 12일 01시,화요일,대구광역시 수성구 범물동,중상사고,0,1,0,0,차대사람 - 횡단중,보행자보호의무위반,습기,흐림,교차로 - 교차로안,승용,남,46세,상해없음,보행자,남,23세,중상
2016071200100076,2016년 7월 12일 05시,화요일,대구광역시 수성구 중동,부상신고사고,0,0,0,1,차대사람 - 기타,안전운전불이행,건조,맑음,단일로 - 기타,자전거,여,50세,부상신고,보행자,여,61세,상해없음
2016071200100084,2016년 7월 12일 06시,화요일,대구광역시 중구 서성로1가,경상사고,0,0,1,0,차대차 - 측면직각충돌,안전거리미확보,건조,맑음,교차로 - 교차로부근,승용,남,59세,상해없음,승용,남,64세,경상
2016071200100105,2016년 7월 12일 07시,화요일,대구광역시 동구 신기동,경상사고,0,0,1,0,차대차 - 측면직각충돌,교차로운행방법위반,건조,맑음,교차로 - 교차로안,승용,남,74세,상해없음,자전거,남,38세,경상
2016071200100106,2016년 7월 12일 07시,화요일,대구광역시 달서구 월성동,경상사고,0,0,1,0,차대차 - 측면충돌,신호위반,건조,맑음,교차로 - 교차로안,승용,남,33세,상해없음,승용,여,42세,경상
2016071200100107,2016년 7월 12일 07시,화요일,대구광역시 달서구 장기동,중상사고,0,1,0,0,차대차 - 기타,안전운전불이행,건조,맑음,단일로 - 기타,승용,여,52세,상해없음,자전거,남,42세,중상
2016071200100108,2016년 7월 12일 07시,화요일,대구광역시 북구 매천동,경상사고,0,0,1,0,차대차 - 측면직각충돌,안전운전불이행,건조,흐림,단일로 - 기타,승합,남,39세,기타불명,승용,남,54세,경상
2016071200100148,2016년 7월 12일 08시,화요일,대구광역시 수성구 대흥동,중상사고,0,1,0,2,차대차 - 추돌,안전운전불이행,건조,맑음,교차로 - 교차로안,승용,남,56세,상해없음,승용,여,42세,중상
2016071200100149,2016년 7월 12일 08시,화요일,대구광역시 달성군 논공읍,중상사고,0,1,0,0,차대사람 - 기타,기타,건조,맑음,단일로 - 기타,승합,남,60세,상해없음,보행자,여,76세,중상
2016071200100150,2016년 7월 12일 08시,화요일,대구광역시 북구 태전동,경상사고,0,0,1,0,차대사람 - 길가장자리구역통행중,안전운전불이행,건조,맑음,단일로 - 기타,승용,여,61세,상해없음,보행자,여,15세,경상
2016071200100172,2016년 7월 12일 09시,화요일,대구광역시 북구 산격동,중상사고,0,1,0,0,차대차 - 측면직각충돌,신호위반,건조,맑음,교차로 - 교차로안,자전거,남,75세,중상,화물,남,56세,상해없음
2016071200100199,2016년 7월 12일 10시,화요일,대구광역시 동구 신평동,경상사고,0,0,1,0,차대차 - 추돌,안전운전불이행,건조,맑음,단일로 - 기타,승용,여,35세,상해없음,화물,남,78세,상해없음
2016071200100201,2016년 7월 12일 10시,화요일,대구광역시 북구 칠성동1가,중상사고,0,1,0,0,차대차 - 측면충돌,신호위반,건조,맑음,교차로 - 교차로안,승용,남,63세,상해없음,원동기,남,61세,중상
2016071200100202,2016년 7월 12일 10시,화요일,대구광역시 북구 산격동,부상신고사고,0,0,0,1,차대차 - 측면직각충돌,안전운전불이행,건조,맑음,교차로 - 교차로안,자전거,남,75세,부상신고,화물,남,56세,상해없음
2016071200100203,2016년 7월 12일 10시,화요일,대구광역시 서구 평리동,경상사고,0,0,1,0,차대차 - 측면직각충돌,안전운전불이행,건조,맑음,단일로 - 기타,승용,여,61세,상해없음,자전거,남,55세,경상
2016071200100227,2016년 7월 12일 11시,화요일,대구광역시 서구 평리동,부상신고사고,0,0,0,1,차대차 - 측면직각충돌,안전운전불이행,건조,맑음,교차로 - 교차로부근,자전거,남,77세,부상신고,승용,남,67세,상해없음
2016071200100228,2016년 7월 12일 11시,화요일,대구광역시 중구 대신동,중상사고,0,1,1,0,차대차 - 정면충돌,안전운전불이행,건조,맑음,교차로 - 교차로부근,이륜,남,44세,경상,이륜,남,34세,중상
2016071200100246,2016년 7월 12일 12시,화요일,대구광역시 달서구 월성동,경상사고,0,0,1,0,차대차 - 측면충돌,차로위반,건조,맑음,단일로 - 기타,화물,남,70세,상해없음,승용,남,20세,경상
2016071200100247,2016년 7월 12일 12시,화요일,대구광역시 중구 대봉동,중상사고,0,1,0,0,차대차 - 측면직각충돌,신호위반,건조,맑음,단일로 - 횡단보도상,승용,남,50세,상해없음,이륜,남,47세,중상
2016071200100270,2016년 7월 12일 13시,화요일,대구광역시 서구 평리동,경상사고,0,0,1,0,차대차 - 측면직각충돌,기타,건조,맑음,단일로 - 횡단보도부근,승용,남,64세,상해없음,이륜,남,24세,경상
2016071200100302,2016년 7월 12일 14시,화요일,대구광역시 동구 율암동,경상사고,0,0,2,0,차대차 - 기타,안전거리미확보,건조,맑음,단일로 - 기타,승용,남,51세,상해없음,승합,남,55세,상해없음
2016071200100303,2016년 7월 12일 14시,화요일,대구광역시 수성구 사월동,경상사고,0,0,2,0,차대차 - 측면직각충돌,안전운전불이행,건조,맑음,기타 - 기타,승용,남,64세,기타불명,승용,여,42세,경상
2016071200100335,2016년 7월 12일 15시,화요일,대구광역시 달서구 진천동,경상사고,0,0,1,0,차대사람 - 보도통행중,기타,건조,맑음,단일로 - 기타,승용,남,37세,상해없음,보행자,여,57세,경상
2016071200100336,2016년 7월 12일 15시,화요일,대구광역시 중구 동인동1가,경상사고,0,0,1,0,차대사람 - 횡단중,안전운전불이행,건조,맑음,교차로 - 교차로부근,승용,남,32세,상해없음,보행자,남,41세,경상
2016071200100376,2016년 7월 12일 16시,화요일,대구광역시 수성구 수성동3가,경상사고,0,0,2,0,차대차 - 측면충돌,안전운전불이행,건조,맑음,단일로 - 기타,이륜,남,70세,경상,승합,남,48세,상해없음
2016071200100377,2016년 7월 12일 16시,화요일,대구광역시 수성구 만촌동,중상사고,0,1,0,0,차대사람 - 횡단중,보행자보호의무위반,건조,맑음,단일로 - 횡단보도상,승용,남,60세,상해없음,보행자,여,81세,중상
2016071200100378,2016년 7월 12일 16시,화요일,대구광역시 달서구 이곡동,경상사고,0,0,1,0,차대차 - 기타,안전운전불이행,건조,맑음,단일로 - 기타,승용,남,39세,상해없음,이륜,남,23세,경상
2016071200100412,2016년 7월 12일 17시,화요일,대구광역시 동구 용계동,중상사고,0,1,0,0,차대차 - 측면직각충돌,안전운전불이행,건조,맑음,단일로 - 기타,화물,남,30세,상해없음,승합,남,64세,상해없음
2016071200100413,2016년 7월 12일 17시,화요일,대구광역시 서구 상리동,중상사고,0,1,0,0,차대차 - 측면충돌,차로위반,건조,맑음,단일로 - 기타,화물,남,56세,상해없음,이륜,남,57세,중상
2016071200100414,2016년 7월 12일 17시,화요일,대구광역시 서구 평리동,중상사고,0,2,1,1,차대차 - 측면직각충돌,신호위반,건조,맑음,교차로 - 교차로부근,승용,여,51세,부상신고,승용,남,63세,중상
2016071200100517,2016년 7월 12일 20시,화요일,대구광역시 서구 비산동,경상사고,0,0,1,0,차대사람 - 횡단중,안전운전불이행,건조,맑음,단일로 - 기타,승용,여,48세,상해없음,보행자,여,59세,경상
2016071300100013,2016년 7월 13일 00시,수요일,대구광역시 달서구 송현동,중상사고,0,1,2,0,차대차 - 측면직각충돌,안전운전불이행,건조,맑음,단일로 - 기타,화물,남,43세,상해없음,승용,여,59세,중상
2016071300100030,2016년 7월 13일 01시,수요일,대구광역시 동구 신암동,경상사고,0,0,3,0,차대차 - 측면충돌,안전운전불이행,건조,맑음,단일로 - 기타,원동기,남,19세,경상,승용,남,27세,경상
2016071300100031,2016년 7월 13일 01시,수요일,대구광역시 달서구 죽전동,경상사고,0,0,1,0,차대차 - 추돌,안전운전불이행,건조,흐림,단일로 - 기타,승용,여,37세,상해없음,승용,남,32세,경상
2016071300100067,2016년 7월 13일 05시,수요일,대구광역시 서구 비산동,경상사고,0,0,2,0,차대차 - 정면충돌,신호위반,건조,맑음,단일로 - 기타,화물,남,40세,상해없음,승용,남,28세,경상
2016071300100107,2016년 7월 13일 07시,수요일,대구광역시 동구 신암동,경상사고,0,0,1,0,차대사람 - 보도통행중,안전운전불이행,건조,맑음,단일로 - 기타,자전거,남,55세,상해없음,보행자,여,90세 이상,경상
2016071300100151,2016년 7월 13일 08시,수요일,대구광역시 북구 산격동,경상사고,0,0,1,0,차대사람 - 길가장자리구역통행중,안전운전불이행,건조,맑음,단일로 - 기타,화물,남,52세,상해없음,보행자,남,23세,경상
2016071300100152,2016년 7월 13일 08시,수요일,대구광역시 북구 복현동,경상사고,0,0,1,0,차대사람 - 기타,안전운전불이행,건조,맑음,교차로 - 교차로부근,승용,남,55세,상해없음,보행자,여,30세,경상
2016071300100153,2016년 7월 13일 08시,수요일,대구광역시 달서구 용산동,중상사고,0,1,0,0,차대차 - 정면충돌,신호위반,건조,맑음,교차로 - 교차로부근,승용,남,30세,상해없음,이륜,여,64세,중상
2016071300100154,2016년 7월 13일 08시,수요일,대구광역시 달서구 두류동,중상사고,0,1,0,0,차대사람 - 횡단중,안전운전불이행,건조,맑음,단일로 - 기타,자전거,남,75세,중상,보행자,여,90세 이상,상해없음
2016071300100191,2016년 7월 13일 09시,수요일,대구광역시 달서구 월성동,경상사고,0,0,2,0,차대차 - 측면직각충돌,안전운전불이행,건조,맑음,교차로 - 교차로안,승용,여,49세,경상,승용,남,72세,경상
2016071300100192,2016년 7월 13일 09시,수요일,대구광역시 북구 구암동,중상사고,0,1,1,0,차대차 - 측면충돌,직진우회전진행방해,건조,맑음,교차로 - 교차로안,승용,여,43세,경상,승용,남,43세,중상
2016071300100255,2016년 7월 13일 11시,수요일,대구광역시 달서구 월암동,경상사고,0,0,1,0,차대차 - 측면충돌,안전운전불이행,건조,맑음,교차로 - 교차로안,승용,여,46세,상해없음,승용,여,45세,경상
2016071300100256,2016년 7월 13일 11시,수요일,대구광역시 서구 평리동,중상사고,0,2,0,0,차대차 - 측면충돌,교차로운행방법위반,건조,맑음,교차로 - 교차로부근,승용,남,27세,상해없음,승용,여,55세,중상
2016071300100257,2016년 7월 13일 11시,수요일,대구광역시 서구 비산동,경상사고,0,0,1,1,차대차 - 측면직각충돌,중앙선침범,건조,맑음,교차로 - 교차로부근,이륜,남,35세,부상신고,이륜,남,54세,경상
2016071300100291,2016년 7월 13일 12시,수요일,대구광역시 달서구 본동,경상사고,0,0,1,0,차대차 - 기타,불법유턴,건조,맑음,기타 - 기타,승용,남,62세,상해없음,화물,남,24세,경상
2016071300100362,2016년 7월 13일 14시,수요일,대구광역시 동구 신암동,경상사고,0,0,1,0,차대차 - 기타,안전거리미확보,건조,맑음,단일로 - 기타,승용,남,51세,상해없음,승용,여,23세,경상
2016071300100387,2016년 7월 13일 15시,수요일,대구광역시 수성구 지산동,경상사고,0,0,1,0,차대차 - 측면직각충돌,교차로운행방법위반,건조,맑음,교차로 - 교차로안,기타불명,기타불명,기타불명,기타불명,승용,여,51세,경상
2016071300100430,2016년 7월 13일 16시,수요일,대구광역시 동구 방촌동,경상사고,0,0,2,0,차대차 - 정면충돌,불법유턴,건조,맑음,단일로 - 기타,승용,남,26세,상해없음,이륜,남,17세,경상
2016071300100431,2016년 7월 13일 16시,수요일,대구광역시 서구 평리동,경상사고,0,0,1,0,차대차 - 측면직각충돌,신호위반,건조,맑음,단일로 - 기타,이륜,남,25세,상해없음,이륜,남,47세,경상
2016071300100432,2016년 7월 13일 16시,수요일,대구광역시 달서구 신당동,경상사고,0,0,2,0,차대차 - 추돌,안전운전불이행,건조,맑음,단일로 - 기타,승용,남,26세,상해없음,승용,남,31세,경상
2016071300100480,2016년 7월 13일 17시,수요일,대구광역시 달서구 진천동,경상사고,0,0,1,0,차대차 - 측면직각충돌,안전운전불이행,건조,맑음,교차로 - 교차로안,화물,남,55세,상해없음,승용,남,26세,경상
2016071300100481,2016년 7월 13일 17시,수요일,대구광역시 서구 내당동,중상사고,0,1,0,0,차대차 - 측면충돌,중앙선침범,건조,맑음,단일로 - 기타,이륜,남,17세,상해없음,승용,여,58세,상해없음
2016071300100525,2016년 7월 13일 18시,수요일,대구광역시 달서구 감삼동,부상신고사고,0,0,0,1,차대차 - 추돌,안전운전불이행,건조,맑음,단일로 - 기타,이륜,남,40세,상해없음,자전거,남,8세,부상신고
2016071300100563,2016년 7월 13일 19시,수요일,대구광역시 북구 칠성동1가,경상사고,0,0,2,0,차대차 - 기타,교차로운행방법위반,건조,맑음,교차로 - 교차로부근,승용,남,32세,상해없음,원동기,남,26세,경상
2016071300100564,2016년 7월 13일 19시,수요일,대구광역시 서구 비산동,중상사고,0,1,0,0,차대차 - 정면충돌,안전운전불이행,건조,맑음,단일로 - 기타,기타불명,기타불명,기타불명,기타불명,자전거,남,26세,중상
2016071300100591,2016년 7월 13일 20시,수요일,대구광역시 중구 대봉동,경상사고,0,0,3,0,차대차 - 측면직각충돌,안전운전불이행,건조,맑음,단일로 - 기타,이륜,남,53세,경상,이륜,남,18세,경상
2016071300100592,2016년 7월 13일 20시,수요일,대구광역시 달서구 두류동,중상사고,0,1,0,0,차대사람 - 횡단중,안전운전불이행,건조,맑음,단일로 - 기타,승용,여,35세,상해없음,보행자,여,82세,중상
2016071300100623,2016년 7월 13일 21시,수요일,대구광역시 동구 신암동,경상사고,0,0,1,0,차대차 - 측면충돌,안전운전불이행,건조,맑음,단일로 - 기타,승합,남,65세,상해없음,승용,여,62세,경상
2016071300100624,2016년 7월 13일 21시,수요일,대구광역시 수성구 신매동,부상신고사고,0,0,0,1,차대차 - 정면충돌,안전운전불이행,건조,맑음,단일로 - 횡단보도부근,승용,남,29세,상해없음,자전거,남,7세,부상신고
2016071300100625,2016년 7월 13일 21시,수요일,대구광역시 북구 산격동,경상사고,0,0,1,0,차대차 - 기타,직진우회전진행방해,건조,맑음,교차로 - 교차로안,승용,남,50세,상해없음,이륜,남,34세,경상
2016071300100626,2016년 7월 13일 21시,수요일,대구광역시 북구 읍내동,경상사고,0,0,1,1,차대차 - 측면직각충돌,차로위반,건조,맑음,단일로 - 기타,승용,남,46세,상해없음,이륜,남,16세,경상
2016071300100674,2016년 7월 13일 22시,수요일,대구광역시 동구 용계동,경상사고,0,0,2,0,차대차 - 추돌,안전운전불이행,건조,맑음,단일로 - 기타,승용,남,50세,상해없음,승합,남,49세,경상
2016071300100696,2016년 7월 13일 23시,수요일,대구광역시 달서구 본리동,경상사고,0,0,1,0,차대사람 - 횡단중,안전운전불이행,건조,맑음,단일로 - 기타,승용,남,54세,상해없음,보행자,남,43세,경상
2016071400100014,2016년 7월 14일 00시,목요일,대구광역시 수성구 매호동,경상사고,0,0,5,0,차대차 - 추돌,안전운전불이행,건조,맑음,교차로 - 교차로부근,승용,남,55세,상해없음,승용,남,39세,경상