사고번호,사고일시,요일,시군구,사고내용,사망자수,중상자수,경상자수,부상신고자수,사고유형,법규위반,노면상태,기상상태,도로형태,가해운전자 차종,가해운전자 성별,가해운전자 연령,가해운전자 상해정도,피해운전자 차종,피해운전자 성별,피해운전자 연령,피해운전자 상해정도
2016071400100097,2016년 7월 14일 07시,목요일,대구광역시 달성군 다사읍,경상사고,0,0,1,0,차대차 - 추돌,안전운전불이행,건조,맑음,교차로 - 교차로안,승용,남,51세,상해없음,이륜,남,31세,경상
2016071400100098,2016년 7월 14일 07시,목요일,대구광역시 서구 비산동,중상사고,0,1,0,0,차대사람 - 횡단중,기타,건조,맑음,미분류 - 미분류,이륜,남,64세,상해없음,보행자,여,80세,중상
2016071400100137,2016년 7월 14일 08시,목요일,대구광역시 남구 대명동,경상사고,0,0,1,0,차대차 - 측면충돌,안전운전불이행,건조,맑음,단일로 - 기타,이륜,남,40세,경상,승용,남,64세,상해없음
2016071400100138,2016년 7월 14일 08시,목요일,대구광역시 남구 봉덕동,경상사고,0,0,1,0,차대차 - 추돌,안전거리미확보,건조,맑음,단일로 - 기타,승용,남,66세,상해없음,승용,남,44세,경상
2016071400100139,2016년 7월 14일 08시,목요일,대구광역시 수성구 만촌동,중상사고,0,1,0,0,차대차 - 추돌,안전운전불이행,건조,맑음,교차로 - 교차로부근,승합,남,53세,상해없음,원동기,남,53세,중상
2016071400100140,2016년 7월 14일 08시,목요일,대구광역시 달서구 유천동,중상사고,0,1,0,0,차대사람 - 보도통행중,기타,습기,맑음,교차로 - 교차로부근,원동기,남,22세,상해없음,보행자,남,23세,중상
2016071400100170,2016년 7월 14일 09시,목요일,대구광역시 동구 신암동,중상사고,0,1,0,0,차대차 - 정면충돌,신호위반,건조,맑음,단일로 - 횡단보도부근,승용,남,39세,상해없음,승용,여,33세,중상
2016071400100214,2016년 7월 14일 10시,목요일,대구광역시 수성구 만촌동,중상사고,0,3,1,0,차대차 - 기타,안전운전불이행,건조,맑음,교차로 - 교차로부근,승용,남,24세,상해없음,승용,남,62세,경상
2016071400100243,2016년 7월 14일 11시,목요일,대구광역시 동구 입석동,경상사고,0,0,1,0,차대차 - 측면충돌,안전거리미확보,건조,맑음,단일로 - 기타,승용,남,66세,상해없음,화물,남,41세,경상
2016071400100244,2016년 7월 14일 11시,목요일,대구광역시 달서구 감삼동,경상사고,0,0,2,0,차대차 - 추돌,안전운전불이행,건조,맑음,단일로 - 기타,화물,남,61세,상해없음,이륜,남,17세,경상
2016071400100274,2016년 7월 14일 12시,목요일,대구광역시 동구 신천동,경상사고,0,0,1,0,차대차 - 측면충돌,안전거리미확보,건조,맑음,단일로 - 기타,화물,남,40세,상해없음,이륜,남,45세,경상
2016071400100275,2016년 7월 14일 12시,목요일,대구광역시 달서구 상인동,중상사고,0,1,0,0,차대차 - 측면충돌,안전운전불이행,건조,맑음,단일로 - 기타,원동기,남,68세,중상,승용,남,70세,상해없음
2016071400100276,2016년 7월 14일 12시,목요일,대구광역시 달서구 성당동,중상사고,0,1,0,0,차대사람 - 횡단중,중앙선침범,건조,맑음,단일로 - 기타,자전거,남,50세,상해없음,보행자,여,90세 이상,중상
2016071400100306,2016년 7월 14일 13시,목요일,대구광역시 달서구 상인동,경상사고,0,0,1,0,차대차 - 측면충돌,안전운전불이행,건조,맑음,기타 - 기타,승용,남,63세,상해없음,원동기,남,37세,경상
2016071400100335,2016년 7월 14일 14시,목요일,대구광역시 북구 읍내동,경상사고,0,0,1,0,차대차 - 측면충돌,차로위반,건조,맑음,단일로 - 기타,화물,남,57세,상해없음,이륜,남,19세,경상
2016071400100357,2016년 7월 14일 15시,목요일,대구광역시 달서구 본동,경상사고,0,0,1,0,차대차 - 측면충돌,신호위반,건조,맑음,교차로 - 교차로안,승용,남,76세,상해없음,승용,남,56세,경상
2016071400100401,2016년 7월 14일 16시,목요일,대구광역시 수성구 범어동,중상사고,0,1,0,0,차대차 - 측면직각충돌,신호위반,건조,맑음,단일로 - 횡단보도부근,승용,여,29세,상해없음,이륜,남,72세,중상
2016071400100402,2016년 7월 14일 16시,목요일,대구광역시 중구 태평로3가,경상사고,0,0,1,0,차대차 - 기타,안전운전불이행,건조,맑음,단일로 - 기타,승합,남,48세,기타불명,승용,남,25세,경상
2016071400100403,2016년 7월 14일 16시,목요일,대구광역시 북구 구암동,중상사고,0,1,0,0,차대사람 - 횡단중,안전운전불이행,건조,맑음,단일로 - 횡단보도상,승합,남,55세,상해없음,보행자,여,83세,중상
2016071400100404,2016년 7월 14일 16시,목요일,대구광역시 북구 구암동,중상사고,0,1,0,0,차대사람 - 횡단중,안전운전불이행,건조,맑음,단일로 - 기타,승용,남,39세,상해없음,보행자,여,1세,중상
2016071400100444,2016년 7월 14일 17시,목요일,대구광역시 남구 봉덕동,경상사고,0,0,1,0,차대차 - 측면충돌,교차로운행방법위반,건조,맑음,교차로 - 교차로안,승용,여,47세,경상,승용,남,25세,상해없음
2016071400100445,2016년 7월 14일 17시,목요일,대구광역시 남구 대명동,중상사고,0,1,5,0,차대차 - 추돌,안전운전불이행,건조,맑음,단일로 - 기타,승용,여,69세,상해없음,승용,남,39세,경상
2016071400100446,2016년 7월 14일 17시,목요일,대구광역시 수성구 범어동,경상사고,0,0,2,0,차대차 - 측면충돌,안전거리미확보,건조,맑음,단일로 - 기타,승용,여,60세,상해없음,승용,남,37세,경상
2016071400100447,2016년 7월 14일 17시,목요일,대구광역시 달서구 월암동,경상사고,0,0,3,0,차대차 - 측면직각충돌,직진우회전진행방해,건조,맑음,교차로 - 교차로안,승용,남,19세,경상,승용,남,37세,경상
2016071400100448,2016년 7월 14일 17시,목요일,대구광역시 북구 산격동,경상사고,0,0,1,0,차대차 - 기타,안전운전불이행,건조,맑음,단일로 - 기타,자전거,남,38세,상해없음,자전거,남,58세,경상
2016071400100491,2016년 7월 14일 18시,목요일,대구광역시 달성군 화원읍,경상사고,0,0,1,0,차대차 - 기타,신호위반,건조,맑음,교차로 - 교차로안,승용,남,66세,상해없음,자전거,남,78세,경상
2016071400100492,2016년 7월 14일 18시,목요일,대구광역시 서구 내당동,중상사고,0,1,0,0,차대차 - 측면충돌,직진우회전진행방해,건조,맑음,교차로 - 교차로안,승용,여,25세,상해없음,이륜,남,47세,중상
2016071400100557,2016년 7월 14일 20시,목요일,대구광역시 달서구 월성동,중상사고,0,1,0,0,차대차 - 기타,안전운전불이행,건조,맑음,교차로 - 교차로부근,승용,남,28세,상해없음,이륜,남,33세,중상
2016071400100558,2016년 7월 14일 20시,목요일,대구광역시 달서구 장기동,경상사고,0,0,3,0,차대차 - 측면직각충돌,안전거리미확보,건조,흐림,단일로 - 기타,화물,남,54세,상해없음,승용,남,31세,경상
2016071400100580,2016년 7월 14일 21시,목요일,대구광역시 남구 봉덕동,부상신고사고,0,0,0,1,차대차 - 정면충돌,중앙선침범,건조,맑음,단일로 - 기타,기타불명,남,71세,부상신고,승용,남,37세,상해없음
2016071400100581,2016년 7월 14일 21시,목요일,대구광역시 달서구 월성동,중상사고,0,1,0,0,차대차 - 측면충돌,안전운전불이행,건조,맑음,단일로 - 횡단보도상,승용,여,62세,상해없음,승용,남,28세,상해없음
2016071400100582,2016년 7월 14일 21시,목요일,대구광역시 달서구 감삼동,경상사고,0,0,3,0,차대차 - 측면직각충돌,안전거리미확보,건조,흐림,단일로 - 기타,승용,여,47세,상해없음,승용,남,50세,경상
2016071400100601,2016년 7월 14일 22시,목요일,대구광역시 수성구 황금동,경상사고,0,0,1,0,차대차 - 추돌,안전운전불이행,건조,맑음,교차로 - 교차로부근,승용,남,48세,상해없음,승용,남,55세,상해없음
2016071400100602,2016년 7월 14일 22시,목요일,대구광역시 달성군 화원읍,경상사고,0,0,1,0,차대차 - 측면직각충돌,안전거리미확보,건조,맑음,단일로 - 터널,승용,여,23세,상해없음,승용,여,43세,경상
2016071400100603,2016년 7월 14일 22시,목요일,대구광역시 달성군 현풍면,중상사고,0,1,0,0,차대차 - 측면직각충돌,안전운전불이행,건조,맑음,교차로 - 교차로안,승용,남,33세,상해없음,원동기,남,24세,중상
2016071400100604,2016년 7월 14일 22시,목요일,대구광역시 북구 산격동,경상사고,0,0,3,0,차대차 - 기타,안전거리미확보,건조,맑음,단일로 - 기타,승용,남,58세,상해없음,승용,남,30세,경상
2016071500100014,2016년 7월 15일 00시,금요일,대구광역시 달서구 장기동,부상신고사고,0,0,0,1,차대차 - 측면충돌,안전운전불이행,건조,맑음,단일로 - 기타,승용,남,69세,상해없음,이륜,남,25세,부상신고
2016071500100015,2016년 7월 15일 00시,금요일,대구광역시 북구 동천동,경상사고,0,0,2,0,차대차 - 측면충돌,안전운전불이행,건조,맑음,단일로 - 기타,승용,남,53세,상해없음,승용,남,26세,경상
2016071500100045,2016년 7월 15일 04시,금요일,대구광역시 서구 내당동,중상사고,0,1,0,0,차대사람 - 기타,신호위반,건조,맑음,교차로 - 교차로안,승용,남,37세,상해없음,보행자,여,54세,중상
2016071500100070,2016년 7월 15일 06시,금요일,대구광역시 북구 침산동,부상신고사고,0,0,0,1,차대차 - 기타,안전운전불이행,건조,맑음,단일로 - 기타,자전거,남,61세,부상신고,자전거,여,50세,상해없음
2016071500100090,2016년 7월 15일 07시,금요일,대구광역시 북구 산격동,경상사고,0,0,1,0,차대차 - 추돌,안전운전불이행,건조,맑음,단일로 - 기타,승용,여,41세,경상,화물,남,61세,상해없음
2016071500100124,2016년 7월 15일 08시,금요일,대구광역시 동구 방촌동,중상사고,0,1,0,0,차대사람 - 횡단중,안전운전불이행,건조,맑음,교차로 - 교차로안,승용,남,46세,상해없음,보행자,여,90세 이상,중상
2016071500100125,2016년 7월 15일 08시,금요일,대구광역시 서구 내당동,경상사고,0,0,1,0,차대사람 - 기타,안전운전불이행,건조,맑음,교차로 - 교차로부근,승용,여,27세,상해없음,보행자,남,12세,경상
2016071500100160,2016년 7월 15일 09시,금요일,대구광역시 동구 신암동,경상사고,0,0,1,0,차대사람 - 기타,안전운전불이행,건조,맑음,단일로 - 기타,승용,남,76세,상해없음,보행자,여,74세,경상
2016071500100161,2016년 7월 15일 09시,금요일,대구광역시 달성군 화원읍,경상사고,0,0,2,0,차량단독 - 공작물충돌,안전운전불이행,건조,맑음,단일로 - 기타,승용,여,34세,경상,,,,
2016071500100191,2016년 7월 15일 10시,금요일,대구광역시 달서구 월성동,중상사고,0,1,2,0,차대차 - 측면충돌,교차로운행방법위반,건조,맑음,교차로 - 교차로안,승합,남,64세,경상,승용,여,41세,경상
2016071500100192,2016년 7월 15일 10시,금요일,대구광역시 달성군 유가면,중상사고,0,1,0,0,차대차 - 기타,안전운전불이행,건조,맑음,교차로 - 교차로부근,건설기계,남,44세,상해없음,이륜,남,68세,중상
2016071500100241,2016년 7월 15일 11시,금요일,대구광역시 서구 내당동,중상사고,0,1,0,0,차대차 - 측면직각충돌,안전운전불이행,건조,맑음,교차로 - 교차로부근,화물,남,60세,상해없음,이륜,남,20세,중상
2016071500100373,2016년 7월 15일 15시,금요일,대구광역시 수성구 두산동,중상사고,0,1,3,0,차대차 - 측면직각충돌,안전거리미확보,건조,맑음,교차로 - 교차로부근,승용,남,25세,상해없음,승용,여,27세,경상
2016071500100374,2016년 7월 15일 15시,금요일,대구광역시 달서구 상인동,중상사고,0,1,0,0,차대차 - 기타,안전운전불이행,건조,맑음,교차로 - 교차로부근,기타불명,기타불명,기타불명,기타불명,승합,여,50세,상해없음
2016071500100417,2016년 7월 15일 16시,금요일,대구광역시 남구 이천동,사망사고,1,0,0,0,차대사람 - 횡단중,안전운전불이행,건조,맑음,단일로 - 기타,화물,남,27세,상해없음,보행자,여,57세,사망
2016071500100418,2016년 7월 15일 16시,금요일,대구광역시 수성구 수성동1가,중상사고,0,1,0,0,차대차 - 정면충돌,교차로운행방법위반,건조,맑음,단일로 - 기타,승용,남,50세,상해없음,이륜,남,70세,중상
2016071500100458,2016년 7월 15일 17시,금요일,대구광역시 수성구 파동,중상사고,0,1,0,0,차대사람 - 기타,기타,건조,맑음,단일로 - 기타,승합,남,32세,상해없음,보행자,남,10세,중상
2016071500100459,2016년 7월 15일 17시,금요일,대구광역시 수성구 범물동,경상사고,0,0,2,0,차대차 - 정면충돌,안전운전불이행,건조,맑음,교차로 - 교차로부근,화물,남,50세,상해없음,승용,남,48세,경상
2016071500100461,2016년 7월 15일 17시,금요일,대구광역시 중구 덕산동,경상사고,0,0,1,0,차대차 - 측면직각충돌,안전운전불이행,건조,맑음,단일로 - 기타,이륜,남,38세,상해없음,자전거,여,22세,경상
2016071500100462,2016년 7월 15일 17시,금요일,대구광역시 중구 동산동,경상사고,0,0,1,0,차대사람 - 횡단중,보행자보호의무위반,건조,맑음,단일로 - 횡단보도상,이륜,남,42세,상해없음,보행자,여,33세,경상
2016071500100463,2016년 7월 15일 17시,금요일,대구광역시 달서구 성당동,중상사고,0,1,0,0,차대사람 - 횡단중,교차로운행방법위반,건조,맑음,교차로 - 교차로안,승용,남,41세,상해없음,보행자,여,74세,중상
2016071500100501,2016년 7월 15일 18시,금요일,대구광역시 수성구 범어동,중상사고,0,1,0,0,차대차 - 측면충돌,안전운전불이행,건조,맑음,교차로 - 교차로안,승용,여,42세,상해없음,승용,여,42세,중상
2016071500100502,2016년 7월 15일 18시,금요일,대구광역시 북구 복현동,부상신고사고,0,0,0,1,차대사람 - 기타,중앙선침범,건조,맑음,단일로 - 기타,원동기,남,17세,상해없음,보행자,남,15세,부상신고
2016071500100503,2016년 7월 15일 18시,금요일,대구광역시 중구 동산동,경상사고,0,0,1,0,차대차 - 기타,안전운전불이행,건조,맑음,단일로 - 기타,화물,남,72세,상해없음,화물,남,43세,경상
2016071500100504,2016년 7월 15일 18시,금요일,대구광역시 달서구 죽전동,경상사고,0,0,1,0,차대사람 - 횡단중,안전운전불이행,건조,맑음,교차로 - 교차로부근,승용,남,38세,상해없음,보행자,남,51세,경상
2016071500100505,2016년 7월 15일 18시,금요일,대구광역시 북구 동천동,경상사고,0,0,2,0,차대차 - 측면충돌,안전운전불이행,건조,맑음,교차로 - 교차로안,승용,남,58세,상해없음,원동기,남,18세,경상
2016071500100539,2016년 7월 15일 19시,금요일,대구광역시 북구 노원동2가,중상사고,0,1,0,0,차대차 - 측면충돌,안전운전불이행,건조,맑음,교차로 - 교차로안,승용,남,33세,상해없음,원동기,남,61세,중상
2016071500100540,2016년 7월 15일 19시,금요일,대구광역시 서구 비산동,경상사고,0,0,2,0,차대사람 - 기타,안전운전불이행,건조,맑음,단일로 - 기타,승용,남,42세,상해없음,보행자,남,49세,경상
2016071500100541,2016년 7월 15일 19시,금요일,대구광역시 중구 봉산동,경상사고,0,0,1,1,차대차 - 정면충돌,안전거리미확보,건조,맑음,단일로 - 기타,승용,남,27세,부상신고,승용,남,55세,경상
2016071500100587,2016년 7월 15일 20시,금요일,대구광역시 달서구 신당동,경상사고,0,0,1,0,차대차 - 측면충돌,안전운전불이행,건조,맑음,교차로 - 교차로부근,화물,남,26세,상해없음,이륜,남,20세,경상
2016071500100627,2016년 7월 15일 21시,금요일,대구광역시 달성군 화원읍,중상사고,0,1,0,0,차대차 - 정면충돌,안전운전불이행,건조,맑음,단일로 - 기타,승용,남,47세,상해없음,자전거,남,63세,중상
2016071500100628,2016년 7월 15일 21시,금요일,대구광역시 서구 내당동,중상사고,0,1,0,0,차대사람 - 횡단중,안전운전불이행,건조,맑음,교차로 - 교차로부근,승용,남,26세,상해없음,보행자,남,33세,중상
2016071500100629,2016년 7월 15일 21시,금요일,대구광역시 달서구 용산동,경상사고,0,0,2,0,차대차 - 추돌,안전운전불이행,건조,맑음,단일로 - 기타,승용,남,30세,상해없음,승용,남,44세,경상
2016071500100667,2016년 7월 15일 22시,금요일,대구광역시 수성구 황금동,경상사고,0,0,2,0,차대차 - 측면직각충돌,신호위반,건조,맑음,교차로 - 교차로안,승용,여,46세,상해없음,승용,남,54세,경상
2016071500100668,2016년 7월 15일 22시,금요일,대구광역시 북구 태전동,경상사고,0,0,1,0,차대차 - 추돌,안전운전불이행,건조,맑음,단일로 - 기타,화물,남,40세,상해없음,승용,남,60세,경상
2016071500100708,2016년 7월 15일 23시,금요일,대구광역시 남구 대명동,경상사고,0,0,1,0,차대차 - 측면충돌,안전운전불이행,건조,맑음,교차로 - 교차로부근,승용,남,58세,상해없음,승용,남,39세,경상
2016071500100709,2016년 7월 15일 23시,금요일,대구광역시 수성구 지산동,경상사고,0,0,1,0,차대사람 - 횡단중,안전운전불이행,건조,맑음,단일로 - 기타,승용,남,39세,상해없음,보행자,남,38세,경상
2016071500100710,2016년 7월 15일 23시,금요일,대구광역시 달서구 월암동,중상사고,0,1,0,0,차량단독 - 기타,안전운전불이행,건조,맑음,단일로 - 기타,승용,여,32세,상해없음,,,,
2016071600100028,2016년 7월 16일 00시,토요일,대구광역시 수성구 범물동,중상사고,0,1,0,0,차대차 - 측면직각충돌,신호위반,건조,맑음,교차로 - 교차로안,승용,여,48세,상해없음,승용,여,50세,중상
2016071600100029,2016년 7월 16일 00시,토요일,대구광역시 서구 평리동,경상사고,0,0,1,0,차대사람 - 기타,안전운전불이행,건조,맑음,단일로 - 횡단보도상,승용,남,24세,상해없음,보행자,남,53세,경상
2016071600100110,2016년 7월 16일 04시,토요일,대구광역시 달서구 성당동,경상사고,0,0,4,0,차대차 - 측면충돌,신호위반,건조,맑음,교차로 - 교차로안,승용,남,64세,경상,승용,여,41세,경상
2016071600100157,2016년 7월 16일 07시,토요일,대구광역시 달서구 송현동,경상사고,0,0,2,0,차대차 - 측면충돌,안전운전불이행,건조,맑음,교차로 - 교차로안,승용,남,52세,상해없음,승용,여,21세,경상
2016071600100188,2016년 7월 16일 08시,토요일,대구광역시 수성구 연호동,경상사고,0,0,2,0,차대차 - 추돌,안전운전불이행,건조,흐림,단일로 - 기타,승용,남,19세,상해없음,승용,남,51세,경상
2016071600100189,2016년 7월 16일 08시,토요일,대구광역시 달성군 현풍면,경상사고,0,0,1,0,차대차 - 측면직각충돌,안전운전불이행,건조,맑음,교차로 - 교차로안,승용,남,45세,상해없음,승용,남,24세,상해없음
2016071600100219,2016년 7월 16일 09시,토요일,대구광역시 북구 산격동,경상사고,0,0,1,0,차대사람 - 횡단중,보행자보호의무위반,건조,흐림,교차로 - 교차로부근,화물,남,40세,상해없음,보행자,여,55세,경상
2016071600100248,2016년 7월 16일 10시,토요일,대구광역시 남구 봉덕동,경상사고,0,0,5,0,차대차 - 측면충돌,차로위반,건조,맑음,교차로 - 교차로부근,승용,남,26세,상해없음,승용,남,31세,경상
2016071600100249,2016년 7월 16일 10시,토요일,대구광역시 남구 대명동,중상사고,0,1,0,0,차대차 - 측면충돌,안전운전불이행,건조,흐림,단일로 - 기타,승용,남,39세,상해없음,이륜,남,46세,중상
2016071600100250,2016년 7월 16일 10시,토요일,대구광역시 동구 신암동,경상사고,0,0,1,0,차대차 - 측면충돌,교차로운행방법위반,건조,맑음,교차로 - 교차로안,승용,남,42세,상해없음,원동기,남,18세,경상
2016071600100251,2016년 7월 16일 10시,토요일,대구광역시 수성구 수성동2가,경상사고,0,0,1,0,차대차 - 추돌,안전거리미확보,건조,맑음,단일로 - 기타,승용,여,58세,상해없음,화물,남,49세,경상
2016071600100252,2016년 7월 16일 10시,토요일,대구광역시 북구 태전동,경상사고,0,0,6,2,차대차 - 추돌,안전거리미확보,습기,비,단일로 - 기타,승용,여,47세,상해없음,승용,여,37세,부상신고
2016071600100281,2016년 7월 16일 11시,토요일,대구광역시 달서구 본리동,경상사고,0,0,1,0,차대차 - 측면충돌,교차로운행방법위반,건조,맑음,교차로 - 교차로안,화물,남,73세,상해없음,승용,남,35세,상해없음
2016071600100307,2016년 7월 16일 12시,토요일,대구광역시 달성군 다사읍,부상신고사고,0,0,0,1,차대사람 - 기타,안전운전불이행,습기,비,단일로 - 기타,기타불명,기타불명,기타불명,기타불명,보행자,남,61세,부상신고
2016071600100308,2016년 7월 16일 12시,토요일,대구광역시 달서구 두류동,경상사고,0,0,1,0,차대차 - 측면충돌,안전거리미확보,습기,흐림,단일로 - 기타,승용,남,23세,상해없음,이륜,남,55세,경상
2016071600100309,2016년 7월 16일 12시,토요일,대구광역시 북구 팔달동,경상사고,0,0,1,0,차대차 - 측면충돌,안전운전불이행,건조,맑음,단일로 - 기타,화물,남,44세,상해없음,이륜,남,42세,경상
2016071600100339,2016년 7월 16일 13시,토요일,대구광역시 중구 북성로1가,경상사고,0,0,1,0,차대차 - 측면직각충돌,중앙선침범,습기,비,단일로 - 횡단보도상,승용,남,72세,상해없음,이륜,남,32세,경상
2016071600100377,2016년 7월 16일 14시,토요일,대구광역시 수성구 범어동,경상사고,0,0,1,0,차대차 - 측면직각충돌,안전운전불이행,건조,흐림,단일로 - 횡단보도상,승용,여,39세,상해없음,자전거,여,32세,경상
2016071600100378,2016년 7월 16일 14시,토요일,대구광역시 달성군 구지면,경상사고,0,0,2,0,차대차 - 추돌,안전운전불이행,습기,비,교차로 - 교차로부근,승용,여,59세,상해없음,승용,남,49세,경상
2016071600100414,2016년 7월 16일 15시,토요일,대구광역시 달서구 본동,부상신고사고,0,0,0,1,차대사람 - 횡단중,안전운전불이행,건조,흐림,교차로 - 교차로부근,화물,남,37세,상해없음,보행자,남,37세,부상신고
2016071600100415,2016년 7월 16일 15시,토요일,대구광역시 중구 삼덕동1가,경상사고,0,0,1,1,차대차 - 추돌,안전운전불이행,건조,맑음,단일로 - 기타,승용,남,24세,상해없음,승용,여,40세,경상
2016071600100416,2016년 7월 16일 15시,토요일,대구광역시 달서구 갈산동,경상사고,0,0,1,0,차대차 - 측면충돌,안전운전불이행,건조,맑음,교차로 - 교차로안,화물,남,47세,경상,승용,남,50세,상해없음
2016071600100448,2016년 7월 16일 16시,토요일,대구광역시 북구 금호동,경상사고,0,0,1,0,차대차 - 추돌,안전거리미확보,습기,흐림,단일로 - 기타,승용,남,28세,상해없음,승용,남,59세,상해없음
2016071600100452,2016년 7월 16일 16시,토요일,대구광역시 동구 신암동,중상사고,0,5,1,0,차대차 - 추돌,안전운전불이행,건조,맑음,단일로 - 기타,승용,남,46세,상해없음,승용,여,47세,중상
2016071600100453,2016년 7월 16일 16시,토요일,대구광역시 달성군 다사읍,중상사고,0,1,0,0,차량단독 - 기타,기타,습기,맑음,교차로 - 교차로부근,승합,남,49세,상해없음,,,,
2016071600100477,2016년 7월 16일 17시,토요일,대구광역시 수성구 지산동,경상사고,0,0,1,1,차대차 - 추돌,안전운전불이행,습기,흐림,교차로 - 교차로안,승용,여,63세,부상신고,화물,남,36세,경상
2016071600100478,2016년 7월 16일 17시,토요일,대구광역시 북구 구암동,중상사고,0,1,2,0,차대차 - 추돌,안전운전불이행,건조,맑음,단일로 - 기타,승용,남,25세,경상,승용,여,46세,중상
2016071600100515,2016년 7월 16일 18시,토요일,대구광역시 남구 대명동,경상사고,0,0,2,0,차대차 - 추돌,안전운전불이행,습기,비,교차로 - 교차로부근,승용,남,33세,상해없음,승용,여,32세,경상
2016071600100516,2016년 7월 16일 18시,토요일,대구광역시 동구 중대동,중상사고,0,2,0,1,차대차 - 측면충돌,안전운전불이행,습기,비,단일로 - 기타,승용,남,56세,부상신고,승용,여,59세,중상
2016071600100517,2016년 7월 16일 18시,토요일,대구광역시 수성구 범물동,경상사고,0,0,1,0,차대차 - 측면충돌,신호위반,건조,맑음,교차로 - 교차로안,승용,남,68세,상해없음,이륜,여,50세,경상
2016071600100541,2016년 7월 16일 19시,토요일,대구광역시 수성구 신매동,경상사고,0,0,1,0,차대차 - 추돌,안전운전불이행,습기,비,교차로 - 교차로부근,이륜,남,22세,경상,승용,남,50세,상해없음
2016071600100542,2016년 7월 16일 19시,토요일,대구광역시 중구 남산동,부상신고사고,0,0,0,1,차대차 - 측면직각충돌,직진우회전진행방해,건조,맑음,교차로 - 교차로안,승용,남,52세,상해없음,승용,남,23세,상해없음
2016071600100543,2016년 7월 16일 19시,토요일,대구광역시 북구 동천동,경상사고,0,0,1,0,차대사람 - 횡단중,안전운전불이행,건조,맑음,단일로 - 기타,승용,여,44세,상해없음,보행자,여,16세,경상
2016071600100575,2016년 7월 16일 20시,토요일,대구광역시 달서구 상인동,경상사고,0,0,1,0,차대차 - 추돌,안전운전불이행,습기,비,단일로 - 기타,이륜,남,21세,상해없음,승용,남,30세,상해없음
2016071600100576,2016년 7월 16일 20시,토요일,대구광역시 서구 비산동,경상사고,0,0,1,0,차대사람 - 기타,안전운전불이행,건조,맑음,교차로 - 교차로부근,승용,남,40세,상해없음,보행자,남,45세,경상
2016071600100642,2016년 7월 16일 22시,토요일,대구광역시 동구 신암동,경상사고,0,0,1,0,차대사람 - 횡단중,신호위반,건조,맑음,단일로 - 횡단보도상,승용,남,55세,상해없음,보행자,남,41세,경상
2016071600100643,2016년 7월 16일 22시,토요일,대구광역시 달서구 상인동,부상신고사고,0,0,0,1,차대차 - 추돌,안전운전불이행,건조,맑음,교차로 - 교차로부근,이륜,남,16세,부상신고,승용,남,56세,상해없음
2016071700100021,2016년 7월 17일 00시,일요일,대구광역시 동구 검사동,경상사고,0,0,1,0,차량단독 - 전도전복,안전운전불이행,건조,맑음,단일로 - 기타,승용,남,66세,상해없음,,,,
2016071700100022,2016년 7월 17일 00시,일요일,대구광역시 수성구 수성동2가,중상사고,0,2,2,0,차대차 - 측면충돌,안전거리미확보,건조,맑음,단일로 - 기타,승용,남,60세,중상,승용,남,22세,경상
2016071700100043,2016년 7월 17일 01시,일요일,대구광역시 수성구 수성동3가,부상신고사고,0,0,0,1,차대차 - 추돌,안전운전불이행,건조,맑음,단일로 - 횡단보도부근,승용,여,28세,부상신고,화물,남,67세,상해없음
2016071700100044,2016년 7월 17일 01시,일요일,대구광역시 북구 복현동,경상사고,0,0,2,0,차대차 - 측면충돌,직진우회전진행방해,건조,맑음,단일로 - 기타,원동기,남,20세,경상,승용,남,32세,경상
2016071700100060,2016년 7월 17일 02시,일요일,대구광역시 북구 침산동,중상사고,0,1,0,0,차대사람 - 횡단중,안전운전불이행,건조,맑음,단일로 - 기타,승용,남,24세,상해없음,보행자,여,34세,중상
2016071700100061,2016년 7월 17일 02시,일요일,대구광역시 서구 내당동,중상사고,0,2,0,0,차량단독 - 전도전복,안전운전불이행,건조,맑음,교차로 - 교차로부근,원동기,남,17세,중상,,,,
2016071700100087,2016년 7월 17일 04시,일요일,대구광역시 달서구 대곡동,중상사고,0,1,0,0,차대차 - 기타,안전운전불이행,건조,맑음,단일로 - 횡단보도부근,승용,남,36세,상해없음,자전거,남,24세,중상
2016071700100105,2016년 7월 17일 06시,일요일,대구광역시 수성구 수성동4가,경상사고,0,0,1,0,차대차 - 측면직각충돌,안전운전불이행,건조,맑음,단일로 - 횡단보도상,승용,남,51세,상해없음,자전거,남,55세,경상
2016071700100106,2016년 7월 17일 06시,일요일,대구광역시 북구 산격동,중상사고,0,1,1,0,차대차 - 추돌,안전운전불이행,건조,맑음,단일로 - 기타,승용,남,22세,상해없음,승합,남,61세,중상
2016071700100169,2016년 7월 17일 11시,일요일,대구광역시 달성군 화원읍,경상사고,0,0,1,0,차대차 - 측면직각충돌,안전운전불이행,건조,맑음,교차로 - 교차로안,승용,남,35세,상해없음,자전거,남,18세,경상
2016071700100170,2016년 7월 17일 11시,일요일,대구광역시 북구 침산동,중상사고,0,1,0,0,차대차 - 측면충돌,안전거리미확보,건조,맑음,단일로 - 기타,승용,남,38세,상해없음,원동기,남,16세,중상
2016071700100171,2016년 7월 17일 11시,일요일,대구광역시 달서구 이곡동,중상사고,0,1,2,0,차대차 - 측면충돌,교차로운행방법위반,건조,맑음,교차로 - 교차로안,승용,여,49세,상해없음,승용,남,44세,중상
2016071700100193,2016년 7월 17일 12시,일요일,대구광역시 동구 봉무동,경상사고,0,0,1,0,차대사람 - 횡단중,신호위반,건조,맑음,교차로 - 교차로부근,자전거,남,12세,상해없음,보행자,남,58세,경상