사고번호,사고일시,요일,시군구,사고내용,사망자수,중상자수,경상자수,부상신고자수,사고유형,법규위반,노면상태,기상상태,도로형태,가해운전자 차종,가해운전자 성별,가해운전자 연령,가해운전자 상해정도,피해운전자 차종,피해운전자 성별,피해운전자 연령,피해운전자 상해정도
2016072000100295,2016년 7월 20일 13시,수요일,대구광역시 달서구 두류동,경상사고,0,0,1,0,차대차 - 기타,안전운전불이행,건조,맑음,교차로 - 교차로안,승용,여,50세,경상,화물,남,40세,상해없음
2016072000100363,2016년 7월 20일 15시,수요일,대구광역시 동구 동호동,중상사고,0,1,0,0,차대사람 - 횡단중,안전운전불이행,건조,맑음,단일로 - 기타,승용,여,30세,상해없음,보행자,남,30세,중상
2016072000100364,2016년 7월 20일 15시,수요일,대구광역시 달성군 유가면,중상사고,0,1,0,0,차대차 - 추돌,안전운전불이행,건조,맑음,단일로 - 기타,이륜,남,70세,중상,승용,남,46세,상해없음
2016072000100409,2016년 7월 20일 16시,수요일,대구광역시 동구 괴전동,경상사고,0,0,1,0,차대차 - 추돌,안전거리미확보,건조,맑음,단일로 - 기타,화물,남,63세,상해없음,화물,남,53세,경상
2016072000100410,2016년 7월 20일 16시,수요일,대구광역시 서구 내당동,중상사고,0,1,1,1,차대차 - 측면직각충돌,교차로운행방법위반,건조,맑음,교차로 - 교차로부근,승합,여,43세,부상신고,승합,남,37세,경상
2016072000100411,2016년 7월 20일 16시,수요일,대구광역시 달서구 성당동,경상사고,0,0,2,0,차대차 - 추돌,신호위반,건조,맑음,교차로 - 교차로안,승용,남,59세,상해없음,승용,남,46세,경상
2016072000100412,2016년 7월 20일 16시,수요일,대구광역시 달서구 감삼동,경상사고,0,0,1,0,차대차 - 측면충돌,안전운전불이행,건조,맑음,단일로 - 기타,승용,여,55세,상해없음,승용,남,18세,경상
2016072000100448,2016년 7월 20일 17시,수요일,대구광역시 북구 국우동,경상사고,0,0,1,0,차대차 - 측면충돌,안전거리미확보,건조,맑음,교차로 - 교차로부근,승용,남,60세,상해없음,이륜,남,20세,경상
2016072000100501,2016년 7월 20일 18시,수요일,대구광역시 달서구 송현동,경상사고,0,0,1,0,차대차 - 측면직각충돌,안전운전불이행,건조,맑음,기타 - 기타,승용,남,31세,상해없음,자전거,남,8세,경상
2016072000100502,2016년 7월 20일 18시,수요일,대구광역시 중구 남산동,경상사고,0,0,1,0,차대차 - 기타,안전거리미확보,건조,맑음,교차로 - 교차로부근,승용,여,23세,상해없음,승합,남,56세,상해없음
2016072000100503,2016년 7월 20일 18시,수요일,대구광역시 달서구 성당동,경상사고,0,0,1,0,차대차 - 기타,안전거리미확보,건조,맑음,단일로 - 기타,승용,남,51세,상해없음,승용,여,50세,경상
2016072000100537,2016년 7월 20일 19시,수요일,대구광역시 동구 신암동,부상신고사고,0,0,0,1,차대차 - 측면충돌,신호위반,건조,맑음,교차로 - 교차로안,자전거,남,18세,부상신고,승용,남,38세,상해없음
2016072000100538,2016년 7월 20일 19시,수요일,대구광역시 동구 용계동,경상사고,0,0,1,0,차대차 - 측면충돌,신호위반,건조,맑음,교차로 - 교차로안,이륜,남,33세,상해없음,승용,남,26세,경상
2016072000100539,2016년 7월 20일 19시,수요일,대구광역시 수성구 상동,경상사고,0,0,1,0,차대사람 - 길가장자리구역통행중,안전거리미확보,건조,맑음,단일로 - 기타,이륜,남,39세,상해없음,보행자,여,33세,경상
2016072000100540,2016년 7월 20일 19시,수요일,대구광역시 수성구 사월동,경상사고,0,0,1,0,차대사람 - 기타,안전운전불이행,건조,맑음,단일로 - 기타,승용,여,35세,상해없음,보행자,남,9세,경상
2016072000100541,2016년 7월 20일 19시,수요일,대구광역시 서구 평리동,중상사고,0,1,0,0,차대사람 - 기타,보행자보호의무위반,건조,맑음,단일로 - 기타,원동기,남,16세,상해없음,보행자,여,2세,중상
2016072000100542,2016년 7월 20일 19시,수요일,대구광역시 북구 태전동,경상사고,0,0,1,1,차대차 - 측면충돌,신호위반,건조,맑음,교차로 - 교차로안,원동기,남,22세,부상신고,승용,남,56세,경상
2016072000100610,2016년 7월 20일 21시,수요일,대구광역시 달서구 진천동,중상사고,0,1,0,0,차대사람 - 횡단중,보행자보호의무위반,건조,맑음,교차로 - 교차로부근,승용,남,34세,상해없음,보행자,여,77세,중상
2016072000100611,2016년 7월 20일 21시,수요일,대구광역시 달서구 신당동,중상사고,0,1,1,0,차대차 - 추돌,안전운전불이행,건조,맑음,단일로 - 기타,승용,남,43세,상해없음,이륜,남,20세,경상
2016072000100659,2016년 7월 20일 23시,수요일,대구광역시 서구 내당동,중상사고,0,1,1,0,차대차 - 측면직각충돌,안전거리미확보,건조,맑음,단일로 - 기타,승용,남,67세,상해없음,승용,남,59세,중상
2016072000100660,2016년 7월 20일 23시,수요일,대구광역시 달서구 감삼동,중상사고,0,1,1,0,차대차 - 기타,안전운전불이행,건조,맑음,단일로 - 기타,승용,남,20세,상해없음,승용,남,24세,경상
2016072100100032,2016년 7월 21일 03시,목요일,대구광역시 달성군 현풍면,경상사고,0,0,1,0,차대차 - 추돌,안전운전불이행,건조,맑음,단일로 - 기타,기타불명,기타불명,기타불명,기타불명,화물,남,49세,경상
2016072100100045,2016년 7월 21일 04시,목요일,대구광역시 남구 대명동,경상사고,0,0,2,0,차량단독 - 기타,안전운전불이행,건조,맑음,단일로 - 기타,이륜,남,24세,경상,,,,
2016072100100067,2016년 7월 21일 06시,목요일,대구광역시 동구 율하동,경상사고,0,0,1,0,차대차 - 측면충돌,신호위반,건조,맑음,교차로 - 교차로안,승용,남,49세,상해없음,승용,남,63세,경상
2016072100100068,2016년 7월 21일 06시,목요일,대구광역시 달서구 감삼동,경상사고,0,0,1,0,차대차 - 기타,차로위반,건조,맑음,단일로 - 기타,이륜,남,61세,경상,승용,남,31세,상해없음
2016072100100088,2016년 7월 21일 07시,목요일,대구광역시 수성구 범어동,경상사고,0,0,1,0,차대차 - 측면충돌,안전운전불이행,건조,맑음,교차로 - 교차로부근,화물,남,46세,기타불명,자전거,남,16세,경상
2016072100100162,2016년 7월 21일 09시,목요일,대구광역시 동구 신천동,경상사고,0,0,1,0,차대사람 - 기타,안전운전불이행,건조,맑음,단일로 - 기타,승용,남,61세,상해없음,보행자,여,22세,경상
2016072100100163,2016년 7월 21일 09시,목요일,대구광역시 중구 태평로3가,부상신고사고,0,0,0,1,차대차 - 측면충돌,안전거리미확보,건조,맑음,단일로 - 기타,이륜,남,80세,부상신고,승용,여,54세,상해없음
2016072100100182,2016년 7월 21일 10시,목요일,대구광역시 달서구 본리동,경상사고,0,0,2,0,차대차 - 기타,교차로운행방법위반,건조,맑음,교차로 - 교차로안,승용,여,51세,상해없음,승용,여,28세,경상
2016072100100208,2016년 7월 21일 11시,목요일,대구광역시 동구 방촌동,경상사고,0,0,1,0,차대차 - 기타,안전운전불이행,건조,맑음,교차로 - 교차로부근,이륜,남,36세,상해없음,이륜,남,67세,경상
2016072100100209,2016년 7월 21일 11시,목요일,대구광역시 달서구 월성동,중상사고,0,1,0,0,차대사람 - 횡단중,보행자보호의무위반,건조,맑음,단일로 - 횡단보도상,승용,남,25세,상해없음,보행자,여,74세,중상
2016072100100210,2016년 7월 21일 11시,목요일,대구광역시 달성군 화원읍,중상사고,0,1,0,0,차대사람 - 횡단중,보행자보호의무위반,건조,맑음,교차로 - 교차로안,승용,여,43세,상해없음,보행자,남,65세,중상
2016072100100247,2016년 7월 21일 12시,목요일,대구광역시 달성군 하빈면,중상사고,0,1,0,0,차대사람 - 차도통행중,안전운전불이행,건조,맑음,단일로 - 기타,화물,남,35세,상해없음,보행자,남,49세,중상
2016072100100313,2016년 7월 21일 14시,목요일,대구광역시 중구 남산동,중상사고,0,1,0,0,차대차 - 정면충돌,안전운전불이행,건조,맑음,교차로 - 교차로부근,이륜,남,57세,중상,승용,남,43세,상해없음
2016072100100346,2016년 7월 21일 15시,목요일,대구광역시 수성구 중동,경상사고,0,0,1,0,차대차 - 측면충돌,안전운전불이행,건조,맑음,교차로 - 교차로안,승용,여,57세,상해없음,자전거,남,24세,경상
2016072100100384,2016년 7월 21일 16시,목요일,대구광역시 달서구 상인동,경상사고,0,0,1,0,차량단독 - 기타,안전운전불이행,건조,맑음,단일로 - 기타,승합,남,43세,상해없음,,,,
2016072100100385,2016년 7월 21일 16시,목요일,대구광역시 북구 복현동,중상사고,0,1,0,0,차대사람 - 횡단중,안전운전불이행,건조,맑음,단일로 - 기타,화물,남,63세,상해없음,보행자,남,6세,중상
2016072100100386,2016년 7월 21일 16시,목요일,대구광역시 북구 산격동,사망사고,1,1,0,0,차대사람 - 길가장자리구역통행중,안전운전불이행,건조,맑음,단일로 - 기타,화물,남,29세,상해없음,보행자,여,55세,사망
2016072100100387,2016년 7월 21일 16시,목요일,대구광역시 달서구 신당동,경상사고,0,0,1,0,차대차 - 측면충돌,안전운전불이행,건조,맑음,교차로 - 교차로부근,승용,남,56세,상해없음,특수,남,50세,상해없음
2016072100100444,2016년 7월 21일 17시,목요일,대구광역시 남구 대명동,경상사고,0,0,1,0,차대차 - 측면충돌,교차로운행방법위반,건조,맑음,교차로 - 교차로안,승용,남,60세,상해없음,승용,남,19세,경상
2016072100100445,2016년 7월 21일 17시,목요일,대구광역시 서구 비산동,경상사고,0,0,1,0,차대차 - 정면충돌,안전운전불이행,건조,맑음,단일로 - 기타,건설기계,남,48세,상해없음,화물,남,45세,경상
2016072100100446,2016년 7월 21일 17시,목요일,대구광역시 중구 대봉동,중상사고,0,1,0,0,차대차 - 기타,안전거리미확보,건조,맑음,단일로 - 기타,이륜,남,48세,중상,승용,남,54세,상해없음
2016072100100522,2016년 7월 21일 19시,목요일,대구광역시 동구 신암동,경상사고,0,0,1,0,차대사람 - 기타,안전운전불이행,건조,맑음,단일로 - 횡단보도부근,승용,남,57세,상해없음,보행자,여,14세,경상
2016072100100523,2016년 7월 21일 19시,목요일,대구광역시 중구 북성로2가,사망사고,1,2,0,0,차대차 - 측면직각충돌,중앙선침범,건조,맑음,교차로 - 교차로안,이륜,남,89세,사망,화물,남,56세,중상
2016072100100524,2016년 7월 21일 19시,목요일,대구광역시 중구 삼덕동3가,경상사고,0,0,1,0,차대차 - 정면충돌,안전운전불이행,건조,맑음,단일로 - 기타,승용,남,66세,상해없음,승용,남,44세,경상
2016072100100525,2016년 7월 21일 19시,목요일,대구광역시 북구 태전동,중상사고,0,1,1,0,차대차 - 측면충돌,안전운전불이행,건조,맑음,교차로 - 교차로안,승용,남,27세,상해없음,이륜,남,18세,중상
2016072100100564,2016년 7월 21일 20시,목요일,대구광역시 남구 대명동,경상사고,0,0,1,0,차대사람 - 기타,안전운전불이행,건조,맑음,단일로 - 기타,승용,남,48세,상해없음,보행자,여,54세,경상
2016072100100565,2016년 7월 21일 20시,목요일,대구광역시 수성구 상동,경상사고,0,0,1,0,차대차 - 측면충돌,신호위반,건조,맑음,교차로 - 교차로안,승합,남,39세,상해없음,화물,남,38세,경상
2016072100100566,2016년 7월 21일 20시,목요일,대구광역시 수성구 두산동,중상사고,0,1,0,0,차대사람 - 횡단중,신호위반,건조,맑음,단일로 - 기타,승용,남,71세,상해없음,보행자,남,56세,중상
2016072100100567,2016년 7월 21일 20시,목요일,대구광역시 달서구 이곡동,경상사고,0,0,1,0,차대차 - 추돌,직진우회전진행방해,건조,맑음,교차로 - 교차로안,승용,남,32세,상해없음,원동기,남,33세,경상
2016072100100601,2016년 7월 21일 21시,목요일,대구광역시 남구 대명동,경상사고,0,0,1,0,차대차 - 측면충돌,안전운전불이행,건조,맑음,교차로 - 교차로부근,자전거,남,66세,경상,승용,여,55세,상해없음
2016072200100088,2016년 7월 22일 07시,금요일,대구광역시 남구 대명동,경상사고,0,0,1,0,차대차 - 측면충돌,교차로운행방법위반,건조,맑음,교차로 - 교차로안,승합,남,57세,상해없음,자전거,여,23세,경상
2016072200100118,2016년 7월 22일 08시,금요일,대구광역시 서구 내당동,부상신고사고,0,0,0,1,차대차 - 기타,중앙선침범,건조,맑음,교차로 - 교차로안,자전거,여,47세,부상신고,승용,여,36세,상해없음
2016072200100119,2016년 7월 22일 08시,금요일,대구광역시 서구 비산동,경상사고,0,0,2,0,차대차 - 추돌,안전거리미확보,건조,맑음,교차로 - 교차로부근,승용,남,54세,상해없음,승용,남,77세,경상
2016072200100152,2016년 7월 22일 09시,금요일,대구광역시 달서구 갈산동,중상사고,0,1,0,0,차대차 - 측면충돌,안전운전불이행,건조,맑음,교차로 - 교차로안,자전거,여,47세,중상,화물,남,57세,상해없음
2016072200100184,2016년 7월 22일 10시,금요일,대구광역시 달성군 하빈면,중상사고,0,1,0,0,차대차 - 기타,안전운전불이행,건조,맑음,교차로 - 교차로부근,화물,남,51세,상해없음,자전거,여,69세,중상
2016072200100185,2016년 7월 22일 10시,금요일,대구광역시 서구 비산동,경상사고,0,0,2,1,차대차 - 정면충돌,차로위반,건조,맑음,단일로 - 기타,이륜,남,33세,부상신고,승용,남,50세,경상
2016072200100186,2016년 7월 22일 10시,금요일,대구광역시 중구 남성로,경상사고,0,0,1,0,차대차 - 측면충돌,교차로운행방법위반,건조,맑음,교차로 - 교차로안,승용,여,36세,상해없음,화물,남,49세,경상
2016072200100224,2016년 7월 22일 11시,금요일,대구광역시 달성군 가창면,경상사고,0,0,2,0,차대차 - 측면직각충돌,안전운전불이행,건조,맑음,단일로 - 기타,화물,남,45세,상해없음,승용,남,28세,경상
2016072200100256,2016년 7월 22일 12시,금요일,대구광역시 남구 대명동,경상사고,0,0,1,0,차대사람 - 횡단중,보행자보호의무위반,건조,맑음,단일로 - 횡단보도상,승용,남,73세,상해없음,보행자,남,9세,경상
2016072200100257,2016년 7월 22일 12시,금요일,대구광역시 수성구 상동,경상사고,0,0,1,0,차대차 - 기타,안전운전불이행,건조,맑음,단일로 - 기타,승용,여,70세,상해없음,자전거,남,50세,경상
2016072200100258,2016년 7월 22일 12시,금요일,대구광역시 중구 수창동,경상사고,0,0,1,0,차대차 - 추돌,안전운전불이행,건조,맑음,교차로 - 교차로안,승용,여,41세,상해없음,화물,남,50세,상해없음
2016072200100325,2016년 7월 22일 14시,금요일,대구광역시 서구 내당동,경상사고,0,0,1,0,차대차 - 정면충돌,안전거리미확보,건조,맑음,단일로 - 기타,화물,남,53세,상해없음,승용,여,52세,경상
2016072200100326,2016년 7월 22일 14시,금요일,대구광역시 북구 태전동,경상사고,0,0,1,0,차대차 - 추돌,안전운전불이행,건조,맑음,단일로 - 기타,승용,남,48세,상해없음,승용,남,59세,상해없음
2016072200100362,2016년 7월 22일 15시,금요일,대구광역시 달서구 송현동,경상사고,0,0,1,0,차대차 - 추돌,안전운전불이행,건조,맑음,단일로 - 기타,승합,여,34세,상해없음,승합,남,54세,상해없음
2016072200100363,2016년 7월 22일 15시,금요일,대구광역시 달서구 성당동,경상사고,0,0,1,0,차대차 - 기타,안전운전불이행,건조,맑음,교차로 - 교차로부근,승용,남,58세,상해없음,이륜,여,65세,경상
2016072200100409,2016년 7월 22일 16시,금요일,대구광역시 수성구 지산동,경상사고,0,0,1,0,차대차 - 측면충돌,안전거리미확보,건조,맑음,단일로 - 기타,승용,여,22세,상해없음,화물,남,39세,경상
2016072200100410,2016년 7월 22일 16시,금요일,대구광역시 서구 중리동,중상사고,0,1,0,0,차대차 - 기타,직진우회전진행방해,건조,맑음,교차로 - 교차로안,승용,남,37세,상해없음,이륜,남,42세,중상
2016072200100411,2016년 7월 22일 16시,금요일,대구광역시 달서구 갈산동,경상사고,0,0,1,0,차대차 - 측면충돌,교차로운행방법위반,건조,맑음,교차로 - 교차로안,승용,남,67세,상해없음,승용,남,47세,경상
2016072200100460,2016년 7월 22일 17시,금요일,대구광역시 수성구 삼덕동,중상사고,0,1,0,0,차대차 - 측면충돌,안전운전불이행,건조,맑음,교차로 - 교차로부근,화물,남,58세,상해없음,승용,남,35세,중상
2016072200100461,2016년 7월 22일 17시,금요일,대구광역시 달서구 월성동,경상사고,0,0,1,0,차대차 - 측면충돌,중앙선침범,건조,맑음,단일로 - 기타,승용,여,54세,상해없음,승용,여,48세,경상
2016072200100514,2016년 7월 22일 18시,금요일,대구광역시 수성구 황금동,경상사고,0,0,1,0,차대사람 - 기타,교차로운행방법위반,건조,맑음,교차로 - 교차로부근,승용,여,35세,상해없음,보행자,여,86세,경상
2016072200100515,2016년 7월 22일 18시,금요일,대구광역시 달서구 도원동,경상사고,0,0,1,0,차대사람 - 기타,안전운전불이행,건조,맑음,단일로 - 기타,승합,남,53세,기타불명,보행자,여,18세,경상
2016072200100516,2016년 7월 22일 18시,금요일,대구광역시 달서구 본동,경상사고,0,0,1,0,차대차 - 측면충돌,안전운전불이행,건조,맑음,단일로 - 횡단보도상,승합,남,54세,상해없음,자전거,남,15세,경상
2016072200100517,2016년 7월 22일 18시,금요일,대구광역시 중구 북성로2가,경상사고,0,0,1,0,차대차 - 기타,중앙선침범,건조,맑음,교차로 - 교차로부근,승용,여,42세,상해없음,이륜,남,34세,경상
2016072200100518,2016년 7월 22일 18시,금요일,대구광역시 북구 태전동,중상사고,0,1,0,0,차대사람 - 보도통행중,기타,건조,맑음,단일로 - 기타,승용,여,55세,상해없음,보행자,여,21세,중상
2016072200100565,2016년 7월 22일 19시,금요일,대구광역시 동구 검사동,경상사고,0,0,2,0,차대차 - 기타,안전운전불이행,건조,맑음,교차로 - 교차로안,자전거,남,35세,경상,자전거,남,13세,경상
2016072200100567,2016년 7월 22일 19시,금요일,대구광역시 달서구 상인동,경상사고,0,0,2,0,차대차 - 측면충돌,안전거리미확보,건조,맑음,단일로 - 기타,승용,여,47세,상해없음,승용,남,23세,경상
2016072200100568,2016년 7월 22일 19시,금요일,대구광역시 달서구 송현동,경상사고,0,0,1,0,차대차 - 추돌,안전거리미확보,건조,맑음,단일로 - 기타,기타불명,기타불명,기타불명,기타불명,승용,여,54세,경상
2016072200100604,2016년 7월 22일 20시,금요일,대구광역시 동구 신천동,경상사고,0,0,1,0,차대차 - 추돌,안전운전불이행,건조,맑음,단일로 - 기타,승용,남,60세,상해없음,승용,남,47세,상해없음
2016072200100605,2016년 7월 22일 20시,금요일,대구광역시 중구 삼덕동2가,경상사고,0,0,1,0,차대차 - 측면직각충돌,신호위반,건조,맑음,교차로 - 교차로안,화물,남,53세,상해없음,이륜,남,60세,경상
2016072200100606,2016년 7월 22일 20시,금요일,대구광역시 달서구 성당동,사망사고,1,0,0,0,차대사람 - 횡단중,보행자보호의무위반,건조,흐림,단일로 - 횡단보도상,승용,남,24세,상해없음,보행자,남,78세,사망
2016072200100643,2016년 7월 22일 21시,금요일,대구광역시 달서구 본동,경상사고,0,0,1,0,차대차 - 추돌,안전운전불이행,건조,맑음,교차로 - 교차로부근,승용,남,49세,상해없음,승용,남,19세,경상
2016072200100678,2016년 7월 22일 22시,금요일,대구광역시 남구 봉덕동,부상신고사고,0,0,0,1,차대차 - 기타,안전운전불이행,건조,맑음,기타 - 기타,승용,남,57세,상해없음,승용,남,48세,상해없음
2016072200100679,2016년 7월 22일 22시,금요일,대구광역시 수성구 수성동1가,경상사고,0,0,1,0,차대사람 - 기타,기타,건조,맑음,단일로 - 기타,승용,남,76세,상해없음,보행자,남,43세,경상
2016072200100680,2016년 7월 22일 22시,금요일,대구광역시 북구 침산동,경상사고,0,0,1,0,차대차 - 측면충돌,신호위반,건조,맑음,교차로 - 교차로안,원동기,남,30세,상해없음,승용,여,31세,경상
2016072200100681,2016년 7월 22일 22시,금요일,대구광역시 달서구 성당동,경상사고,0,0,1,0,차대차 - 기타,안전운전불이행,건조,맑음,교차로 - 교차로안,승용,남,57세,상해없음,승용,여,25세,경상
2016072200100705,2016년 7월 22일 23시,금요일,대구광역시 달서구 송현동,경상사고,0,0,1,0,차대차 - 추돌,안전운전불이행,건조,맑음,단일로 - 기타,승용,남,24세,기타불명,승용,여,54세,경상
2016072300100015,2016년 7월 23일 00시,토요일,대구광역시 북구 침산동,경상사고,0,0,2,0,차대차 - 기타,신호위반,건조,맑음,교차로 - 교차로안,승용,여,48세,경상,승용,여,30세,경상
2016072300100016,2016년 7월 23일 00시,토요일,대구광역시 달서구 이곡동,경상사고,0,0,1,0,차대차 - 추돌,안전운전불이행,건조,맑음,단일로 - 기타,승용,남,38세,상해없음,승용,남,42세,경상
2016072300100035,2016년 7월 23일 01시,토요일,대구광역시 동구 율하동,중상사고,0,1,0,0,차대차 - 추돌,안전운전불이행,건조,맑음,단일로 - 기타,승용,여,38세,중상,화물,남,56세,기타불명
2016072300100072,2016년 7월 23일 04시,토요일,대구광역시 서구 평리동,경상사고,0,0,1,0,차대사람 - 횡단중,안전운전불이행,건조,맑음,교차로 - 교차로부근,승용,남,63세,상해없음,보행자,남,40세,경상
2016072300100081,2016년 7월 23일 05시,토요일,대구광역시 서구 평리동,경상사고,0,0,1,0,차량단독 - 전도전복,안전운전불이행,건조,맑음,단일로 - 기타,원동기,남,22세,상해없음,,,,
2016072300100117,2016년 7월 23일 07시,토요일,대구광역시 달서구 장기동,중상사고,0,1,0,0,차대차 - 측면충돌,안전운전불이행,건조,맑음,단일로 - 기타,승용,남,38세,상해없음,자전거,여,67세,중상
2016072300100140,2016년 7월 23일 08시,토요일,대구광역시 남구 대명동,경상사고,0,0,1,0,차대사람 - 횡단중,안전운전불이행,건조,맑음,단일로 - 기타,승용,여,47세,상해없음,보행자,남,18세,경상
2016072300100141,2016년 7월 23일 08시,토요일,대구광역시 북구 산격동,경상사고,0,0,1,0,차대차 - 측면충돌,신호위반,건조,맑음,교차로 - 교차로안,화물,남,23세,상해없음,승용,남,26세,경상
2016072300100168,2016년 7월 23일 09시,토요일,대구광역시 북구 태전동,경상사고,0,0,1,0,차대차 - 측면충돌,안전운전불이행,건조,맑음,단일로 - 기타,승용,남,33세,상해없음,승용,남,50세,경상
2016072300100198,2016년 7월 23일 10시,토요일,대구광역시 달서구 진천동,경상사고,0,0,1,0,차대차 - 측면충돌,안전운전불이행,건조,맑음,교차로 - 교차로부근,승용,남,58세,상해없음,승용,여,39세,경상
2016072300100199,2016년 7월 23일 10시,토요일,대구광역시 달서구 대천동,경상사고,0,0,1,0,차대차 - 측면직각충돌,안전운전불이행,건조,맑음,단일로 - 횡단보도상,승용,남,68세,상해없음,자전거,남,13세,경상
2016072300100244,2016년 7월 23일 11시,토요일,대구광역시 남구 이천동,경상사고,0,0,1,0,차대차 - 기타,차로위반,건조,맑음,교차로 - 교차로부근,승용,여,48세,상해없음,원동기,남,32세,경상
2016072300100273,2016년 7월 23일 12시,토요일,대구광역시 달서구 상인동,경상사고,0,0,1,0,차대차 - 정면충돌,안전운전불이행,건조,맑음,단일로 - 기타,승용,여,39세,상해없음,승용,남,45세,경상
2016072300100274,2016년 7월 23일 12시,토요일,대구광역시 달성군 화원읍,경상사고,0,0,2,0,차대차 - 측면충돌,안전운전불이행,건조,맑음,단일로 - 기타,이륜,남,14세,경상,화물,남,58세,상해없음
2016072300100275,2016년 7월 23일 12시,토요일,대구광역시 북구 읍내동,경상사고,0,0,1,0,차대차 - 추돌,불법유턴,건조,맑음,단일로 - 기타,승용,남,29세,상해없음,승용,여,45세,경상
2016072300100312,2016년 7월 23일 13시,토요일,대구광역시 수성구 황금동,중상사고,0,1,3,0,차대차 - 정면충돌,중앙선침범,건조,맑음,단일로 - 기타,승용,여,36세,상해없음,승용,남,46세,경상
2016072300100313,2016년 7월 23일 13시,토요일,대구광역시 북구 대현동,경상사고,0,0,1,0,차대사람 - 횡단중,안전운전불이행,건조,맑음,단일로 - 기타,승용,남,27세,상해없음,보행자,여,61세,경상
2016072300100348,2016년 7월 23일 14시,토요일,대구광역시 달서구 월성동,경상사고,0,0,1,0,차대차 - 기타,안전운전불이행,건조,맑음,단일로 - 기타,기타불명,기타불명,기타불명,기타불명,자전거,여,56세,경상
2016072300100349,2016년 7월 23일 14시,토요일,대구광역시 달성군 논공읍,경상사고,0,0,1,0,차량단독 - 기타,기타,건조,맑음,교차로 - 교차로안,승합,남,46세,상해없음,,,,
2016072300100385,2016년 7월 23일 15시,토요일,대구광역시 달서구 상인동,경상사고,0,0,1,0,차대차 - 측면충돌,안전운전불이행,건조,맑음,단일로 - 기타,자전거,남,81세,경상,승용,남,80세,상해없음
2016072300100386,2016년 7월 23일 15시,토요일,대구광역시 북구 관음동,경상사고,0,0,2,0,차대차 - 추돌,안전운전불이행,건조,맑음,단일로 - 기타,화물,남,57세,상해없음,승용,남,37세,경상
2016072300100417,2016년 7월 23일 16시,토요일,대구광역시 달서구 상인동,경상사고,0,0,1,0,차대차 - 측면직각충돌,직진우회전진행방해,건조,맑음,교차로 - 교차로안,이륜,남,19세,상해없음,승용,남,22세,경상
2016072300100418,2016년 7월 23일 16시,토요일,대구광역시 달성군 논공읍,경상사고,0,0,3,0,차대차 - 정면충돌,안전운전불이행,건조,맑음,단일로 - 기타,승용,여,28세,경상,승용,남,38세,경상
2016072300100419,2016년 7월 23일 16시,토요일,대구광역시 달서구 용산동,경상사고,0,0,1,0,차대차 - 기타,안전운전불이행,건조,맑음,단일로 - 기타,승용,남,50세,상해없음,자전거,남,12세,경상
2016072300100420,2016년 7월 23일 16시,토요일,대구광역시 달서구 신당동,경상사고,0,0,1,0,차대차 - 측면충돌,교차로운행방법위반,건조,맑음,교차로 - 교차로안,승용,여,61세,상해없음,화물,남,30세,경상
2016072300100459,2016년 7월 23일 17시,토요일,대구광역시 동구 방촌동,중상사고,0,1,0,0,차대사람 - 횡단중,안전운전불이행,건조,맑음,교차로 - 교차로부근,승용,남,65세,상해없음,보행자,남,4세,중상
2016072300100530,2016년 7월 23일 19시,토요일,대구광역시 북구 침산동,중상사고,0,1,1,0,차대사람 - 횡단중,보행자보호의무위반,건조,맑음,교차로 - 교차로안,승용,여,38세,상해없음,보행자,남,8세,경상
2016072300100531,2016년 7월 23일 19시,토요일,대구광역시 중구 공평동,중상사고,0,1,0,0,차대사람 - 횡단중,안전운전불이행,건조,맑음,단일로 - 기타,승용,여,24세,상해없음,보행자,남,23세,중상
2016072300100563,2016년 7월 23일 20시,토요일,대구광역시 남구 봉덕동,중상사고,0,2,0,0,차대사람 - 횡단중,안전운전불이행,건조,맑음,단일로 - 기타,승용,남,55세,상해없음,보행자,여,70세,중상
2016072300100564,2016년 7월 23일 20시,토요일,대구광역시 수성구 범물동,경상사고,0,0,1,0,차대차 - 측면충돌,안전운전불이행,건조,맑음,교차로 - 교차로부근,승용,여,45세,상해없음,이륜,여,48세,경상
2016072300100565,2016년 7월 23일 20시,토요일,대구광역시 동구 신암동,경상사고,0,0,1,0,차대차 - 측면충돌,신호위반,건조,맑음,교차로 - 교차로안,승용,남,52세,상해없음,승용,여,49세,경상
2016072300100566,2016년 7월 23일 20시,토요일,대구광역시 중구 동인동4가,부상신고사고,0,0,0,1,차대차 - 기타,안전운전불이행,건조,맑음,단일로 - 기타,이륜,남,23세,부상신고,승용,남,54세,상해없음
2016072300100592,2016년 7월 23일 21시,토요일,대구광역시 중구 봉산동,경상사고,0,0,1,0,차대차 - 정면충돌,신호위반,건조,맑음,교차로 - 교차로안,승용,남,24세,상해없음,승용,여,35세,경상
2016072300100593,2016년 7월 23일 21시,토요일,대구광역시 북구 동천동,경상사고,0,0,2,0,차대차 - 기타,안전거리미확보,건조,맑음,단일로 - 기타,승용,여,27세,상해없음,이륜,남,22세,경상
2016072400100015,2016년 7월 24일 00시,일요일,대구광역시 서구 중리동,중상사고,0,1,0,0,차대차 - 기타,신호위반,건조,맑음,교차로 - 교차로안,이륜,남,18세,상해없음,승용,남,63세,상해없음
2016072400100016,2016년 7월 24일 00시,일요일,대구광역시 서구 내당동,중상사고,0,1,0,0,차대차 - 측면충돌,교차로운행방법위반,건조,맑음,교차로 - 교차로안,이륜,여,22세,중상,승용,남,21세,상해없음