사고번호,사고일시,요일,시군구,사고내용,사망자수,중상자수,경상자수,부상신고자수,사고유형,법규위반,노면상태,기상상태,도로형태,가해운전자 차종,가해운전자 성별,가해운전자 연령,가해운전자 상해정도,피해운전자 차종,피해운전자 성별,피해운전자 연령,피해운전자 상해정도
2016072700100276,2016년 7월 27일 13시,수요일,대구광역시 중구 공평동,경상사고,0,0,1,0,차대사람 - 기타,안전운전불이행,건조,맑음,교차로 - 교차로부근,승용,남,24세,상해없음,보행자,여,34세,경상
2016072700100277,2016년 7월 27일 13시,수요일,대구광역시 달서구 본리동,중상사고,0,1,0,0,차대차 - 기타,차로위반,건조,맑음,단일로 - 기타,승용,남,42세,상해없음,이륜,남,26세,중상
2016072700100314,2016년 7월 27일 14시,수요일,대구광역시 남구 대명동,경상사고,0,0,1,0,차대차 - 정면충돌,안전거리미확보,건조,맑음,교차로 - 교차로부근,승용,남,30세,상해없음,이륜,남,40세,경상
2016072700100315,2016년 7월 27일 14시,수요일,대구광역시 동구 신암동,경상사고,0,0,1,0,차대차 - 기타,안전운전불이행,건조,맑음,단일로 - 기타,이륜,남,31세,경상,승용,남,49세,상해없음
2016072700100316,2016년 7월 27일 14시,수요일,대구광역시 동구 율하동,경상사고,0,0,2,1,차대차 - 추돌,안전거리미확보,건조,맑음,단일로 - 기타,승용,여,35세,부상신고,승용,여,48세,경상
2016072700100317,2016년 7월 27일 14시,수요일,대구광역시 서구 비산동,중상사고,0,1,0,0,차대차 - 정면충돌,안전운전불이행,건조,맑음,교차로 - 교차로부근,승합,남,68세,상해없음,자전거,남,78세,중상
2016072700100356,2016년 7월 27일 15시,수요일,대구광역시 수성구 매호동,중상사고,0,2,0,0,차대사람 - 길가장자리구역통행중,기타,건조,맑음,단일로 - 기타,화물,남,56세,상해없음,보행자,여,47세,중상
2016072700100357,2016년 7월 27일 15시,수요일,대구광역시 수성구 중동,경상사고,0,0,1,0,차대차 - 측면충돌,안전운전불이행,건조,맑음,단일로 - 기타,승용,남,37세,상해없음,자전거,여,30세,경상
2016072700100358,2016년 7월 27일 15시,수요일,대구광역시 중구 삼덕동1가,경상사고,0,0,1,0,차대사람 - 기타,신호위반,건조,맑음,단일로 - 기타,승용,여,37세,상해없음,보행자,남,40세,경상
2016072700100359,2016년 7월 27일 15시,수요일,대구광역시 달서구 감삼동,경상사고,0,0,1,0,차대차 - 측면충돌,안전운전불이행,건조,맑음,단일로 - 기타,화물,남,18세,상해없음,승용,여,31세,경상
2016072700100360,2016년 7월 27일 15시,수요일,대구광역시 북구 동천동,경상사고,0,0,1,0,차대차 - 추돌,안전운전불이행,건조,맑음,교차로 - 교차로부근,승용,여,43세,경상,화물,남,42세,상해없음
2016072700100386,2016년 7월 27일 16시,수요일,대구광역시 동구 신암동,경상사고,0,0,1,0,차대차 - 기타,안전운전불이행,건조,맑음,교차로 - 교차로안,승용,남,69세,상해없음,승합,남,34세,상해없음
2016072700100387,2016년 7월 27일 16시,수요일,대구광역시 수성구 범물동,경상사고,0,0,1,0,차대사람 - 횡단중,안전운전불이행,건조,맑음,단일로 - 기타,승용,남,71세,기타불명,보행자,남,6세,경상
2016072700100388,2016년 7월 27일 16시,수요일,대구광역시 달성군 다사읍,중상사고,0,1,0,0,차대차 - 추돌,안전운전불이행,건조,맑음,교차로 - 교차로부근,승용,여,54세,상해없음,승용,남,41세,기타불명
2016072700100389,2016년 7월 27일 16시,수요일,대구광역시 달서구 감삼동,경상사고,0,0,1,0,차대차 - 측면충돌,안전거리미확보,건조,맑음,단일로 - 기타,승용,여,45세,상해없음,승용,남,58세,경상
2016072700100423,2016년 7월 27일 17시,수요일,대구광역시 동구 동호동,경상사고,0,0,1,0,차대차 - 추돌,안전운전불이행,건조,맑음,단일로 - 기타,승용,여,36세,상해없음,승용,여,27세,경상
2016072700100424,2016년 7월 27일 17시,수요일,대구광역시 북구 구암동,중상사고,0,1,0,0,차대차 - 측면직각충돌,안전운전불이행,건조,맑음,교차로 - 교차로부근,승용,남,36세,상해없음,자전거,남,12세,중상
2016072700100462,2016년 7월 27일 18시,수요일,대구광역시 남구 대명동,중상사고,0,1,0,0,차대차 - 측면직각충돌,중앙선침범,건조,맑음,단일로 - 기타,승용,남,59세,상해없음,승합,남,58세,상해없음
2016072700100463,2016년 7월 27일 18시,수요일,대구광역시 남구 봉덕동,경상사고,0,0,1,0,차대차 - 측면충돌,안전운전불이행,건조,맑음,단일로 - 기타,기타불명,기타불명,기타불명,기타불명,승용,여,49세,경상
2016072700100464,2016년 7월 27일 18시,수요일,대구광역시 서구 평리동,경상사고,0,0,1,0,차대차 - 측면충돌,중앙선침범,건조,맑음,단일로 - 기타,자전거,남,30세,경상,승용,남,67세,상해없음
2016072700100535,2016년 7월 27일 20시,수요일,대구광역시 달서구 상인동,경상사고,0,0,2,0,차대사람 - 기타,안전운전불이행,건조,맑음,단일로 - 기타,승용,남,68세,경상,보행자,여,22세,경상
2016072700100571,2016년 7월 27일 21시,수요일,대구광역시 남구 봉덕동,중상사고,0,1,0,0,차대사람 - 길가장자리구역통행중,불법유턴,건조,맑음,교차로 - 교차로안,승용,남,61세,상해없음,보행자,여,78세,중상
2016072700100572,2016년 7월 27일 21시,수요일,대구광역시 동구 율하동,중상사고,0,1,0,0,차대차 - 측면충돌,안전거리미확보,건조,맑음,단일로 - 기타,승용,여,44세,상해없음,이륜,남,37세,중상
2016072700100573,2016년 7월 27일 21시,수요일,대구광역시 달성군 화원읍,경상사고,0,0,1,0,차대차 - 측면충돌,안전운전불이행,건조,맑음,단일로 - 기타,승용,남,48세,상해없음,자전거,남,15세,경상
2016072700100607,2016년 7월 27일 22시,수요일,대구광역시 수성구 범어동,경상사고,0,0,1,0,차대차 - 정면충돌,안전운전불이행,건조,맑음,단일로 - 기타,자전거,남,39세,경상,이륜,남,24세,상해없음
2016072800100036,2016년 7월 28일 02시,목요일,대구광역시 서구 비산동,경상사고,0,0,1,0,차대사람 - 기타,안전운전불이행,건조,맑음,기타 - 기타,자전거,남,47세,상해없음,보행자,여,42세,경상
2016072800100048,2016년 7월 28일 04시,목요일,대구광역시 북구 검단동,중상사고,0,2,1,0,차대차 - 추돌,안전거리미확보,건조,맑음,단일로 - 기타,화물,남,56세,경상,화물,남,53세,중상
2016072800100057,2016년 7월 28일 05시,목요일,대구광역시 북구 검단동,사망사고,1,1,1,0,차대차 - 추돌,안전운전불이행,건조,맑음,단일로 - 기타,화물,남,43세,경상,화물,남,56세,중상
2016072800100058,2016년 7월 28일 05시,목요일,대구광역시 서구 이현동,중상사고,0,1,0,0,차대차 - 기타,신호위반,건조,맑음,교차로 - 교차로안,승용,남,27세,상해없음,화물,남,31세,중상
2016072800100069,2016년 7월 28일 06시,목요일,대구광역시 달성군 논공읍,중상사고,0,1,0,0,차대사람 - 횡단중,안전운전불이행,건조,맑음,단일로 - 기타,승용,남,54세,상해없음,보행자,남,69세,중상
2016072800100174,2016년 7월 28일 10시,목요일,대구광역시 수성구 상동,중상사고,0,1,0,0,차대차 - 기타,안전운전불이행,건조,맑음,교차로 - 교차로안,승용,남,28세,상해없음,승용,여,28세,중상
2016072800100175,2016년 7월 28일 10시,목요일,대구광역시 중구 동인동3가,중상사고,0,1,0,0,차대차 - 측면직각충돌,안전거리미확보,건조,맑음,교차로 - 교차로부근,건설기계,남,59세,상해없음,승용,남,34세,중상
2016072800100204,2016년 7월 28일 11시,목요일,대구광역시 중구 상덕동,경상사고,0,0,1,0,차대사람 - 기타,안전운전불이행,건조,맑음,단일로 - 기타,화물,남,27세,상해없음,보행자,여,48세,경상
2016072800100257,2016년 7월 28일 13시,목요일,대구광역시 서구 내당동,경상사고,0,0,1,0,차대차 - 측면직각충돌,안전운전불이행,건조,맑음,교차로 - 교차로안,승용,남,33세,상해없음,원동기,남,86세,경상
2016072800100364,2016년 7월 28일 16시,목요일,대구광역시 수성구 범어동,중상사고,0,2,0,0,차대차 - 측면직각충돌,안전운전불이행,건조,맑음,단일로 - 기타,자전거,여,53세,중상,자전거,남,13세,중상
2016072800100365,2016년 7월 28일 16시,목요일,대구광역시 북구 침산동,경상사고,0,0,1,0,차대차 - 측면충돌,신호위반,건조,맑음,단일로 - 기타,화물,남,55세,상해없음,승용,여,61세,경상
2016072800100366,2016년 7월 28일 16시,목요일,대구광역시 중구 남산동,경상사고,0,0,1,0,차량단독 - 기타,기타,건조,맑음,단일로 - 기타,승합,남,46세,상해없음,,,,
2016072800100367,2016년 7월 28일 16시,목요일,대구광역시 달서구 용산동,경상사고,0,0,1,0,차대차 - 추돌,안전운전불이행,건조,맑음,단일로 - 기타,화물,남,55세,기타불명,승합,남,45세,경상
2016072800100406,2016년 7월 28일 17시,목요일,대구광역시 동구 신암동,경상사고,0,0,1,0,차대차 - 추돌,안전거리미확보,건조,맑음,단일로 - 기타,승용,남,39세,상해없음,승용,남,46세,경상
2016072800100448,2016년 7월 28일 18시,목요일,대구광역시 남구 대명동,경상사고,0,0,3,0,차대차 - 측면직각충돌,교차로운행방법위반,건조,맑음,교차로 - 교차로안,승용,남,36세,경상,승용,남,31세,경상
2016072800100449,2016년 7월 28일 18시,목요일,대구광역시 동구 지묘동,중상사고,0,1,0,0,차대차 - 측면충돌,안전운전불이행,건조,맑음,교차로 - 교차로안,승용,여,63세,상해없음,승용,여,50세,중상
2016072800100450,2016년 7월 28일 18시,목요일,대구광역시 달서구 월성동,경상사고,0,0,2,0,차대차 - 측면충돌,직진우회전진행방해,건조,맑음,교차로 - 교차로안,승용,남,46세,상해없음,승용,남,55세,경상
2016072800100451,2016년 7월 28일 18시,목요일,대구광역시 달서구 상인동,경상사고,0,0,2,0,차대사람 - 횡단중,안전운전불이행,건조,맑음,단일로 - 기타,승용,여,52세,경상,보행자,남,17세,경상
2016072800100452,2016년 7월 28일 18시,목요일,대구광역시 중구 달성동,중상사고,0,1,0,0,차대차 - 측면직각충돌,안전거리미확보,건조,맑음,단일로 - 기타,승용,남,59세,상해없음,이륜,남,24세,중상
2016072800100483,2016년 7월 28일 19시,목요일,대구광역시 달서구 용산동,경상사고,0,0,1,0,차대차 - 측면충돌,안전거리미확보,건조,맑음,단일로 - 기타,승용,남,28세,상해없음,이륜,남,36세,경상
2016072800100547,2016년 7월 28일 21시,목요일,대구광역시 달서구 본동,경상사고,0,0,1,0,차대차 - 측면충돌,안전운전불이행,건조,맑음,교차로 - 교차로안,승용,남,25세,상해없음,이륜,남,44세,경상
2016072800100548,2016년 7월 28일 21시,목요일,대구광역시 달성군 화원읍,경상사고,0,0,3,0,차대차 - 정면충돌,안전운전불이행,건조,맑음,교차로 - 교차로부근,승용,남,49세,상해없음,승용,여,24세,경상
2016072800100572,2016년 7월 28일 22시,목요일,대구광역시 수성구 범어동,중상사고,0,1,0,0,차대사람 - 횡단중,중앙선침범,건조,맑음,단일로 - 횡단보도상,승용,여,48세,상해없음,보행자,남,43세,중상
2016072800100573,2016년 7월 28일 22시,목요일,대구광역시 서구 비산동,경상사고,0,0,1,0,차대차 - 측면충돌,안전운전불이행,건조,맑음,단일로 - 기타,승용,남,36세,상해없음,이륜,남,18세,경상
2016072800100574,2016년 7월 28일 22시,목요일,대구광역시 중구 남일동,경상사고,0,0,1,0,차대차 - 측면충돌,안전운전불이행,건조,맑음,단일로 - 횡단보도상,이륜,남,47세,상해없음,이륜,남,44세,경상
2016072800100597,2016년 7월 28일 23시,목요일,대구광역시 서구 내당동,중상사고,0,1,0,0,차대차 - 정면충돌,신호위반,건조,맑음,교차로 - 교차로안,이륜,남,16세,상해없음,승용,남,21세,상해없음
2016072900100017,2016년 7월 29일 00시,금요일,대구광역시 수성구 상동,중상사고,0,1,1,0,차대차 - 측면직각충돌,안전운전불이행,건조,맑음,교차로 - 교차로부근,승용,남,49세,상해없음,승용,남,57세,중상
2016072900100053,2016년 7월 29일 03시,금요일,대구광역시 남구 이천동,중상사고,0,2,1,0,차량단독 - 전도전복,안전운전불이행,건조,맑음,교차로 - 교차로부근,승용,남,16세,상해없음,,,,
2016072900100069,2016년 7월 29일 04시,금요일,대구광역시 달서구 두류동,부상신고사고,0,0,0,1,차대차 - 기타,안전운전불이행,건조,맑음,교차로 - 교차로안,이륜,남,16세,부상신고,승용,남,38세,상해없음
2016072900100080,2016년 7월 29일 05시,금요일,대구광역시 동구 신평동,경상사고,0,0,1,0,차대차 - 정면충돌,직진우회전진행방해,건조,맑음,교차로 - 교차로안,화물,남,66세,상해없음,승용,남,59세,상해없음
2016072900100114,2016년 7월 29일 07시,금요일,대구광역시 수성구 이천동,중상사고,0,1,0,0,차대차 - 측면충돌,안전운전불이행,건조,맑음,단일로 - 기타,화물,남,49세,상해없음,자전거,남,53세,중상
2016072900100115,2016년 7월 29일 07시,금요일,대구광역시 달성군 현풍면,중상사고,0,1,0,0,차대차 - 추돌,안전운전불이행,건조,맑음,교차로 - 교차로안,이륜,남,43세,상해없음,이륜,남,23세,중상
2016072900100140,2016년 7월 29일 08시,금요일,대구광역시 수성구 파동,경상사고,0,0,1,0,차대차 - 기타,안전거리미확보,건조,맑음,단일로 - 기타,승용,남,49세,기타불명,승용,남,39세,경상
2016072900100141,2016년 7월 29일 08시,금요일,대구광역시 달성군 화원읍,경상사고,0,0,1,0,차대차 - 측면충돌,중앙선침범,건조,맑음,단일로 - 기타,자전거,여,47세,경상,승용,남,42세,상해없음
2016072900100169,2016년 7월 29일 09시,금요일,대구광역시 중구 동인동2가,부상신고사고,0,0,0,1,차대차 - 측면직각충돌,안전운전불이행,건조,맑음,단일로 - 기타,자전거,남,22세,부상신고,화물,남,52세,상해없음
2016072900100205,2016년 7월 29일 10시,금요일,대구광역시 수성구 범어동,경상사고,0,0,1,0,차대사람 - 길가장자리구역통행중,안전운전불이행,건조,맑음,단일로 - 기타,승용,남,78세,상해없음,보행자,남,6세,경상
2016072900100206,2016년 7월 29일 10시,금요일,대구광역시 달서구 상인동,경상사고,0,0,2,0,차대차 - 측면충돌,안전거리미확보,건조,맑음,단일로 - 기타,승용,남,55세,상해없음,승용,여,62세,경상
2016072900100207,2016년 7월 29일 10시,금요일,대구광역시 달서구 감삼동,중상사고,0,1,0,0,차대사람 - 횡단중,안전운전불이행,건조,맑음,교차로 - 교차로안,승용,남,28세,상해없음,보행자,여,83세,중상
2016072900100309,2016년 7월 29일 13시,금요일,대구광역시 북구 침산동,경상사고,0,0,1,0,차대차 - 기타,안전운전불이행,건조,맑음,교차로 - 교차로안,승합,여,47세,상해없음,승용,여,45세,경상
2016072900100310,2016년 7월 29일 13시,금요일,대구광역시 달서구 장동,경상사고,0,0,2,0,차대차 - 추돌,안전운전불이행,건조,맑음,교차로 - 교차로부근,승용,남,27세,기타불명,화물,남,33세,경상
2016072900100385,2016년 7월 29일 15시,금요일,대구광역시 북구 칠성동2가,경상사고,0,0,1,0,차대차 - 측면직각충돌,신호위반,건조,맑음,교차로 - 교차로안,원동기,남,60세,경상,승용,여,40세,상해없음
2016072900100386,2016년 7월 29일 15시,금요일,대구광역시 서구 중리동,경상사고,0,0,1,0,차대차 - 기타,신호위반,건조,맑음,교차로 - 교차로안,이륜,남,37세,상해없음,승용,여,40세,경상
2016072900100416,2016년 7월 29일 16시,금요일,대구광역시 중구 동인동2가,중상사고,0,1,0,0,차대차 - 추돌,안전거리미확보,건조,맑음,단일로 - 기타,승합,남,43세,상해없음,승용,남,64세,상해없음
2016072900100463,2016년 7월 29일 17시,금요일,대구광역시 동구 신기동,부상신고사고,0,0,0,1,차대차 - 측면직각충돌,신호위반,건조,맑음,교차로 - 교차로안,승합,남,64세,부상신고,승용,남,64세,상해없음
2016072900100464,2016년 7월 29일 17시,금요일,대구광역시 수성구 수성동1가,부상신고사고,0,0,0,1,차대차 - 측면직각충돌,안전거리미확보,건조,맑음,단일로 - 기타,이륜,남,48세,부상신고,화물,남,29세,상해없음
2016072900100505,2016년 7월 29일 18시,금요일,대구광역시 북구 동천동,중상사고,0,1,0,0,차대차 - 정면충돌,안전운전불이행,건조,맑음,단일로 - 기타,자전거,남,19세,중상,자전거,남,13세,기타불명
2016072900100541,2016년 7월 29일 19시,금요일,대구광역시 달서구 진천동,중상사고,0,1,0,0,차대차 - 측면충돌,교차로운행방법위반,건조,맑음,교차로 - 교차로안,승용,남,25세,상해없음,승용,남,27세,중상
2016072900100542,2016년 7월 29일 19시,금요일,대구광역시 달서구 용산동,경상사고,0,0,2,0,차대차 - 추돌,안전운전불이행,건조,맑음,교차로 - 교차로부근,승용,남,48세,상해없음,승용,남,34세,경상
2016072900100580,2016년 7월 29일 20시,금요일,대구광역시 동구 부동,중상사고,0,1,0,0,차대차 - 추돌,안전거리미확보,건조,맑음,단일로 - 기타,화물,남,59세,중상,화물,남,64세,기타불명
2016072900100581,2016년 7월 29일 20시,금요일,대구광역시 동구 신암동,경상사고,0,0,1,0,차대차 - 측면충돌,직진우회전진행방해,건조,맑음,교차로 - 교차로안,이륜,남,17세,경상,승용,여,45세,상해없음
2016072900100582,2016년 7월 29일 20시,금요일,대구광역시 수성구 두산동,경상사고,0,0,1,0,차대차 - 측면충돌,안전운전불이행,건조,맑음,단일로 - 기타,승용,남,49세,경상,승용,여,42세,상해없음
2016072900100617,2016년 7월 29일 21시,금요일,대구광역시 달서구 성당동,경상사고,0,0,1,0,차량단독 - 전도전복,안전운전불이행,건조,맑음,기타 - 기타,이륜,남,41세,경상,,,,
2016072900100618,2016년 7월 29일 21시,금요일,대구광역시 북구 읍내동,경상사고,0,0,2,0,차대차 - 측면직각충돌,교차로운행방법위반,건조,맑음,교차로 - 교차로안,승용,여,65세,경상,승용,남,52세,경상
2016072900100650,2016년 7월 29일 22시,금요일,대구광역시 남구 대명동,중상사고,0,1,0,0,차량단독 - 공작물충돌,안전운전불이행,건조,맑음,교차로 - 교차로부근,이륜,남,50세,중상,,,,
2016072900100683,2016년 7월 29일 23시,금요일,대구광역시 남구 대명동,부상신고사고,0,0,0,1,차대차 - 기타,안전운전불이행,건조,맑음,교차로 - 교차로부근,기타불명,기타불명,기타불명,기타불명,승용,남,46세,상해없음
2016072900100684,2016년 7월 29일 23시,금요일,대구광역시 서구 원대동3가,부상신고사고,0,0,0,1,차대차 - 기타,안전운전불이행,건조,맑음,단일로 - 기타,승용,기타불명,기타불명,기타불명,자전거,남,55세,부상신고
2016073000100022,2016년 7월 30일 00시,토요일,대구광역시 달서구 두류동,경상사고,0,0,1,0,차대차 - 기타,신호위반,건조,맑음,교차로 - 교차로안,원동기,남,15세,상해없음,자전거,남,25세,경상
2016073000100023,2016년 7월 30일 00시,토요일,대구광역시 북구 태전동,중상사고,0,1,1,0,차대차 - 측면직각충돌,교차로운행방법위반,건조,맑음,교차로 - 교차로안,승용,남,55세,경상,승용,여,53세,상해없음
2016073000100041,2016년 7월 30일 01시,토요일,대구광역시 북구 산격동,경상사고,0,0,2,0,차대사람 - 기타,안전운전불이행,건조,맑음,단일로 - 기타,화물,남,31세,상해없음,보행자,남,18세,경상
2016073000100057,2016년 7월 30일 02시,토요일,대구광역시 달서구 용산동,경상사고,0,0,1,0,차대차 - 추돌,안전운전불이행,건조,맑음,교차로 - 교차로부근,승용,남,23세,상해없음,원동기,남,21세,경상
2016073000100083,2016년 7월 30일 04시,토요일,대구광역시 서구 중리동,중상사고,0,1,0,0,차대사람 - 횡단중,안전운전불이행,건조,맑음,단일로 - 기타,승용,남,31세,상해없음,보행자,남,46세,중상
2016073000100174,2016년 7월 30일 09시,토요일,대구광역시 달서구 상인동,경상사고,0,0,1,0,차대차 - 측면충돌,안전운전불이행,건조,맑음,단일로 - 기타,승용,남,47세,상해없음,승용,남,55세,경상
2016073000100226,2016년 7월 30일 11시,토요일,대구광역시 남구 대명동,경상사고,0,0,2,0,차대차 - 기타,안전운전불이행,건조,맑음,교차로 - 교차로부근,승용,여,54세,경상,승용,남,72세,경상
2016073000100227,2016년 7월 30일 11시,토요일,대구광역시 동구 신암동,중상사고,0,1,0,0,차대차 - 측면충돌,안전운전불이행,건조,맑음,단일로 - 기타,이륜,남,65세,중상,건설기계,남,46세,상해없음
2016073000100228,2016년 7월 30일 11시,토요일,대구광역시 동구 도학동,중상사고,0,1,0,1,차량단독 - 전도전복,안전운전불이행,건조,맑음,단일로 - 기타,이륜,남,42세,부상신고,,,,
2016073000100229,2016년 7월 30일 11시,토요일,대구광역시 달서구 상인동,부상신고사고,0,0,0,1,차대차 - 기타,교차로운행방법위반,건조,맑음,교차로 - 교차로안,이륜,여,32세,부상신고,기타불명,기타불명,기타불명,기타불명
2016073000100230,2016년 7월 30일 11시,토요일,대구광역시 중구 봉산동,중상사고,0,1,0,0,차대차 - 측면직각충돌,안전거리미확보,건조,맑음,단일로 - 기타,이륜,남,82세,중상,승용,여,35세,상해없음
2016073000100257,2016년 7월 30일 12시,토요일,대구광역시 남구 대명동,중상사고,0,1,0,0,차대차 - 측면충돌,교차로운행방법위반,건조,맑음,교차로 - 교차로안,승용,남,35세,상해없음,자전거,여,63세,중상
2016073000100258,2016년 7월 30일 12시,토요일,대구광역시 서구 중리동,중상사고,0,1,0,0,차대차 - 측면직각충돌,신호위반,건조,맑음,교차로 - 교차로부근,승용,남,79세,상해없음,승용,남,56세,상해없음
2016073000100259,2016년 7월 30일 12시,토요일,대구광역시 중구 태평로2가,중상사고,0,1,0,1,차대차 - 측면직각충돌,신호위반,건조,맑음,교차로 - 교차로부근,이륜,남,44세,부상신고,이륜,남,62세,중상
2016073000100302,2016년 7월 30일 13시,토요일,대구광역시 남구 대명동,경상사고,0,0,2,0,차대차 - 측면직각충돌,불법유턴,건조,맑음,단일로 - 기타,승용,남,50세,상해없음,승용,여,43세,경상
2016073000100303,2016년 7월 30일 13시,토요일,대구광역시 남구 봉덕동,중상사고,0,1,0,0,차대차 - 정면충돌,중앙선침범,건조,맑음,단일로 - 기타,자전거,남,16세,중상,화물,여,43세,상해없음
2016073000100304,2016년 7월 30일 13시,토요일,대구광역시 수성구 범어동,부상신고사고,0,0,0,2,차대차 - 기타,안전운전불이행,건조,맑음,단일로 - 기타,승용,여,28세,상해없음,승용,여,46세,부상신고
2016073000100305,2016년 7월 30일 13시,토요일,대구광역시 달서구 송현동,중상사고,0,1,1,0,차대차 - 측면충돌,안전운전불이행,건조,맑음,단일로 - 기타,화물,남,52세,중상,승용,남,28세,경상
2016073000100307,2016년 7월 30일 13시,토요일,대구광역시 북구 팔달동,경상사고,0,0,1,0,차대사람 - 기타,기타,건조,맑음,단일로 - 기타,화물,남,31세,상해없음,보행자,여,55세,경상
2016073000100342,2016년 7월 30일 14시,토요일,대구광역시 동구 방촌동,경상사고,0,0,2,0,차대차 - 측면직각충돌,안전운전불이행,건조,맑음,교차로 - 교차로부근,승용,남,56세,상해없음,승합,남,33세,경상
2016073000100343,2016년 7월 30일 14시,토요일,대구광역시 서구 비산동,경상사고,0,0,1,0,차대차 - 측면충돌,안전거리미확보,건조,맑음,단일로 - 기타,승용,남,62세,상해없음,화물,남,52세,경상
2016073000100370,2016년 7월 30일 15시,토요일,대구광역시 북구 칠성동2가,경상사고,0,0,2,0,차대차 - 측면충돌,안전운전불이행,건조,맑음,단일로 - 기타,승용,남,57세,상해없음,승용,남,48세,경상
2016073000100371,2016년 7월 30일 15시,토요일,대구광역시 달서구 용산동,중상사고,0,1,0,0,차대차 - 측면충돌,안전운전불이행,건조,맑음,단일로 - 기타,승용,여,41세,상해없음,이륜,남,38세,중상
2016073000100402,2016년 7월 30일 16시,토요일,대구광역시 남구 대명동,중상사고,0,1,1,0,차대차 - 측면직각충돌,직진우회전진행방해,건조,맑음,교차로 - 교차로안,승용,남,43세,중상,승용,남,60세,경상
2016073000100464,2016년 7월 30일 18시,토요일,대구광역시 달성군 현풍면,경상사고,0,0,1,0,차대사람 - 횡단중,안전운전불이행,건조,맑음,단일로 - 기타,승용,여,63세,상해없음,보행자,남,61세,경상
2016073000100524,2016년 7월 30일 20시,토요일,대구광역시 서구 비산동,경상사고,0,0,1,0,차대차 - 측면충돌,기타,건조,맑음,단일로 - 기타,승용,남,34세,상해없음,자전거,남,51세,경상
2016073000100525,2016년 7월 30일 20시,토요일,대구광역시 북구 구암동,경상사고,0,0,1,0,차대차 - 측면충돌,안전운전불이행,건조,맑음,교차로 - 교차로안,자전거,남,13세,경상,승용,남,31세,상해없음
2016073000100551,2016년 7월 30일 21시,토요일,대구광역시 달성군 옥포면,경상사고,0,0,1,0,차대사람 - 횡단중,안전운전불이행,습기,비,교차로 - 교차로안,승합,남,44세,상해없음,보행자,남,16세,경상
2016073000100552,2016년 7월 30일 21시,토요일,대구광역시 달서구 갈산동,중상사고,0,1,0,0,차대차 - 측면직각충돌,안전거리미확보,건조,흐림,단일로 - 기타,승용,여,26세,상해없음,승합,남,47세,상해없음
2016073000100578,2016년 7월 30일 22시,토요일,대구광역시 남구 대명동,중상사고,0,1,0,0,차대차 - 측면충돌,안전운전불이행,건조,흐림,단일로 - 기타,승용,여,57세,상해없음,자전거,남,54세,중상
2016073000100579,2016년 7월 30일 22시,토요일,대구광역시 수성구 대흥동,경상사고,0,0,1,0,차대차 - 측면충돌,신호위반,습기,비,교차로 - 교차로안,승용,여,49세,상해없음,승용,남,32세,경상
2016073000100607,2016년 7월 30일 23시,토요일,대구광역시 수성구 수성동1가,중상사고,0,1,1,0,차대차 - 측면충돌,안전운전불이행,건조,맑음,단일로 - 기타,승용,남,57세,상해없음,원동기,여,22세,경상
2016073000100608,2016년 7월 30일 23시,토요일,대구광역시 달서구 두류동,중상사고,0,1,0,0,차대차 - 측면직각충돌,신호위반,습기,비,교차로 - 교차로부근,승용,남,57세,상해없음,승용,남,62세,중상
2016073100100019,2016년 7월 31일 00시,일요일,대구광역시 달서구 장기동,경상사고,0,0,1,0,차대차 - 기타,안전운전불이행,습기,비,단일로 - 기타,승용,남,68세,기타불명,승용,남,26세,경상
2016073100100035,2016년 7월 31일 01시,일요일,대구광역시 북구 칠성동1가,경상사고,0,0,2,0,차대차 - 기타,신호위반,건조,맑음,교차로 - 교차로안,승용,남,61세,상해없음,승용,남,58세,경상
2016073100100061,2016년 7월 31일 03시,일요일,대구광역시 달서구 감삼동,중상사고,0,1,1,0,차대차 - 측면직각충돌,안전운전불이행,건조,흐림,단일로 - 기타,화물,남,52세,상해없음,승용,남,38세,경상
2016073100100080,2016년 7월 31일 04시,일요일,대구광역시 달서구 상인동,경상사고,0,0,2,0,차대차 - 추돌,안전거리미확보,습기,흐림,단일로 - 기타,승용,남,23세,상해없음,승용,남,24세,경상
2016073100100081,2016년 7월 31일 04시,일요일,대구광역시 중구 삼덕동1가,경상사고,0,0,1,0,차대사람 - 기타,안전운전불이행,건조,맑음,단일로 - 기타,기타불명,기타불명,기타불명,기타불명,보행자,여,27세,경상
2016073100100102,2016년 7월 31일 06시,일요일,대구광역시 달서구 본리동,부상신고사고,0,0,0,1,차량단독 - 전도전복,안전운전불이행,건조,맑음,교차로 - 교차로부근,승용,남,29세,부상신고,,,,
2016073100100113,2016년 7월 31일 07시,일요일,대구광역시 중구 달성동,부상신고사고,0,0,0,1,차대사람 - 길가장자리구역통행중,안전운전불이행,건조,맑음,단일로 - 기타,승용,남,65세,상해없음,보행자,남,68세,부상신고
2016073100100234,2016년 7월 31일 12시,일요일,대구광역시 수성구 두산동,경상사고,0,0,1,0,차대차 - 측면충돌,안전운전불이행,건조,맑음,단일로 - 기타,승용,남,63세,상해없음,승용,남,30세,기타불명
2016073100100235,2016년 7월 31일 12시,일요일,대구광역시 수성구 매호동,부상신고사고,0,0,0,1,차대차 - 추돌,안전운전불이행,건조,맑음,단일로 - 기타,승용,여,60세,부상신고,승용,여,52세,상해없음
2016073100100265,2016년 7월 31일 13시,일요일,대구광역시 중구 수동,경상사고,0,0,4,1,차대차 - 측면직각충돌,교차로운행방법위반,건조,맑음,교차로 - 교차로안,승용,여,46세,부상신고,승용,남,33세,경상