사고번호,사고일시,요일,시군구,사고내용,사망자수,중상자수,경상자수,부상신고자수,사고유형,법규위반,노면상태,기상상태,도로형태,가해운전자 차종,가해운전자 성별,가해운전자 연령,가해운전자 상해정도,피해운전자 차종,피해운전자 성별,피해운전자 연령,피해운전자 상해정도
2016073100100266,2016년 7월 31일 13시,일요일,대구광역시 북구 태전동,중상사고,0,1,0,0,차대차 - 측면직각충돌,안전운전불이행,건조,맑음,단일로 - 기타,기타불명,기타불명,27세,기타불명,자전거,남,71세,중상
2016073100100301,2016년 7월 31일 14시,일요일,대구광역시 달서구 대천동,사망사고,1,0,0,1,차대차 - 측면충돌,안전운전불이행,건조,맑음,단일로 - 기타,승용,남,67세,부상신고,화물,남,64세,기타불명
2016073100100302,2016년 7월 31일 14시,일요일,대구광역시 달서구 상인동,부상신고사고,0,0,0,1,차대차 - 기타,교차로운행방법위반,건조,맑음,교차로 - 교차로안,자전거,남,44세,부상신고,승용,여,24세,상해없음
2016073100100303,2016년 7월 31일 14시,일요일,대구광역시 달성군 다사읍,경상사고,0,0,1,0,차대차 - 측면직각충돌,안전거리미확보,건조,맑음,단일로 - 기타,승용,남,25세,상해없음,승용,여,51세,경상
2016073100100304,2016년 7월 31일 14시,일요일,대구광역시 북구 서변동,경상사고,0,0,5,0,차대차 - 측면충돌,안전거리미확보,건조,맑음,단일로 - 기타,승용,남,68세,경상,승용,남,32세,경상
2016073100100359,2016년 7월 31일 16시,일요일,대구광역시 북구 검단동,중상사고,0,4,6,0,차대차 - 추돌,안전운전불이행,건조,맑음,단일로 - 기타,화물,남,69세,상해없음,승용,남,56세,중상
2016073100100362,2016년 7월 31일 16시,일요일,대구광역시 동구 동호동,중상사고,0,1,1,0,차대차 - 추돌,안전거리미확보,건조,맑음,교차로 - 교차로부근,승용,남,57세,상해없음,승용,남,42세,경상
2016073100100363,2016년 7월 31일 16시,일요일,대구광역시 달서구 두류동,경상사고,0,0,1,0,차대차 - 추돌,안전운전불이행,건조,맑음,단일로 - 기타,승용,남,52세,상해없음,승용,남,23세,경상
2016073100100389,2016년 7월 31일 17시,일요일,대구광역시 수성구 연호동,경상사고,0,0,1,0,차대사람 - 기타,안전운전불이행,습기,비,단일로 - 기타,승용,남,52세,상해없음,보행자,남,18세,경상
2016073100100416,2016년 7월 31일 18시,일요일,대구광역시 수성구 파동,부상신고사고,0,0,0,1,차대차 - 측면직각충돌,안전거리미확보,건조,맑음,단일로 - 기타,승용,남,49세,상해없음,자전거,남,15세,부상신고
2016073100100417,2016년 7월 31일 18시,일요일,대구광역시 북구 동변동,중상사고,0,1,0,0,차대사람 - 차도통행중,안전운전불이행,건조,맑음,단일로 - 기타,승용,남,52세,기타불명,보행자,남,60세,중상
2016073100100437,2016년 7월 31일 19시,일요일,대구광역시 중구 계산동2가,경상사고,0,0,3,0,차대차 - 추돌,안전운전불이행,습기,비,교차로 - 교차로부근,승용,여,65세,상해없음,승용,여,30세,경상
2016073100100438,2016년 7월 31일 19시,일요일,대구광역시 북구 매천동,중상사고,0,1,0,0,차대사람 - 차도통행중,안전운전불이행,습기,비,단일로 - 기타,이륜,남,66세,상해없음,보행자,여,69세,중상
2016073100100471,2016년 7월 31일 20시,일요일,대구광역시 동구 율하동,중상사고,0,1,0,0,차대차 - 측면직각충돌,안전운전불이행,습기,비,단일로 - 기타,승용,남,35세,상해없음,자전거,남,48세,중상
2016073100100472,2016년 7월 31일 20시,일요일,대구광역시 수성구 두산동,경상사고,0,0,1,0,차대차 - 측면충돌,안전운전불이행,습기,비,교차로 - 교차로안,승용,남,27세,상해없음,승용,남,34세,경상
2016073100100473,2016년 7월 31일 20시,일요일,대구광역시 수성구 범어동,중상사고,0,1,0,0,차대사람 - 횡단중,보행자보호의무위반,습기,비,단일로 - 횡단보도상,승용,여,54세,상해없음,보행자,여,48세,중상
2016073100100495,2016년 7월 31일 21시,일요일,대구광역시 북구 칠성동1가,경상사고,0,0,1,0,차대차 - 측면충돌,차로위반,건조,맑음,교차로 - 교차로부근,기타불명,기타불명,기타불명,기타불명,승용,남,62세,경상
2016073100100496,2016년 7월 31일 21시,일요일,대구광역시 북구 대현동,경상사고,0,0,1,0,차대차 - 추돌,안전운전불이행,습기,비,교차로 - 교차로부근,승용,남,23세,상해없음,승용,남,32세,상해없음
2016073100100497,2016년 7월 31일 21시,일요일,대구광역시 중구 남성로,경상사고,0,0,2,0,차대차 - 정면충돌,안전운전불이행,습기,비,교차로 - 교차로부근,승용,남,48세,상해없음,이륜,남,17세,경상
2016080100100014,2016년 8월 1일 00시,월요일,대구광역시 북구 관음동,중상사고,0,1,0,0,차대차 - 측면충돌,교차로운행방법위반,건조,맑음,교차로 - 교차로안,승용,남,20세,상해없음,승용,여,35세,중상
2016080100100033,2016년 8월 1일 03시,월요일,대구광역시 동구 율하동,중상사고,0,1,2,0,차대차 - 측면충돌,직진우회전진행방해,건조,맑음,교차로 - 교차로안,승용,남,47세,경상,승용,남,35세,중상
2016080100100042,2016년 8월 1일 04시,월요일,대구광역시 달서구 대천동,경상사고,0,0,1,0,차량단독 - 기타,기타,건조,맑음,교차로 - 교차로안,승용,남,66세,상해없음,,,,
2016080100100049,2016년 8월 1일 05시,월요일,대구광역시 동구 효목동,중상사고,0,1,0,0,차대차 - 추돌,안전운전불이행,건조,맑음,교차로 - 교차로부근,승용,남,53세,상해없음,화물,남,58세,중상
2016080100100069,2016년 8월 1일 07시,월요일,대구광역시 동구 신천동,경상사고,0,0,1,0,차대차 - 추돌,안전운전불이행,건조,맑음,교차로 - 교차로부근,승용,남,41세,상해없음,승용,남,70세,상해없음
2016080100100070,2016년 8월 1일 07시,월요일,대구광역시 중구 대신동,부상신고사고,0,0,0,1,차량단독 - 전도전복,안전운전불이행,건조,맑음,교차로 - 교차로부근,이륜,남,21세,부상신고,,,,
2016080100100092,2016년 8월 1일 08시,월요일,대구광역시 수성구 매호동,중상사고,0,2,0,0,차대차 - 측면충돌,교차로운행방법위반,건조,맑음,교차로 - 교차로안,승용,남,24세,상해없음,승용,여,47세,중상
2016080100100128,2016년 8월 1일 09시,월요일,대구광역시 중구 포정동,경상사고,0,0,1,0,차대차 - 측면직각충돌,신호위반,건조,맑음,교차로 - 교차로안,승용,남,56세,상해없음,승합,남,48세,경상
2016080100100161,2016년 8월 1일 10시,월요일,대구광역시 동구 신암동,경상사고,0,0,1,0,차대차 - 측면직각충돌,안전운전불이행,건조,맑음,교차로 - 교차로안,화물,남,47세,상해없음,이륜,남,78세,경상
2016080100100162,2016년 8월 1일 10시,월요일,대구광역시 서구 평리동,중상사고,0,1,0,0,차대사람 - 기타,보행자보호의무위반,건조,맑음,단일로 - 횡단보도상,승용,여,38세,상해없음,보행자,남,72세,중상
2016080100100163,2016년 8월 1일 10시,월요일,대구광역시 서구 중리동,경상사고,0,0,1,0,차대차 - 측면직각충돌,안전운전불이행,건조,맑음,단일로 - 기타,화물,남,37세,상해없음,승용,남,43세,경상
2016080100100164,2016년 8월 1일 10시,월요일,대구광역시 중구 동산동,경상사고,0,0,2,0,차대차 - 추돌,안전운전불이행,건조,맑음,단일로 - 기타,승용,남,24세,상해없음,승용,여,47세,경상
2016080100100235,2016년 8월 1일 12시,월요일,대구광역시 달서구 상인동,중상사고,0,1,0,0,차대차 - 측면충돌,직진우회전진행방해,건조,맑음,교차로 - 교차로안,승용,남,62세,상해없음,이륜,남,40세,중상
2016080100100236,2016년 8월 1일 12시,월요일,대구광역시 중구 남산동,부상신고사고,0,0,0,1,차대차 - 정면충돌,안전운전불이행,건조,맑음,단일로 - 기타,기타불명,기타불명,기타불명,기타불명,자전거,남,12세,부상신고
2016080100100272,2016년 8월 1일 13시,월요일,대구광역시 수성구 만촌동,경상사고,0,0,8,0,차대차 - 측면충돌,안전거리미확보,건조,맑음,단일로 - 기타,승용,남,25세,기타불명,승용,남,51세,경상
2016080100100273,2016년 8월 1일 13시,월요일,대구광역시 북구 서변동,중상사고,0,1,0,0,차대차 - 측면충돌,교차로운행방법위반,건조,맑음,교차로 - 교차로안,승용,남,68세,상해없음,자전거,여,66세,중상
2016080100100306,2016년 8월 1일 14시,월요일,대구광역시 달서구 두류동,경상사고,0,0,1,0,차대차 - 기타,안전운전불이행,습기,비,교차로 - 교차로안,자전거,여,69세,경상,이륜,남,46세,상해없음
2016080100100342,2016년 8월 1일 15시,월요일,대구광역시 수성구 수성동4가,경상사고,0,0,1,0,차대차 - 측면충돌,기타,건조,맑음,교차로 - 교차로부근,승용,남,59세,상해없음,이륜,남,38세,경상
2016080100100343,2016년 8월 1일 15시,월요일,대구광역시 수성구 노변동,중상사고,0,1,0,0,차대차 - 측면충돌,안전운전불이행,건조,맑음,단일로 - 기타,이륜,남,54세,중상,승용,남,26세,상해없음
2016080100100344,2016년 8월 1일 15시,월요일,대구광역시 서구 비산동,경상사고,0,0,1,0,차량단독 - 기타,안전운전불이행,습기,비,단일로 - 기타,이륜,남,62세,경상,,,,
2016080100100387,2016년 8월 1일 16시,월요일,대구광역시 중구 동문동,중상사고,0,1,0,0,차대차 - 측면충돌,안전운전불이행,건조,맑음,단일로 - 횡단보도상,이륜,남,21세,상해없음,화물,남,43세,상해없음
2016080100100430,2016년 8월 1일 17시,월요일,대구광역시 북구 구암동,경상사고,0,0,2,0,차대차 - 측면직각충돌,교차로운행방법위반,건조,맑음,교차로 - 교차로안,승용,여,63세,상해없음,승용,남,54세,경상
2016080100100469,2016년 8월 1일 18시,월요일,대구광역시 북구 칠성동2가,경상사고,0,0,1,0,차대사람 - 횡단중,신호위반,건조,맑음,교차로 - 교차로안,원동기,남,17세,상해없음,보행자,여,22세,경상
2016080100100470,2016년 8월 1일 18시,월요일,대구광역시 달서구 본리동,경상사고,0,0,1,0,차대차 - 측면충돌,안전운전불이행,건조,맑음,교차로 - 교차로부근,승용,여,33세,상해없음,이륜,남,66세,경상
2016080100100497,2016년 8월 1일 19시,월요일,대구광역시 수성구 수성동1가,중상사고,0,1,0,0,차대차 - 측면충돌,안전운전불이행,건조,맑음,교차로 - 교차로부근,승용,기타불명,기타불명,기타불명,자전거,여,35세,중상
2016080100100498,2016년 8월 1일 19시,월요일,대구광역시 달서구 대천동,경상사고,0,0,1,0,차대차 - 추돌,안전운전불이행,건조,맑음,교차로 - 교차로부근,특수,남,41세,상해없음,승용,남,32세,경상
2016080100100534,2016년 8월 1일 20시,월요일,대구광역시 동구 신암동,경상사고,0,0,1,0,차대차 - 기타,안전운전불이행,건조,맑음,단일로 - 기타,승용,남,67세,상해없음,자전거,남,81세,경상
2016080100100535,2016년 8월 1일 20시,월요일,대구광역시 북구 동천동,경상사고,0,0,2,0,차대차 - 측면충돌,안전거리미확보,건조,맑음,단일로 - 기타,승용,남,25세,상해없음,이륜,남,18세,경상
2016080100100567,2016년 8월 1일 21시,월요일,대구광역시 동구 용계동,중상사고,0,1,1,0,차대차 - 정면충돌,신호위반,건조,맑음,교차로 - 교차로안,승용,남,49세,중상,화물,남,27세,경상
2016080100100583,2016년 8월 1일 22시,월요일,대구광역시 달서구 송현동,중상사고,0,2,0,0,차대차 - 추돌,안전운전불이행,건조,맑음,교차로 - 교차로안,승용,여,26세,상해없음,승용,여,31세,중상
2016080100100605,2016년 8월 1일 23시,월요일,대구광역시 서구 평리동,중상사고,0,1,0,0,차대사람 - 횡단중,안전운전불이행,건조,맑음,교차로 - 교차로부근,승용,남,22세,상해없음,보행자,남,54세,중상
2016080100100606,2016년 8월 1일 23시,월요일,대구광역시 서구 평리동,부상신고사고,0,0,0,1,차대차 - 기타,기타,건조,맑음,교차로 - 교차로부근,승용,남,62세,상해없음,승용,남,33세,상해없음
2016080200100013,2016년 8월 2일 00시,화요일,대구광역시 동구 용계동,부상신고사고,0,0,0,1,차량단독 - 전도전복,안전운전불이행,건조,맑음,단일로 - 기타,원동기,남,15세,부상신고,,,,
2016080200100027,2016년 8월 2일 02시,화요일,대구광역시 동구 지저동,경상사고,0,0,2,0,차대차 - 측면충돌,교차로운행방법위반,건조,맑음,교차로 - 교차로안,화물,남,48세,상해없음,이륜,남,17세,경상
2016080200100028,2016년 8월 2일 02시,화요일,대구광역시 수성구 만촌동,중상사고,0,1,0,0,차대사람 - 길가장자리구역통행중,안전운전불이행,건조,맑음,단일로 - 기타,승용,남,34세,상해없음,보행자,남,54세,중상
2016080200100136,2016년 8월 2일 09시,화요일,대구광역시 북구 대현동,중상사고,0,1,0,0,차대사람 - 횡단중,안전운전불이행,건조,맑음,교차로 - 교차로부근,승용,남,64세,상해없음,보행자,여,37세,중상
2016080200100165,2016년 8월 2일 10시,화요일,대구광역시 북구 침산동,경상사고,0,0,1,0,차량단독 - 전도전복,안전운전불이행,습기,맑음,단일로 - 기타,원동기,여,65세,경상,,,,
2016080200100166,2016년 8월 2일 10시,화요일,대구광역시 달서구 죽전동,경상사고,0,0,1,0,차대차 - 추돌,안전운전불이행,건조,맑음,교차로 - 교차로부근,승용,남,27세,상해없음,승용,여,46세,경상
2016080200100187,2016년 8월 2일 11시,화요일,대구광역시 서구 상리동,경상사고,0,0,1,0,차대차 - 추돌,안전거리미확보,건조,맑음,단일로 - 기타,승용,남,41세,경상,화물,남,53세,상해없음
2016080200100194,2016년 8월 2일 11시,화요일,대구광역시 수성구 매호동,중상사고,0,1,0,0,차대차 - 측면직각충돌,교차로운행방법위반,건조,맑음,교차로 - 교차로안,승용,여,29세,상해없음,자전거,남,21세,중상
2016080200100219,2016년 8월 2일 12시,화요일,대구광역시 수성구 수성동1가,경상사고,0,0,1,0,차대차 - 기타,안전운전불이행,건조,맑음,교차로 - 교차로부근,승용,여,55세,상해없음,승용,남,33세,경상
2016080200100246,2016년 8월 2일 13시,화요일,대구광역시 수성구 범어동,경상사고,0,0,2,0,차대차 - 추돌,안전운전불이행,건조,맑음,단일로 - 횡단보도부근,승용,남,46세,상해없음,화물,남,70세,상해없음
2016080200100247,2016년 8월 2일 13시,화요일,대구광역시 달서구 진천동,경상사고,0,0,2,0,차대차 - 추돌,안전운전불이행,건조,맑음,교차로 - 교차로부근,승용,여,67세,상해없음,승용,남,44세,경상
2016080200100248,2016년 8월 2일 13시,화요일,대구광역시 중구 공평동,경상사고,0,0,1,0,차대사람 - 기타,안전운전불이행,건조,맑음,단일로 - 기타,승용,여,24세,상해없음,보행자,여,41세,경상
2016080200100283,2016년 8월 2일 14시,화요일,대구광역시 남구 대명동,경상사고,0,0,5,0,차대차 - 추돌,안전거리미확보,건조,맑음,교차로 - 교차로안,승합,남,45세,상해없음,승용,남,64세,경상
2016080200100284,2016년 8월 2일 14시,화요일,대구광역시 달서구 진천동,경상사고,0,0,1,0,차대차 - 기타,직진우회전진행방해,건조,맑음,교차로 - 교차로안,이륜,남,18세,경상,승용,남,64세,상해없음
2016080200100285,2016년 8월 2일 14시,화요일,대구광역시 달성군 다사읍,중상사고,0,1,0,0,차대차 - 측면직각충돌,안전운전불이행,건조,맑음,교차로 - 교차로안,승용,남,55세,상해없음,승용,남,67세,중상
2016080200100307,2016년 8월 2일 15시,화요일,대구광역시 북구 산격동,중상사고,0,1,0,0,차대사람 - 횡단중,안전운전불이행,건조,맑음,단일로 - 횡단보도상,이륜,남,47세,상해없음,보행자,여,73세,중상
2016080200100340,2016년 8월 2일 16시,화요일,대구광역시 달서구 진천동,경상사고,0,0,1,0,차대차 - 측면충돌,안전운전불이행,건조,맑음,교차로 - 교차로안,승용,여,44세,상해없음,승용,남,56세,경상
2016080200100376,2016년 8월 2일 17시,화요일,대구광역시 수성구 신매동,경상사고,0,0,1,0,차대차 - 추돌,교차로운행방법위반,건조,맑음,교차로 - 교차로안,화물,남,56세,상해없음,자전거,남,18세,경상
2016080200100422,2016년 8월 2일 18시,화요일,대구광역시 달성군 옥포면,경상사고,0,0,1,0,차량단독 - 전도전복,안전운전불이행,습기,비,단일로 - 기타,승용,남,49세,경상,,,,
2016080200100423,2016년 8월 2일 18시,화요일,대구광역시 서구 내당동,경상사고,0,0,4,0,차대차 - 측면직각충돌,안전운전불이행,건조,맑음,교차로 - 교차로부근,승용,여,50세,경상,승용,남,18세,경상
2016080200100454,2016년 8월 2일 19시,화요일,대구광역시 남구 봉덕동,경상사고,0,0,1,0,차대차 - 기타,안전운전불이행,건조,맑음,단일로 - 기타,승용,남,60세,상해없음,자전거,남,74세,경상
2016080200100490,2016년 8월 2일 20시,화요일,대구광역시 달서구 두류동,경상사고,0,0,1,0,차대사람 - 횡단중,보행자보호의무위반,습기,비,단일로 - 횡단보도상,승용,남,36세,상해없음,보행자,여,16세,경상
2016080200100530,2016년 8월 2일 22시,화요일,대구광역시 서구 내당동,중상사고,0,1,2,0,차대차 - 추돌,안전거리미확보,건조,흐림,교차로 - 교차로부근,승용,남,63세,상해없음,승용,남,35세,중상
2016080200100531,2016년 8월 2일 22시,화요일,대구광역시 달서구 용산동,중상사고,0,1,1,0,차대차 - 측면충돌,차로위반,습기,비,단일로 - 기타,승용,남,50세,상해없음,원동기,남,17세,중상
2016080300100021,2016년 8월 3일 01시,수요일,대구광역시 수성구 두산동,경상사고,0,0,2,0,차대차 - 측면충돌,교차로운행방법위반,건조,맑음,교차로 - 교차로안,승용,남,68세,상해없음,승용,여,45세,경상
2016080300100022,2016년 8월 3일 01시,수요일,대구광역시 수성구 범어동,경상사고,0,0,3,0,차대차 - 측면충돌,안전운전불이행,건조,맑음,교차로 - 교차로부근,승용,남,49세,상해없음,승용,남,24세,경상
2016080300100023,2016년 8월 3일 01시,수요일,대구광역시 북구 태전동,중상사고,0,2,0,0,차대차 - 측면충돌,신호위반,건조,맑음,교차로 - 교차로안,이륜,남,17세,중상,승용,남,62세,상해없음
2016080300100054,2016년 8월 3일 04시,수요일,대구광역시 남구 대명동,경상사고,0,0,1,0,차대차 - 측면충돌,안전운전불이행,건조,맑음,교차로 - 교차로안,승용,여,34세,상해없음,승용,여,55세,경상
2016080300100153,2016년 8월 3일 09시,수요일,대구광역시 수성구 지산동,경상사고,0,0,1,0,차대사람 - 보도통행중,안전운전불이행,건조,맑음,기타 - 기타,승용,여,51세,상해없음,보행자,남,57세,경상
2016080300100154,2016년 8월 3일 09시,수요일,대구광역시 북구 태전동,중상사고,0,1,0,1,차대차 - 추돌,안전거리미확보,건조,맑음,단일로 - 기타,승용,남,20세,부상신고,승용,남,60세,중상
2016080300100181,2016년 8월 3일 10시,수요일,대구광역시 동구 검사동,중상사고,0,1,0,0,차대차 - 정면충돌,안전운전불이행,건조,맑음,교차로 - 교차로안,승용,남,29세,상해없음,이륜,남,63세,중상
2016080300100182,2016년 8월 3일 10시,수요일,대구광역시 달성군 논공읍,중상사고,0,1,0,0,차대사람 - 횡단중,안전운전불이행,건조,맑음,교차로 - 교차로부근,승용,남,62세,상해없음,보행자,남,64세,중상
2016080300100231,2016년 8월 3일 12시,수요일,대구광역시 달성군 화원읍,경상사고,0,0,1,0,차대차 - 측면직각충돌,안전운전불이행,건조,맑음,교차로 - 교차로부근,이륜,남,18세,상해없음,승용,남,63세,상해없음
2016080300100232,2016년 8월 3일 12시,수요일,대구광역시 북구 산격동,경상사고,0,0,1,0,차대차 - 측면직각충돌,안전운전불이행,건조,맑음,단일로 - 기타,자전거,남,84세,경상,승합,남,53세,상해없음
2016080300100233,2016년 8월 3일 12시,수요일,대구광역시 서구 원대동1가,경상사고,0,0,1,0,차대차 - 정면충돌,안전운전불이행,건조,맑음,단일로 - 기타,이륜,남,72세,경상,승용,여,35세,상해없음
2016080300100273,2016년 8월 3일 13시,수요일,대구광역시 동구 대림동,경상사고,0,0,3,0,차대차 - 기타,중앙선침범,건조,맑음,교차로 - 교차로부근,농기계,여,73세,상해없음,화물,남,28세,경상
2016080300100274,2016년 8월 3일 13시,수요일,대구광역시 달성군 다사읍,경상사고,0,0,1,0,차대차 - 정면충돌,안전운전불이행,건조,맑음,교차로 - 교차로안,승용,여,50세,상해없음,자전거,남,7세,경상
2016080300100275,2016년 8월 3일 13시,수요일,대구광역시 북구 침산동,경상사고,0,0,1,0,차대차 - 측면충돌,안전운전불이행,건조,맑음,교차로 - 교차로부근,승용,남,57세,상해없음,이륜,남,57세,경상
2016080300100276,2016년 8월 3일 13시,수요일,대구광역시 서구 평리동,경상사고,0,0,2,0,차대차 - 기타,직진우회전진행방해,건조,맑음,교차로 - 교차로부근,이륜,남,58세,상해없음,승용,여,42세,경상
2016080300100277,2016년 8월 3일 13시,수요일,대구광역시 서구 내당동,경상사고,0,0,1,0,차대차 - 기타,안전거리미확보,건조,맑음,교차로 - 교차로부근,승용,남,57세,상해없음,승용,남,29세,경상
2016080300100278,2016년 8월 3일 13시,수요일,대구광역시 중구 동인동3가,중상사고,0,1,0,0,차대차 - 정면충돌,불법유턴,건조,맑음,교차로 - 교차로부근,승용,여,55세,상해없음,이륜,남,34세,중상
2016080300100279,2016년 8월 3일 13시,수요일,대구광역시 중구 대봉동,중상사고,0,1,2,1,차대차 - 추돌,안전거리미확보,건조,맑음,단일로 - 기타,승용,남,72세,경상,승용,여,24세,상해없음
2016080300100280,2016년 8월 3일 13시,수요일,대구광역시 달서구 용산동,경상사고,0,0,1,0,차대차 - 측면직각충돌,안전거리미확보,건조,맑음,단일로 - 기타,승용,남,65세,상해없음,이륜,남,28세,경상
2016080300100281,2016년 8월 3일 13시,수요일,대구광역시 북구 태전동,경상사고,0,0,1,0,차대차 - 추돌,안전운전불이행,건조,맑음,단일로 - 기타,승용,남,52세,상해없음,승용,남,52세,상해없음
2016080300100351,2016년 8월 3일 15시,수요일,대구광역시 동구 신암동,부상신고사고,0,0,0,1,차대차 - 측면충돌,기타,습기,비,교차로 - 교차로안,이륜,남,31세,부상신고,승용,남,34세,상해없음
2016080300100352,2016년 8월 3일 15시,수요일,대구광역시 달성군 유가면,중상사고,0,1,0,0,차대차 - 측면충돌,안전운전불이행,건조,맑음,단일로 - 기타,이륜,여,69세,중상,승용,남,56세,상해없음
2016080300100353,2016년 8월 3일 15시,수요일,대구광역시 북구 침산동,경상사고,0,0,1,0,차대차 - 추돌,안전운전불이행,건조,맑음,단일로 - 기타,화물,남,71세,상해없음,승용,남,34세,경상
2016080300100385,2016년 8월 3일 16시,수요일,대구광역시 달서구 두류동,경상사고,0,0,3,0,차대차 - 측면직각충돌,안전거리미확보,습기,비,단일로 - 기타,화물,남,56세,상해없음,승용,남,34세,경상
2016080300100416,2016년 8월 3일 17시,수요일,대구광역시 서구 상리동,경상사고,0,0,1,0,차대차 - 측면직각충돌,안전운전불이행,건조,맑음,단일로 - 기타,화물,남,51세,상해없음,승용,여,54세,경상
2016080300100422,2016년 8월 3일 17시,수요일,대구광역시 수성구 수성동3가,중상사고,0,1,0,0,차대차 - 측면직각충돌,차로위반,습기,비,교차로 - 교차로부근,승용,남,54세,상해없음,이륜,여,27세,중상
2016080300100423,2016년 8월 3일 17시,수요일,대구광역시 북구 산격동,부상신고사고,0,0,0,1,차대차 - 측면충돌,안전운전불이행,습기,비,단일로 - 기타,자전거,남,66세,부상신고,승용,남,48세,상해없음
2016080300100424,2016년 8월 3일 17시,수요일,대구광역시 북구 대현동,경상사고,0,0,1,0,차대차 - 측면직각충돌,안전거리미확보,건조,맑음,단일로 - 기타,승용,남,50세,상해없음,원동기,남,37세,경상
2016080300100518,2016년 8월 3일 20시,수요일,대구광역시 수성구 신매동,경상사고,0,0,1,1,차대차 - 측면충돌,안전운전불이행,건조,맑음,교차로 - 교차로안,이륜,남,22세,부상신고,승용,남,56세,경상
2016080300100519,2016년 8월 3일 20시,수요일,대구광역시 달성군 다사읍,경상사고,0,0,1,0,차대차 - 측면충돌,중앙선침범,건조,맑음,교차로 - 교차로부근,승용,남,60세,상해없음,승용,남,48세,경상
2016080300100520,2016년 8월 3일 20시,수요일,대구광역시 달서구 월암동,중상사고,0,1,1,0,차대차 - 기타,안전거리미확보,건조,맑음,단일로 - 기타,화물,남,57세,상해없음,승용,남,53세,중상
2016080300100581,2016년 8월 3일 23시,수요일,대구광역시 동구 동호동,경상사고,0,0,1,0,차대차 - 추돌,안전운전불이행,건조,맑음,단일로 - 기타,승용,남,56세,상해없음,승용,여,54세,경상
2016080300100582,2016년 8월 3일 23시,수요일,대구광역시 달서구 유천동,중상사고,0,1,0,0,차대차 - 기타,안전운전불이행,건조,맑음,교차로 - 교차로부근,기타불명,기타불명,기타불명,기타불명,이륜,남,56세,중상
2016080400100023,2016년 8월 4일 00시,목요일,대구광역시 북구 동천동,경상사고,0,0,2,0,차대차 - 기타,안전운전불이행,건조,맑음,단일로 - 기타,승용,남,26세,기타불명,이륜,남,19세,경상
2016080400100031,2016년 8월 4일 01시,목요일,대구광역시 북구 칠성동2가,경상사고,0,0,1,0,차대차 - 측면직각충돌,신호위반,건조,맑음,교차로 - 교차로안,원동기,남,55세,경상,승용,남,52세,상해없음
2016080400100044,2016년 8월 4일 02시,목요일,대구광역시 수성구 상동,경상사고,0,0,2,0,차대차 - 측면충돌,교차로운행방법위반,건조,기타,교차로 - 교차로안,승용,남,18세,상해없음,승용,남,27세,경상
2016080400100057,2016년 8월 4일 04시,목요일,대구광역시 수성구 범어동,경상사고,0,0,2,0,차대차 - 추돌,안전운전불이행,건조,맑음,단일로 - 기타,기타불명,기타불명,기타불명,기타불명,승용,남,23세,상해없음
2016080400100092,2016년 8월 4일 07시,목요일,대구광역시 서구 원대동3가,부상신고사고,0,0,0,1,차대차 - 측면직각충돌,안전운전불이행,건조,맑음,교차로 - 교차로안,이륜,남,54세,부상신고,승용,남,62세,상해없음
2016080400100093,2016년 8월 4일 07시,목요일,대구광역시 북구 태전동,경상사고,0,0,1,0,차대사람 - 횡단중,안전운전불이행,건조,맑음,단일로 - 기타,승용,여,47세,상해없음,보행자,남,21세,경상
2016080400100118,2016년 8월 4일 08시,목요일,대구광역시 수성구 만촌동,경상사고,0,0,1,0,차대차 - 측면충돌,안전거리미확보,건조,맑음,교차로 - 교차로부근,승용,남,74세,상해없음,승용,여,46세,경상
2016080400100174,2016년 8월 4일 10시,목요일,대구광역시 서구 평리동,중상사고,0,1,2,0,차대차 - 측면충돌,교차로운행방법위반,건조,맑음,단일로 - 기타,승용,남,72세,경상,승용,여,55세,중상
2016080400100175,2016년 8월 4일 10시,목요일,대구광역시 북구 서변동,경상사고,0,0,1,0,차대차 - 측면충돌,안전운전불이행,건조,맑음,교차로 - 교차로안,승용,여,68세,상해없음,승용,남,40세,경상
2016080400100241,2016년 8월 4일 12시,목요일,대구광역시 동구 효목동,중상사고,0,2,2,0,차대차 - 추돌,안전운전불이행,건조,맑음,단일로 - 기타,승용,여,57세,상해없음,승용,여,53세,경상
2016080400100242,2016년 8월 4일 12시,목요일,대구광역시 수성구 성동,경상사고,0,0,2,0,차대차 - 정면충돌,안전운전불이행,건조,맑음,단일로 - 기타,자전거,여,45세,경상,자전거,남,39세,경상
2016080400100243,2016년 8월 4일 12시,목요일,대구광역시 달서구 송현동,경상사고,0,0,1,0,차대차 - 측면충돌,교차로운행방법위반,건조,맑음,교차로 - 교차로부근,이륜,남,65세,경상,승용,남,73세,상해없음
2016080400100244,2016년 8월 4일 12시,목요일,대구광역시 달서구 이곡동,경상사고,0,0,3,0,차대차 - 추돌,직진우회전진행방해,건조,맑음,교차로 - 교차로안,승용,남,59세,경상,승용,남,26세,경상
2016080400100245,2016년 8월 4일 12시,목요일,대구광역시 북구 태전동,경상사고,0,0,1,0,차대차 - 측면충돌,교차로운행방법위반,건조,맑음,교차로 - 교차로안,승용,여,50세,상해없음,원동기,남,26세,경상
2016080400100270,2016년 8월 4일 13시,목요일,대구광역시 동구 상매동,경상사고,0,0,1,0,차대차 - 측면충돌,교차로운행방법위반,건조,맑음,교차로 - 교차로안,승용,남,56세,상해없음,승용,남,53세,경상
2016080400100271,2016년 8월 4일 13시,목요일,대구광역시 수성구 만촌동,경상사고,0,0,1,0,차대차 - 정면충돌,안전거리미확보,건조,맑음,단일로 - 기타,승용,남,30세,상해없음,이륜,남,48세,경상