사고번호,사고일시,요일,시군구,사고내용,사망자수,중상자수,경상자수,부상신고자수,사고유형,법규위반,노면상태,기상상태,도로형태,가해운전자 차종,가해운전자 성별,가해운전자 연령,가해운전자 상해정도,피해운전자 차종,피해운전자 성별,피해운전자 연령,피해운전자 상해정도
2016080400100272,2016년 8월 4일 13시,목요일,대구광역시 동구 신암동,경상사고,0,0,2,0,차대차 - 추돌,안전운전불이행,건조,맑음,단일로 - 기타,승용,여,46세,상해없음,승용,남,28세,경상
2016080400100273,2016년 8월 4일 13시,목요일,대구광역시 달서구 송현동,경상사고,0,0,2,0,차대차 - 측면직각충돌,교차로운행방법위반,건조,맑음,교차로 - 교차로부근,승용,남,62세,상해없음,승용,남,47세,경상
2016080400100274,2016년 8월 4일 13시,목요일,대구광역시 북구 산격동,중상사고,0,1,0,0,차대차 - 측면직각충돌,기타,건조,맑음,단일로 - 기타,승용,여,49세,상해없음,원동기,남,55세,중상
2016080400100275,2016년 8월 4일 13시,목요일,대구광역시 달서구 장기동,경상사고,0,0,1,0,차대차 - 측면직각충돌,안전운전불이행,건조,맑음,단일로 - 기타,이륜,남,20세,경상,승용,남,60세,상해없음
2016080400100276,2016년 8월 4일 13시,목요일,대구광역시 북구 읍내동,부상신고사고,0,0,0,1,차대차 - 측면직각충돌,안전운전불이행,건조,맑음,단일로 - 기타,자전거,여,67세,부상신고,승용,남,36세,상해없음
2016080400100309,2016년 8월 4일 14시,목요일,대구광역시 달서구 월성동,중상사고,0,1,0,0,차량단독 - 기타,안전운전불이행,건조,맑음,기타 - 기타,승합,남,52세,상해없음,,,,
2016080400100364,2016년 8월 4일 16시,목요일,대구광역시 북구 금호동,경상사고,0,0,1,0,차대차 - 측면직각충돌,안전운전불이행,건조,맑음,교차로 - 교차로안,자전거,남,65세,경상,승용,남,58세,상해없음
2016080400100365,2016년 8월 4일 16시,목요일,대구광역시 달서구 용산동,경상사고,0,0,1,0,차대차 - 측면충돌,안전운전불이행,건조,맑음,단일로 - 기타,승용,남,41세,상해없음,자전거,남,8세,경상
2016080400100407,2016년 8월 4일 17시,목요일,대구광역시 달서구 상인동,경상사고,0,0,1,0,차대차 - 기타,차로위반,건조,맑음,단일로 - 기타,승용,남,56세,상해없음,승합,남,44세,상해없음
2016080400100408,2016년 8월 4일 17시,목요일,대구광역시 달성군 현풍면,경상사고,0,0,4,0,차대차 - 추돌,안전운전불이행,건조,맑음,단일로 - 기타,승용,남,29세,상해없음,승합,남,45세,경상
2016080400100409,2016년 8월 4일 17시,목요일,대구광역시 서구 상리동,경상사고,0,0,2,0,차대차 - 정면충돌,안전거리미확보,건조,맑음,단일로 - 기타,승용,남,52세,상해없음,승용,여,50세,경상
2016080400100410,2016년 8월 4일 17시,목요일,대구광역시 달서구 장기동,중상사고,0,1,0,0,차대차 - 측면직각충돌,안전운전불이행,건조,맑음,단일로 - 횡단보도부근,화물,남,44세,상해없음,승용,남,24세,중상
2016080400100444,2016년 8월 4일 18시,목요일,대구광역시 달서구 파호동,경상사고,0,0,6,0,차대차 - 기타,안전운전불이행,건조,맑음,교차로 - 교차로안,승용,여,52세,상해없음,승합,남,32세,경상
2016080400100445,2016년 8월 4일 18시,목요일,대구광역시 달서구 장기동,부상신고사고,0,0,0,1,차대차 - 기타,안전운전불이행,건조,맑음,단일로 - 기타,기타불명,기타불명,기타불명,기타불명,자전거,남,75세,부상신고
2016080400100470,2016년 8월 4일 19시,목요일,대구광역시 달성군 화원읍,경상사고,0,0,1,0,차대차 - 정면충돌,안전운전불이행,건조,맑음,교차로 - 교차로부근,승용,남,48세,상해없음,승합,남,47세,경상
2016080400100497,2016년 8월 4일 20시,목요일,대구광역시 동구 신천동,경상사고,0,0,1,0,차대사람 - 기타,안전운전불이행,건조,맑음,단일로 - 기타,승용,남,35세,상해없음,보행자,남,54세,경상
2016080400100498,2016년 8월 4일 20시,목요일,대구광역시 달서구 신당동,경상사고,0,0,1,0,차대차 - 측면직각충돌,신호위반,건조,맑음,교차로 - 교차로안,승용,남,60세,상해없음,이륜,남,32세,경상
2016080400100526,2016년 8월 4일 21시,목요일,대구광역시 동구 용계동,중상사고,0,1,0,0,차대차 - 측면충돌,신호위반,건조,맑음,단일로 - 횡단보도상,승용,남,57세,상해없음,자전거,여,57세,중상
2016080400100549,2016년 8월 4일 22시,목요일,대구광역시 달서구 상인동,경상사고,0,0,1,0,차대차 - 측면직각충돌,안전운전불이행,건조,맑음,단일로 - 기타,승용,남,48세,상해없음,승용,남,29세,상해없음
2016080400100550,2016년 8월 4일 22시,목요일,대구광역시 북구 노원동3가,중상사고,0,1,3,0,차대차 - 측면직각충돌,신호위반,건조,맑음,교차로 - 교차로안,승용,남,47세,경상,승용,남,60세,경상
2016080400100551,2016년 8월 4일 22시,목요일,대구광역시 달서구 호산동,경상사고,0,0,1,0,차대차 - 측면직각충돌,직진우회전진행방해,건조,맑음,교차로 - 교차로안,이륜,남,17세,경상,승용,남,79세,상해없음
2016080400100561,2016년 8월 4일 23시,목요일,대구광역시 북구 동변동,경상사고,0,0,3,0,차대차 - 측면직각충돌,안전운전불이행,건조,맑음,단일로 - 기타,화물,남,34세,기타불명,승용,여,34세,경상
2016080500100029,2016년 8월 5일 01시,금요일,대구광역시 달서구 상인동,중상사고,0,2,1,0,차대차 - 측면충돌,안전운전불이행,건조,맑음,단일로 - 기타,승용,남,21세,상해없음,승용,여,27세,중상
2016080500100030,2016년 8월 5일 01시,금요일,대구광역시 서구 내당동,중상사고,0,1,1,0,차대차 - 추돌,안전거리미확보,건조,맑음,교차로 - 교차로부근,승용,남,60세,상해없음,승용,남,56세,중상
2016080500100051,2016년 8월 5일 03시,금요일,대구광역시 수성구 황금동,중상사고,0,1,0,0,차대사람 - 기타,안전운전불이행,건조,맑음,단일로 - 기타,승용,남,55세,상해없음,보행자,남,29세,중상
2016080500100058,2016년 8월 5일 04시,금요일,대구광역시 북구 태전동,경상사고,0,0,2,0,차대차 - 추돌,안전운전불이행,건조,맑음,교차로 - 교차로부근,승용,남,43세,상해없음,승용,남,58세,경상
2016080500100075,2016년 8월 5일 06시,금요일,대구광역시 달서구 본동,경상사고,0,0,2,0,차대차 - 측면충돌,안전거리미확보,건조,맑음,교차로 - 교차로부근,승용,남,39세,상해없음,승용,남,35세,경상
2016080500100076,2016년 8월 5일 06시,금요일,대구광역시 북구 읍내동,경상사고,0,0,1,0,차대차 - 측면직각충돌,안전운전불이행,건조,맑음,단일로 - 기타,이륜,남,39세,상해없음,자전거,남,63세,경상
2016080500100098,2016년 8월 5일 07시,금요일,대구광역시 동구 용계동,경상사고,0,0,1,0,차대차 - 측면직각충돌,안전거리미확보,건조,맑음,단일로 - 기타,화물,남,59세,상해없음,승용,여,48세,상해없음
2016080500100099,2016년 8월 5일 07시,금요일,대구광역시 서구 평리동,중상사고,0,1,0,0,차대차 - 측면직각충돌,교차로운행방법위반,건조,맑음,교차로 - 교차로안,승용,남,60세,상해없음,자전거,여,58세,중상
2016080500100100,2016년 8월 5일 07시,금요일,대구광역시 중구 달성동,부상신고사고,0,0,0,1,차대차 - 측면직각충돌,안전운전불이행,건조,맑음,단일로 - 기타,자전거,여,74세,부상신고,승용,남,34세,상해없음
2016080500100101,2016년 8월 5일 07시,금요일,대구광역시 북구 태전동,경상사고,0,0,1,0,차대사람 - 횡단중,안전운전불이행,건조,맑음,단일로 - 횡단보도부근,승용,여,49세,상해없음,보행자,여,53세,경상
2016080500100126,2016년 8월 5일 08시,금요일,대구광역시 남구 대명동,부상신고사고,0,0,0,1,차량단독 - 전도전복,안전운전불이행,건조,맑음,단일로 - 기타,이륜,남,57세,부상신고,,,,
2016080500100127,2016년 8월 5일 08시,금요일,대구광역시 수성구 만촌동,경상사고,0,0,1,0,차대차 - 추돌,안전운전불이행,건조,맑음,교차로 - 교차로부근,승용,남,56세,상해없음,승용,여,45세,경상
2016080500100128,2016년 8월 5일 08시,금요일,대구광역시 중구 달성동,경상사고,0,0,1,0,차대차 - 측면충돌,안전거리미확보,건조,맑음,단일로 - 기타,승용,남,63세,상해없음,승합,남,33세,경상
2016080500100146,2016년 8월 5일 09시,금요일,대구광역시 수성구 범어동,경상사고,0,0,1,0,차대차 - 기타,안전운전불이행,건조,맑음,단일로 - 기타,승용,여,41세,상해없음,승용,남,68세,경상
2016080500100147,2016년 8월 5일 09시,금요일,대구광역시 북구 태전동,중상사고,0,1,0,0,차량단독 - 공작물충돌,안전운전불이행,건조,맑음,단일로 - 기타,승합,남,59세,상해없음,,,,
2016080500100207,2016년 8월 5일 11시,금요일,대구광역시 동구 지묘동,경상사고,0,0,3,0,차대차 - 추돌,안전운전불이행,건조,맑음,교차로 - 교차로부근,승용,남,66세,경상,승용,남,40세,경상
2016080500100208,2016년 8월 5일 11시,금요일,대구광역시 수성구 범어동,중상사고,0,1,0,0,차대차 - 측면충돌,신호위반,건조,맑음,단일로 - 기타,승용,남,54세,상해없음,원동기,남,52세,중상
2016080500100275,2016년 8월 5일 13시,금요일,대구광역시 북구 동천동,경상사고,0,0,1,0,차대사람 - 보도통행중,안전운전불이행,건조,맑음,단일로 - 기타,승용,남,46세,상해없음,보행자,여,30세,경상
2016080500100305,2016년 8월 5일 14시,금요일,대구광역시 달서구 호림동,중상사고,0,1,1,0,차대차 - 측면충돌,안전운전불이행,건조,맑음,교차로 - 교차로안,승용,남,83세,경상,화물,남,60세,중상
2016080500100346,2016년 8월 5일 15시,금요일,대구광역시 남구 대명동,중상사고,0,1,0,0,차대차 - 기타,교차로운행방법위반,건조,맑음,교차로 - 교차로안,기타불명,기타불명,기타불명,기타불명,이륜,여,61세,중상
2016080500100347,2016년 8월 5일 15시,금요일,대구광역시 수성구 만촌동,경상사고,0,0,1,0,차대차 - 기타,안전거리미확보,건조,맑음,단일로 - 기타,승용,여,45세,상해없음,승합,남,53세,상해없음
2016080500100348,2016년 8월 5일 15시,금요일,대구광역시 북구 국우동,중상사고,0,1,2,0,차대차 - 측면충돌,신호위반,건조,맑음,교차로 - 교차로안,승용,남,63세,상해없음,승용,여,46세,경상
2016080500100375,2016년 8월 5일 16시,금요일,대구광역시 북구 산격동,경상사고,0,0,1,0,차대차 - 측면충돌,안전운전불이행,건조,맑음,단일로 - 기타,승용,남,40세,상해없음,자전거,남,77세,경상
2016080500100376,2016년 8월 5일 16시,금요일,대구광역시 서구 비산동,경상사고,0,0,1,0,차대차 - 측면직각충돌,교차로운행방법위반,건조,맑음,교차로 - 교차로안,화물,남,52세,상해없음,이륜,남,41세,경상
2016080500100377,2016년 8월 5일 16시,금요일,대구광역시 중구 동인동4가,경상사고,0,0,1,0,차대사람 - 기타,기타,건조,맑음,단일로 - 기타,승합,남,54세,상해없음,보행자,여,57세,경상
2016080500100378,2016년 8월 5일 16시,금요일,대구광역시 달서구 신당동,중상사고,0,1,0,0,차대차 - 측면충돌,차로위반,건조,맑음,단일로 - 횡단보도상,화물,남,40세,상해없음,원동기,남,52세,중상
2016080500100411,2016년 8월 5일 17시,금요일,대구광역시 남구 봉덕동,중상사고,0,1,0,0,차대차 - 측면충돌,안전운전불이행,건조,맑음,교차로 - 교차로부근,이륜,남,24세,중상,승용,여,40세,상해없음
2016080500100412,2016년 8월 5일 17시,금요일,대구광역시 동구 신암동,경상사고,0,0,1,0,차대차 - 측면충돌,안전운전불이행,건조,맑음,단일로 - 기타,승용,남,31세,상해없음,승용,여,51세,경상
2016080500100413,2016년 8월 5일 17시,금요일,대구광역시 수성구 매호동,부상신고사고,0,0,0,1,차대차 - 측면충돌,교차로운행방법위반,건조,맑음,교차로 - 교차로안,원동기,남,19세,부상신고,승용,여,44세,상해없음
2016080500100414,2016년 8월 5일 17시,금요일,대구광역시 서구 평리동,중상사고,0,1,0,0,차대사람 - 횡단중,안전운전불이행,건조,맑음,단일로 - 기타,승용,여,69세,상해없음,보행자,여,71세,중상
2016080500100415,2016년 8월 5일 17시,금요일,대구광역시 중구 계산동2가,부상신고사고,0,0,0,2,차대차 - 추돌,안전거리미확보,건조,맑음,단일로 - 기타,승용,남,50세,상해없음,승용,남,26세,부상신고
2016080500100458,2016년 8월 5일 18시,금요일,대구광역시 수성구 신매동,경상사고,0,0,1,0,차대차 - 추돌,안전운전불이행,건조,맑음,단일로 - 기타,승용,남,47세,상해없음,승합,여,32세,경상
2016080500100459,2016년 8월 5일 18시,금요일,대구광역시 달서구 송현동,경상사고,0,0,2,0,차대차 - 측면충돌,안전운전불이행,건조,맑음,교차로 - 교차로부근,승용,여,58세,상해없음,이륜,남,18세,경상
2016080500100497,2016년 8월 5일 19시,금요일,대구광역시 북구 동천동,중상사고,0,1,0,0,차대차 - 측면충돌,기타,건조,맑음,교차로 - 교차로안,원동기,남,16세,중상,승용,남,47세,상해없음
2016080500100526,2016년 8월 5일 20시,금요일,대구광역시 달서구 장동,중상사고,0,1,0,0,차대차 - 추돌,안전운전불이행,건조,맑음,단일로 - 기타,이륜,남,65세,중상,화물,남,43세,기타불명
2016080500100557,2016년 8월 5일 21시,금요일,대구광역시 서구 평리동,경상사고,0,0,1,0,차대차 - 측면직각충돌,안전거리미확보,건조,맑음,교차로 - 교차로안,기타불명,기타불명,기타불명,기타불명,승용,남,48세,경상
2016080500100558,2016년 8월 5일 21시,금요일,대구광역시 달서구 두류동,중상사고,0,2,0,0,차대사람 - 횡단중,신호위반,건조,맑음,단일로 - 기타,이륜,남,17세,상해없음,보행자,남,40세,중상
2016080500100598,2016년 8월 5일 23시,금요일,대구광역시 수성구 지산동,중상사고,0,3,0,0,차대차 - 측면충돌,안전운전불이행,건조,맑음,단일로 - 기타,승용,남,27세,상해없음,승용,남,36세,중상
2016080600100019,2016년 8월 6일 00시,토요일,대구광역시 남구 봉덕동,경상사고,0,0,2,0,차대차 - 측면직각충돌,직진우회전진행방해,건조,맑음,교차로 - 교차로안,승용,남,59세,상해없음,승용,남,62세,상해없음
2016080600100020,2016년 8월 6일 00시,토요일,대구광역시 북구 구암동,경상사고,0,0,2,0,차대차 - 추돌,안전거리미확보,건조,맑음,단일로 - 기타,승용,남,30세,기타불명,승용,남,30세,경상
2016080600100065,2016년 8월 6일 04시,토요일,대구광역시 서구 내당동,경상사고,0,0,2,0,차대차 - 측면직각충돌,신호위반,건조,맑음,교차로 - 교차로안,승용,남,23세,상해없음,승용,남,24세,경상
2016080600100165,2016년 8월 6일 10시,토요일,대구광역시 달성군 화원읍,경상사고,0,0,2,0,차대차 - 측면직각충돌,안전운전불이행,건조,맑음,교차로 - 교차로안,승용,남,56세,경상,승용,남,79세,경상
2016080600100166,2016년 8월 6일 10시,토요일,대구광역시 중구 대봉동,경상사고,0,0,1,0,차대차 - 정면충돌,안전운전불이행,습기,맑음,교차로 - 교차로부근,화물,여,58세,기타불명,이륜,남,23세,경상
2016080600100167,2016년 8월 6일 10시,토요일,대구광역시 달서구 장기동,부상신고사고,0,0,0,1,차대차 - 기타,안전운전불이행,건조,맑음,단일로 - 기타,자전거,남,19세,부상신고,승용,남,53세,상해없음
2016080600100168,2016년 8월 6일 10시,토요일,대구광역시 달서구 본리동,경상사고,0,0,3,0,차대차 - 추돌,안전운전불이행,건조,맑음,단일로 - 기타,승용,여,55세,경상,승용,여,29세,경상
2016080600100198,2016년 8월 6일 11시,토요일,대구광역시 북구 조야동,중상사고,0,2,1,0,차대차 - 추돌,안전운전불이행,건조,맑음,단일로 - 기타,승용,남,22세,상해없음,승용,여,31세,중상
2016080600100201,2016년 8월 6일 11시,토요일,대구광역시 동구 신천동,경상사고,0,0,2,0,차대차 - 추돌,안전운전불이행,건조,맑음,교차로 - 교차로안,화물,남,50세,상해없음,승용,남,41세,경상
2016080600100202,2016년 8월 6일 11시,토요일,대구광역시 달성군 옥포면,경상사고,0,0,1,0,차대차 - 정면충돌,과속,건조,맑음,단일로 - 기타,특수,남,36세,상해없음,승용,남,63세,경상
2016080600100265,2016년 8월 6일 13시,토요일,대구광역시 수성구 지산동,중상사고,0,2,0,0,차대사람 - 횡단중,보행자보호의무위반,건조,맑음,교차로 - 교차로부근,승용,여,32세,상해없음,보행자,여,13세,중상
2016080600100266,2016년 8월 6일 13시,토요일,대구광역시 수성구 중동,중상사고,0,1,0,0,차대차 - 기타,안전운전불이행,건조,맑음,기타 - 기타,승용,남,49세,상해없음,자전거,여,62세,중상
2016080600100267,2016년 8월 6일 13시,토요일,대구광역시 중구 동성로2가,경상사고,0,0,1,0,차대사람 - 횡단중,안전운전불이행,건조,맑음,단일로 - 기타,승용,남,35세,상해없음,보행자,남,50세,경상
2016080600100268,2016년 8월 6일 13시,토요일,대구광역시 중구 동인동2가,부상신고사고,0,0,0,1,차대차 - 측면직각충돌,중앙선침범,건조,맑음,기타 - 기타,자전거,남,73세,부상신고,화물,남,29세,상해없음
2016080600100269,2016년 8월 6일 13시,토요일,대구광역시 달서구 송현동,경상사고,0,0,2,0,차대차 - 기타,안전운전불이행,건조,맑음,단일로 - 기타,승용,남,59세,상해없음,승용,남,26세,경상
2016080600100303,2016년 8월 6일 14시,토요일,대구광역시 달서구 성당동,경상사고,0,0,1,0,차대차 - 측면직각충돌,안전운전불이행,건조,맑음,단일로 - 기타,승용,여,66세,상해없음,이륜,남,17세,경상
2016080600100334,2016년 8월 6일 15시,토요일,대구광역시 달성군 구지면,중상사고,0,2,1,0,차대차 - 측면직각충돌,안전운전불이행,건조,맑음,교차로 - 교차로안,승용,남,25세,상해없음,승용,여,44세,중상
2016080600100335,2016년 8월 6일 15시,토요일,대구광역시 북구 산격동,경상사고,0,0,4,0,차대차 - 측면충돌,안전운전불이행,건조,맑음,교차로 - 교차로부근,승용,여,43세,상해없음,승용,남,47세,경상
2016080600100365,2016년 8월 6일 16시,토요일,대구광역시 달성군 다사읍,경상사고,0,0,1,0,차대사람 - 횡단중,신호위반,건조,맑음,교차로 - 교차로안,승용,여,50세,상해없음,보행자,여,35세,경상
2016080600100392,2016년 8월 6일 17시,토요일,대구광역시 남구 대명동,경상사고,0,0,2,0,차대차 - 기타,안전운전불이행,건조,맑음,단일로 - 기타,승용,남,25세,상해없음,원동기,남,18세,경상
2016080600100393,2016년 8월 6일 17시,토요일,대구광역시 중구 덕산동,중상사고,0,1,0,0,차대차 - 추돌,안전거리미확보,건조,맑음,단일로 - 기타,승용,남,43세,상해없음,이륜,남,33세,중상
2016080600100394,2016년 8월 6일 17시,토요일,대구광역시 달서구 신당동,중상사고,0,1,0,0,차대차 - 측면직각충돌,안전거리미확보,건조,맑음,단일로 - 기타,화물,남,55세,상해없음,이륜,남,17세,중상
2016080600100417,2016년 8월 6일 18시,토요일,대구광역시 달서구 진천동,중상사고,0,1,1,0,차대차 - 측면충돌,교차로운행방법위반,건조,맑음,교차로 - 교차로안,자전거,남,16세,경상,이륜,남,42세,중상
2016080600100449,2016년 8월 6일 19시,토요일,대구광역시 수성구 상동,경상사고,0,0,1,0,차대차 - 측면충돌,안전거리미확보,건조,맑음,단일로 - 기타,승용,남,57세,상해없음,원동기,남,49세,경상
2016080600100450,2016년 8월 6일 19시,토요일,대구광역시 중구 동인동1가,부상신고사고,0,0,0,1,차대차 - 기타,안전운전불이행,건조,맑음,교차로 - 교차로부근,이륜,남,62세,부상신고,승합,남,67세,상해없음
2016080600100474,2016년 8월 6일 20시,토요일,대구광역시 수성구 매호동,중상사고,0,1,0,0,차대사람 - 횡단중,안전운전불이행,건조,맑음,단일로 - 기타,이륜,남,26세,상해없음,보행자,여,59세,중상
2016080600100475,2016년 8월 6일 20시,토요일,대구광역시 수성구 범어동,부상신고사고,0,0,0,1,차대사람 - 기타,안전운전불이행,건조,맑음,단일로 - 기타,승합,남,39세,상해없음,보행자,남,50세,부상신고
2016080600100476,2016년 8월 6일 20시,토요일,대구광역시 북구 침산동,중상사고,0,1,0,0,차대차 - 측면충돌,안전운전불이행,건조,맑음,단일로 - 횡단보도상,승용,남,45세,상해없음,자전거,여,59세,중상
2016080600100477,2016년 8월 6일 20시,토요일,대구광역시 북구 산격동,경상사고,0,0,2,0,차대차 - 측면충돌,안전거리미확보,건조,맑음,단일로 - 기타,승용,남,61세,상해없음,원동기,남,49세,경상
2016080600100478,2016년 8월 6일 20시,토요일,대구광역시 달서구 성당동,중상사고,0,1,1,0,차대차 - 측면충돌,기타,건조,맑음,교차로 - 교차로안,승용,남,46세,상해없음,승용,남,26세,중상
2016080600100479,2016년 8월 6일 20시,토요일,대구광역시 북구 관음동,경상사고,0,0,1,0,차대사람 - 횡단중,안전운전불이행,건조,맑음,단일로 - 기타,승용,남,47세,상해없음,보행자,남,58세,경상
2016080600100535,2016년 8월 6일 22시,토요일,대구광역시 달성군 화원읍,중상사고,0,1,0,0,차대사람 - 횡단중,안전운전불이행,건조,맑음,교차로 - 교차로부근,승용,남,30세,상해없음,보행자,남,85세,중상
2016080600100536,2016년 8월 6일 22시,토요일,대구광역시 서구 비산동,부상신고사고,0,0,0,1,차량단독 - 공작물충돌,안전운전불이행,건조,맑음,단일로 - 기타,승용,남,62세,부상신고,,,,
2016080600100537,2016년 8월 6일 22시,토요일,대구광역시 달서구 두류동,경상사고,0,0,2,0,차대사람 - 기타,안전운전불이행,건조,맑음,단일로 - 기타,승용,남,49세,상해없음,보행자,남,24세,경상
2016080600100553,2016년 8월 6일 23시,토요일,대구광역시 수성구 대흥동,부상신고사고,0,0,0,5,차대차 - 기타,안전거리미확보,건조,맑음,단일로 - 기타,승용,남,60세,상해없음,승용,남,47세,부상신고
2016080600100554,2016년 8월 6일 23시,토요일,대구광역시 달서구 용산동,경상사고,0,0,2,0,차대차 - 기타,안전운전불이행,건조,맑음,단일로 - 기타,승용,여,33세,상해없음,이륜,남,21세,경상
2016080700100011,2016년 8월 7일 00시,일요일,대구광역시 달서구 상인동,경상사고,0,0,2,0,차대차 - 측면직각충돌,직진우회전진행방해,건조,맑음,교차로 - 교차로안,승용,남,33세,상해없음,승용,남,49세,경상
2016080700100027,2016년 8월 7일 01시,일요일,대구광역시 중구 남산동,경상사고,0,0,1,0,차대차 - 추돌,안전운전불이행,건조,맑음,교차로 - 교차로부근,승용,남,36세,상해없음,승용,남,70세,경상
2016080700100042,2016년 8월 7일 02시,일요일,대구광역시 북구 노원동2가,중상사고,0,1,0,0,차대차 - 기타,안전거리미확보,건조,맑음,교차로 - 교차로부근,승용,남,51세,상해없음,이륜,남,31세,중상
2016080700100079,2016년 8월 7일 07시,일요일,대구광역시 남구 대명동,경상사고,0,0,4,0,차대차 - 추돌,안전운전불이행,건조,맑음,단일로 - 기타,승용,남,23세,상해없음,승합,남,45세,경상
2016080700100080,2016년 8월 7일 07시,일요일,대구광역시 동구 신기동,경상사고,0,0,1,0,차대차 - 측면충돌,안전운전불이행,건조,맑음,교차로 - 교차로안,화물,남,42세,상해없음,승용,남,57세,경상
2016080700100081,2016년 8월 7일 07시,일요일,대구광역시 달서구 성당동,중상사고,0,1,1,0,차대차 - 기타,안전운전불이행,건조,맑음,교차로 - 교차로부근,승용,여,69세,중상,승용,남,40세,경상
2016080700100104,2016년 8월 7일 09시,일요일,대구광역시 수성구 두산동,경상사고,0,0,1,0,차대차 - 기타,안전운전불이행,건조,맑음,단일로 - 기타,원동기,여,24세,기타불명,자전거,여,25세,경상
2016080700100140,2016년 8월 7일 11시,일요일,대구광역시 수성구 만촌동,경상사고,0,0,1,0,차대차 - 추돌,안전운전불이행,건조,맑음,교차로 - 교차로부근,승용,남,75세,상해없음,화물,남,34세,경상
2016080700100141,2016년 8월 7일 11시,일요일,대구광역시 달서구 용산동,중상사고,0,1,1,0,차대차 - 측면충돌,안전운전불이행,건조,맑음,교차로 - 교차로부근,승용,여,25세,경상,승용,여,55세,중상
2016080700100160,2016년 8월 7일 12시,일요일,대구광역시 남구 대명동,경상사고,0,0,2,0,차대차 - 기타,안전운전불이행,건조,맑음,교차로 - 교차로안,승용,남,60세,상해없음,승용,남,38세,경상
2016080700100161,2016년 8월 7일 12시,일요일,대구광역시 북구 팔달동,중상사고,0,1,0,0,차대차 - 측면충돌,안전운전불이행,건조,맑음,단일로 - 기타,승용,남,62세,상해없음,화물,남,47세,중상
2016080700100187,2016년 8월 7일 13시,일요일,대구광역시 수성구 성동,중상사고,0,1,0,0,차대차 - 기타,안전운전불이행,건조,맑음,단일로 - 기타,자전거,남,55세,중상,승용,남,47세,상해없음
2016080700100188,2016년 8월 7일 13시,일요일,대구광역시 달서구 상인동,경상사고,0,0,1,0,차대차 - 측면직각충돌,안전운전불이행,건조,맑음,교차로 - 교차로안,원동기,남,18세,경상,승용,여,44세,상해없음
2016080700100211,2016년 8월 7일 14시,일요일,대구광역시 수성구 두산동,중상사고,0,1,1,0,차대차 - 측면충돌,기타,건조,맑음,단일로 - 기타,승용,여,63세,상해없음,이륜,남,38세,중상
2016080700100212,2016년 8월 7일 14시,일요일,대구광역시 서구 비산동,중상사고,0,1,0,0,차대차 - 측면충돌,안전운전불이행,건조,맑음,단일로 - 기타,화물,남,66세,상해없음,이륜,남,56세,중상
2016080700100213,2016년 8월 7일 14시,일요일,대구광역시 서구 이현동,경상사고,0,0,2,0,차대차 - 정면충돌,교차로운행방법위반,습기,비,교차로 - 교차로안,승용,남,44세,상해없음,승용,남,59세,경상
2016080700100237,2016년 8월 7일 15시,일요일,대구광역시 달서구 감삼동,경상사고,0,0,1,0,차대차 - 기타,안전운전불이행,건조,맑음,단일로 - 기타,승용,남,67세,상해없음,승합,남,66세,상해없음
2016080700100260,2016년 8월 7일 16시,일요일,대구광역시 북구 침산동,경상사고,0,0,2,0,차대차 - 측면직각충돌,안전운전불이행,건조,맑음,교차로 - 교차로부근,승용,남,53세,상해없음,승용,여,25세,경상
2016080700100261,2016년 8월 7일 16시,일요일,대구광역시 서구 비산동,경상사고,0,0,4,1,차대차 - 기타,안전거리미확보,건조,맑음,단일로 - 기타,승용,여,53세,상해없음,승용,남,46세,경상
2016080700100293,2016년 8월 7일 17시,일요일,대구광역시 북구 고성동2가,경상사고,0,0,1,0,차대차 - 측면충돌,안전운전불이행,건조,맑음,단일로 - 기타,승용,남,31세,상해없음,원동기,남,18세,경상
2016080700100318,2016년 8월 7일 18시,일요일,대구광역시 수성구 범어동,중상사고,0,1,1,0,차대차 - 측면직각충돌,교차로운행방법위반,건조,맑음,교차로 - 교차로안,승용,남,70세,상해없음,승용,남,53세,경상
2016080700100334,2016년 8월 7일 19시,일요일,대구광역시 북구 태전동,경상사고,0,0,1,0,차대차 - 측면충돌,안전운전불이행,건조,맑음,단일로 - 기타,승용,남,59세,상해없음,이륜,남,18세,경상
2016080700100356,2016년 8월 7일 20시,일요일,대구광역시 남구 대명동,부상신고사고,0,0,0,1,차대사람 - 기타,안전운전불이행,건조,맑음,단일로 - 기타,기타불명,기타불명,기타불명,기타불명,보행자,남,43세,부상신고
2016080700100357,2016년 8월 7일 20시,일요일,대구광역시 달서구 성당동,중상사고,0,1,0,0,차대차 - 측면직각충돌,안전운전불이행,건조,흐림,단일로 - 횡단보도상,승용,남,27세,상해없음,자전거,남,50세,중상
2016080800100023,2016년 8월 8일 02시,월요일,대구광역시 달서구 성당동,경상사고,0,0,1,0,차대차 - 추돌,안전운전불이행,건조,맑음,교차로 - 교차로부근,이륜,남,23세,경상,승용,남,59세,상해없음
2016080800100071,2016년 8월 8일 07시,월요일,대구광역시 중구 동인동3가,부상신고사고,0,0,0,1,차대사람 - 횡단중,안전운전불이행,건조,맑음,교차로 - 교차로부근,기타불명,기타불명,기타불명,기타불명,보행자,여,72세,부상신고
2016080800100106,2016년 8월 8일 08시,월요일,대구광역시 달서구 감삼동,경상사고,0,0,1,0,차대차 - 측면충돌,안전운전불이행,건조,맑음,단일로 - 기타,승용,남,70세,상해없음,승용,남,38세,경상
2016080800100107,2016년 8월 8일 08시,월요일,대구광역시 달서구 죽전동,경상사고,0,0,1,0,차대차 - 측면직각충돌,교차로운행방법위반,건조,맑음,교차로 - 교차로안,승용,여,58세,상해없음,이륜,남,21세,경상