사고번호,사고일시,요일,시군구,사고내용,사망자수,중상자수,경상자수,부상신고자수,사고유형,법규위반,노면상태,기상상태,도로형태,가해운전자 차종,가해운전자 성별,가해운전자 연령,가해운전자 상해정도,피해운전자 차종,피해운전자 성별,피해운전자 연령,피해운전자 상해정도
2016081200100222,2016년 8월 12일 11시,금요일,대구광역시 남구 이천동,중상사고,0,1,0,0,차대차 - 기타,교차로운행방법위반,건조,맑음,단일로 - 기타,승합,남,41세,상해없음,이륜,남,74세,중상
2016081200100223,2016년 8월 12일 11시,금요일,대구광역시 남구 이천동,경상사고,0,0,1,0,차대차 - 기타,안전운전불이행,건조,맑음,단일로 - 기타,승용,남,52세,상해없음,이륜,남,57세,경상
2016081200100224,2016년 8월 12일 11시,금요일,대구광역시 달서구 상인동,경상사고,0,0,2,0,차대차 - 측면직각충돌,교차로운행방법위반,건조,맑음,교차로 - 교차로안,승용,여,47세,경상,건설기계,남,58세,경상
2016081200100225,2016년 8월 12일 11시,금요일,대구광역시 달서구 송현동,중상사고,0,1,0,0,차대차 - 기타,교차로운행방법위반,건조,맑음,단일로 - 기타,승용,여,61세,상해없음,승합,남,50세,상해없음
2016081200100296,2016년 8월 12일 13시,금요일,대구광역시 남구 대명동,중상사고,0,1,0,0,차대차 - 측면직각충돌,교차로운행방법위반,건조,맑음,교차로 - 교차로안,승용,남,41세,상해없음,원동기,남,28세,중상
2016081200100297,2016년 8월 12일 13시,금요일,대구광역시 서구 비산동,경상사고,0,0,1,0,차대차 - 측면직각충돌,안전운전불이행,건조,맑음,교차로 - 교차로안,원동기,남,26세,경상,승합,여,41세,상해없음
2016081200100298,2016년 8월 12일 13시,금요일,대구광역시 달서구 성당동,중상사고,0,1,0,0,차대차 - 추돌,안전운전불이행,건조,맑음,단일로 - 기타,이륜,남,40세,중상,승용,남,57세,상해없음
2016081200100327,2016년 8월 12일 14시,금요일,대구광역시 달서구 대곡동,경상사고,0,0,2,0,차대차 - 측면충돌,교차로운행방법위반,건조,맑음,교차로 - 교차로안,승용,여,49세,상해없음,승용,남,61세,경상
2016081200100328,2016년 8월 12일 14시,금요일,대구광역시 서구 원대동3가,경상사고,0,0,1,0,차대차 - 측면직각충돌,안전운전불이행,건조,맑음,교차로 - 교차로부근,자전거,남,10세,경상,승용,여,31세,상해없음
2016081200100356,2016년 8월 12일 15시,금요일,대구광역시 북구 노원동3가,경상사고,0,0,1,0,차대차 - 측면충돌,안전운전불이행,건조,맑음,단일로 - 기타,승합,남,56세,상해없음,승용,여,37세,경상
2016081200100389,2016년 8월 12일 16시,금요일,대구광역시 달서구 도원동,경상사고,0,0,1,0,차대차 - 측면충돌,신호위반,건조,맑음,교차로 - 교차로안,승용,남,34세,상해없음,원동기,남,26세,경상
2016081200100390,2016년 8월 12일 16시,금요일,대구광역시 북구 관음동,부상신고사고,0,0,0,1,차대차 - 측면직각충돌,안전운전불이행,건조,맑음,교차로 - 교차로부근,승용,여,62세,부상신고,승용,남,59세,상해없음
2016081200100434,2016년 8월 12일 17시,금요일,대구광역시 동구 신천동,부상신고사고,0,0,0,1,차대사람 - 횡단중,안전운전불이행,건조,맑음,단일로 - 기타,원동기,기타불명,기타불명,기타불명,보행자,여,64세,부상신고
2016081200100435,2016년 8월 12일 17시,금요일,대구광역시 동구 봉무동,경상사고,0,0,1,0,차대차 - 기타,안전운전불이행,건조,맑음,교차로 - 교차로부근,승용,여,65세,상해없음,승용,여,29세,경상
2016081200100436,2016년 8월 12일 17시,금요일,대구광역시 수성구 수성동1가,중상사고,0,1,0,0,차대차 - 기타,안전거리미확보,건조,맑음,단일로 - 기타,승용,남,52세,상해없음,이륜,남,40세,중상
2016081200100437,2016년 8월 12일 17시,금요일,대구광역시 달서구 대곡동,경상사고,0,0,1,0,차대차 - 추돌,안전운전불이행,건조,맑음,교차로 - 교차로부근,화물,남,57세,상해없음,승용,남,46세,상해없음
2016081200100438,2016년 8월 12일 17시,금요일,대구광역시 달서구 월성동,경상사고,0,0,1,0,차대차 - 추돌,안전운전불이행,건조,맑음,단일로 - 기타,승용,남,64세,상해없음,승합,여,34세,경상
2016081200100439,2016년 8월 12일 17시,금요일,대구광역시 서구 이현동,경상사고,0,0,1,0,차대차 - 측면직각충돌,신호위반,건조,맑음,단일로 - 횡단보도상,승용,남,74세,상해없음,이륜,남,62세,경상
2016081200100440,2016년 8월 12일 17시,금요일,대구광역시 달서구 이곡동,경상사고,0,0,2,0,차대차 - 추돌,안전운전불이행,건조,맑음,교차로 - 교차로부근,승용,여,40세,기타불명,승용,여,20세,경상
2016081200100489,2016년 8월 12일 18시,금요일,대구광역시 수성구 황금동,경상사고,0,0,1,0,차대사람 - 길가장자리구역통행중,안전운전불이행,건조,맑음,단일로 - 기타,승용,여,45세,상해없음,보행자,남,20세,경상
2016081200100534,2016년 8월 12일 19시,금요일,대구광역시 동구 율하동,경상사고,0,0,1,0,차대차 - 측면직각충돌,교차로운행방법위반,건조,맑음,교차로 - 교차로안,화물,남,56세,상해없음,승용,여,56세,경상
2016081200100535,2016년 8월 12일 19시,금요일,대구광역시 달성군 화원읍,경상사고,0,0,2,0,차대차 - 정면충돌,안전운전불이행,건조,맑음,교차로 - 교차로부근,승용,남,52세,상해없음,원동기,남,19세,경상
2016081200100583,2016년 8월 12일 20시,금요일,대구광역시 수성구 범어동,중상사고,0,1,0,0,차대차 - 측면충돌,안전운전불이행,건조,맑음,단일로 - 기타,승용,남,68세,상해없음,이륜,남,61세,중상
2016081200100584,2016년 8월 12일 20시,금요일,대구광역시 달서구 월성동,중상사고,0,1,1,0,차대차 - 정면충돌,중앙선침범,건조,맑음,단일로 - 기타,이륜,남,47세,중상,이륜,남,25세,경상
2016081200100585,2016년 8월 12일 20시,금요일,대구광역시 달서구 장동,중상사고,0,1,0,0,차대사람 - 횡단중,보행자보호의무위반,건조,맑음,단일로 - 기타,승용,남,22세,상해없음,보행자,남,27세,중상
2016081200100586,2016년 8월 12일 20시,금요일,대구광역시 달서구 용산동,경상사고,0,0,2,1,차대차 - 기타,안전거리미확보,건조,맑음,단일로 - 기타,승용,여,27세,경상,승용,남,52세,경상
2016081200100587,2016년 8월 12일 20시,금요일,대구광역시 북구 동천동,경상사고,0,0,3,0,차대차 - 추돌,안전운전불이행,건조,맑음,교차로 - 교차로부근,승용,남,25세,상해없음,승용,남,26세,경상
2016081200100619,2016년 8월 12일 21시,금요일,대구광역시 서구 비산동,중상사고,0,1,0,0,차대차 - 측면충돌,불법유턴,건조,맑음,교차로 - 교차로안,자전거,남,16세,중상,승용,남,63세,상해없음
2016081200100654,2016년 8월 12일 22시,금요일,대구광역시 북구 태전동,경상사고,0,0,1,0,차대차 - 추돌,안전운전불이행,건조,맑음,단일로 - 기타,승용,여,51세,상해없음,이륜,남,21세,경상
2016081200100677,2016년 8월 12일 23시,금요일,대구광역시 달성군 화원읍,경상사고,0,0,1,0,차대사람 - 횡단중,안전운전불이행,건조,맑음,단일로 - 기타,승용,남,60세,상해없음,보행자,여,46세,경상
2016081300100014,2016년 8월 13일 00시,토요일,대구광역시 수성구 두산동,부상신고사고,0,0,0,1,차대사람 - 횡단중,안전운전불이행,건조,맑음,단일로 - 기타,승용,남,42세,상해없음,보행자,남,48세,부상신고
2016081300100015,2016년 8월 13일 00시,토요일,대구광역시 달서구 죽전동,경상사고,0,0,1,0,차대사람 - 기타,안전운전불이행,건조,맑음,단일로 - 기타,승용,남,25세,상해없음,보행자,남,49세,경상
2016081300100068,2016년 8월 13일 03시,토요일,대구광역시 서구 중리동,중상사고,0,1,0,0,차대사람 - 횡단중,안전운전불이행,건조,맑음,단일로 - 기타,승용,남,63세,상해없음,보행자,남,15세,중상
2016081300100089,2016년 8월 13일 05시,토요일,대구광역시 수성구 황금동,경상사고,0,0,1,0,차대차 - 측면충돌,안전운전불이행,건조,맑음,단일로 - 기타,승용,남,30세,상해없음,자전거,남,64세,경상
2016081300100126,2016년 8월 13일 07시,토요일,대구광역시 북구 노원동1가,중상사고,0,1,0,0,차대사람 - 횡단중,안전운전불이행,건조,맑음,교차로 - 교차로부근,승용,여,41세,상해없음,보행자,여,69세,중상
2016081300100127,2016년 8월 13일 07시,토요일,대구광역시 북구 팔달동,경상사고,0,0,1,0,차대차 - 측면충돌,안전운전불이행,건조,맑음,단일로 - 기타,화물,남,56세,상해없음,승용,여,64세,경상
2016081300100153,2016년 8월 13일 08시,토요일,대구광역시 서구 중리동,부상신고사고,0,0,0,1,차대차 - 측면직각충돌,신호위반,건조,맑음,교차로 - 교차로안,이륜,남,24세,부상신고,화물,남,62세,상해없음
2016081300100178,2016년 8월 13일 09시,토요일,대구광역시 수성구 상동,중상사고,0,1,1,0,차대차 - 추돌,안전운전불이행,건조,맑음,교차로 - 교차로부근,승용,남,24세,상해없음,승용,여,43세,중상
2016081300100179,2016년 8월 13일 09시,토요일,대구광역시 달서구 상인동,부상신고사고,0,0,0,1,차대사람 - 차도통행중,안전운전불이행,건조,맑음,단일로 - 횡단보도부근,기타불명,기타불명,기타불명,기타불명,보행자,여,19세,부상신고
2016081300100213,2016년 8월 13일 10시,토요일,대구광역시 중구 공평동,부상신고사고,0,0,0,1,차대차 - 추돌,안전운전불이행,건조,맑음,교차로 - 교차로부근,이륜,남,27세,부상신고,승용,남,69세,상해없음
2016081300100214,2016년 8월 13일 10시,토요일,대구광역시 북구 관음동,경상사고,0,0,3,0,차대차 - 측면충돌,교차로운행방법위반,건조,맑음,교차로 - 교차로안,승용,남,67세,상해없음,승용,남,39세,경상
2016081300100250,2016년 8월 13일 11시,토요일,대구광역시 달서구 진천동,경상사고,0,0,2,0,차대차 - 측면충돌,신호위반,건조,맑음,교차로 - 교차로안,승용,여,42세,상해없음,승용,여,38세,경상
2016081300100251,2016년 8월 13일 11시,토요일,대구광역시 달서구 성당동,경상사고,0,0,1,0,차대차 - 측면충돌,안전운전불이행,건조,맑음,교차로 - 교차로부근,화물,남,60세,상해없음,승용,남,37세,경상
2016081300100314,2016년 8월 13일 13시,토요일,대구광역시 달성군 화원읍,중상사고,0,1,0,0,차대차 - 추돌,안전운전불이행,건조,맑음,단일로 - 기타,건설기계,남,58세,상해없음,화물,남,25세,중상
2016081300100318,2016년 8월 13일 13시,토요일,대구광역시 북구 칠성동2가,경상사고,0,0,2,0,차대차 - 측면충돌,안전운전불이행,건조,맑음,교차로 - 교차로부근,승용,남,66세,상해없음,승용,남,49세,경상
2016081300100319,2016년 8월 13일 13시,토요일,대구광역시 달서구 용산동,경상사고,0,0,2,0,차대차 - 기타,안전거리미확보,건조,맑음,단일로 - 기타,승용,남,32세,경상,승용,남,66세,경상
2016081300100356,2016년 8월 13일 14시,토요일,대구광역시 동구 용계동,중상사고,0,1,0,0,차대사람 - 횡단중,신호위반,건조,맑음,단일로 - 기타,승용,남,26세,상해없음,보행자,남,14세,중상
2016081300100357,2016년 8월 13일 14시,토요일,대구광역시 서구 내당동,중상사고,0,1,0,0,차대차 - 측면충돌,신호위반,건조,맑음,교차로 - 교차로안,승용,여,57세,상해없음,이륜,남,34세,중상
2016081300100389,2016년 8월 13일 15시,토요일,대구광역시 수성구 범어동,경상사고,0,0,1,0,차대사람 - 횡단중,불법유턴,건조,맑음,단일로 - 기타,화물,남,53세,상해없음,보행자,여,14세,경상
2016081300100425,2016년 8월 13일 16시,토요일,대구광역시 북구 침산동,부상신고사고,0,0,0,1,차량단독 - 기타,안전운전불이행,건조,맑음,단일로 - 기타,원동기,남,19세,부상신고,,,,
2016081300100426,2016년 8월 13일 16시,토요일,대구광역시 북구 침산동,경상사고,0,0,2,0,차대차 - 측면직각충돌,안전거리미확보,건조,맑음,단일로 - 기타,특수,남,46세,상해없음,승용,여,47세,경상
2016081300100468,2016년 8월 13일 17시,토요일,대구광역시 달성군 다사읍,경상사고,0,0,2,0,차대차 - 측면직각충돌,안전운전불이행,건조,맑음,교차로 - 교차로안,승용,남,28세,상해없음,이륜,남,19세,경상
2016081300100469,2016년 8월 13일 17시,토요일,대구광역시 북구 구암동,부상신고사고,0,0,0,1,차대차 - 측면충돌,교차로운행방법위반,건조,맑음,교차로 - 교차로안,승용,여,37세,상해없음,이륜,남,22세,부상신고
2016081300100513,2016년 8월 13일 18시,토요일,대구광역시 달서구 성당동,경상사고,0,0,1,0,차대차 - 측면충돌,안전거리미확보,건조,맑음,교차로 - 교차로안,승용,남,62세,상해없음,승용,남,35세,경상
2016081300100537,2016년 8월 13일 19시,토요일,대구광역시 수성구 시지동,경상사고,0,0,1,0,차대차 - 추돌,안전거리미확보,건조,맑음,단일로 - 기타,이륜,남,26세,상해없음,승용,남,61세,경상
2016081300100538,2016년 8월 13일 19시,토요일,대구광역시 북구 침산동,부상신고사고,0,0,0,1,차대차 - 추돌,안전운전불이행,건조,맑음,단일로 - 기타,이륜,남,17세,부상신고,승용,남,49세,상해없음
2016081300100575,2016년 8월 13일 20시,토요일,대구광역시 달서구 상인동,경상사고,0,0,1,0,차대차 - 추돌,안전운전불이행,건조,맑음,단일로 - 기타,승용,남,60세,상해없음,승용,남,26세,경상
2016081300100604,2016년 8월 13일 21시,토요일,대구광역시 달서구 진천동,경상사고,0,0,2,0,차대사람 - 횡단중,안전운전불이행,건조,맑음,교차로 - 교차로부근,승용,남,54세,상해없음,보행자,남,17세,경상
2016081300100605,2016년 8월 13일 21시,토요일,대구광역시 북구 침산동,중상사고,0,1,0,0,차대차 - 측면충돌,신호위반,건조,맑음,단일로 - 횡단보도상,승용,남,63세,상해없음,자전거,남,32세,중상
2016081300100637,2016년 8월 13일 22시,토요일,대구광역시 달서구 두류동,부상신고사고,0,0,0,1,차대차 - 기타,안전운전불이행,건조,맑음,기타 - 기타,기타불명,기타불명,기타불명,기타불명,이륜,남,45세,부상신고
2016081300100638,2016년 8월 13일 22시,토요일,대구광역시 북구 동호동,중상사고,0,1,0,1,차대차 - 측면충돌,교차로운행방법위반,건조,맑음,교차로 - 교차로안,승용,여,32세,부상신고,승용,여,50세,중상
2016081300100669,2016년 8월 13일 23시,토요일,대구광역시 달서구 이곡동,경상사고,0,0,1,0,차대차 - 기타,차로위반,건조,맑음,단일로 - 기타,승용,남,27세,상해없음,이륜,남,19세,경상
2016081400100031,2016년 8월 14일 01시,일요일,대구광역시 동구 효목동,경상사고,0,0,1,0,차대차 - 추돌,안전운전불이행,건조,맑음,교차로 - 교차로부근,승용,남,57세,상해없음,승용,남,64세,경상
2016081400100053,2016년 8월 14일 03시,일요일,대구광역시 달서구 상인동,경상사고,0,0,1,0,차대차 - 측면충돌,안전운전불이행,건조,맑음,교차로 - 교차로부근,승용,남,23세,상해없음,승용,남,20세,경상
2016081400100064,2016년 8월 14일 04시,일요일,대구광역시 중구 삼덕동1가,경상사고,0,0,1,0,차대사람 - 기타,안전운전불이행,건조,맑음,단일로 - 기타,승용,남,42세,상해없음,보행자,남,23세,경상
2016081400100065,2016년 8월 14일 04시,일요일,대구광역시 달서구 두류동,경상사고,0,0,2,0,차대차 - 기타,안전운전불이행,건조,맑음,단일로 - 기타,이륜,남,17세,경상,승용,남,37세,상해없음
2016081400100075,2016년 8월 14일 05시,일요일,대구광역시 달서구 월성동,경상사고,0,0,1,0,차대차 - 기타,신호위반,건조,맑음,교차로 - 교차로안,자전거,남,13세,경상,화물,남,59세,상해없음
2016081400100126,2016년 8월 14일 09시,일요일,대구광역시 수성구 범물동,경상사고,0,0,1,0,차대사람 - 차도통행중,안전운전불이행,건조,맑음,단일로 - 기타,승용,남,53세,상해없음,보행자,여,47세,경상
2016081400100127,2016년 8월 14일 09시,일요일,대구광역시 달성군 논공읍,중상사고,0,1,0,0,차대차 - 추돌,안전운전불이행,건조,맑음,단일로 - 기타,승용,남,64세,상해없음,원동기,남,79세,중상
2016081400100179,2016년 8월 14일 11시,일요일,대구광역시 달서구 진천동,경상사고,0,0,1,0,차대차 - 측면직각충돌,안전운전불이행,건조,맑음,기타 - 기타,이륜,남,22세,경상,승용,남,33세,상해없음
2016081400100217,2016년 8월 14일 13시,일요일,대구광역시 북구 동천동,경상사고,0,0,2,0,차대차 - 기타,교차로운행방법위반,건조,맑음,교차로 - 교차로안,승용,남,55세,경상,이륜,남,18세,경상
2016081400100246,2016년 8월 14일 14시,일요일,대구광역시 수성구 두산동,경상사고,0,0,1,0,차대차 - 기타,안전운전불이행,건조,맑음,단일로 - 횡단보도상,기타불명,기타불명,기타불명,기타불명,자전거,여,74세,경상
2016081400100276,2016년 8월 14일 15시,일요일,대구광역시 달서구 감삼동,경상사고,0,0,1,0,차대차 - 기타,안전운전불이행,건조,맑음,교차로 - 교차로안,승용,남,55세,상해없음,승용,여,19세,경상
2016081400100312,2016년 8월 14일 16시,일요일,대구광역시 달서구 감삼동,경상사고,0,0,1,0,차대차 - 측면직각충돌,안전운전불이행,건조,맑음,단일로 - 기타,이륜,남,24세,경상,승용,남,33세,상해없음
2016081400100347,2016년 8월 14일 17시,일요일,대구광역시 달서구 송현동,경상사고,0,0,2,0,차대차 - 측면충돌,교차로운행방법위반,건조,맑음,교차로 - 교차로안,승용,남,55세,상해없음,승용,여,37세,경상
2016081400100369,2016년 8월 14일 18시,일요일,대구광역시 동구 신암동,중상사고,0,1,0,0,차대차 - 추돌,안전운전불이행,건조,맑음,단일로 - 기타,이륜,남,78세,중상,화물,남,64세,기타불명
2016081400100370,2016년 8월 14일 18시,일요일,대구광역시 수성구 상동,경상사고,0,0,1,0,차대사람 - 보도통행중,안전운전불이행,건조,맑음,단일로 - 기타,자전거,남,47세,상해없음,보행자,여,10세,경상
2016081400100397,2016년 8월 14일 19시,일요일,대구광역시 서구 중리동,경상사고,0,0,1,0,차대차 - 정면충돌,안전거리미확보,건조,맑음,단일로 - 기타,승용,남,73세,상해없음,승용,남,70세,경상
2016081400100423,2016년 8월 14일 20시,일요일,대구광역시 북구 산격동,경상사고,0,0,1,0,차대사람 - 기타,안전운전불이행,건조,맑음,교차로 - 교차로부근,승용,여,25세,상해없음,보행자,여,57세,경상
2016081400100454,2016년 8월 14일 21시,일요일,대구광역시 북구 복현동,경상사고,0,0,1,0,차대차 - 추돌,안전운전불이행,건조,맑음,교차로 - 교차로안,승용,여,34세,상해없음,승용,여,43세,경상
2016081400100476,2016년 8월 14일 22시,일요일,대구광역시 남구 대명동,중상사고,0,1,0,0,차대차 - 측면충돌,교차로운행방법위반,건조,맑음,교차로 - 교차로안,승용,남,51세,상해없음,승용,남,63세,중상
2016081400100477,2016년 8월 14일 22시,일요일,대구광역시 달성군 화원읍,경상사고,0,0,2,0,차대차 - 기타,안전거리미확보,건조,맑음,교차로 - 교차로부근,승용,남,62세,상해없음,승용,여,44세,경상
2016081500100037,2016년 8월 15일 03시,월요일,대구광역시 북구 칠성동2가,경상사고,0,0,1,0,차대차 - 정면충돌,신호위반,건조,맑음,교차로 - 교차로안,승용,남,19세,상해없음,이륜,남,29세,경상
2016081500100051,2016년 8월 15일 05시,월요일,대구광역시 달서구 신당동,중상사고,0,1,0,0,차대차 - 기타,안전운전불이행,건조,맑음,단일로 - 기타,승용,남,55세,상해없음,자전거,남,69세,중상
2016081500100111,2016년 8월 15일 09시,월요일,대구광역시 동구 검사동,경상사고,0,0,1,0,차대사람 - 차도통행중,안전운전불이행,건조,맑음,단일로 - 기타,자전거,남,49세,상해없음,보행자,여,52세,경상
2016081500100112,2016년 8월 15일 09시,월요일,대구광역시 수성구 중동,경상사고,0,0,1,0,차대차 - 정면충돌,교차로운행방법위반,건조,맑음,교차로 - 교차로안,승용,여,33세,상해없음,자전거,남,60세,경상
2016081500100113,2016년 8월 15일 09시,월요일,대구광역시 중구 남산동,경상사고,0,0,1,0,차대차 - 측면직각충돌,안전운전불이행,건조,맑음,단일로 - 기타,승합,남,35세,상해없음,자전거,남,47세,경상
2016081500100134,2016년 8월 15일 10시,월요일,대구광역시 수성구 범어동,경상사고,0,0,1,0,차대차 - 측면충돌,신호위반,건조,맑음,교차로 - 교차로안,승용,여,43세,상해없음,승용,남,37세,경상
2016081500100204,2016년 8월 15일 13시,월요일,대구광역시 달서구 진천동,중상사고,0,1,0,0,차대차 - 측면직각충돌,불법유턴,건조,맑음,교차로 - 교차로안,자전거,남,74세,중상,승용,남,27세,상해없음
2016081500100205,2016년 8월 15일 13시,월요일,대구광역시 중구 남산동,경상사고,0,0,1,0,차대차 - 추돌,중앙선침범,건조,맑음,단일로 - 기타,승용,남,37세,상해없음,승용,여,36세,경상
2016081500100231,2016년 8월 15일 14시,월요일,대구광역시 달성군 논공읍,경상사고,0,0,2,0,차대차 - 추돌,차로위반,건조,맑음,단일로 - 기타,건설기계,남,60세,상해없음,승용,남,32세,경상
2016081500100232,2016년 8월 15일 14시,월요일,대구광역시 서구 내당동,중상사고,0,1,0,0,차대사람 - 횡단중,안전운전불이행,건조,맑음,단일로 - 기타,승용,남,70세,상해없음,보행자,남,60세,중상
2016081500100233,2016년 8월 15일 14시,월요일,대구광역시 달서구 이곡동,경상사고,0,0,1,0,차대차 - 기타,안전운전불이행,건조,맑음,교차로 - 교차로부근,승용,여,46세,상해없음,이륜,남,17세,경상
2016081500100263,2016년 8월 15일 15시,월요일,대구광역시 남구 봉덕동,경상사고,0,0,2,0,차대차 - 추돌,안전운전불이행,건조,맑음,단일로 - 기타,승용,남,57세,상해없음,승용,남,32세,경상
2016081500100264,2016년 8월 15일 15시,월요일,대구광역시 동구 신천동,부상신고사고,0,0,0,1,차대차 - 정면충돌,안전운전불이행,건조,맑음,단일로 - 기타,이륜,남,81세,부상신고,화물,남,57세,상해없음
2016081500100265,2016년 8월 15일 15시,월요일,대구광역시 달성군 화원읍,부상신고사고,0,0,0,1,차대차 - 추돌,안전운전불이행,건조,맑음,교차로 - 교차로부근,이륜,남,60세,부상신고,승용,남,34세,상해없음
2016081500100266,2016년 8월 15일 15시,월요일,대구광역시 북구 태전동,경상사고,0,0,1,0,차대차 - 측면충돌,직진우회전진행방해,건조,맑음,교차로 - 교차로안,승용,남,47세,상해없음,이륜,남,21세,경상
2016081500100296,2016년 8월 15일 16시,월요일,대구광역시 달성군 유가면,경상사고,0,0,1,0,차대차 - 정면충돌,안전운전불이행,건조,맑음,단일로 - 기타,승용,남,40세,상해없음,원동기,남,72세,경상
2016081500100297,2016년 8월 15일 16시,월요일,대구광역시 달서구 성당동,경상사고,0,0,3,0,차대차 - 측면충돌,안전운전불이행,건조,맑음,교차로 - 교차로부근,승용,남,25세,상해없음,화물,남,59세,경상
2016081500100321,2016년 8월 15일 17시,월요일,대구광역시 달서구 월암동,경상사고,0,0,1,0,차대차 - 측면충돌,안전운전불이행,건조,맑음,교차로 - 교차로안,승용,남,31세,경상,화물,남,63세,상해없음
2016081500100356,2016년 8월 15일 18시,월요일,대구광역시 남구 대명동,부상신고사고,0,0,0,4,차대차 - 측면충돌,교차로운행방법위반,건조,맑음,교차로 - 교차로부근,승용,남,39세,상해없음,승용,남,22세,부상신고
2016081500100357,2016년 8월 15일 18시,월요일,대구광역시 중구 동인동4가,경상사고,0,0,1,0,차대차 - 추돌,안전거리미확보,건조,맑음,단일로 - 기타,승용,남,50세,상해없음,승용,여,32세,경상
2016081500100392,2016년 8월 15일 19시,월요일,대구광역시 달서구 감삼동,경상사고,0,0,1,0,차대차 - 추돌,안전운전불이행,건조,맑음,단일로 - 기타,승용,남,50세,상해없음,자전거,남,72세,경상
2016081500100413,2016년 8월 15일 20시,월요일,대구광역시 동구 방촌동,경상사고,0,0,4,0,차대차 - 기타,안전거리미확보,건조,맑음,단일로 - 기타,승용,남,42세,상해없음,승용,여,46세,경상
2016081500100414,2016년 8월 15일 20시,월요일,대구광역시 달서구 송현동,경상사고,0,0,3,1,차대차 - 측면충돌,안전운전불이행,건조,맑음,단일로 - 기타,이륜,남,36세,부상신고,승용,남,33세,상해없음
2016081500100454,2016년 8월 15일 22시,월요일,대구광역시 달서구 이곡동,경상사고,0,0,1,0,차대차 - 기타,신호위반,건조,맑음,교차로 - 교차로부근,이륜,남,16세,상해없음,자전거,남,55세,경상
2016081600100011,2016년 8월 16일 00시,화요일,대구광역시 북구 팔달동,경상사고,0,0,1,0,차량단독 - 전도전복,안전운전불이행,습기,비,단일로 - 교량,승용,남,34세,상해없음,,,,
2016081600100012,2016년 8월 16일 00시,화요일,대구광역시 북구 읍내동,경상사고,0,0,1,0,차대차 - 기타,중앙선침범,습기,비,단일로 - 기타,승용,여,59세,상해없음,이륜,남,22세,경상
2016081600100091,2016년 8월 16일 07시,화요일,대구광역시 달서구 용산동,경상사고,0,0,2,0,차대차 - 추돌,안전거리미확보,건조,맑음,단일로 - 기타,승용,남,65세,상해없음,승용,여,62세,경상
2016081600100125,2016년 8월 16일 08시,화요일,대구광역시 수성구 수성동4가,경상사고,0,0,1,1,차대차 - 정면충돌,안전거리미확보,건조,맑음,단일로 - 기타,승용,남,51세,상해없음,이륜,남,18세,부상신고
2016081600100126,2016년 8월 16일 08시,화요일,대구광역시 중구 동인동3가,경상사고,0,0,1,0,차대차 - 추돌,안전거리미확보,건조,맑음,단일로 - 기타,승용,남,34세,상해없음,승용,여,42세,경상
2016081600100162,2016년 8월 16일 09시,화요일,대구광역시 동구 신천동,중상사고,0,1,0,0,차대차 - 정면충돌,중앙선침범,건조,맑음,단일로 - 기타,화물,남,51세,상해없음,화물,남,66세,중상
2016081600100195,2016년 8월 16일 10시,화요일,대구광역시 동구 신암동,중상사고,0,1,0,0,차대사람 - 횡단중,안전운전불이행,건조,맑음,단일로 - 기타,승용,남,58세,상해없음,보행자,여,83세,중상
2016081600100196,2016년 8월 16일 10시,화요일,대구광역시 달성군 화원읍,경상사고,0,0,1,0,차량단독 - 기타,기타,건조,맑음,단일로 - 기타,승합,남,43세,상해없음,,,,
2016081600100197,2016년 8월 16일 10시,화요일,대구광역시 달서구 죽전동,중상사고,0,1,0,0,차대사람 - 기타,안전운전불이행,건조,맑음,단일로 - 기타,승합,여,48세,상해없음,보행자,여,71세,중상
2016081600100222,2016년 8월 16일 11시,화요일,대구광역시 북구 산격동,경상사고,0,0,1,0,차대차 - 측면충돌,안전거리미확보,건조,맑음,교차로 - 교차로부근,승용,여,26세,상해없음,이륜,남,37세,경상
2016081600100288,2016년 8월 16일 13시,화요일,대구광역시 서구 중리동,경상사고,0,0,2,0,차대차 - 추돌,교차로운행방법위반,건조,맑음,교차로 - 교차로안,승용,여,36세,경상,승용,여,34세,경상
2016081600100327,2016년 8월 16일 14시,화요일,대구광역시 수성구 사월동,중상사고,0,1,0,0,차대사람 - 횡단중,보행자보호의무위반,건조,맑음,단일로 - 횡단보도상,승용,여,35세,상해없음,보행자,여,88세,중상
2016081600100361,2016년 8월 16일 15시,화요일,대구광역시 달서구 송현동,경상사고,0,0,1,0,차대사람 - 횡단중,보행자보호의무위반,건조,맑음,단일로 - 횡단보도상,기타불명,기타불명,기타불명,기타불명,보행자,남,37세,경상
2016081600100362,2016년 8월 16일 15시,화요일,대구광역시 북구 동변동,경상사고,0,0,1,0,차대사람 - 횡단중,안전운전불이행,건조,맑음,단일로 - 기타,승용,남,49세,기타불명,보행자,남,5세,경상
2016081600100393,2016년 8월 16일 16시,화요일,대구광역시 달서구 월성동,경상사고,0,0,1,0,차대차 - 기타,신호위반,건조,맑음,교차로 - 교차로안,기타불명,기타불명,기타불명,기타불명,이륜,남,38세,경상
2016081600100394,2016년 8월 16일 16시,화요일,대구광역시 서구 비산동,경상사고,0,0,1,0,차대차 - 측면직각충돌,교차로운행방법위반,건조,맑음,교차로 - 교차로안,승용,남,22세,상해없음,이륜,남,77세,경상
2016081600100435,2016년 8월 16일 17시,화요일,대구광역시 동구 신암동,경상사고,0,0,3,0,차대차 - 측면직각충돌,안전거리미확보,건조,맑음,단일로 - 기타,승용,남,68세,경상,승용,남,32세,경상