사고번호,사고일시,요일,시군구,사고내용,사망자수,중상자수,경상자수,부상신고자수,사고유형,법규위반,노면상태,기상상태,도로형태,가해운전자 차종,가해운전자 성별,가해운전자 연령,가해운전자 상해정도,피해운전자 차종,피해운전자 성별,피해운전자 연령,피해운전자 상해정도
2016081600100436,2016년 8월 16일 17시,화요일,대구광역시 달서구 진천동,중상사고,0,1,0,0,차대사람 - 횡단중,보행자보호의무위반,건조,맑음,교차로 - 교차로부근,승용,남,49세,상해없음,보행자,남,37세,중상
2016081600100437,2016년 8월 16일 17시,화요일,대구광역시 달성군 현풍면,경상사고,0,0,1,0,차대차 - 정면충돌,안전운전불이행,건조,맑음,교차로 - 교차로부근,승용,남,86세,상해없음,자전거,남,11세,경상
2016081600100438,2016년 8월 16일 17시,화요일,대구광역시 북구 산격동,경상사고,0,0,1,0,차대차 - 측면직각충돌,교차로운행방법위반,건조,맑음,단일로 - 기타,화물,남,39세,상해없음,원동기,남,63세,경상
2016081600100477,2016년 8월 16일 18시,화요일,대구광역시 남구 대명동,경상사고,0,0,1,0,차대차 - 기타,안전운전불이행,건조,맑음,단일로 - 기타,승용,남,64세,상해없음,원동기,남,30세,경상
2016081600100478,2016년 8월 16일 18시,화요일,대구광역시 수성구 수성동2가,경상사고,0,0,1,0,차대차 - 추돌,안전운전불이행,건조,맑음,단일로 - 기타,승용,남,65세,상해없음,승용,여,26세,경상
2016081600100479,2016년 8월 16일 18시,화요일,대구광역시 달서구 상인동,경상사고,0,0,1,0,차대차 - 측면충돌,기타,건조,맑음,교차로 - 교차로부근,승용,여,46세,상해없음,원동기,남,61세,경상
2016081600100480,2016년 8월 16일 18시,화요일,대구광역시 중구 대신동,경상사고,0,0,1,0,차대사람 - 횡단중,기타,건조,맑음,단일로 - 기타,자전거,남,60세,상해없음,보행자,남,2세,경상
2016081600100481,2016년 8월 16일 18시,화요일,대구광역시 중구 삼덕동3가,경상사고,0,0,2,0,차대차 - 추돌,안전운전불이행,건조,맑음,단일로 - 기타,승용,남,56세,상해없음,승용,여,48세,경상
2016081600100482,2016년 8월 16일 18시,화요일,대구광역시 중구 계산동2가,경상사고,0,0,1,0,차대차 - 추돌,안전운전불이행,건조,맑음,교차로 - 교차로부근,승용,남,53세,상해없음,승용,여,26세,경상
2016081600100512,2016년 8월 16일 19시,화요일,대구광역시 동구 방촌동,경상사고,0,0,1,0,차대차 - 측면충돌,안전거리미확보,건조,맑음,단일로 - 기타,승용,남,51세,상해없음,승용,여,36세,경상
2016081600100513,2016년 8월 16일 19시,화요일,대구광역시 달성군 다사읍,중상사고,0,1,1,1,차대차 - 측면충돌,안전운전불이행,건조,맑음,교차로 - 교차로부근,승용,남,59세,상해없음,화물,남,39세,상해없음
2016081600100514,2016년 8월 16일 19시,화요일,대구광역시 달서구 감삼동,부상신고사고,0,0,0,2,차대차 - 기타,안전거리미확보,건조,맑음,단일로 - 기타,승용,여,28세,상해없음,이륜,남,18세,부상신고
2016081600100544,2016년 8월 16일 20시,화요일,대구광역시 남구 대명동,중상사고,0,1,0,0,차대차 - 측면충돌,신호위반,건조,맑음,단일로 - 기타,이륜,남,18세,중상,승용,남,59세,상해없음
2016081600100545,2016년 8월 16일 20시,화요일,대구광역시 수성구 황금동,경상사고,0,0,1,0,차대차 - 추돌,안전거리미확보,건조,맑음,단일로 - 기타,승용,남,60세,상해없음,승용,남,32세,경상
2016081600100546,2016년 8월 16일 20시,화요일,대구광역시 달성군 현풍면,경상사고,0,0,1,0,차대차 - 기타,안전운전불이행,건조,맑음,교차로 - 교차로안,승용,남,41세,상해없음,이륜,남,17세,경상
2016081600100547,2016년 8월 16일 20시,화요일,대구광역시 북구 칠성동2가,중상사고,0,1,2,0,차대차 - 측면직각충돌,안전운전불이행,건조,맑음,교차로 - 교차로안,승용,남,64세,경상,승용,남,29세,경상
2016081600100548,2016년 8월 16일 20시,화요일,대구광역시 서구 비산동,중상사고,0,1,0,0,차대차 - 측면충돌,교차로운행방법위반,건조,맑음,교차로 - 교차로부근,승용,남,56세,상해없음,자전거,여,62세,중상
2016081600100570,2016년 8월 16일 21시,화요일,대구광역시 달서구 상인동,경상사고,0,0,1,0,차대차 - 측면충돌,교차로운행방법위반,건조,맑음,교차로 - 교차로안,승용,여,53세,상해없음,원동기,남,19세,경상
2016081600100592,2016년 8월 16일 22시,화요일,대구광역시 중구 남산동,부상신고사고,0,0,0,1,차대차 - 측면직각충돌,안전운전불이행,건조,맑음,단일로 - 횡단보도상,자전거,남,44세,부상신고,승용,남,44세,상해없음
2016081600100614,2016년 8월 16일 23시,화요일,대구광역시 달서구 본리동,경상사고,0,0,1,0,차대차 - 기타,신호위반,건조,맑음,교차로 - 교차로부근,이륜,남,18세,경상,승용,남,54세,상해없음
2016081600100615,2016년 8월 16일 23시,화요일,대구광역시 북구 관음동,중상사고,0,1,0,0,차대사람 - 기타,안전운전불이행,건조,맑음,단일로 - 기타,승용,남,25세,상해없음,보행자,여,62세,중상
2016081700100020,2016년 8월 17일 00시,수요일,대구광역시 달서구 상인동,경상사고,0,0,2,0,차대차 - 측면직각충돌,안전운전불이행,건조,맑음,단일로 - 기타,승용,남,63세,상해없음,원동기,남,16세,경상
2016081700100032,2016년 8월 17일 01시,수요일,대구광역시 달성군 현풍면,경상사고,0,0,1,0,차대차 - 추돌,안전운전불이행,건조,맑음,단일로 - 기타,이륜,남,18세,경상,승용,남,25세,상해없음
2016081700100050,2016년 8월 17일 03시,수요일,대구광역시 달서구 상인동,경상사고,0,0,1,0,차대차 - 추돌,안전운전불이행,건조,맑음,단일로 - 기타,승용,남,34세,상해없음,승용,남,40세,경상
2016081700100055,2016년 8월 17일 04시,수요일,대구광역시 중구 태평로1가,경상사고,0,0,1,0,차대차 - 기타,안전운전불이행,건조,맑음,교차로 - 교차로부근,기타불명,기타불명,기타불명,기타불명,승용,남,65세,경상
2016081700100090,2016년 8월 17일 07시,수요일,대구광역시 동구 효목동,경상사고,0,0,1,0,차대사람 - 횡단중,안전운전불이행,건조,맑음,단일로 - 횡단보도부근,승용,남,39세,상해없음,보행자,여,16세,경상
2016081700100091,2016년 8월 17일 07시,수요일,대구광역시 달성군 옥포면,경상사고,0,0,1,0,차대차 - 추돌,안전운전불이행,건조,맑음,단일로 - 기타,특수,남,55세,상해없음,승용,남,64세,경상
2016081700100092,2016년 8월 17일 07시,수요일,대구광역시 북구 구암동,경상사고,0,0,1,0,차대차 - 측면충돌,안전거리미확보,건조,맑음,단일로 - 기타,승용,남,42세,상해없음,이륜,여,28세,경상
2016081700100128,2016년 8월 17일 08시,수요일,대구광역시 북구 칠성동2가,중상사고,0,1,1,0,차대차 - 측면충돌,안전운전불이행,건조,맑음,단일로 - 기타,승용,남,23세,상해없음,원동기,남,67세,중상
2016081700100210,2016년 8월 17일 10시,수요일,대구광역시 수성구 상동,중상사고,0,1,0,0,차대사람 - 기타,안전운전불이행,건조,맑음,단일로 - 기타,승용,남,39세,상해없음,보행자,여,46세,중상
2016081700100211,2016년 8월 17일 10시,수요일,대구광역시 중구 대봉동,경상사고,0,0,1,1,차대차 - 측면직각충돌,안전운전불이행,건조,맑음,단일로 - 횡단보도상,이륜,남,75세,부상신고,승용,남,36세,상해없음
2016081700100212,2016년 8월 17일 10시,수요일,대구광역시 중구 남산동,중상사고,0,1,0,0,차대차 - 측면직각충돌,안전운전불이행,건조,맑음,단일로 - 기타,이륜,남,27세,중상,승용,남,63세,기타불명
2016081700100241,2016년 8월 17일 11시,수요일,대구광역시 중구 삼덕동1가,경상사고,0,0,1,0,차대차 - 추돌,안전운전불이행,건조,맑음,단일로 - 기타,화물,남,33세,상해없음,승용,남,45세,경상
2016081700100295,2016년 8월 17일 13시,수요일,대구광역시 동구 방촌동,경상사고,0,0,1,0,차대차 - 측면충돌,안전거리미확보,건조,맑음,단일로 - 기타,원동기,남,50세,경상,승용,남,30세,상해없음
2016081700100296,2016년 8월 17일 13시,수요일,대구광역시 동구 불로동,중상사고,0,1,0,0,차대차 - 측면충돌,안전거리미확보,건조,맑음,단일로 - 기타,승용,여,64세,상해없음,승용,여,58세,중상
2016081700100298,2016년 8월 17일 13시,수요일,대구광역시 북구 산격동,경상사고,0,0,1,0,차대차 - 기타,교차로운행방법위반,건조,맑음,교차로 - 교차로안,화물,여,49세,상해없음,승합,남,43세,경상
2016081700100299,2016년 8월 17일 13시,수요일,대구광역시 중구 동인동3가,경상사고,0,0,2,0,차대차 - 측면직각충돌,안전운전불이행,건조,맑음,단일로 - 기타,승용,남,63세,상해없음,승용,여,36세,경상
2016081700100339,2016년 8월 17일 14시,수요일,대구광역시 동구 신암동,경상사고,0,0,1,0,차대차 - 측면충돌,안전운전불이행,건조,맑음,단일로 - 기타,승용,여,39세,상해없음,승용,남,79세,경상
2016081700100340,2016년 8월 17일 14시,수요일,대구광역시 수성구 범어동,경상사고,0,0,2,0,차대차 - 추돌,안전운전불이행,건조,맑음,단일로 - 기타,승용,남,24세,상해없음,화물,남,47세,경상
2016081700100383,2016년 8월 17일 15시,수요일,대구광역시 남구 대명동,중상사고,0,1,0,0,차대사람 - 횡단중,기타,건조,맑음,단일로 - 기타,승용,여,63세,상해없음,보행자,여,24세,중상
2016081700100384,2016년 8월 17일 15시,수요일,대구광역시 달성군 화원읍,중상사고,0,1,0,0,차대사람 - 횡단중,안전운전불이행,건조,맑음,교차로 - 교차로안,승용,여,53세,상해없음,보행자,여,14세,중상
2016081700100413,2016년 8월 17일 16시,수요일,대구광역시 달서구 대곡동,사망사고,1,1,1,0,차대차 - 기타,과속,건조,맑음,교차로 - 교차로안,승용,남,43세,경상,승용,남,31세,중상
2016081700100414,2016년 8월 17일 16시,수요일,대구광역시 북구 침산동,경상사고,0,0,4,0,차대차 - 추돌,안전운전불이행,건조,맑음,단일로 - 기타,화물,남,24세,상해없음,화물,남,28세,경상
2016081700100415,2016년 8월 17일 16시,수요일,대구광역시 달서구 성당동,경상사고,0,0,1,0,차대차 - 기타,안전운전불이행,건조,맑음,단일로 - 기타,이륜,남,21세,경상,승용,여,30세,상해없음
2016081700100456,2016년 8월 17일 17시,수요일,대구광역시 수성구 두산동,경상사고,0,0,1,0,차대사람 - 횡단중,안전운전불이행,건조,맑음,단일로 - 횡단보도상,승용,여,34세,상해없음,보행자,여,20세,경상
2016081700100457,2016년 8월 17일 17시,수요일,대구광역시 달서구 송현동,경상사고,0,0,2,0,차대차 - 측면충돌,중앙선침범,건조,맑음,단일로 - 기타,승용,남,81세,상해없음,승용,남,58세,경상
2016081700100458,2016년 8월 17일 17시,수요일,대구광역시 달서구 송현동,경상사고,0,0,1,0,차대차 - 측면충돌,교차로운행방법위반,건조,맑음,교차로 - 교차로안,승용,남,63세,상해없음,승용,남,75세,경상
2016081700100459,2016년 8월 17일 17시,수요일,대구광역시 북구 칠성동2가,경상사고,0,0,1,0,차대차 - 추돌,안전운전불이행,건조,맑음,단일로 - 기타,승용,남,60세,상해없음,승용,남,42세,경상
2016081700100460,2016년 8월 17일 17시,수요일,대구광역시 달서구 용산동,경상사고,0,0,2,0,차대차 - 기타,안전거리미확보,건조,맑음,단일로 - 기타,화물,남,57세,상해없음,원동기,남,18세,경상
2016081700100506,2016년 8월 17일 18시,수요일,대구광역시 동구 불로동,경상사고,0,0,2,0,차대차 - 측면충돌,안전거리미확보,건조,맑음,단일로 - 기타,승용,남,51세,상해없음,이륜,남,19세,경상
2016081700100507,2016년 8월 17일 18시,수요일,대구광역시 서구 비산동,부상신고사고,0,0,0,1,차대차 - 기타,안전운전불이행,건조,맑음,단일로 - 기타,자전거,남,53세,부상신고,승용,여,35세,상해없음
2016081700100508,2016년 8월 17일 18시,수요일,대구광역시 달서구 이곡동,중상사고,0,1,0,0,차대사람 - 횡단중,안전운전불이행,건조,맑음,교차로 - 교차로안,승용,남,44세,상해없음,보행자,여,37세,중상
2016081700100539,2016년 8월 17일 19시,수요일,대구광역시 달서구 진천동,경상사고,0,0,2,0,차대차 - 추돌,안전운전불이행,건조,맑음,단일로 - 기타,승용,여,22세,상해없음,승용,남,39세,경상
2016081700100540,2016년 8월 17일 19시,수요일,대구광역시 달서구 신당동,경상사고,0,0,2,0,차대차 - 측면직각충돌,안전거리미확보,건조,맑음,단일로 - 기타,승용,여,52세,경상,승용,남,45세,경상
2016081700100591,2016년 8월 17일 21시,수요일,대구광역시 서구 비산동,경상사고,0,0,1,0,차대차 - 측면충돌,안전운전불이행,건조,맑음,단일로 - 기타,승용,남,25세,상해없음,승용,여,48세,경상
2016081700100620,2016년 8월 17일 22시,수요일,대구광역시 수성구 성동,경상사고,0,0,1,0,차대차 - 측면직각충돌,안전운전불이행,건조,맑음,교차로 - 교차로안,승용,남,31세,상해없음,승용,여,44세,경상
2016081700100635,2016년 8월 17일 23시,수요일,대구광역시 남구 대명동,경상사고,0,0,4,0,차대차 - 추돌,안전운전불이행,건조,맑음,교차로 - 교차로부근,승용,남,60세,상해없음,승용,여,28세,경상
2016081700100636,2016년 8월 17일 23시,수요일,대구광역시 중구 삼덕동1가,경상사고,0,0,1,0,차대사람 - 횡단중,안전운전불이행,건조,맑음,단일로 - 기타,승용,남,19세,상해없음,보행자,여,25세,경상
2016081800100013,2016년 8월 18일 00시,목요일,대구광역시 달서구 장기동,경상사고,0,0,1,0,차대차 - 기타,안전운전불이행,건조,맑음,단일로 - 기타,승용,남,25세,상해없음,승용,여,57세,경상
2016081800100024,2016년 8월 18일 01시,목요일,대구광역시 북구 복현동,중상사고,0,1,0,0,차대사람 - 기타,안전운전불이행,건조,맑음,단일로 - 기타,승용,남,35세,상해없음,보행자,남,31세,중상
2016081800100025,2016년 8월 18일 01시,목요일,대구광역시 달서구 신당동,경상사고,0,0,1,0,차대차 - 기타,안전운전불이행,건조,맑음,교차로 - 교차로안,승용,남,31세,상해없음,승용,남,25세,경상
2016081800100035,2016년 8월 18일 02시,목요일,대구광역시 달서구 본동,경상사고,0,0,3,0,차대차 - 기타,중앙선침범,건조,맑음,단일로 - 기타,승용,남,24세,기타불명,승용,여,26세,경상
2016081800100036,2016년 8월 18일 02시,목요일,대구광역시 북구 태전동,중상사고,0,2,1,0,차대차 - 추돌,안전거리미확보,건조,맑음,단일로 - 기타,승용,남,53세,상해없음,승용,남,61세,중상
2016081800100042,2016년 8월 18일 03시,목요일,대구광역시 북구 동천동,중상사고,0,3,0,0,차대차 - 측면직각충돌,안전운전불이행,건조,맑음,단일로 - 기타,화물,남,28세,상해없음,승용,남,45세,중상
2016081800100057,2016년 8월 18일 05시,목요일,대구광역시 수성구 지산동,사망사고,1,0,3,1,차대차 - 측면충돌,안전운전불이행,건조,맑음,단일로 - 기타,승용,여,26세,부상신고,승용,남,25세,경상
2016081800100067,2016년 8월 18일 06시,목요일,대구광역시 서구 내당동,경상사고,0,0,3,0,차대차 - 측면직각충돌,신호위반,건조,맑음,교차로 - 교차로안,승용,남,46세,상해없음,승용,남,53세,경상
2016081800100068,2016년 8월 18일 06시,목요일,대구광역시 북구 구암동,경상사고,0,0,1,0,차량단독 - 전도전복,안전운전불이행,건조,맑음,단일로 - 기타,승용,남,45세,경상,,,,
2016081800100092,2016년 8월 18일 07시,목요일,대구광역시 수성구 범어동,경상사고,0,0,1,0,차대사람 - 길가장자리구역통행중,안전운전불이행,건조,맑음,단일로 - 기타,건설기계,남,54세,상해없음,보행자,여,52세,경상
2016081800100133,2016년 8월 18일 08시,목요일,대구광역시 수성구 수성동2가,부상신고사고,0,0,0,1,차대차 - 측면충돌,안전운전불이행,건조,맑음,교차로 - 교차로부근,자전거,남,62세,부상신고,승용,남,27세,상해없음
2016081800100134,2016년 8월 18일 08시,목요일,대구광역시 수성구 지산동,경상사고,0,0,2,0,차대차 - 추돌,안전거리미확보,건조,맑음,교차로 - 교차로부근,승용,여,36세,상해없음,승용,남,55세,상해없음
2016081800100175,2016년 8월 18일 09시,목요일,대구광역시 중구 남산동,부상신고사고,0,0,0,1,차대차 - 측면직각충돌,안전운전불이행,건조,맑음,교차로 - 교차로안,자전거,남,75세,부상신고,승합,남,60세,상해없음
2016081800100202,2016년 8월 18일 10시,목요일,대구광역시 수성구 수성동1가,경상사고,0,0,1,0,차대차 - 측면충돌,차로위반,건조,맑음,단일로 - 횡단보도부근,이륜,남,69세,경상,승용,남,53세,상해없음
2016081800100203,2016년 8월 18일 10시,목요일,대구광역시 수성구 황금동,경상사고,0,0,1,0,차대차 - 기타,신호위반,건조,맑음,단일로 - 횡단보도상,승용,남,58세,상해없음,이륜,여,62세,경상
2016081800100204,2016년 8월 18일 10시,목요일,대구광역시 중구 남산동,경상사고,0,0,1,0,차대차 - 정면충돌,안전운전불이행,건조,맑음,단일로 - 기타,승용,여,33세,상해없음,승용,남,72세,상해없음
2016081800100205,2016년 8월 18일 10시,목요일,대구광역시 중구 동인동1가,경상사고,0,0,1,0,차대차 - 측면직각충돌,신호위반,건조,맑음,교차로 - 교차로안,승용,남,71세,상해없음,이륜,남,34세,경상
2016081800100230,2016년 8월 18일 11시,목요일,대구광역시 중구 동인동2가,경상사고,0,0,2,0,차대차 - 추돌,안전거리미확보,건조,맑음,단일로 - 기타,승용,남,61세,경상,승용,여,58세,경상
2016081800100254,2016년 8월 18일 12시,목요일,대구광역시 수성구 지산동,경상사고,0,0,1,0,차대차 - 기타,안전운전불이행,건조,맑음,교차로 - 교차로안,기타불명,기타불명,기타불명,기타불명,자전거,여,11세,경상
2016081800100255,2016년 8월 18일 12시,목요일,대구광역시 달서구 상인동,경상사고,0,0,1,0,차대차 - 측면충돌,직진우회전진행방해,건조,맑음,교차로 - 교차로안,승합,남,51세,상해없음,이륜,남,20세,경상
2016081800100256,2016년 8월 18일 12시,목요일,대구광역시 북구 태전동,경상사고,0,0,1,0,차대차 - 기타,안전운전불이행,건조,맑음,단일로 - 기타,이륜,남,43세,경상,승용,남,35세,상해없음
2016081800100287,2016년 8월 18일 13시,목요일,대구광역시 남구 대명동,경상사고,0,0,2,0,차대차 - 기타,안전운전불이행,건조,맑음,기타 - 기타,승용,남,52세,상해없음,승용,남,63세,경상
2016081800100288,2016년 8월 18일 13시,목요일,대구광역시 남구 대명동,부상신고사고,0,0,0,1,차대차 - 추돌,안전운전불이행,건조,맑음,단일로 - 기타,이륜,남,54세,부상신고,화물,남,58세,기타불명
2016081800100289,2016년 8월 18일 13시,목요일,대구광역시 동구 효목동,경상사고,0,0,1,0,차대차 - 측면충돌,안전운전불이행,건조,맑음,교차로 - 교차로안,승용,여,45세,상해없음,승용,여,38세,경상
2016081800100354,2016년 8월 18일 15시,목요일,대구광역시 동구 효목동,중상사고,0,1,0,0,차대차 - 측면충돌,안전운전불이행,건조,맑음,단일로 - 기타,승용,남,74세,상해없음,자전거,여,66세,중상
2016081800100392,2016년 8월 18일 16시,목요일,대구광역시 달서구 송현동,중상사고,0,1,0,0,차대차 - 측면충돌,안전거리미확보,건조,맑음,단일로 - 기타,승용,남,61세,기타불명,원동기,남,18세,중상
2016081800100430,2016년 8월 18일 17시,목요일,대구광역시 서구 비산동,부상신고사고,0,0,0,1,차대차 - 추돌,안전운전불이행,건조,맑음,교차로 - 교차로부근,이륜,남,46세,부상신고,승용,남,30세,상해없음
2016081800100431,2016년 8월 18일 17시,목요일,대구광역시 달서구 감삼동,경상사고,0,0,1,0,차대차 - 기타,안전운전불이행,건조,맑음,단일로 - 기타,승용,남,24세,상해없음,화물,남,65세,경상
2016081800100461,2016년 8월 18일 18시,목요일,대구광역시 남구 대명동,경상사고,0,0,1,0,차대사람 - 기타,안전운전불이행,건조,맑음,단일로 - 기타,승용,남,67세,상해없음,보행자,남,59세,경상
2016081800100462,2016년 8월 18일 18시,목요일,대구광역시 동구 용계동,중상사고,0,1,0,0,차대차 - 기타,신호위반,건조,맑음,교차로 - 교차로부근,승용,여,42세,상해없음,이륜,남,53세,중상
2016081800100463,2016년 8월 18일 18시,목요일,대구광역시 수성구 만촌동,경상사고,0,0,1,0,차대차 - 기타,안전거리미확보,건조,맑음,단일로 - 기타,승용,남,28세,상해없음,이륜,남,34세,경상
2016081800100464,2016년 8월 18일 18시,목요일,대구광역시 중구 삼덕동1가,경상사고,0,0,1,0,차대차 - 측면직각충돌,신호위반,건조,맑음,단일로 - 기타,승용,남,23세,상해없음,승용,여,34세,경상
2016081800100508,2016년 8월 18일 19시,목요일,대구광역시 북구 동천동,중상사고,0,1,0,0,차대차 - 측면충돌,안전운전불이행,건조,맑음,교차로 - 교차로안,승용,여,37세,상해없음,이륜,남,28세,중상
2016081800100544,2016년 8월 18일 20시,목요일,대구광역시 북구 노원동3가,부상신고사고,0,0,0,1,차량단독 - 기타,안전운전불이행,건조,맑음,미분류 - 미분류,자전거,남,63세,부상신고,,,,
2016081800100617,2016년 8월 18일 23시,목요일,대구광역시 수성구 만촌동,경상사고,0,0,2,0,차대차 - 측면충돌,신호위반,건조,맑음,교차로 - 교차로안,승용,남,54세,상해없음,승용,남,59세,경상
2016081800100618,2016년 8월 18일 23시,목요일,대구광역시 수성구 수성동1가,경상사고,0,0,1,0,차대차 - 측면직각충돌,직진우회전진행방해,건조,맑음,교차로 - 교차로안,승용,여,36세,상해없음,승용,남,36세,경상
2016081900100013,2016년 8월 19일 00시,금요일,대구광역시 남구 이천동,경상사고,0,0,1,1,차량단독 - 공작물충돌,안전운전불이행,건조,맑음,단일로 - 기타,승용,남,47세,상해없음,,,,
2016081900100014,2016년 8월 19일 00시,금요일,대구광역시 서구 평리동,중상사고,0,2,0,0,차대차 - 측면직각충돌,안전거리미확보,건조,흐림,단일로 - 기타,승용,남,59세,상해없음,이륜,남,21세,중상
2016081900100047,2016년 8월 19일 03시,금요일,대구광역시 수성구 상동,중상사고,0,2,2,0,차대차 - 기타,신호위반,건조,맑음,교차로 - 교차로안,이륜,남,25세,중상,승용,남,54세,상해없음
2016081900100064,2016년 8월 19일 05시,금요일,대구광역시 남구 대명동,중상사고,0,1,0,0,차대사람 - 차도통행중,안전운전불이행,건조,맑음,교차로 - 교차로안,승용,남,72세,상해없음,보행자,여,73세,중상
2016081900100065,2016년 8월 19일 05시,금요일,대구광역시 북구 복현동,경상사고,0,0,2,0,차대차 - 측면충돌,안전운전불이행,건조,맑음,단일로 - 기타,승용,남,72세,상해없음,원동기,남,17세,경상
2016081900100092,2016년 8월 19일 07시,금요일,대구광역시 수성구 지산동,경상사고,0,0,1,0,차대차 - 추돌,안전운전불이행,건조,맑음,교차로 - 교차로부근,승용,남,34세,기타불명,자전거,남,46세,경상
2016081900100093,2016년 8월 19일 07시,금요일,대구광역시 수성구 수성동4가,경상사고,0,0,3,0,차대차 - 추돌,안전거리미확보,건조,맑음,교차로 - 교차로부근,승용,남,44세,상해없음,승용,여,28세,경상
2016081900100123,2016년 8월 19일 08시,금요일,대구광역시 남구 대명동,중상사고,0,1,0,0,차대차 - 기타,안전운전불이행,건조,맑음,단일로 - 기타,승용,남,49세,상해없음,승용,남,45세,중상
2016081900100124,2016년 8월 19일 08시,금요일,대구광역시 동구 신천동,경상사고,0,0,3,0,차대차 - 측면직각충돌,중앙선침범,건조,맑음,교차로 - 교차로부근,승용,남,28세,상해없음,승용,남,43세,경상
2016081900100125,2016년 8월 19일 08시,금요일,대구광역시 수성구 범물동,경상사고,0,0,1,0,차대사람 - 횡단중,신호위반,건조,맑음,교차로 - 교차로안,승용,남,62세,상해없음,보행자,남,72세,경상
2016081900100126,2016년 8월 19일 08시,금요일,대구광역시 달서구 본동,경상사고,0,0,1,0,차대차 - 추돌,안전운전불이행,건조,맑음,단일로 - 기타,승용,여,23세,상해없음,승용,여,45세,경상
2016081900100127,2016년 8월 19일 08시,금요일,대구광역시 중구 태평로3가,중상사고,0,1,1,0,차대차 - 정면충돌,신호위반,건조,맑음,교차로 - 교차로안,승용,남,29세,상해없음,화물,남,36세,중상
2016081900100128,2016년 8월 19일 08시,금요일,대구광역시 북구 구암동,중상사고,0,1,1,0,차대차 - 추돌,안전운전불이행,건조,맑음,교차로 - 교차로부근,화물,남,40세,상해없음,승용,여,40세,중상
2016081900100187,2016년 8월 19일 10시,금요일,대구광역시 동구 신암동,중상사고,0,1,0,0,차대사람 - 횡단중,보행자보호의무위반,건조,맑음,단일로 - 횡단보도상,승용,남,55세,상해없음,보행자,남,74세,중상
2016081900100189,2016년 8월 19일 10시,금요일,대구광역시 서구 내당동,경상사고,0,0,2,0,차대차 - 추돌,안전운전불이행,건조,맑음,교차로 - 교차로부근,승용,남,61세,상해없음,승용,여,40세,경상
2016081900100190,2016년 8월 19일 10시,금요일,대구광역시 달서구 이곡동,경상사고,0,0,1,0,차대차 - 기타,안전운전불이행,건조,맑음,단일로 - 기타,승용,여,40세,상해없음,자전거,여,30세,경상
2016081900100217,2016년 8월 19일 11시,금요일,대구광역시 북구 태전동,중상사고,0,1,0,0,차대차 - 측면충돌,신호위반,건조,맑음,교차로 - 교차로안,화물,남,49세,상해없음,이륜,남,73세,중상
2016081900100246,2016년 8월 19일 12시,금요일,대구광역시 북구 관음동,경상사고,0,0,2,0,차대차 - 기타,안전운전불이행,건조,맑음,단일로 - 기타,건설기계,남,39세,상해없음,승용,여,31세,경상
2016081900100313,2016년 8월 19일 14시,금요일,대구광역시 동구 지묘동,중상사고,0,1,0,0,차량단독 - 전도전복,안전운전불이행,건조,맑음,단일로 - 기타,승용,남,73세,상해없음,,,,
2016081900100314,2016년 8월 19일 14시,금요일,대구광역시 수성구 범어동,경상사고,0,0,1,0,차대차 - 측면직각충돌,직진우회전진행방해,건조,맑음,교차로 - 교차로안,승용,남,54세,상해없음,승용,남,28세,경상
2016081900100315,2016년 8월 19일 14시,금요일,대구광역시 북구 복현동,부상신고사고,0,0,0,1,차대차 - 측면직각충돌,안전운전불이행,건조,맑음,교차로 - 교차로안,이륜,남,43세,부상신고,승용,남,62세,상해없음
2016081900100316,2016년 8월 19일 14시,금요일,대구광역시 달서구 두류동,경상사고,0,0,1,0,차대사람 - 기타,안전운전불이행,건조,맑음,단일로 - 기타,승용,남,37세,기타불명,보행자,여,62세,경상
2016081900100354,2016년 8월 19일 15시,금요일,대구광역시 동구 신천동,경상사고,0,0,1,0,차대차 - 측면충돌,안전거리미확보,건조,맑음,단일로 - 기타,이륜,남,59세,상해없음,승용,남,37세,경상
2016081900100355,2016년 8월 19일 15시,금요일,대구광역시 달서구 송현동,경상사고,0,0,1,0,차대사람 - 기타,보행자보호의무위반,건조,맑음,교차로 - 교차로부근,기타불명,기타불명,기타불명,기타불명,보행자,여,68세,경상
2016081900100356,2016년 8월 19일 15시,금요일,대구광역시 북구 침산동,경상사고,0,0,1,0,차대차 - 측면충돌,안전거리미확보,건조,맑음,교차로 - 교차로안,이륜,남,21세,경상,승용,여,42세,상해없음
2016081900100357,2016년 8월 19일 15시,금요일,대구광역시 달서구 두류동,경상사고,0,0,1,0,차대사람 - 횡단중,안전운전불이행,건조,맑음,단일로 - 기타,승용,남,64세,상해없음,보행자,남,53세,경상
2016081900100387,2016년 8월 19일 16시,금요일,대구광역시 서구 내당동,부상신고사고,0,0,0,1,차대차 - 기타,중앙선침범,건조,맑음,단일로 - 기타,자전거,여,71세,부상신고,승용,여,36세,상해없음
2016081900100418,2016년 8월 19일 17시,금요일,대구광역시 동구 용계동,경상사고,0,0,1,0,차대차 - 기타,안전운전불이행,건조,맑음,단일로 - 기타,승용,남,56세,상해없음,승합,남,33세,상해없음
2016081900100419,2016년 8월 19일 17시,금요일,대구광역시 북구 노원동2가,중상사고,0,1,0,0,차대차 - 측면직각충돌,안전운전불이행,건조,맑음,교차로 - 교차로안,화물,남,49세,상해없음,자전거,남,16세,중상