사고번호,사고일시,요일,시군구,사고내용,사망자수,중상자수,경상자수,부상신고자수,사고유형,법규위반,노면상태,기상상태,도로형태,가해운전자 차종,가해운전자 성별,가해운전자 연령,가해운전자 상해정도,피해운전자 차종,피해운전자 성별,피해운전자 연령,피해운전자 상해정도
2016081900100420,2016년 8월 19일 17시,금요일,대구광역시 중구 대봉동,경상사고,0,0,1,0,차대차 - 측면직각충돌,안전거리미확보,건조,맑음,단일로 - 기타,승용,여,23세,상해없음,승용,여,29세,경상
2016081900100421,2016년 8월 19일 17시,금요일,대구광역시 달서구 신당동,경상사고,0,0,1,0,차대사람 - 횡단중,안전운전불이행,건조,맑음,단일로 - 기타,승용,남,26세,상해없음,보행자,여,2세,상해없음
2016081900100462,2016년 8월 19일 18시,금요일,대구광역시 동구 율하동,중상사고,0,1,0,0,차대사람 - 기타,안전운전불이행,건조,맑음,단일로 - 기타,자전거,남,56세,상해없음,보행자,남,39세,중상
2016081900100463,2016년 8월 19일 18시,금요일,대구광역시 달서구 송현동,중상사고,0,1,0,0,차대차 - 측면충돌,안전운전불이행,건조,맑음,단일로 - 기타,승용,남,53세,상해없음,승용,여,58세,중상
2016081900100464,2016년 8월 19일 18시,금요일,대구광역시 북구 복현동,경상사고,0,0,1,0,차대차 - 기타,교차로운행방법위반,건조,맑음,교차로 - 교차로안,승합,남,64세,상해없음,원동기,남,32세,경상
2016081900100465,2016년 8월 19일 18시,금요일,대구광역시 달서구 성당동,경상사고,0,0,1,0,차대차 - 측면직각충돌,안전운전불이행,건조,맑음,교차로 - 교차로안,승용,남,53세,상해없음,이륜,여,43세,경상
2016081900100509,2016년 8월 19일 19시,금요일,대구광역시 서구 평리동,경상사고,0,0,1,0,차대차 - 측면직각충돌,안전거리미확보,건조,맑음,단일로 - 기타,승용,남,23세,상해없음,승용,여,39세,경상
2016081900100538,2016년 8월 19일 20시,금요일,대구광역시 동구 지묘동,중상사고,0,1,1,0,차대사람 - 횡단중,안전운전불이행,건조,맑음,단일로 - 기타,이륜,남,19세,경상,보행자,남,68세,중상
2016081900100539,2016년 8월 19일 20시,금요일,대구광역시 동구 신천동,중상사고,0,1,0,0,차대차 - 측면직각충돌,기타,건조,맑음,교차로 - 교차로부근,승용,남,61세,상해없음,이륜,남,34세,중상
2016081900100602,2016년 8월 19일 22시,금요일,대구광역시 동구 신천동,경상사고,0,0,1,0,차대차 - 추돌,안전거리미확보,건조,맑음,단일로 - 기타,승용,남,23세,상해없음,승용,여,28세,경상
2016081900100603,2016년 8월 19일 22시,금요일,대구광역시 달서구 송현동,경상사고,0,0,1,0,차대차 - 추돌,안전운전불이행,건조,맑음,단일로 - 기타,승용,여,48세,상해없음,승용,남,48세,경상
2016081900100630,2016년 8월 19일 23시,금요일,대구광역시 달성군 화원읍,중상사고,0,1,0,0,차대사람 - 횡단중,안전운전불이행,건조,맑음,단일로 - 기타,승용,남,35세,상해없음,보행자,남,49세,중상
2016082000100015,2016년 8월 20일 00시,토요일,대구광역시 동구 율하동,경상사고,0,0,3,0,차대차 - 측면직각충돌,안전운전불이행,건조,맑음,교차로 - 교차로안,승용,남,43세,기타불명,승용,여,33세,경상
2016082000100016,2016년 8월 20일 00시,토요일,대구광역시 달성군 논공읍,경상사고,0,0,1,0,차대차 - 측면직각충돌,안전운전불이행,건조,맑음,교차로 - 교차로안,원동기,남,38세,경상,승용,남,23세,상해없음
2016082000100058,2016년 8월 20일 02시,토요일,대구광역시 북구 침산동,부상신고사고,0,0,0,1,차대차 - 기타,안전운전불이행,건조,맑음,단일로 - 기타,자전거,남,22세,부상신고,자전거,남,68세,상해없음
2016082000100070,2016년 8월 20일 03시,토요일,대구광역시 서구 내당동,중상사고,0,1,2,1,차대차 - 측면충돌,안전운전불이행,건조,맑음,단일로 - 기타,승용,남,24세,상해없음,승용,남,39세,부상신고
2016082000100082,2016년 8월 20일 04시,토요일,대구광역시 수성구 수성동1가,경상사고,0,0,1,0,차대차 - 추돌,안전운전불이행,건조,맑음,단일로 - 교량,승용,남,19세,상해없음,이륜,남,63세,경상
2016082000100142,2016년 8월 20일 08시,토요일,대구광역시 북구 국우동,경상사고,0,0,1,1,차대차 - 측면충돌,안전운전불이행,건조,맑음,단일로 - 기타,승용,남,67세,부상신고,화물,남,47세,경상
2016082000100191,2016년 8월 20일 10시,토요일,대구광역시 북구 산격동,중상사고,0,1,0,0,차대차 - 측면충돌,신호위반,건조,맑음,교차로 - 교차로안,승용,남,55세,상해없음,승용,여,52세,중상
2016082000100192,2016년 8월 20일 10시,토요일,대구광역시 중구 삼덕동3가,중상사고,0,1,0,0,차대차 - 측면직각충돌,안전거리미확보,건조,맑음,교차로 - 교차로부근,승용,여,43세,상해없음,승용,여,71세,중상
2016082000100234,2016년 8월 20일 11시,토요일,대구광역시 북구 검단동,중상사고,0,1,0,0,차대사람 - 횡단중,보행자보호의무위반,건조,맑음,단일로 - 횡단보도상,화물,남,48세,상해없음,보행자,여,85세,중상
2016082000100235,2016년 8월 20일 11시,토요일,대구광역시 중구 동인동4가,중상사고,0,1,1,0,차대차 - 측면충돌,신호위반,건조,맑음,교차로 - 교차로안,승용,남,77세,상해없음,승용,남,58세,경상
2016082000100271,2016년 8월 20일 12시,토요일,대구광역시 수성구 범어동,경상사고,0,0,1,0,차대사람 - 횡단중,보행자보호의무위반,건조,맑음,교차로 - 교차로안,승용,남,67세,상해없음,보행자,여,61세,경상
2016082000100272,2016년 8월 20일 12시,토요일,대구광역시 달성군 화원읍,경상사고,0,0,1,0,차대차 - 측면직각충돌,안전운전불이행,건조,맑음,교차로 - 교차로안,승용,남,57세,상해없음,이륜,남,35세,경상
2016082000100297,2016년 8월 20일 13시,토요일,대구광역시 서구 비산동,경상사고,0,0,1,0,차대차 - 측면충돌,안전운전불이행,건조,맑음,단일로 - 기타,자전거,남,77세,경상,승용,남,60세,상해없음
2016082000100298,2016년 8월 20일 13시,토요일,대구광역시 중구 남산동,경상사고,0,0,1,0,차대사람 - 길가장자리구역통행중,안전운전불이행,건조,맑음,단일로 - 기타,승용,남,43세,상해없음,보행자,여,60세,경상
2016082000100299,2016년 8월 20일 13시,토요일,대구광역시 중구 동인동3가,경상사고,0,0,2,0,차대차 - 기타,교차로운행방법위반,건조,맑음,교차로 - 교차로안,승용,남,80세,상해없음,승용,남,22세,경상
2016082000100333,2016년 8월 20일 14시,토요일,대구광역시 동구 효목동,경상사고,0,0,1,0,차량단독 - 기타,기타,건조,맑음,단일로 - 기타,승합,남,34세,상해없음,,,,
2016082000100335,2016년 8월 20일 14시,토요일,대구광역시 달서구 송현동,경상사고,0,0,3,0,차량단독 - 기타,기타,건조,맑음,교차로 - 교차로안,승합,남,50세,상해없음,,,,
2016082000100336,2016년 8월 20일 14시,토요일,대구광역시 서구 내당동,중상사고,0,1,0,0,차대차 - 측면충돌,신호위반,건조,맑음,단일로 - 횡단보도상,승용,남,26세,상해없음,원동기,남,30세,중상
2016082000100337,2016년 8월 20일 14시,토요일,대구광역시 서구 내당동,경상사고,0,0,1,0,차대사람 - 보도통행중,기타,건조,맑음,단일로 - 기타,이륜,남,37세,상해없음,보행자,남,48세,경상
2016082000100369,2016년 8월 20일 15시,토요일,대구광역시 서구 비산동,중상사고,0,1,2,0,차대차 - 측면충돌,교차로운행방법위반,건조,맑음,단일로 - 기타,승용,남,50세,경상,승용,남,56세,경상
2016082000100399,2016년 8월 20일 16시,토요일,대구광역시 수성구 범물동,중상사고,0,1,0,0,차대사람 - 횡단중,안전운전불이행,건조,맑음,단일로 - 기타,승용,여,38세,상해없음,보행자,남,13세,중상
2016082000100400,2016년 8월 20일 16시,토요일,대구광역시 중구 남일동,경상사고,0,0,1,0,차대사람 - 횡단중,안전운전불이행,건조,맑음,단일로 - 기타,이륜,남,25세,상해없음,보행자,여,11세,경상
2016082000100401,2016년 8월 20일 16시,토요일,대구광역시 북구 관음동,경상사고,0,0,1,0,차대차 - 기타,교차로운행방법위반,건조,맑음,교차로 - 교차로안,승용,남,74세,기타불명,승용,남,59세,상해없음
2016082000100446,2016년 8월 20일 17시,토요일,대구광역시 북구 산격동,경상사고,0,0,1,0,차대차 - 측면충돌,안전운전불이행,건조,맑음,단일로 - 기타,화물,남,56세,상해없음,승용,남,44세,경상
2016082000100490,2016년 8월 20일 18시,토요일,대구광역시 달서구 대천동,중상사고,0,1,2,0,차대차 - 추돌,안전운전불이행,건조,맑음,단일로 - 기타,승용,남,27세,상해없음,승용,남,31세,경상
2016082000100529,2016년 8월 20일 19시,토요일,대구광역시 달서구 상인동,중상사고,0,1,0,0,차대차 - 측면충돌,신호위반,건조,맑음,교차로 - 교차로부근,원동기,남,35세,중상,승용,여,35세,상해없음
2016082000100530,2016년 8월 20일 19시,토요일,대구광역시 달서구 진천동,경상사고,0,0,1,0,차대차 - 측면직각충돌,중앙선침범,건조,맑음,단일로 - 기타,승용,여,45세,상해없음,승용,남,63세,경상
2016082000100531,2016년 8월 20일 19시,토요일,대구광역시 중구 서문로2가,중상사고,0,1,0,0,차대차 - 기타,안전운전불이행,건조,맑음,교차로 - 교차로안,화물,남,24세,상해없음,자전거,남,62세,중상
2016082000100611,2016년 8월 20일 22시,토요일,대구광역시 동구 용계동,경상사고,0,0,1,0,차대사람 - 횡단중,보행자보호의무위반,건조,맑음,단일로 - 횡단보도상,화물,남,48세,상해없음,보행자,남,43세,경상
2016082000100612,2016년 8월 20일 22시,토요일,대구광역시 동구 신기동,중상사고,0,1,0,1,차대차 - 추돌,안전운전불이행,건조,맑음,교차로 - 교차로안,이륜,남,19세,부상신고,이륜,남,49세,중상
2016082100100017,2016년 8월 21일 00시,일요일,대구광역시 달성군 논공읍,사망사고,2,1,0,0,차대차 - 추돌,과속,건조,맑음,단일로 - 기타,이륜,남,42세,중상,원동기,남,33세,사망
2016082100100018,2016년 8월 21일 00시,일요일,대구광역시 중구 삼덕동1가,중상사고,0,1,0,0,차대사람 - 기타,안전운전불이행,건조,맑음,교차로 - 교차로부근,승용,남,32세,상해없음,보행자,남,16세,중상
2016082100100029,2016년 8월 21일 01시,일요일,대구광역시 남구 대명동,경상사고,0,0,2,0,차대차 - 정면충돌,신호위반,건조,맑음,교차로 - 교차로안,원동기,남,23세,경상,승용,여,61세,경상
2016082100100045,2016년 8월 21일 02시,일요일,대구광역시 중구 태평로2가,중상사고,0,1,0,0,차대사람 - 횡단중,보행자보호의무위반,건조,맑음,교차로 - 교차로부근,이륜,남,21세,상해없음,보행자,남,22세,중상
2016082100100076,2016년 8월 21일 04시,일요일,대구광역시 서구 내당동,경상사고,0,0,1,0,차대차 - 기타,안전거리미확보,건조,맑음,단일로 - 기타,승용,남,52세,상해없음,승용,남,53세,경상
2016082100100077,2016년 8월 21일 04시,일요일,대구광역시 중구 남산동,경상사고,0,0,3,0,차대차 - 추돌,안전운전불이행,건조,맑음,교차로 - 교차로부근,승용,남,76세,상해없음,승용,남,26세,경상
2016082100100088,2016년 8월 21일 05시,일요일,대구광역시 남구 이천동,경상사고,0,0,2,0,차대차 - 기타,안전운전불이행,건조,맑음,단일로 - 기타,승용,남,43세,상해없음,승용,남,48세,경상
2016082100100114,2016년 8월 21일 07시,일요일,대구광역시 동구 신천동,경상사고,0,0,1,0,차대차 - 측면충돌,안전운전불이행,건조,맑음,단일로 - 기타,승용,남,33세,상해없음,승용,남,38세,경상
2016082100100128,2016년 8월 21일 08시,일요일,대구광역시 수성구 연호동,경상사고,0,0,1,0,차대차 - 추돌,안전거리미확보,건조,맑음,단일로 - 기타,이륜,남,18세,경상,승용,여,60세,상해없음
2016082100100171,2016년 8월 21일 10시,일요일,대구광역시 동구 용수동,중상사고,0,2,0,0,차대차 - 추돌,안전운전불이행,건조,맑음,단일로 - 기타,이륜,남,47세,중상,이륜,남,52세,중상
2016082100100172,2016년 8월 21일 10시,일요일,대구광역시 수성구 상동,경상사고,0,0,1,0,차대차 - 측면충돌,안전운전불이행,건조,맑음,교차로 - 교차로안,승용,여,46세,상해없음,승용,남,66세,경상
2016082100100173,2016년 8월 21일 10시,일요일,대구광역시 중구 삼덕동3가,중상사고,0,2,3,0,차대차 - 추돌,안전거리미확보,건조,맑음,단일로 - 기타,승용,여,37세,상해없음,승용,남,55세,상해없음
2016082100100192,2016년 8월 21일 11시,일요일,대구광역시 남구 봉덕동,경상사고,0,0,4,0,차대차 - 기타,교차로운행방법위반,건조,맑음,교차로 - 교차로안,승용,여,58세,경상,승용,여,51세,경상
2016082100100268,2016년 8월 21일 14시,일요일,대구광역시 북구 산격동,경상사고,0,0,1,0,차대차 - 측면직각충돌,안전거리미확보,건조,맑음,단일로 - 기타,승용,남,27세,상해없음,승용,남,53세,경상
2016082100100269,2016년 8월 21일 14시,일요일,대구광역시 달서구 이곡동,중상사고,0,2,0,0,차대차 - 측면충돌,차로위반,건조,맑음,교차로 - 교차로부근,원동기,남,54세,중상,승용,여,60세,중상
2016082100100318,2016년 8월 21일 16시,일요일,대구광역시 수성구 지산동,중상사고,0,1,0,0,차대사람 - 횡단중,신호위반,건조,맑음,교차로 - 교차로부근,승용,남,41세,상해없음,보행자,여,53세,중상
2016082100100319,2016년 8월 21일 16시,일요일,대구광역시 북구 태전동,경상사고,0,0,1,0,차대차 - 측면직각충돌,교차로운행방법위반,건조,맑음,교차로 - 교차로안,이륜,남,19세,경상,승용,여,49세,상해없음
2016082100100350,2016년 8월 21일 17시,일요일,대구광역시 북구 서변동,중상사고,0,1,0,0,차대차 - 측면충돌,안전운전불이행,건조,맑음,단일로 - 기타,승용,남,36세,상해없음,이륜,남,48세,중상
2016082100100387,2016년 8월 21일 18시,일요일,대구광역시 남구 대명동,중상사고,0,1,2,0,차대차 - 추돌,안전운전불이행,건조,맑음,단일로 - 기타,화물,남,54세,상해없음,승합,남,64세,경상
2016082100100388,2016년 8월 21일 18시,일요일,대구광역시 남구 대명동,경상사고,0,0,1,0,차대차 - 정면충돌,안전운전불이행,건조,맑음,기타 - 기타,화물,남,43세,상해없음,자전거,남,70세,경상
2016082100100389,2016년 8월 21일 18시,일요일,대구광역시 중구 포정동,경상사고,0,0,1,0,차대사람 - 기타,안전운전불이행,건조,맑음,단일로 - 기타,승용,남,61세,기타불명,보행자,남,56세,경상
2016082100100415,2016년 8월 21일 19시,일요일,대구광역시 북구 칠성동2가,경상사고,0,0,4,0,차대차 - 추돌,안전거리미확보,건조,맑음,단일로 - 기타,승용,남,38세,상해없음,승용,남,48세,경상
2016082100100472,2016년 8월 21일 21시,일요일,대구광역시 북구 동천동,경상사고,0,0,2,0,차대차 - 추돌,안전운전불이행,건조,맑음,단일로 - 기타,승용,남,26세,상해없음,이륜,남,17세,경상
2016082100100491,2016년 8월 21일 22시,일요일,대구광역시 달서구 본리동,부상신고사고,0,0,0,1,차대차 - 기타,안전운전불이행,건조,맑음,교차로 - 교차로부근,기타불명,기타불명,기타불명,기타불명,이륜,남,33세,부상신고
2016082200100016,2016년 8월 22일 00시,월요일,대구광역시 달서구 송현동,중상사고,0,1,0,0,차대사람 - 횡단중,보행자보호의무위반,건조,맑음,교차로 - 교차로부근,승용,남,61세,상해없음,보행자,여,53세,중상
2016082200100107,2016년 8월 22일 07시,월요일,대구광역시 북구 매천동,경상사고,0,0,1,0,차대사람 - 기타,안전운전불이행,건조,맑음,단일로 - 기타,승용,남,63세,기타불명,보행자,남,27세,경상
2016082200100153,2016년 8월 22일 08시,월요일,대구광역시 달서구 용산동,경상사고,0,0,1,0,차대차 - 추돌,안전운전불이행,건조,맑음,교차로 - 교차로부근,승합,남,77세,상해없음,승용,여,36세,경상
2016082200100199,2016년 8월 22일 09시,월요일,대구광역시 수성구 만촌동,경상사고,0,0,1,0,차대차 - 추돌,안전운전불이행,건조,맑음,단일로 - 기타,승용,여,48세,상해없음,승용,남,44세,경상
2016082200100200,2016년 8월 22일 09시,월요일,대구광역시 북구 산격동,부상신고사고,0,0,0,2,차대차 - 측면충돌,안전운전불이행,건조,맑음,교차로 - 교차로부근,자전거,남,24세,부상신고,자전거,남,21세,부상신고
2016082200100201,2016년 8월 22일 09시,월요일,대구광역시 서구 중리동,부상신고사고,0,0,0,1,차대차 - 측면직각충돌,교차로운행방법위반,건조,맑음,교차로 - 교차로안,승용,여,23세,상해없음,승용,여,30세,부상신고
2016082200100247,2016년 8월 22일 10시,월요일,대구광역시 달서구 송현동,경상사고,0,0,2,0,차대차 - 측면충돌,직진우회전진행방해,건조,맑음,교차로 - 교차로안,승용,여,50세,경상,승용,남,34세,경상
2016082200100281,2016년 8월 22일 11시,월요일,대구광역시 동구 효목동,중상사고,0,1,0,0,차대사람 - 횡단중,보행자보호의무위반,건조,맑음,단일로 - 횡단보도상,승용,남,55세,상해없음,보행자,여,74세,중상
2016082200100282,2016년 8월 22일 11시,월요일,대구광역시 동구 신암동,경상사고,0,0,4,1,차대차 - 추돌,안전거리미확보,건조,맑음,단일로 - 기타,승용,남,61세,부상신고,승합,여,42세,경상
2016082200100283,2016년 8월 22일 11시,월요일,대구광역시 달서구 상인동,경상사고,0,0,2,0,차대차 - 추돌,안전운전불이행,건조,맑음,단일로 - 기타,승용,여,53세,상해없음,승용,남,49세,경상
2016082200100284,2016년 8월 22일 11시,월요일,대구광역시 중구 대신동,중상사고,0,1,0,0,차대차 - 기타,중앙선침범,건조,맑음,단일로 - 횡단보도상,이륜,남,41세,중상,건설기계,남,64세,상해없음
2016082200100311,2016년 8월 22일 12시,월요일,대구광역시 남구 봉덕동,중상사고,0,2,0,0,차대차 - 정면충돌,중앙선침범,건조,맑음,단일로 - 기타,승용,남,40세,상해없음,이륜,남,27세,중상
2016082200100313,2016년 8월 22일 12시,월요일,대구광역시 서구 내당동,중상사고,0,1,0,0,차대차 - 측면충돌,신호위반,건조,맑음,단일로 - 기타,승용,여,29세,상해없음,이륜,남,59세,중상
2016082200100342,2016년 8월 22일 13시,월요일,대구광역시 북구 학정동,경상사고,0,0,1,0,차대차 - 정면충돌,안전운전불이행,건조,맑음,교차로 - 교차로안,승용,여,36세,상해없음,이륜,남,19세,경상
2016082200100401,2016년 8월 22일 15시,월요일,대구광역시 달서구 진천동,중상사고,0,1,0,0,차대사람 - 기타,기타,건조,맑음,단일로 - 기타,자전거,남,31세,상해없음,보행자,여,60세,중상
2016082200100402,2016년 8월 22일 15시,월요일,대구광역시 서구 내당동,중상사고,0,1,2,0,차대차 - 측면충돌,안전운전불이행,건조,맑음,단일로 - 기타,승용,여,26세,경상,승용,남,62세,중상
2016082200100505,2016년 8월 22일 17시,월요일,대구광역시 동구 지저동,경상사고,0,0,1,0,차대차 - 측면충돌,안전거리미확보,건조,맑음,단일로 - 기타,승용,남,64세,상해없음,이륜,남,74세,경상
2016082200100506,2016년 8월 22일 17시,월요일,대구광역시 달서구 송현동,경상사고,0,0,1,0,차대사람 - 기타,안전운전불이행,건조,맑음,단일로 - 기타,승용,남,53세,상해없음,보행자,여,61세,경상
2016082200100537,2016년 8월 22일 18시,월요일,대구광역시 달성군 화원읍,중상사고,0,1,0,0,차대사람 - 횡단중,보행자보호의무위반,건조,맑음,교차로 - 교차로부근,승용,남,42세,상해없음,보행자,여,8세,중상
2016082200100538,2016년 8월 22일 18시,월요일,대구광역시 북구 읍내동,경상사고,0,0,1,0,차대차 - 측면충돌,안전운전불이행,건조,맑음,단일로 - 기타,승용,남,31세,상해없음,이륜,남,51세,경상
2016082200100539,2016년 8월 22일 18시,월요일,대구광역시 북구 읍내동,중상사고,0,1,0,0,차대차 - 측면직각충돌,안전운전불이행,건조,맑음,교차로 - 교차로안,승용,여,47세,상해없음,자전거,남,32세,중상
2016082200100621,2016년 8월 22일 20시,월요일,대구광역시 달서구 감삼동,부상신고사고,0,0,0,2,차대차 - 기타,안전운전불이행,건조,맑음,단일로 - 기타,승용,여,43세,상해없음,이륜,남,18세,부상신고
2016082200100622,2016년 8월 22일 20시,월요일,대구광역시 달서구 용산동,부상신고사고,0,0,0,1,차대차 - 기타,교차로운행방법위반,건조,맑음,교차로 - 교차로안,승용,남,47세,상해없음,원동기,남,56세,부상신고
2016082200100623,2016년 8월 22일 20시,월요일,대구광역시 북구 읍내동,경상사고,0,0,1,0,차대차 - 추돌,기타,건조,맑음,단일로 - 기타,승용,여,52세,상해없음,자전거,남,22세,경상
2016082200100653,2016년 8월 22일 21시,월요일,대구광역시 남구 봉덕동,부상신고사고,0,0,0,1,차대차 - 측면충돌,안전운전불이행,건조,맑음,단일로 - 기타,원동기,남,35세,부상신고,승용,남,59세,상해없음
2016082200100654,2016년 8월 22일 21시,월요일,대구광역시 수성구 범어동,경상사고,0,0,5,0,차대차 - 추돌,안전운전불이행,건조,맑음,교차로 - 교차로부근,승용,남,42세,상해없음,승용,여,27세,경상
2016082200100655,2016년 8월 22일 21시,월요일,대구광역시 북구 구암동,경상사고,0,0,1,0,차대차 - 측면직각충돌,안전거리미확보,건조,맑음,단일로 - 기타,이륜,남,22세,상해없음,이륜,남,20세,경상
2016082200100656,2016년 8월 22일 21시,월요일,대구광역시 북구 읍내동,중상사고,0,1,0,0,차대사람 - 기타,안전운전불이행,건조,맑음,단일로 - 기타,승용,남,33세,상해없음,보행자,남,43세,중상
2016082200100682,2016년 8월 22일 22시,월요일,대구광역시 수성구 지산동,경상사고,0,0,3,0,차대차 - 측면충돌,안전거리미확보,건조,맑음,단일로 - 기타,승용,남,30세,상해없음,승용,남,55세,경상
2016082200100683,2016년 8월 22일 22시,월요일,대구광역시 중구 남산동,경상사고,0,0,5,0,차대차 - 측면직각충돌,안전운전불이행,건조,맑음,교차로 - 교차로부근,승용,남,51세,상해없음,승용,남,32세,경상
2016082200100705,2016년 8월 22일 23시,월요일,대구광역시 북구 칠성동2가,경상사고,0,0,1,0,차대차 - 측면충돌,안전운전불이행,건조,맑음,단일로 - 기타,원동기,남,16세,경상,승용,남,45세,상해없음
2016082300100012,2016년 8월 23일 00시,화요일,대구광역시 중구 삼덕동1가,부상신고사고,0,0,0,1,차대사람 - 차도통행중,안전운전불이행,건조,맑음,교차로 - 교차로부근,승용,남,62세,상해없음,보행자,여,40세,부상신고
2016082300100027,2016년 8월 23일 01시,화요일,대구광역시 동구 신천동,경상사고,0,0,2,0,차대차 - 측면충돌,신호위반,건조,흐림,교차로 - 교차로안,승용,여,29세,상해없음,승용,여,32세,경상
2016082300100028,2016년 8월 23일 01시,화요일,대구광역시 달서구 죽전동,중상사고,0,1,0,0,차량단독 - 기타,안전운전불이행,건조,맑음,단일로 - 기타,승용,남,57세,상해없음,,,,
2016082300100061,2016년 8월 23일 05시,화요일,대구광역시 동구 방촌동,경상사고,0,0,2,0,차대차 - 측면충돌,신호위반,건조,맑음,교차로 - 교차로안,승용,남,58세,상해없음,화물,남,27세,경상
2016082300100062,2016년 8월 23일 05시,화요일,대구광역시 동구 신천동,경상사고,0,0,2,0,차대차 - 측면직각충돌,신호위반,건조,맑음,교차로 - 교차로안,승용,남,20세,상해없음,이륜,남,62세,경상
2016082300100063,2016년 8월 23일 05시,화요일,대구광역시 동구 율하동,중상사고,0,1,0,0,차대차 - 측면충돌,중앙선침범,건조,맑음,단일로 - 기타,승용,기타불명,기타불명,기타불명,자전거,남,37세,중상
2016082300100081,2016년 8월 23일 07시,화요일,대구광역시 남구 대명동,경상사고,0,0,1,0,차대차 - 측면충돌,안전거리미확보,건조,맑음,교차로 - 교차로부근,승용,남,58세,상해없음,이륜,남,66세,경상
2016082300100082,2016년 8월 23일 07시,화요일,대구광역시 서구 이현동,경상사고,0,0,2,0,차대차 - 추돌,안전거리미확보,건조,맑음,단일로 - 횡단보도부근,화물,남,66세,상해없음,화물,남,54세,경상
2016082300100083,2016년 8월 23일 07시,화요일,대구광역시 북구 매천동,경상사고,0,0,1,0,차대차 - 측면충돌,안전운전불이행,건조,맑음,기타 - 기타,화물,남,46세,상해없음,자전거,여,30세,경상
2016082300100111,2016년 8월 23일 08시,화요일,대구광역시 수성구 상동,중상사고,0,2,0,0,차대차 - 기타,안전거리미확보,건조,맑음,교차로 - 교차로부근,승용,여,61세,상해없음,승용,여,57세,중상
2016082300100146,2016년 8월 23일 09시,화요일,대구광역시 달성군 유가면,경상사고,0,0,2,0,차대차 - 정면충돌,안전운전불이행,건조,맑음,단일로 - 기타,화물,여,61세,상해없음,화물,남,35세,경상
2016082300100147,2016년 8월 23일 09시,화요일,대구광역시 달성군 화원읍,경상사고,0,0,1,0,차대차 - 측면충돌,중앙선침범,건조,맑음,단일로 - 횡단보도부근,승용,여,59세,상해없음,승용,여,41세,상해없음
2016082300100173,2016년 8월 23일 10시,화요일,대구광역시 달서구 상인동,경상사고,0,0,1,0,차대차 - 측면직각충돌,신호위반,건조,맑음,교차로 - 교차로안,승용,여,49세,상해없음,승용,여,60세,경상
2016082300100174,2016년 8월 23일 10시,화요일,대구광역시 달성군 옥포면,중상사고,0,1,0,0,차대차 - 측면충돌,안전운전불이행,건조,맑음,단일로 - 횡단보도상,승용,여,64세,상해없음,자전거,남,78세,중상
2016082300100175,2016년 8월 23일 10시,화요일,대구광역시 북구 산격동,경상사고,0,0,1,0,차대차 - 기타,안전거리미확보,건조,맑음,교차로 - 교차로부근,승용,여,62세,상해없음,승용,여,46세,경상
2016082300100176,2016년 8월 23일 10시,화요일,대구광역시 중구 남산동,경상사고,0,0,1,0,차대차 - 정면충돌,안전운전불이행,건조,맑음,교차로 - 교차로안,화물,남,53세,상해없음,승용,남,41세,경상
2016082300100206,2016년 8월 23일 11시,화요일,대구광역시 달서구 본동,경상사고,0,0,1,0,차대사람 - 횡단중,안전운전불이행,건조,맑음,단일로 - 기타,원동기,남,18세,상해없음,승용,남,40세,상해없음
2016082300100207,2016년 8월 23일 11시,화요일,대구광역시 달성군 옥포면,경상사고,0,0,1,1,차대차 - 측면충돌,안전운전불이행,건조,맑음,교차로 - 교차로안,원동기,남,68세,부상신고,화물,남,51세,상해없음
2016082300100208,2016년 8월 23일 11시,화요일,대구광역시 북구 태전동,중상사고,0,2,3,0,차대차 - 측면충돌,안전거리미확보,건조,맑음,교차로 - 교차로부근,승용,남,54세,상해없음,승용,여,49세,경상
2016082300100227,2016년 8월 23일 12시,화요일,대구광역시 수성구 황금동,중상사고,0,1,0,0,차대차 - 측면직각충돌,안전운전불이행,건조,맑음,단일로 - 기타,승용,남,81세,상해없음,원동기,남,21세,중상
2016082300100228,2016년 8월 23일 12시,화요일,대구광역시 달서구 두류동,경상사고,0,0,1,0,차대차 - 추돌,안전운전불이행,건조,맑음,단일로 - 기타,승용,여,39세,상해없음,승용,남,51세,경상
2016082300100229,2016년 8월 23일 12시,화요일,대구광역시 중구 서성로1가,경상사고,0,0,1,0,차대사람 - 차도통행중,안전운전불이행,건조,맑음,단일로 - 기타,승용,남,24세,상해없음,보행자,남,35세,경상
2016082300100230,2016년 8월 23일 12시,화요일,대구광역시 달서구 파호동,경상사고,0,0,1,0,차대차 - 추돌,안전운전불이행,건조,맑음,교차로 - 교차로부근,승용,남,50세,상해없음,승용,여,31세,경상
2016082300100258,2016년 8월 23일 13시,화요일,대구광역시 동구 신암동,경상사고,0,0,1,0,차대차 - 기타,신호위반,건조,맑음,교차로 - 교차로안,자전거,남,79세,경상,승용,남,39세,상해없음
2016082300100259,2016년 8월 23일 13시,화요일,대구광역시 달서구 상인동,중상사고,0,1,2,0,차대차 - 측면직각충돌,안전거리미확보,건조,맑음,교차로 - 교차로안,승용,남,59세,경상,승용,여,66세,경상
2016082300100288,2016년 8월 23일 14시,화요일,대구광역시 서구 내당동,경상사고,0,0,2,0,차대차 - 기타,신호위반,습기,맑음,단일로 - 기타,승용,남,50세,상해없음,자전거,남,75세,경상
2016082300100289,2016년 8월 23일 14시,화요일,대구광역시 중구 태평로2가,중상사고,0,1,0,0,차대차 - 정면충돌,안전운전불이행,건조,맑음,단일로 - 기타,이륜,남,37세,상해없음,이륜,여,51세,중상