사고번호,사고일시,요일,시군구,사고내용,사망자수,중상자수,경상자수,부상신고자수,사고유형,법규위반,노면상태,기상상태,도로형태,가해운전자 차종,가해운전자 성별,가해운전자 연령,가해운전자 상해정도,피해운전자 차종,피해운전자 성별,피해운전자 연령,피해운전자 상해정도
2016082600100627,2016년 8월 26일 19시,금요일,대구광역시 달서구 유천동,경상사고,0,0,2,0,차대차 - 측면충돌,안전운전불이행,건조,맑음,기타 - 기타,승용,여,36세,상해없음,이륜,남,17세,경상
2016082600100628,2016년 8월 26일 19시,금요일,대구광역시 달서구 감삼동,경상사고,0,0,1,0,차대차 - 측면충돌,안전운전불이행,건조,맑음,교차로 - 교차로안,승용,남,59세,기타불명,승용,여,49세,경상
2016082600100629,2016년 8월 26일 19시,금요일,대구광역시 달서구 죽전동,부상신고사고,0,0,0,2,차대차 - 추돌,안전거리미확보,습기,흐림,단일로 - 기타,승용,남,48세,상해없음,승용,남,22세,부상신고
2016082600100743,2016년 8월 26일 22시,금요일,대구광역시 북구 복현동,경상사고,0,0,2,0,차대차 - 측면충돌,안전거리미확보,건조,맑음,단일로 - 기타,승용,여,53세,상해없음,승용,남,31세,경상
2016082600100744,2016년 8월 26일 22시,금요일,대구광역시 중구 동인동3가,중상사고,0,1,0,0,차대사람 - 길가장자리구역통행중,안전운전불이행,건조,맑음,기타 - 기타,자전거,남,64세,상해없음,보행자,여,59세,중상
2016082600100745,2016년 8월 26일 22시,금요일,대구광역시 북구 관음동,중상사고,0,1,0,0,차대차 - 정면충돌,기타,건조,맑음,단일로 - 기타,승용,여,42세,상해없음,이륜,남,20세,중상
2016082700100014,2016년 8월 27일 00시,토요일,대구광역시 수성구 황금동,경상사고,0,0,3,0,차대차 - 추돌,안전거리미확보,건조,맑음,단일로 - 기타,승용,남,59세,상해없음,화물,남,48세,경상
2016082700100057,2016년 8월 27일 02시,토요일,대구광역시 달서구 용산동,부상신고사고,0,0,0,1,차대차 - 측면직각충돌,신호위반,건조,맑음,단일로 - 기타,자전거,남,18세,부상신고,자전거,남,23세,상해없음
2016082700100084,2016년 8월 27일 04시,토요일,대구광역시 동구 방촌동,경상사고,0,0,1,0,차대차 - 추돌,안전운전불이행,건조,맑음,단일로 - 기타,기타불명,기타불명,기타불명,기타불명,원동기,남,63세,경상
2016082700100085,2016년 8월 27일 04시,토요일,대구광역시 수성구 수성동1가,중상사고,0,2,0,0,차대사람 - 횡단중,안전운전불이행,건조,맑음,단일로 - 기타,이륜,남,22세,중상,보행자,여,29세,중상
2016082700100100,2016년 8월 27일 05시,토요일,대구광역시 북구 노원동2가,경상사고,0,0,1,0,차대차 - 측면충돌,직진우회전진행방해,건조,맑음,단일로 - 기타,승용,남,29세,상해없음,화물,남,70세,상해없음
2016082700100101,2016년 8월 27일 05시,토요일,대구광역시 중구 수창동,중상사고,0,1,3,0,차대차 - 측면직각충돌,안전운전불이행,건조,맑음,단일로 - 기타,승용,남,25세,상해없음,승용,남,22세,경상
2016082700100122,2016년 8월 27일 06시,토요일,대구광역시 남구 이천동,경상사고,0,0,1,0,차대차 - 정면충돌,신호위반,건조,맑음,교차로 - 교차로안,승용,남,19세,기타불명,이륜,남,46세,경상
2016082700100199,2016년 8월 27일 09시,토요일,대구광역시 남구 대명동,중상사고,0,1,0,0,차대사람 - 횡단중,보행자보호의무위반,건조,맑음,단일로 - 횡단보도상,승용,남,64세,상해없음,보행자,여,62세,중상
2016082700100200,2016년 8월 27일 09시,토요일,대구광역시 달서구 진천동,중상사고,0,1,0,0,차대차 - 측면충돌,교차로운행방법위반,건조,맑음,교차로 - 교차로안,승용,여,42세,상해없음,자전거,여,63세,중상
2016082700100201,2016년 8월 27일 09시,토요일,대구광역시 중구 남산동,경상사고,0,0,1,0,차대사람 - 보도통행중,중앙선침범,건조,맑음,단일로 - 기타,이륜,남,55세,상해없음,보행자,여,17세,경상
2016082700100241,2016년 8월 27일 10시,토요일,대구광역시 동구 입석동,경상사고,0,0,1,0,차대차 - 측면충돌,안전운전불이행,건조,맑음,단일로 - 기타,승용,남,27세,상해없음,자전거,남,18세,경상
2016082700100242,2016년 8월 27일 10시,토요일,대구광역시 달서구 감삼동,중상사고,0,1,0,0,차대사람 - 횡단중,보행자보호의무위반,건조,맑음,단일로 - 횡단보도상,승용,여,65세,상해없음,보행자,여,61세,중상
2016082700100243,2016년 8월 27일 10시,토요일,대구광역시 북구 태전동,경상사고,0,0,1,0,차대차 - 측면충돌,신호위반,건조,맑음,교차로 - 교차로부근,승용,남,53세,상해없음,자전거,여,9세,경상
2016082700100279,2016년 8월 27일 11시,토요일,대구광역시 수성구 수성동1가,경상사고,0,0,1,0,차대차 - 측면충돌,안전운전불이행,건조,맑음,교차로 - 교차로안,승용,남,34세,상해없음,승용,남,56세,경상
2016082700100323,2016년 8월 27일 12시,토요일,대구광역시 남구 봉덕동,중상사고,0,1,3,0,차대차 - 측면직각충돌,안전운전불이행,건조,맑음,단일로 - 기타,승용,여,28세,상해없음,승용,여,64세,경상
2016082700100324,2016년 8월 27일 12시,토요일,대구광역시 달성군 다사읍,경상사고,0,0,3,0,차대차 - 추돌,안전거리미확보,건조,맑음,단일로 - 기타,승용,남,64세,상해없음,승용,여,38세,경상
2016082700100325,2016년 8월 27일 12시,토요일,대구광역시 북구 노원동3가,경상사고,0,0,6,0,차대차 - 추돌,안전운전불이행,건조,맑음,단일로 - 기타,화물,남,65세,상해없음,승용,남,46세,경상
2016082700100359,2016년 8월 27일 13시,토요일,대구광역시 달성군 화원읍,경상사고,0,0,1,0,차대차 - 추돌,안전운전불이행,건조,맑음,단일로 - 기타,자전거,남,15세,경상,승용,여,40세,상해없음
2016082700100360,2016년 8월 27일 13시,토요일,대구광역시 중구 남산동,경상사고,0,0,1,0,차대차 - 측면직각충돌,직진우회전진행방해,건조,맑음,교차로 - 교차로부근,승용,남,33세,상해없음,자전거,남,59세,경상
2016082700100389,2016년 8월 27일 14시,토요일,대구광역시 달서구 상인동,중상사고,0,1,0,0,차대차 - 측면충돌,안전운전불이행,건조,맑음,교차로 - 교차로안,승용,여,36세,상해없음,이륜,남,35세,중상
2016082700100390,2016년 8월 27일 14시,토요일,대구광역시 달서구 진천동,경상사고,0,0,1,0,차대차 - 기타,안전거리미확보,건조,맑음,교차로 - 교차로부근,승용,여,57세,상해없음,승합,남,45세,상해없음
2016082700100391,2016년 8월 27일 14시,토요일,대구광역시 중구 수창동,부상신고사고,0,0,0,1,차대차 - 측면직각충돌,안전운전불이행,건조,맑음,단일로 - 기타,이륜,남,49세,부상신고,승용,남,63세,상해없음
2016082700100392,2016년 8월 27일 14시,토요일,대구광역시 달서구 감삼동,경상사고,0,0,1,0,차대차 - 기타,기타,건조,맑음,단일로 - 기타,승용,남,67세,상해없음,이륜,남,29세,경상
2016082700100393,2016년 8월 27일 14시,토요일,대구광역시 달서구 신당동,중상사고,0,1,0,0,차대차 - 측면직각충돌,안전운전불이행,건조,맑음,교차로 - 교차로부근,이륜,남,18세,중상,승용,여,36세,기타불명
2016082700100394,2016년 8월 27일 14시,토요일,대구광역시 북구 태전동,경상사고,0,0,1,0,차대차 - 측면직각충돌,안전운전불이행,건조,맑음,단일로 - 기타,승용,남,54세,기타불명,승용,남,31세,상해없음
2016082700100431,2016년 8월 27일 15시,토요일,대구광역시 달서구 진천동,중상사고,0,1,0,0,차대사람 - 횡단중,보행자보호의무위반,건조,맑음,단일로 - 횡단보도상,승용,여,41세,상해없음,보행자,남,11세,중상
2016082700100432,2016년 8월 27일 15시,토요일,대구광역시 달서구 용산동,중상사고,0,1,0,0,차대차 - 측면충돌,신호위반,건조,맑음,단일로 - 횡단보도상,승용,여,24세,상해없음,이륜,남,35세,중상
2016082700100464,2016년 8월 27일 16시,토요일,대구광역시 달서구 상인동,경상사고,0,0,1,0,차대차 - 측면충돌,안전운전불이행,건조,맑음,단일로 - 기타,승용,남,61세,상해없음,원동기,남,63세,경상
2016082700100465,2016년 8월 27일 16시,토요일,대구광역시 달성군 구지면,경상사고,0,0,2,0,차대차 - 추돌,안전운전불이행,건조,맑음,교차로 - 교차로부근,승용,여,29세,기타불명,승용,남,47세,경상
2016082700100549,2016년 8월 27일 18시,토요일,대구광역시 달서구 송현동,경상사고,0,0,2,0,차대차 - 추돌,안전운전불이행,건조,맑음,단일로 - 기타,승용,남,65세,상해없음,승용,남,30세,경상
2016082700100550,2016년 8월 27일 18시,토요일,대구광역시 달서구 대천동,경상사고,0,0,1,0,차대차 - 추돌,안전운전불이행,건조,맑음,단일로 - 기타,승용,여,50세,상해없음,원동기,남,19세,경상
2016082700100551,2016년 8월 27일 18시,토요일,대구광역시 북구 침산동,경상사고,0,0,1,0,차대차 - 측면충돌,안전운전불이행,건조,맑음,교차로 - 교차로부근,화물,남,64세,상해없음,자전거,남,26세,경상
2016082700100578,2016년 8월 27일 19시,토요일,대구광역시 달서구 진천동,중상사고,0,1,1,0,차대차 - 정면충돌,중앙선침범,건조,맑음,단일로 - 기타,이륜,남,25세,경상,이륜,남,16세,중상
2016082700100579,2016년 8월 27일 19시,토요일,대구광역시 중구 수창동,경상사고,0,0,1,0,차대차 - 추돌,안전운전불이행,습기,흐림,단일로 - 기타,승용,남,15세,상해없음,승용,여,33세,경상
2016082700100580,2016년 8월 27일 19시,토요일,대구광역시 달서구 신당동,경상사고,0,0,2,0,차대차 - 측면충돌,안전운전불이행,건조,맑음,교차로 - 교차로안,승용,남,26세,상해없음,승용,남,38세,경상
2016082700100612,2016년 8월 27일 20시,토요일,대구광역시 수성구 수성동2가,중상사고,0,1,0,0,차대차 - 추돌,교차로운행방법위반,건조,맑음,교차로 - 교차로안,승용,남,49세,상해없음,이륜,남,25세,중상
2016082700100638,2016년 8월 27일 21시,토요일,대구광역시 달성군 다사읍,경상사고,0,0,1,0,차대차 - 측면충돌,안전운전불이행,건조,맑음,교차로 - 교차로안,승용,여,49세,상해없음,자전거,남,12세,경상
2016082700100639,2016년 8월 27일 21시,토요일,대구광역시 서구 내당동,경상사고,0,0,1,0,차대차 - 측면직각충돌,신호위반,건조,맑음,단일로 - 기타,승용,남,37세,상해없음,이륜,남,17세,경상
2016082700100664,2016년 8월 27일 22시,토요일,대구광역시 수성구 대흥동,경상사고,0,0,1,0,차대사람 - 길가장자리구역통행중,안전운전불이행,건조,맑음,단일로 - 기타,기타불명,기타불명,기타불명,기타불명,보행자,남,38세,경상
2016082800100025,2016년 8월 28일 00시,일요일,대구광역시 중구 남산동,경상사고,0,0,1,0,차대사람 - 횡단중,보행자보호의무위반,건조,맑음,교차로 - 교차로안,승용,남,54세,상해없음,보행자,남,19세,경상
2016082800100026,2016년 8월 28일 00시,일요일,대구광역시 남구 봉덕동,경상사고,0,0,1,0,차대차 - 측면충돌,안전운전불이행,습기,비,교차로 - 교차로안,승용,여,23세,상해없음,자전거,남,33세,경상
2016082800100027,2016년 8월 28일 00시,일요일,대구광역시 달서구 송현동,사망사고,1,0,0,0,차대사람 - 횡단중,안전운전불이행,건조,맑음,단일로 - 기타,승용,남,36세,상해없음,보행자,남,26세,사망
2016082800100041,2016년 8월 28일 01시,일요일,대구광역시 중구 봉산동,경상사고,0,0,5,0,차대차 - 측면직각충돌,안전운전불이행,습기,비,교차로 - 교차로안,승용,남,62세,상해없음,승용,남,57세,경상
2016082800100080,2016년 8월 28일 04시,일요일,대구광역시 중구 남산동,경상사고,0,0,1,0,차대차 - 정면충돌,신호위반,습기,비,교차로 - 교차로안,승합,남,47세,상해없음,승용,남,55세,상해없음
2016082800100081,2016년 8월 28일 04시,일요일,대구광역시 수성구 지산동,경상사고,0,0,3,0,차대차 - 측면직각충돌,기타,습기,비,교차로 - 교차로안,승용,여,55세,기타불명,승용,남,22세,경상
2016082800100101,2016년 8월 28일 06시,일요일,대구광역시 동구 율하동,경상사고,0,0,1,0,차대차 - 측면직각충돌,직진우회전진행방해,건조,맑음,교차로 - 교차로안,승용,남,24세,상해없음,승용,남,69세,경상
2016082800100109,2016년 8월 28일 07시,일요일,대구광역시 동구 검사동,중상사고,0,1,0,0,차대사람 - 횡단중,안전운전불이행,습기,비,단일로 - 횡단보도상,승용,남,68세,상해없음,보행자,여,56세,중상
2016082800100123,2016년 8월 28일 08시,일요일,대구광역시 수성구 황금동,경상사고,0,0,1,0,차대차 - 측면직각충돌,안전운전불이행,건조,맑음,단일로 - 기타,승용,남,73세,상해없음,승용,남,63세,경상
2016082800100142,2016년 8월 28일 09시,일요일,대구광역시 중구 동인동2가,경상사고,0,0,3,1,차대차 - 측면충돌,중앙선침범,습기,비,교차로 - 교차로부근,승용,남,71세,상해없음,승용,남,58세,부상신고
2016082800100184,2016년 8월 28일 11시,일요일,대구광역시 달성군 옥포면,경상사고,0,0,2,0,차대차 - 정면충돌,안전운전불이행,습기,비,교차로 - 교차로부근,이륜,기타불명,기타불명,기타불명,이륜,여,57세,경상
2016082800100203,2016년 8월 28일 12시,일요일,대구광역시 수성구 범어동,부상신고사고,0,0,0,1,차량단독 - 기타,안전운전불이행,습기,비,단일로 - 기타,이륜,남,17세,부상신고,,,,
2016082800100229,2016년 8월 28일 13시,일요일,대구광역시 동구 방촌동,경상사고,0,0,1,0,차대차 - 추돌,안전거리미확보,습기,비,단일로 - 기타,승용,남,46세,상해없음,승합,남,40세,경상
2016082800100230,2016년 8월 28일 13시,일요일,대구광역시 수성구 신매동,경상사고,0,0,1,0,차대사람 - 기타,기타,습기,비,기타 - 기타,승용,남,32세,상해없음,보행자,남,23세,경상
2016082800100259,2016년 8월 28일 14시,일요일,대구광역시 달서구 송현동,경상사고,0,0,1,0,차대차 - 측면직각충돌,교차로운행방법위반,습기,비,교차로 - 교차로안,승용,남,58세,상해없음,승용,여,55세,경상
2016082800100260,2016년 8월 28일 14시,일요일,대구광역시 달서구 송현동,경상사고,0,0,1,0,차대차 - 추돌,안전운전불이행,건조,맑음,단일로 - 기타,이륜,남,22세,상해없음,승용,남,61세,경상
2016082800100303,2016년 8월 28일 15시,일요일,대구광역시 남구 대명동,경상사고,0,0,1,0,차대차 - 측면직각충돌,안전운전불이행,건조,맑음,기타 - 기타,승용,남,28세,상해없음,이륜,남,42세,경상
2016082800100304,2016년 8월 28일 15시,일요일,대구광역시 수성구 상동,중상사고,0,1,1,0,차대차 - 측면충돌,신호위반,습기,비,교차로 - 교차로안,승용,여,31세,상해없음,승용,남,33세,중상
2016082800100341,2016년 8월 28일 16시,일요일,대구광역시 수성구 황금동,경상사고,0,0,1,0,차대차 - 측면충돌,안전거리미확보,습기,흐림,단일로 - 기타,승합,남,68세,상해없음,승용,남,37세,경상
2016082800100342,2016년 8월 28일 16시,일요일,대구광역시 북구 칠성동2가,중상사고,0,1,1,0,차대차 - 추돌,안전거리미확보,건조,맑음,단일로 - 기타,승용,남,24세,상해없음,승용,남,61세,경상
2016082800100343,2016년 8월 28일 16시,일요일,대구광역시 중구 계산동1가,경상사고,0,0,5,0,차대차 - 측면충돌,차로위반,습기,비,교차로 - 교차로부근,승용,남,47세,상해없음,승용,남,58세,경상
2016082800100344,2016년 8월 28일 16시,일요일,대구광역시 북구 태전동,부상신고사고,0,0,0,1,차대차 - 정면충돌,중앙선침범,습기,비,단일로 - 기타,원동기,남,56세,부상신고,승용,남,66세,상해없음
2016082800100369,2016년 8월 28일 17시,일요일,대구광역시 수성구 두산동,경상사고,0,0,2,0,차대차 - 측면직각충돌,안전거리미확보,습기,비,단일로 - 기타,승용,남,33세,기타불명,승용,남,26세,상해없음
2016082800100370,2016년 8월 28일 17시,일요일,대구광역시 달서구 월성동,경상사고,0,0,1,0,차대차 - 측면직각충돌,안전거리미확보,건조,맑음,단일로 - 기타,승용,남,29세,상해없음,원동기,남,37세,경상
2016082800100403,2016년 8월 28일 18시,일요일,대구광역시 동구 신천동,경상사고,0,0,1,0,차대차 - 기타,안전거리미확보,습기,비,단일로 - 기타,승용,남,60세,상해없음,이륜,남,23세,경상
2016082800100404,2016년 8월 28일 18시,일요일,대구광역시 달서구 대천동,경상사고,0,0,1,0,차대차 - 기타,안전운전불이행,습기,비,단일로 - 기타,이륜,남,19세,경상,승용,남,48세,상해없음
2016082800100405,2016년 8월 28일 18시,일요일,대구광역시 북구 복현동,경상사고,0,0,10,0,차대차 - 측면직각충돌,중앙선침범,습기,비,단일로 - 교량,승용,남,48세,상해없음,승용,남,54세,경상
2016082800100442,2016년 8월 28일 19시,일요일,대구광역시 달서구 진천동,경상사고,0,0,1,0,차량단독 - 기타,기타,건조,맑음,단일로 - 기타,승합,남,47세,상해없음,,,,
2016082800100443,2016년 8월 28일 19시,일요일,대구광역시 달성군 현풍면,중상사고,0,1,1,0,차대사람 - 횡단중,안전운전불이행,습기,비,단일로 - 기타,원동기,남,17세,상해없음,보행자,남,36세,중상
2016082800100477,2016년 8월 28일 20시,일요일,대구광역시 달성군 다사읍,중상사고,0,1,0,0,차대사람 - 횡단중,안전운전불이행,습기,비,교차로 - 교차로부근,승용,여,67세,기타불명,보행자,여,50세,중상
2016082800100512,2016년 8월 28일 21시,일요일,대구광역시 동구 용수동,사망사고,1,0,0,0,차대사람 - 횡단중,보행자보호의무위반,습기,비,단일로 - 횡단보도상,승용,남,30세,상해없음,보행자,여,64세,사망
2016082800100513,2016년 8월 28일 21시,일요일,대구광역시 달서구 두류동,경상사고,0,0,2,0,차대사람 - 횡단중,안전운전불이행,습기,비,교차로 - 교차로부근,승용,남,36세,상해없음,보행자,여,33세,경상
2016082800100534,2016년 8월 28일 22시,일요일,대구광역시 남구 봉덕동,중상사고,0,1,0,0,차대사람 - 횡단중,보행자보호의무위반,습기,비,단일로 - 횡단보도상,승용,남,50세,상해없음,보행자,여,74세,중상
2016082800100535,2016년 8월 28일 22시,일요일,대구광역시 수성구 만촌동,경상사고,0,0,3,0,차대차 - 측면직각충돌,안전운전불이행,습기,맑음,단일로 - 기타,승용,여,60세,상해없음,승용,여,42세,경상
2016082800100536,2016년 8월 28일 22시,일요일,대구광역시 수성구 연호동,중상사고,0,1,0,0,차대차 - 측면충돌,중앙선침범,건조,맑음,단일로 - 기타,승용,남,20세,상해없음,승용,남,30세,중상
2016082800100537,2016년 8월 28일 22시,일요일,대구광역시 북구 동천동,중상사고,0,1,0,0,차대사람 - 횡단중,신호위반,습기,비,교차로 - 교차로부근,승용,여,21세,상해없음,보행자,여,21세,중상
2016082900100072,2016년 8월 29일 06시,월요일,대구광역시 동구 신암동,경상사고,0,0,1,0,차대사람 - 횡단중,신호위반,건조,맑음,단일로 - 횡단보도상,승용,여,61세,상해없음,보행자,남,18세,경상
2016082900100092,2016년 8월 29일 07시,월요일,대구광역시 북구 산격동,경상사고,0,0,1,0,차대차 - 추돌,안전운전불이행,건조,맑음,교차로 - 교차로부근,승용,여,53세,상해없음,승용,남,28세,경상
2016082900100093,2016년 8월 29일 07시,월요일,대구광역시 서구 평리동,중상사고,0,1,0,0,차대사람 - 횡단중,보행자보호의무위반,건조,맑음,단일로 - 횡단보도상,승용,남,56세,상해없음,보행자,여,65세,중상
2016082900100124,2016년 8월 29일 08시,월요일,대구광역시 달서구 본동,경상사고,0,0,1,0,차대차 - 측면충돌,중앙선침범,건조,맑음,단일로 - 기타,자전거,남,33세,경상,승용,남,34세,상해없음
2016082900100125,2016년 8월 29일 08시,월요일,대구광역시 달성군 화원읍,중상사고,0,1,0,0,차대차 - 기타,안전운전불이행,건조,맑음,단일로 - 기타,자전거,여,62세,중상,화물,남,65세,상해없음
2016082900100126,2016년 8월 29일 08시,월요일,대구광역시 달성군 현풍면,중상사고,0,1,1,0,차대차 - 측면직각충돌,중앙선침범,건조,맑음,단일로 - 기타,승합,남,41세,중상,화물,남,62세,경상
2016082900100127,2016년 8월 29일 08시,월요일,대구광역시 북구 대현동,경상사고,0,0,1,0,차대사람 - 길가장자리구역통행중,안전운전불이행,건조,맑음,단일로 - 기타,승용,남,69세,상해없음,보행자,남,78세,경상
2016082900100128,2016년 8월 29일 08시,월요일,대구광역시 달서구 이곡동,중상사고,0,1,0,0,차대차 - 기타,안전운전불이행,건조,맑음,교차로 - 교차로부근,승용,남,51세,상해없음,이륜,남,43세,중상
2016082900100174,2016년 8월 29일 09시,월요일,대구광역시 남구 이천동,경상사고,0,0,2,0,차대차 - 측면충돌,안전거리미확보,건조,맑음,교차로 - 교차로부근,승용,여,37세,상해없음,화물,남,33세,경상
2016082900100175,2016년 8월 29일 09시,월요일,대구광역시 동구 백안동,경상사고,0,0,2,0,차대차 - 측면충돌,안전거리미확보,건조,맑음,단일로 - 기타,승용,여,42세,상해없음,승합,남,42세,상해없음
2016082900100176,2016년 8월 29일 09시,월요일,대구광역시 수성구 만촌동,경상사고,0,0,3,0,차대차 - 추돌,안전운전불이행,건조,맑음,교차로 - 교차로부근,승용,남,46세,상해없음,승용,여,42세,경상
2016082900100213,2016년 8월 29일 10시,월요일,대구광역시 북구 산격동,중상사고,0,1,0,0,차대차 - 추돌,안전운전불이행,건조,맑음,단일로 - 기타,승용,남,39세,상해없음,원동기,남,73세,중상
2016082900100250,2016년 8월 29일 11시,월요일,대구광역시 동구 신암동,경상사고,0,0,1,0,차대차 - 측면충돌,안전운전불이행,건조,맑음,단일로 - 기타,자전거,여,55세,경상,승용,남,34세,상해없음
2016082900100251,2016년 8월 29일 11시,월요일,대구광역시 동구 신천동,경상사고,0,0,2,0,차대차 - 추돌,안전운전불이행,건조,맑음,교차로 - 교차로부근,승용,남,61세,상해없음,승용,여,46세,경상
2016082900100252,2016년 8월 29일 11시,월요일,대구광역시 수성구 만촌동,중상사고,0,1,0,0,차대사람 - 횡단중,안전운전불이행,건조,맑음,단일로 - 기타,승용,남,59세,상해없음,보행자,남,55세,중상
2016082900100253,2016년 8월 29일 11시,월요일,대구광역시 달성군 현풍면,경상사고,0,0,3,0,차대차 - 측면충돌,안전운전불이행,건조,맑음,교차로 - 교차로안,승용,남,78세,상해없음,승용,남,54세,경상
2016082900100254,2016년 8월 29일 11시,월요일,대구광역시 달서구 신당동,경상사고,0,0,1,0,차대차 - 추돌,안전운전불이행,건조,맑음,단일로 - 기타,승용,남,34세,상해없음,승용,여,58세,경상
2016082900100288,2016년 8월 29일 12시,월요일,대구광역시 동구 신암동,부상신고사고,0,0,0,1,차대차 - 측면직각충돌,신호위반,건조,맑음,교차로 - 교차로안,이륜,남,67세,부상신고,승용,남,60세,상해없음
2016082900100311,2016년 8월 29일 13시,월요일,대구광역시 남구 이천동,경상사고,0,0,1,0,차대차 - 측면충돌,직진우회전진행방해,건조,맑음,교차로 - 교차로안,원동기,남,35세,경상,승용,남,72세,상해없음
2016082900100312,2016년 8월 29일 13시,월요일,대구광역시 수성구 두산동,중상사고,0,1,0,0,차대차 - 추돌,안전운전불이행,건조,맑음,단일로 - 기타,승용,여,53세,상해없음,승용,남,31세,중상
2016082900100348,2016년 8월 29일 14시,월요일,대구광역시 북구 학정동,경상사고,0,0,1,0,차대차 - 추돌,안전운전불이행,건조,맑음,단일로 - 기타,승용,여,44세,경상,화물,남,55세,기타불명
2016082900100384,2016년 8월 29일 15시,월요일,대구광역시 달서구 상인동,중상사고,0,1,0,0,차대차 - 기타,신호위반,건조,맑음,단일로 - 기타,화물,남,70세,상해없음,이륜,남,74세,중상
2016082900100385,2016년 8월 29일 15시,월요일,대구광역시 달성군 화원읍,중상사고,0,1,0,0,차대차 - 추돌,안전운전불이행,건조,맑음,단일로 - 기타,승용,남,41세,중상,특수,남,43세,상해없음
2016082900100386,2016년 8월 29일 15시,월요일,대구광역시 북구 산격동,경상사고,0,0,2,0,차대차 - 기타,교차로운행방법위반,건조,맑음,교차로 - 교차로안,승용,여,50세,상해없음,승용,여,45세,경상
2016082900100387,2016년 8월 29일 15시,월요일,대구광역시 서구 내당동,중상사고,0,1,0,0,차대사람 - 차도통행중,안전운전불이행,건조,맑음,단일로 - 횡단보도부근,승용,남,66세,상해없음,보행자,남,73세,중상
2016082900100426,2016년 8월 29일 16시,월요일,대구광역시 수성구 만촌동,중상사고,0,2,0,0,차대차 - 측면직각충돌,안전거리미확보,건조,맑음,단일로 - 기타,승용,여,20세,중상,원동기,남,19세,중상
2016082900100427,2016년 8월 29일 16시,월요일,대구광역시 달성군 화원읍,중상사고,0,1,0,0,차대사람 - 횡단중,안전운전불이행,건조,맑음,단일로 - 기타,승용,여,42세,상해없음,보행자,여,8세,중상
2016082900100428,2016년 8월 29일 16시,월요일,대구광역시 서구 비산동,경상사고,0,0,1,0,차대차 - 추돌,안전거리미확보,건조,맑음,단일로 - 기타,승용,남,43세,상해없음,승용,남,67세,경상
2016082900100476,2016년 8월 29일 17시,월요일,대구광역시 동구 불로동,경상사고,0,0,1,1,차대차 - 정면충돌,직진우회전진행방해,건조,맑음,교차로 - 교차로안,승용,남,20세,부상신고,승용,남,52세,경상
2016082900100477,2016년 8월 29일 17시,월요일,대구광역시 달서구 본동,경상사고,0,0,1,0,차대차 - 측면충돌,안전운전불이행,건조,맑음,단일로 - 기타,승용,여,37세,상해없음,이륜,남,39세,경상
2016082900100478,2016년 8월 29일 17시,월요일,대구광역시 북구 구암동,경상사고,0,0,1,0,차대차 - 측면직각충돌,안전운전불이행,건조,맑음,교차로 - 교차로부근,승용,여,35세,상해없음,자전거,남,69세,경상
2016082900100514,2016년 8월 29일 18시,월요일,대구광역시 동구 효목동,경상사고,0,0,3,0,차대차 - 측면충돌,안전운전불이행,건조,맑음,단일로 - 기타,승용,남,57세,경상,이륜,남,16세,경상
2016082900100516,2016년 8월 29일 18시,월요일,대구광역시 서구 내당동,경상사고,0,0,1,0,차대차 - 측면충돌,차로위반,건조,맑음,단일로 - 기타,승합,남,63세,상해없음,이륜,남,25세,경상
2016082900100517,2016년 8월 29일 18시,월요일,대구광역시 달서구 감삼동,중상사고,0,1,0,0,차대사람 - 횡단중,안전운전불이행,건조,맑음,단일로 - 기타,화물,남,55세,상해없음,보행자,여,25세,중상
2016082900100558,2016년 8월 29일 19시,월요일,대구광역시 남구 봉덕동,중상사고,0,1,3,0,차대차 - 측면직각충돌,차로위반,건조,맑음,교차로 - 교차로부근,승용,남,68세,경상,승용,여,34세,중상
2016082900100559,2016년 8월 29일 19시,월요일,대구광역시 수성구 지산동,중상사고,0,1,0,0,차대차 - 측면직각충돌,신호위반,건조,맑음,교차로 - 교차로안,승용,여,40세,상해없음,화물,남,44세,중상
2016082900100560,2016년 8월 29일 19시,월요일,대구광역시 달서구 대천동,경상사고,0,0,2,0,차대차 - 기타,안전운전불이행,건조,맑음,교차로 - 교차로안,승용,여,54세,상해없음,승용,남,67세,경상
2016082900100595,2016년 8월 29일 20시,월요일,대구광역시 중구 대봉동,부상신고사고,0,0,0,1,차대차 - 정면충돌,안전운전불이행,건조,맑음,기타 - 기타,자전거,남,37세,부상신고,자전거,여,22세,상해없음
2016082900100624,2016년 8월 29일 21시,월요일,대구광역시 달서구 월성동,경상사고,0,0,2,0,차대차 - 추돌,안전운전불이행,건조,맑음,단일로 - 기타,화물,남,51세,상해없음,승용,남,29세,경상
2016082900100625,2016년 8월 29일 21시,월요일,대구광역시 달서구 진천동,경상사고,0,0,1,0,차대차 - 기타,교차로운행방법위반,습기,비,교차로 - 교차로안,승용,남,52세,상해없음,이륜,남,16세,경상
2016082900100626,2016년 8월 29일 21시,월요일,대구광역시 북구 산격동,중상사고,0,1,1,0,차대차 - 기타,안전거리미확보,건조,맑음,교차로 - 교차로부근,승용,남,55세,상해없음,승용,여,55세,중상
2016082900100627,2016년 8월 29일 21시,월요일,대구광역시 달서구 감삼동,경상사고,0,0,1,0,차대차 - 측면충돌,안전운전불이행,건조,맑음,단일로 - 기타,승용,여,48세,상해없음,자전거,남,23세,경상
2016082900100628,2016년 8월 29일 21시,월요일,대구광역시 달서구 장기동,경상사고,0,0,1,0,차대차 - 측면충돌,신호위반,건조,맑음,교차로 - 교차로부근,승용,여,39세,상해없음,승용,남,56세,경상