사고번호,사고일시,요일,시군구,사고내용,사망자수,중상자수,경상자수,부상신고자수,사고유형,법규위반,노면상태,기상상태,도로형태,가해운전자 차종,가해운전자 성별,가해운전자 연령,가해운전자 상해정도,피해운전자 차종,피해운전자 성별,피해운전자 연령,피해운전자 상해정도
2016090200100371,2016년 9월 2일 15시,금요일,대구광역시 수성구 지산동,경상사고,0,0,2,0,차대차 - 측면직각충돌,교차로운행방법위반,건조,맑음,교차로 - 교차로안,승용,남,30세,경상,승용,여,37세,경상
2016090200100405,2016년 9월 2일 16시,금요일,대구광역시 동구 불로동,경상사고,0,0,1,0,차대차 - 측면충돌,안전운전불이행,습기,흐림,단일로 - 기타,승합,남,45세,상해없음,화물,남,33세,경상
2016090200100406,2016년 9월 2일 16시,금요일,대구광역시 수성구 지산동,경상사고,0,0,1,0,차대차 - 측면충돌,안전운전불이행,건조,맑음,단일로 - 기타,승용,남,44세,기타불명,승용,남,42세,경상
2016090200100407,2016년 9월 2일 16시,금요일,대구광역시 수성구 만촌동,경상사고,0,0,1,0,차대차 - 측면직각충돌,안전운전불이행,습기,비,단일로 - 기타,승용,남,60세,상해없음,승용,여,44세,경상
2016090200100408,2016년 9월 2일 16시,금요일,대구광역시 서구 내당동,중상사고,0,1,0,0,차대사람 - 횡단중,신호위반,습기,비,단일로 - 횡단보도부근,승용,여,43세,상해없음,보행자,여,21세,중상
2016090200100409,2016년 9월 2일 16시,금요일,대구광역시 북구 동천동,경상사고,0,0,2,0,차대차 - 추돌,안전운전불이행,건조,맑음,단일로 - 기타,승용,남,48세,상해없음,화물,남,24세,경상
2016090200100455,2016년 9월 2일 17시,금요일,대구광역시 남구 대명동,경상사고,0,0,2,0,차대차 - 기타,안전운전불이행,건조,맑음,단일로 - 기타,승용,남,37세,상해없음,승용,남,48세,경상
2016090200100456,2016년 9월 2일 17시,금요일,대구광역시 동구 효목동,경상사고,0,0,1,0,차대차 - 측면직각충돌,안전운전불이행,습기,비,교차로 - 교차로안,승용,여,49세,상해없음,승용,남,64세,경상
2016090200100457,2016년 9월 2일 17시,금요일,대구광역시 달서구 송현동,경상사고,0,0,1,0,차대사람 - 기타,안전운전불이행,건조,맑음,단일로 - 기타,승합,남,41세,상해없음,보행자,여,75세,경상
2016090200100458,2016년 9월 2일 17시,금요일,대구광역시 서구 이현동,경상사고,0,0,1,0,차대사람 - 기타,안전운전불이행,습기,비,단일로 - 기타,화물,남,49세,상해없음,보행자,남,45세,경상
2016090200100496,2016년 9월 2일 18시,금요일,대구광역시 달서구 감삼동,경상사고,0,0,1,0,차대차 - 측면충돌,안전거리미확보,습기,흐림,단일로 - 기타,승용,여,36세,기타불명,승합,남,52세,경상
2016090200100542,2016년 9월 2일 19시,금요일,대구광역시 동구 신천동,경상사고,0,0,1,0,차대사람 - 횡단중,안전운전불이행,습기,비,단일로 - 기타,승용,남,35세,상해없음,보행자,남,6세,경상
2016090200100543,2016년 9월 2일 19시,금요일,대구광역시 동구 신암동,부상신고사고,0,0,0,1,차대차 - 측면충돌,안전운전불이행,건조,맑음,교차로 - 교차로안,원동기,남,43세,부상신고,승용,남,52세,상해없음
2016090200100544,2016년 9월 2일 19시,금요일,대구광역시 달성군 화원읍,경상사고,0,0,3,0,차대차 - 추돌,안전거리미확보,습기,비,단일로 - 기타,승용,남,56세,상해없음,승용,여,48세,경상
2016090200100545,2016년 9월 2일 19시,금요일,대구광역시 서구 평리동,경상사고,0,0,1,0,차대사람 - 횡단중,보행자보호의무위반,습기,비,단일로 - 기타,기타불명,기타불명,기타불명,기타불명,보행자,남,42세,경상
2016090200100546,2016년 9월 2일 19시,금요일,대구광역시 중구 대봉동,경상사고,0,0,1,0,차대사람 - 횡단중,보행자보호의무위반,습기,비,단일로 - 기타,승용,남,86세,상해없음,보행자,여,22세,경상
2016090200100582,2016년 9월 2일 20시,금요일,대구광역시 수성구 범물동,중상사고,0,1,3,0,차대차 - 추돌,안전운전불이행,습기,비,단일로 - 기타,승용,여,48세,상해없음,승용,남,43세,경상
2016090200100583,2016년 9월 2일 20시,금요일,대구광역시 수성구 시지동,경상사고,0,0,2,0,차대차 - 측면충돌,안전거리미확보,습기,비,교차로 - 교차로부근,승용,남,65세,상해없음,승용,남,32세,경상
2016090200100584,2016년 9월 2일 20시,금요일,대구광역시 달성군 화원읍,중상사고,0,1,0,0,차대차 - 정면충돌,안전운전불이행,습기,비,단일로 - 기타,승용,남,52세,상해없음,승용,여,34세,중상
2016090200100585,2016년 9월 2일 20시,금요일,대구광역시 달서구 이곡동,경상사고,0,0,1,0,차대차 - 정면충돌,신호위반,습기,비,교차로 - 교차로안,승용,여,46세,상해없음,이륜,남,33세,경상
2016090200100620,2016년 9월 2일 21시,금요일,대구광역시 수성구 범어동,중상사고,0,1,0,0,차대차 - 추돌,안전거리미확보,습기,흐림,단일로 - 기타,승용,남,52세,상해없음,승용,여,59세,중상
2016090200100621,2016년 9월 2일 21시,금요일,대구광역시 수성구 두산동,경상사고,0,0,2,0,차대차 - 추돌,안전운전불이행,습기,비,단일로 - 기타,승용,여,54세,상해없음,승용,남,27세,경상
2016090200100622,2016년 9월 2일 21시,금요일,대구광역시 수성구 신매동,경상사고,0,0,1,0,차대차 - 측면직각충돌,안전운전불이행,습기,비,교차로 - 교차로안,승용,남,19세,상해없음,승용,남,28세,경상
2016090200100624,2016년 9월 2일 21시,금요일,대구광역시 서구 내당동,중상사고,0,1,0,0,차대사람 - 횡단중,안전운전불이행,습기,비,단일로 - 기타,승용,여,35세,상해없음,보행자,남,51세,중상
2016090200100667,2016년 9월 2일 22시,금요일,대구광역시 수성구 범어동,경상사고,0,0,1,0,차대사람 - 기타,기타,습기,비,단일로 - 기타,승용,여,55세,기타불명,보행자,남,33세,경상
2016090200100668,2016년 9월 2일 22시,금요일,대구광역시 달서구 송현동,중상사고,0,1,0,0,차대차 - 측면충돌,교차로운행방법위반,습기,비,교차로 - 교차로안,승용,남,57세,상해없음,이륜,남,22세,중상
2016090200100669,2016년 9월 2일 22시,금요일,대구광역시 달성군 현풍면,중상사고,0,1,0,0,차대사람 - 횡단중,신호위반,습기,비,교차로 - 교차로안,승합,남,62세,상해없음,보행자,여,17세,중상
2016090200100670,2016년 9월 2일 22시,금요일,대구광역시 서구 비산동,경상사고,0,0,1,0,차대차 - 측면충돌,신호위반,건조,맑음,단일로 - 기타,승용,여,56세,상해없음,이륜,남,26세,경상
2016090200100671,2016년 9월 2일 22시,금요일,대구광역시 서구 평리동,경상사고,0,0,2,1,차대차 - 측면직각충돌,안전운전불이행,습기,비,단일로 - 기타,승용,남,33세,상해없음,승용,남,29세,경상
2016090200100672,2016년 9월 2일 22시,금요일,대구광역시 달서구 이곡동,경상사고,0,0,1,0,차대차 - 측면직각충돌,안전운전불이행,습기,비,교차로 - 교차로안,화물,남,50세,상해없음,승용,남,33세,경상
2016090200100673,2016년 9월 2일 22시,금요일,대구광역시 달서구 용산동,중상사고,0,1,0,0,차대차 - 측면직각충돌,중앙선침범,습기,비,단일로 - 기타,화물,남,47세,상해없음,이륜,남,21세,중상
2016090200100705,2016년 9월 2일 23시,금요일,대구광역시 달서구 진천동,경상사고,0,0,3,0,차대차 - 기타,안전거리미확보,습기,비,단일로 - 기타,승용,남,22세,상해없음,승용,남,24세,경상
2016090300100021,2016년 9월 3일 00시,토요일,대구광역시 북구 칠성동2가,중상사고,0,1,0,0,차대사람 - 횡단중,과속,습기,비,단일로 - 기타,승용,남,61세,상해없음,보행자,남,53세,중상
2016090300100022,2016년 9월 3일 00시,토요일,대구광역시 중구 삼덕동1가,경상사고,0,0,1,1,차대사람 - 기타,안전운전불이행,습기,비,교차로 - 교차로부근,승용,남,18세,상해없음,보행자,남,23세,부상신고
2016090300100043,2016년 9월 3일 01시,토요일,대구광역시 달서구 송현동,경상사고,0,0,4,0,차대차 - 추돌,안전운전불이행,건조,맑음,교차로 - 교차로부근,승용,남,55세,상해없음,승용,남,24세,경상
2016090300100044,2016년 9월 3일 01시,토요일,대구광역시 달서구 송현동,경상사고,0,0,2,0,차대차 - 측면충돌,신호위반,습기,비,교차로 - 교차로안,승용,남,72세,상해없음,승용,남,53세,경상
2016090300100085,2016년 9월 3일 03시,토요일,대구광역시 북구 침산동,경상사고,0,0,1,0,차대차 - 측면충돌,안전운전불이행,습기,비,단일로 - 기타,승용,남,30세,상해없음,승용,남,54세,경상
2016090300100098,2016년 9월 3일 04시,토요일,대구광역시 수성구 범물동,중상사고,0,1,1,0,차대차 - 측면충돌,신호위반,건조,맑음,교차로 - 교차로안,승용,남,47세,상해없음,승용,남,58세,경상
2016090300100099,2016년 9월 3일 04시,토요일,대구광역시 달성군 논공읍,사망사고,5,0,0,0,차량단독 - 전도전복,과속,습기,비,단일로 - 기타,승용,남,18세,사망,,,,
2016090300100115,2016년 9월 3일 05시,토요일,대구광역시 남구 대명동,중상사고,0,1,0,0,차대사람 - 횡단중,안전운전불이행,습기,비,단일로 - 기타,승용,남,60세,상해없음,보행자,여,69세,중상
2016090300100116,2016년 9월 3일 05시,토요일,대구광역시 동구 신천동,경상사고,0,0,1,0,차대차 - 정면충돌,중앙선침범,건조,맑음,단일로 - 기타,승용,남,34세,상해없음,화물,남,53세,경상
2016090300100117,2016년 9월 3일 05시,토요일,대구광역시 서구 이현동,사망사고,1,0,0,0,차대사람 - 횡단중,안전운전불이행,습기,비,단일로 - 횡단보도상,승용,남,41세,상해없음,보행자,여,75세,사망
2016090300100118,2016년 9월 3일 05시,토요일,대구광역시 북구 팔달동,경상사고,0,0,1,0,차대차 - 추돌,안전운전불이행,습기,비,단일로 - 기타,화물,남,52세,상해없음,화물,남,36세,경상
2016090300100132,2016년 9월 3일 06시,토요일,대구광역시 북구 동천동,경상사고,0,0,3,0,차대차 - 추돌,안전운전불이행,습기,비,단일로 - 기타,승용,남,35세,상해없음,승용,남,59세,경상
2016090300100146,2016년 9월 3일 07시,토요일,대구광역시 서구 평리동,중상사고,0,1,0,0,차대사람 - 횡단중,안전운전불이행,건조,맑음,단일로 - 횡단보도상,승용,남,63세,상해없음,보행자,여,23세,중상
2016090300100175,2016년 9월 3일 08시,토요일,대구광역시 동구 신암동,경상사고,0,0,1,0,차대차 - 정면충돌,안전운전불이행,건조,맑음,단일로 - 기타,화물,여,53세,상해없음,승용,남,48세,경상
2016090300100176,2016년 9월 3일 08시,토요일,대구광역시 중구 동인동1가,중상사고,0,1,2,0,차대차 - 정면충돌,신호위반,건조,맑음,교차로 - 교차로안,승용,여,58세,상해없음,승용,남,53세,중상
2016090300100202,2016년 9월 3일 09시,토요일,대구광역시 동구 중대동,중상사고,0,1,0,0,차량단독 - 전도전복,안전운전불이행,건조,맑음,단일로 - 기타,승용,여,30세,중상,,,,
2016090300100225,2016년 9월 3일 10시,토요일,대구광역시 서구 상리동,경상사고,0,0,2,0,차대차 - 추돌,안전운전불이행,습기,비,단일로 - 기타,승용,남,44세,상해없음,화물,남,38세,경상
2016090300100227,2016년 9월 3일 10시,토요일,대구광역시 중구 삼덕동3가,중상사고,0,2,0,0,차대차 - 추돌,안전거리미확보,건조,맑음,단일로 - 기타,승용,남,57세,상해없음,승용,여,51세,중상
2016090300100228,2016년 9월 3일 10시,토요일,대구광역시 달서구 호림동,경상사고,0,0,1,0,차대차 - 기타,교차로운행방법위반,건조,맑음,교차로 - 교차로안,화물,남,57세,상해없음,승용,여,42세,경상
2016090300100305,2016년 9월 3일 12시,토요일,대구광역시 달서구 대곡동,경상사고,0,0,1,0,차대차 - 추돌,안전거리미확보,습기,흐림,단일로 - 횡단보도부근,승용,여,44세,상해없음,승용,여,52세,경상
2016090300100335,2016년 9월 3일 13시,토요일,대구광역시 북구 노원동3가,경상사고,0,0,1,0,차대차 - 추돌,안전운전불이행,건조,맑음,단일로 - 기타,승용,남,56세,상해없음,승용,남,45세,경상
2016090300100382,2016년 9월 3일 14시,토요일,대구광역시 달성군 다사읍,경상사고,0,0,2,0,차대차 - 추돌,안전운전불이행,건조,흐림,단일로 - 기타,승용,남,69세,상해없음,승용,남,55세,상해없음
2016090300100423,2016년 9월 3일 15시,토요일,대구광역시 서구 내당동,경상사고,0,0,2,0,차대차 - 측면직각충돌,안전운전불이행,건조,흐림,단일로 - 기타,승용,남,29세,경상,승합,남,53세,상해없음
2016090300100458,2016년 9월 3일 16시,토요일,대구광역시 달서구 상인동,경상사고,0,0,4,0,차대차 - 측면직각충돌,교차로운행방법위반,건조,맑음,기타 - 기타,승용,남,48세,경상,승용,남,56세,경상
2016090300100459,2016년 9월 3일 16시,토요일,대구광역시 북구 산격동,경상사고,0,0,1,0,차대사람 - 기타,안전운전불이행,건조,맑음,기타 - 기타,승용,남,32세,상해없음,보행자,남,34세,경상
2016090300100460,2016년 9월 3일 16시,토요일,대구광역시 중구 동인동2가,경상사고,0,0,1,0,차대사람 - 횡단중,안전운전불이행,건조,맑음,단일로 - 기타,승용,여,57세,기타불명,보행자,여,40세,경상
2016090300100503,2016년 9월 3일 17시,토요일,대구광역시 서구 평리동,사망사고,1,0,0,0,차대사람 - 횡단중,안전운전불이행,건조,맑음,교차로 - 교차로안,승용,남,48세,상해없음,보행자,남,42세,사망
2016090300100547,2016년 9월 3일 18시,토요일,대구광역시 달서구 대천동,경상사고,0,0,1,0,차대차 - 추돌,안전운전불이행,습기,흐림,교차로 - 교차로부근,승용,남,28세,상해없음,특수,남,25세,경상
2016090300100548,2016년 9월 3일 18시,토요일,대구광역시 달서구 본리동,경상사고,0,0,1,0,차대차 - 측면직각충돌,안전운전불이행,건조,맑음,기타 - 기타,승용,남,57세,상해없음,승용,남,34세,경상
2016090300100549,2016년 9월 3일 18시,토요일,대구광역시 북구 복현동,경상사고,0,0,1,0,차대차 - 측면충돌,안전운전불이행,건조,맑음,교차로 - 교차로부근,승합,여,53세,상해없음,자전거,남,73세,경상
2016090300100550,2016년 9월 3일 18시,토요일,대구광역시 북구 매천동,경상사고,0,0,1,0,차대차 - 측면직각충돌,안전운전불이행,건조,맑음,단일로 - 기타,승용,남,48세,상해없음,승용,남,30세,경상
2016090300100575,2016년 9월 3일 19시,토요일,대구광역시 남구 대명동,중상사고,0,1,0,0,차대차 - 기타,안전운전불이행,건조,맑음,기타 - 기타,승합,남,53세,상해없음,자전거,남,62세,중상
2016090300100576,2016년 9월 3일 19시,토요일,대구광역시 수성구 중동,중상사고,0,1,5,0,차대차 - 추돌,안전거리미확보,건조,맑음,단일로 - 기타,승용,여,54세,상해없음,승용,남,31세,중상
2016090300100577,2016년 9월 3일 19시,토요일,대구광역시 서구 내당동,경상사고,0,0,1,0,차대차 - 추돌,안전운전불이행,건조,맑음,단일로 - 기타,승용,남,22세,상해없음,승용,남,52세,경상
2016090300100610,2016년 9월 3일 20시,토요일,대구광역시 동구 용계동,경상사고,0,0,1,0,차대차 - 추돌,안전운전불이행,습기,흐림,단일로 - 기타,승용,남,58세,상해없음,승용,남,25세,경상
2016090300100611,2016년 9월 3일 20시,토요일,대구광역시 수성구 상동,경상사고,0,0,1,0,차대차 - 측면충돌,교차로운행방법위반,건조,맑음,교차로 - 교차로안,승용,남,41세,상해없음,승용,여,48세,경상
2016090300100612,2016년 9월 3일 20시,토요일,대구광역시 수성구 사월동,중상사고,0,1,2,0,차대차 - 측면충돌,안전운전불이행,건조,맑음,단일로 - 기타,승용,남,58세,상해없음,승용,남,42세,상해없음
2016090300100640,2016년 9월 3일 21시,토요일,대구광역시 수성구 파동,경상사고,0,0,1,0,차대사람 - 횡단중,보행자보호의무위반,건조,맑음,교차로 - 교차로안,승용,남,42세,상해없음,보행자,여,41세,경상
2016090300100662,2016년 9월 3일 22시,토요일,대구광역시 중구 삼덕동1가,경상사고,0,0,1,0,차대사람 - 기타,안전운전불이행,습기,흐림,단일로 - 기타,승용,남,22세,상해없음,보행자,남,21세,경상
2016090300100687,2016년 9월 3일 23시,토요일,대구광역시 중구 대봉동,중상사고,0,1,0,0,차대차 - 측면충돌,안전운전불이행,건조,맑음,단일로 - 기타,이륜,남,29세,중상,승용,남,55세,상해없음
2016090400100014,2016년 9월 4일 00시,일요일,대구광역시 중구 동인동1가,경상사고,0,0,3,0,차대차 - 측면직각충돌,신호위반,건조,맑음,교차로 - 교차로안,승용,남,35세,경상,승용,남,40세,경상
2016090400100015,2016년 9월 4일 00시,일요일,대구광역시 중구 삼덕동2가,경상사고,0,0,1,0,차량단독 - 기타,기타,건조,맑음,단일로 - 기타,승용,남,62세,상해없음,,,,
2016090400100034,2016년 9월 4일 02시,일요일,대구광역시 달서구 성당동,경상사고,0,0,1,0,차대차 - 추돌,안전운전불이행,건조,맑음,단일로 - 기타,승용,남,51세,상해없음,승용,남,39세,경상
2016090400100041,2016년 9월 4일 03시,일요일,대구광역시 남구 대명동,부상신고사고,0,0,0,1,차대차 - 추돌,안전운전불이행,건조,맑음,단일로 - 기타,승용,남,27세,상해없음,승합,남,35세,부상신고
2016090400100051,2016년 9월 4일 04시,일요일,대구광역시 서구 비산동,중상사고,0,1,3,1,차대차 - 추돌,안전거리미확보,건조,맑음,단일로 - 횡단보도부근,승용,남,35세,상해없음,승용,남,53세,중상
2016090400100059,2016년 9월 4일 05시,일요일,대구광역시 중구 동산동,경상사고,0,0,1,0,차대차 - 추돌,안전운전불이행,건조,맑음,단일로 - 횡단보도부근,승용,여,37세,상해없음,승용,남,64세,상해없음
2016090400100060,2016년 9월 4일 05시,일요일,대구광역시 달서구 용산동,경상사고,0,0,1,0,차대차 - 측면충돌,안전운전불이행,건조,맑음,교차로 - 교차로부근,승용,남,32세,상해없음,이륜,남,18세,경상
2016090400100072,2016년 9월 4일 06시,일요일,대구광역시 달서구 송현동,부상신고사고,0,0,0,1,차대차 - 기타,차로위반,건조,맑음,단일로 - 기타,자전거,남,75세,부상신고,승용,여,57세,상해없음
2016090400100073,2016년 9월 4일 06시,일요일,대구광역시 달서구 이곡동,경상사고,0,0,1,0,차대차 - 추돌,안전운전불이행,건조,맑음,단일로 - 기타,승용,남,29세,상해없음,승용,여,51세,경상
2016090400100090,2016년 9월 4일 07시,일요일,대구광역시 동구 방촌동,부상신고사고,0,0,0,2,차대사람 - 차도통행중,안전운전불이행,건조,맑음,교차로 - 교차로부근,화물,남,76세,상해없음,보행자,여,57세,부상신고
2016090400100103,2016년 9월 4일 08시,일요일,대구광역시 달성군 논공읍,부상신고사고,0,0,0,1,차대차 - 추돌,안전운전불이행,건조,흐림,단일로 - 기타,화물,남,55세,부상신고,화물,남,56세,상해없음
2016090400100120,2016년 9월 4일 09시,일요일,대구광역시 북구 침산동,경상사고,0,0,1,0,차대차 - 측면충돌,중앙선침범,건조,맑음,단일로 - 기타,자전거,남,75세,경상,승용,남,57세,상해없음
2016090400100121,2016년 9월 4일 09시,일요일,대구광역시 중구 태평로3가,부상신고사고,0,0,0,1,차대차 - 측면직각충돌,신호위반,건조,맑음,교차로 - 교차로안,자전거,남,69세,부상신고,승용,남,55세,상해없음
2016090400100144,2016년 9월 4일 10시,일요일,대구광역시 수성구 수성동4가,경상사고,0,0,2,0,차대차 - 추돌,안전운전불이행,건조,맑음,교차로 - 교차로부근,승용,남,18세,상해없음,승용,여,47세,경상
2016090400100196,2016년 9월 4일 12시,일요일,대구광역시 동구 방촌동,중상사고,0,1,0,0,차대사람 - 기타,기타,건조,맑음,단일로 - 기타,승합,남,49세,상해없음,보행자,남,76세,중상
2016090400100197,2016년 9월 4일 12시,일요일,대구광역시 중구 동인동4가,경상사고,0,0,2,0,차대차 - 추돌,안전거리미확보,건조,맑음,단일로 - 기타,승용,남,50세,상해없음,승용,남,58세,경상
2016090400100261,2016년 9월 4일 14시,일요일,대구광역시 동구 봉무동,부상신고사고,0,0,0,1,차대차 - 추돌,안전운전불이행,건조,맑음,단일로 - 기타,이륜,남,47세,부상신고,승용,남,45세,상해없음
2016090400100262,2016년 9월 4일 14시,일요일,대구광역시 중구 대신동,중상사고,0,2,1,0,차대차 - 추돌,안전운전불이행,건조,맑음,단일로 - 기타,승용,여,62세,상해없음,승용,남,81세,중상
2016090400100263,2016년 9월 4일 14시,일요일,대구광역시 북구 관음동,경상사고,0,0,1,0,차대차 - 측면충돌,안전운전불이행,건조,맑음,단일로 - 기타,이륜,남,20세,상해없음,자전거,남,76세,경상
2016090400100264,2016년 9월 4일 14시,일요일,대구광역시 북구 구암동,경상사고,0,0,6,0,차대차 - 측면충돌,불법유턴,건조,맑음,교차로 - 교차로안,승용,남,40세,경상,승용,여,40세,경상
2016090400100288,2016년 9월 4일 15시,일요일,대구광역시 동구 신암동,경상사고,0,0,1,0,차대차 - 측면충돌,안전운전불이행,건조,맑음,교차로 - 교차로안,승용,남,58세,상해없음,승용,남,41세,상해없음
2016090400100319,2016년 9월 4일 16시,일요일,대구광역시 중구 대봉동,중상사고,0,2,0,0,차대차 - 측면직각충돌,안전운전불이행,건조,맑음,기타 - 기타,자전거,여,43세,중상,자전거,남,51세,중상
2016090400100320,2016년 9월 4일 16시,일요일,대구광역시 북구 태전동,중상사고,0,1,0,0,차대차 - 측면충돌,안전거리미확보,건조,맑음,단일로 - 기타,승용,남,58세,상해없음,이륜,남,18세,중상
2016090400100366,2016년 9월 4일 18시,일요일,대구광역시 동구 신천동,중상사고,0,1,0,0,차대차 - 정면충돌,불법유턴,습기,비,단일로 - 기타,승용,남,25세,상해없음,이륜,남,53세,중상
2016090400100367,2016년 9월 4일 18시,일요일,대구광역시 달서구 상인동,중상사고,0,1,0,0,차대차 - 측면충돌,신호위반,건조,맑음,교차로 - 교차로안,승용,남,27세,상해없음,원동기,남,18세,중상
2016090400100368,2016년 9월 4일 18시,일요일,대구광역시 달서구 송현동,경상사고,0,0,2,0,차대차 - 측면충돌,안전운전불이행,건조,맑음,교차로 - 교차로부근,승용,남,62세,상해없음,승용,남,30세,경상
2016090400100402,2016년 9월 4일 19시,일요일,대구광역시 동구 지묘동,경상사고,0,0,2,0,차대차 - 측면충돌,안전운전불이행,건조,맑음,단일로 - 기타,승용,남,73세,상해없음,승용,여,28세,경상
2016090400100403,2016년 9월 4일 19시,일요일,대구광역시 동구 불로동,경상사고,0,0,1,0,차대차 - 측면충돌,안전거리미확보,건조,맑음,단일로 - 기타,승용,여,44세,상해없음,승용,남,34세,경상
2016090400100404,2016년 9월 4일 19시,일요일,대구광역시 수성구 수성동1가,경상사고,0,0,1,0,차대차 - 기타,안전거리미확보,습기,비,단일로 - 기타,승용,남,30세,상해없음,이륜,남,23세,경상
2016090400100405,2016년 9월 4일 19시,일요일,대구광역시 달성군 논공읍,중상사고,0,1,0,0,차량단독 - 공작물충돌,기타,습기,비,단일로 - 기타,원동기,남,42세,중상,,,,
2016090400100406,2016년 9월 4일 19시,일요일,대구광역시 북구 검단동,경상사고,0,0,1,0,차대차 - 추돌,안전운전불이행,습기,흐림,교차로 - 교차로안,승용,남,73세,상해없음,승용,여,55세,경상
2016090400100437,2016년 9월 4일 20시,일요일,대구광역시 수성구 고모동,경상사고,0,0,1,0,차대차 - 측면직각충돌,안전거리미확보,습기,비,단일로 - 기타,승용,남,31세,상해없음,승용,남,34세,경상
2016090400100438,2016년 9월 4일 20시,일요일,대구광역시 달서구 감삼동,경상사고,0,0,1,0,차대차 - 측면직각충돌,교차로운행방법위반,습기,흐림,교차로 - 교차로안,승용,남,69세,상해없음,이륜,남,48세,경상
2016090400100439,2016년 9월 4일 20시,일요일,대구광역시 달서구 감삼동,경상사고,0,0,1,0,차대차 - 추돌,안전운전불이행,건조,맑음,단일로 - 기타,승용,남,33세,상해없음,승용,남,25세,상해없음
2016090400100485,2016년 9월 4일 22시,일요일,대구광역시 북구 서변동,경상사고,0,0,5,0,차대차 - 측면충돌,안전운전불이행,습기,흐림,단일로 - 기타,승용,남,44세,상해없음,승용,남,31세,경상
2016090500100006,2016년 9월 5일 00시,월요일,대구광역시 수성구 만촌동,경상사고,0,0,2,0,차대차 - 측면직각충돌,교차로운행방법위반,건조,맑음,교차로 - 교차로안,승용,여,52세,상해없음,승용,남,59세,경상
2016090500100059,2016년 9월 5일 06시,월요일,대구광역시 북구 대현동,경상사고,0,0,1,0,차대차 - 기타,신호위반,건조,맑음,교차로 - 교차로안,승용,여,70세,상해없음,승용,남,29세,경상
2016090500100079,2016년 9월 5일 07시,월요일,대구광역시 북구 대현동,경상사고,0,0,1,0,차대차 - 측면충돌,직진우회전진행방해,건조,맑음,교차로 - 교차로부근,승용,여,34세,상해없음,승용,남,55세,경상
2016090500100117,2016년 9월 5일 08시,월요일,대구광역시 동구 신기동,중상사고,0,1,0,0,차대사람 - 횡단중,보행자보호의무위반,건조,맑음,단일로 - 기타,승용,남,44세,상해없음,보행자,여,76세,중상
2016090500100118,2016년 9월 5일 08시,월요일,대구광역시 달서구 대곡동,중상사고,0,1,1,0,차대차 - 기타,안전운전불이행,건조,맑음,단일로 - 기타,화물,남,54세,상해없음,승용,여,38세,경상
2016090500100154,2016년 9월 5일 09시,월요일,대구광역시 수성구 지산동,경상사고,0,0,1,0,차대사람 - 길가장자리구역통행중,안전운전불이행,건조,맑음,단일로 - 기타,승용,남,79세,상해없음,보행자,여,21세,경상
2016090500100155,2016년 9월 5일 09시,월요일,대구광역시 달서구 상인동,경상사고,0,0,1,0,차대차 - 측면충돌,안전운전불이행,건조,맑음,교차로 - 교차로부근,자전거,남,20세,경상,승용,여,61세,상해없음
2016090500100188,2016년 9월 5일 10시,월요일,대구광역시 동구 방촌동,경상사고,0,0,1,1,차대차 - 측면충돌,직진우회전진행방해,건조,맑음,교차로 - 교차로안,화물,남,63세,부상신고,승용,여,67세,경상
2016090500100189,2016년 9월 5일 10시,월요일,대구광역시 수성구 수성동4가,중상사고,0,1,0,0,차대차 - 측면충돌,안전거리미확보,건조,맑음,단일로 - 횡단보도부근,화물,남,50세,상해없음,승용,남,67세,중상
2016090500100216,2016년 9월 5일 11시,월요일,대구광역시 남구 대명동,사망사고,1,0,0,0,차대사람 - 횡단중,안전운전불이행,건조,맑음,단일로 - 기타,화물,남,47세,상해없음,보행자,여,87세,사망
2016090500100217,2016년 9월 5일 11시,월요일,대구광역시 중구 남산동,중상사고,0,1,0,0,차대차 - 측면직각충돌,직진우회전진행방해,건조,맑음,교차로 - 교차로안,화물,남,70세,상해없음,이륜,남,66세,중상
2016090500100272,2016년 9월 5일 13시,월요일,대구광역시 달서구 성당동,중상사고,0,1,0,0,차대사람 - 횡단중,안전운전불이행,건조,맑음,단일로 - 기타,승용,남,35세,상해없음,보행자,여,75세,중상
2016090500100273,2016년 9월 5일 13시,월요일,대구광역시 북구 동천동,경상사고,0,0,1,0,차대차 - 측면직각충돌,안전운전불이행,건조,맑음,단일로 - 기타,승용,남,54세,상해없음,승용,여,33세,상해없음
2016090500100300,2016년 9월 5일 14시,월요일,대구광역시 달서구 대곡동,중상사고,0,1,0,0,차대사람 - 횡단중,신호위반,건조,맑음,단일로 - 횡단보도상,승용,여,36세,상해없음,보행자,여,10세,중상
2016090500100301,2016년 9월 5일 14시,월요일,대구광역시 달서구 상인동,경상사고,0,0,1,0,차대사람 - 횡단중,보행자보호의무위반,건조,흐림,단일로 - 기타,승용,남,24세,상해없음,보행자,남,29세,경상
2016090500100302,2016년 9월 5일 14시,월요일,대구광역시 중구 공평동,경상사고,0,0,1,0,차대사람 - 횡단중,보행자보호의무위반,습기,비,교차로 - 교차로부근,승용,여,65세,상해없음,보행자,남,31세,경상
2016090500100325,2016년 9월 5일 15시,월요일,대구광역시 수성구 사월동,경상사고,0,0,1,0,차대차 - 기타,교차로운행방법위반,습기,비,교차로 - 교차로안,건설기계,남,59세,상해없음,승용,남,56세,경상
2016090500100327,2016년 9월 5일 15시,월요일,대구광역시 달성군 다사읍,경상사고,0,0,2,0,차대차 - 측면직각충돌,안전거리미확보,습기,비,단일로 - 기타,승합,남,60세,상해없음,화물,남,37세,상해없음