사고번호,사고일시,요일,시군구,사고내용,사망자수,중상자수,경상자수,부상신고자수,사고유형,법규위반,노면상태,기상상태,도로형태,가해운전자 차종,가해운전자 성별,가해운전자 연령,가해운전자 상해정도,피해운전자 차종,피해운전자 성별,피해운전자 연령,피해운전자 상해정도
2016090500100371,2016년 9월 5일 16시,월요일,대구광역시 남구 대명동,경상사고,0,0,1,0,차대사람 - 기타,기타,건조,맑음,단일로 - 기타,승합,남,57세,상해없음,보행자,남,47세,경상
2016090500100372,2016년 9월 5일 16시,월요일,대구광역시 동구 신천동,경상사고,0,0,2,0,차대차 - 추돌,안전운전불이행,건조,맑음,단일로 - 기타,승용,여,34세,경상,승용,남,57세,경상
2016090500100418,2016년 9월 5일 17시,월요일,대구광역시 달서구 상인동,경상사고,0,0,1,0,차대차 - 기타,안전운전불이행,습기,비,교차로 - 교차로부근,승용,기타불명,기타불명,기타불명,승용,여,44세,경상
2016090500100419,2016년 9월 5일 17시,월요일,대구광역시 달성군 화원읍,중상사고,0,1,4,0,차대차 - 추돌,안전운전불이행,건조,맑음,단일로 - 기타,화물,남,30세,경상,승합,남,50세,경상
2016090500100420,2016년 9월 5일 17시,월요일,대구광역시 서구 이현동,경상사고,0,0,3,0,차대차 - 정면충돌,안전운전불이행,건조,맑음,단일로 - 기타,화물,남,49세,상해없음,승용,남,42세,경상
2016090500100457,2016년 9월 5일 18시,월요일,대구광역시 달성군 화원읍,중상사고,0,1,0,0,차대차 - 기타,안전운전불이행,습기,비,교차로 - 교차로부근,승용,남,68세,상해없음,이륜,남,49세,중상
2016090500100458,2016년 9월 5일 18시,월요일,대구광역시 북구 칠성동1가,중상사고,0,1,0,0,차대차 - 측면직각충돌,기타,건조,맑음,교차로 - 교차로안,기타불명,기타불명,기타불명,기타불명,자전거,여,55세,중상
2016090500100497,2016년 9월 5일 19시,월요일,대구광역시 동구 입석동,중상사고,0,1,0,0,차대사람 - 횡단중,보행자보호의무위반,건조,맑음,단일로 - 횡단보도상,승용,남,34세,상해없음,보행자,여,49세,중상
2016090500100498,2016년 9월 5일 19시,월요일,대구광역시 수성구 범어동,중상사고,0,1,0,0,차대사람 - 횡단중,신호위반,건조,맑음,단일로 - 횡단보도상,승합,남,55세,상해없음,보행자,남,64세,중상
2016090500100499,2016년 9월 5일 19시,월요일,대구광역시 남구 대명동,경상사고,0,0,1,0,차대차 - 측면직각충돌,안전운전불이행,건조,맑음,단일로 - 기타,승용,여,58세,상해없음,자전거,남,65세,경상
2016090500100540,2016년 9월 5일 20시,월요일,대구광역시 수성구 범어동,중상사고,0,1,2,0,차대차 - 기타,안전운전불이행,건조,맑음,단일로 - 기타,승용,남,62세,상해없음,승용,남,49세,중상
2016090500100541,2016년 9월 5일 20시,월요일,대구광역시 달서구 월성동,경상사고,0,0,2,0,차대차 - 측면충돌,안전운전불이행,건조,맑음,교차로 - 교차로안,승용,남,67세,상해없음,승용,여,32세,경상
2016090500100542,2016년 9월 5일 20시,월요일,대구광역시 북구 노원동3가,중상사고,0,1,0,0,차대차 - 측면직각충돌,신호위반,습기,비,교차로 - 교차로안,승용,남,70세,상해없음,이륜,남,18세,중상
2016090500100543,2016년 9월 5일 20시,월요일,대구광역시 서구 비산동,경상사고,0,0,1,0,차대차 - 정면충돌,안전거리미확보,건조,맑음,단일로 - 기타,승용,남,53세,상해없음,원동기,남,37세,경상
2016090500100544,2016년 9월 5일 20시,월요일,대구광역시 달서구 죽전동,경상사고,0,0,3,0,차대차 - 추돌,안전거리미확보,건조,맑음,단일로 - 기타,승용,남,48세,상해없음,승용,남,43세,경상
2016090500100570,2016년 9월 5일 21시,월요일,대구광역시 서구 내당동,중상사고,0,1,0,0,차대차 - 측면직각충돌,안전운전불이행,건조,맑음,단일로 - 기타,승용,남,53세,상해없음,자전거,남,34세,중상
2016090500100571,2016년 9월 5일 21시,월요일,대구광역시 서구 내당동,경상사고,0,0,1,0,차대차 - 추돌,안전운전불이행,건조,맑음,단일로 - 기타,승용,남,48세,상해없음,승용,여,56세,경상
2016090500100593,2016년 9월 5일 22시,월요일,대구광역시 달성군 논공읍,중상사고,0,1,0,0,차량단독 - 전도전복,안전운전불이행,습기,맑음,교차로 - 교차로부근,이륜,남,37세,중상,,,,
2016090500100622,2016년 9월 5일 23시,월요일,대구광역시 동구 방촌동,중상사고,0,1,0,0,차대차 - 추돌,안전운전불이행,건조,맑음,단일로 - 기타,특수,남,36세,상해없음,승용,남,57세,중상
2016090500100623,2016년 9월 5일 23시,월요일,대구광역시 중구 태평로1가,경상사고,0,0,1,0,차대사람 - 기타,안전운전불이행,습기,흐림,단일로 - 기타,승용,남,55세,상해없음,보행자,남,32세,경상
2016090600100012,2016년 9월 6일 00시,화요일,대구광역시 달서구 죽전동,중상사고,0,1,2,0,차대차 - 측면충돌,신호위반,건조,맑음,단일로 - 기타,승용,남,60세,상해없음,승용,남,61세,중상
2016090600100028,2016년 9월 6일 01시,화요일,대구광역시 서구 내당동,부상신고사고,0,0,0,1,차량단독 - 기타,안전운전불이행,건조,맑음,단일로 - 기타,승용,남,45세,상해없음,,,,
2016090600100049,2016년 9월 6일 03시,화요일,대구광역시 남구 봉덕동,중상사고,0,1,1,0,차대차 - 추돌,안전운전불이행,습기,흐림,교차로 - 교차로부근,승용,남,24세,상해없음,승용,남,49세,경상
2016090600100050,2016년 9월 6일 03시,화요일,대구광역시 남구 이천동,중상사고,0,1,0,0,차량단독 - 공작물충돌,안전운전불이행,건조,맑음,단일로 - 기타,승용,남,44세,상해없음,,,,
2016090600100102,2016년 9월 6일 07시,화요일,대구광역시 달서구 도원동,경상사고,0,0,1,1,차대사람 - 횡단중,안전운전불이행,건조,맑음,단일로 - 기타,자전거,남,55세,부상신고,보행자,여,45세,경상
2016090600100103,2016년 9월 6일 07시,화요일,대구광역시 달서구 갈산동,경상사고,0,0,1,0,차대차 - 측면직각충돌,신호위반,건조,맑음,교차로 - 교차로부근,승용,남,52세,상해없음,자전거,남,39세,경상
2016090600100104,2016년 9월 6일 07시,화요일,대구광역시 북구 구암동,경상사고,0,0,1,0,차대차 - 측면충돌,안전운전불이행,건조,맑음,단일로 - 기타,화물,남,48세,상해없음,자전거,남,18세,경상
2016090600100146,2016년 9월 6일 08시,화요일,대구광역시 달서구 용산동,경상사고,0,0,1,0,차대차 - 추돌,안전운전불이행,건조,맑음,교차로 - 교차로안,승용,여,40세,상해없음,승용,남,53세,경상
2016090600100169,2016년 9월 6일 09시,화요일,대구광역시 달성군 논공읍,부상신고사고,0,0,0,1,차량단독 - 전도전복,안전운전불이행,기타,맑음,단일로 - 기타,이륜,남,68세,부상신고,,,,
2016090600100170,2016년 9월 6일 09시,화요일,대구광역시 서구 내당동,경상사고,0,0,1,0,차대차 - 기타,안전운전불이행,건조,맑음,단일로 - 기타,승용,여,60세,상해없음,승용,여,32세,경상
2016090600100211,2016년 9월 6일 11시,화요일,대구광역시 수성구 삼덕동,경상사고,0,0,1,0,차대사람 - 기타,안전운전불이행,건조,맑음,단일로 - 기타,화물,남,66세,상해없음,보행자,남,47세,경상
2016090600100212,2016년 9월 6일 11시,화요일,대구광역시 북구 칠성동2가,중상사고,0,1,0,0,차대차 - 측면충돌,안전운전불이행,건조,맑음,단일로 - 기타,자전거,여,19세,상해없음,자전거,남,70세,중상
2016090600100242,2016년 9월 6일 12시,화요일,대구광역시 수성구 수성동1가,중상사고,0,1,1,1,차대차 - 측면직각충돌,안전거리미확보,건조,맑음,단일로 - 기타,승용,여,40세,상해없음,승용,남,22세,부상신고
2016090600100266,2016년 9월 6일 13시,화요일,대구광역시 수성구 범어동,경상사고,0,0,2,0,차대차 - 기타,기타,건조,맑음,단일로 - 기타,승용,남,42세,상해없음,원동기,남,24세,경상
2016090600100267,2016년 9월 6일 13시,화요일,대구광역시 중구 남산동,경상사고,0,0,1,0,차대사람 - 횡단중,안전운전불이행,건조,맑음,교차로 - 교차로안,승용,남,65세,상해없음,보행자,남,34세,경상
2016090600100268,2016년 9월 6일 13시,화요일,대구광역시 달서구 감삼동,경상사고,0,0,1,0,차대사람 - 횡단중,안전운전불이행,건조,맑음,단일로 - 기타,승용,여,51세,기타불명,보행자,남,62세,경상
2016090600100332,2016년 9월 6일 15시,화요일,대구광역시 달성군 논공읍,경상사고,0,0,2,0,차대차 - 측면직각충돌,안전운전불이행,건조,흐림,단일로 - 기타,승용,남,65세,상해없음,승합,남,54세,경상
2016090600100363,2016년 9월 6일 16시,화요일,대구광역시 달서구 두류동,경상사고,0,0,1,0,차대사람 - 기타,안전운전불이행,건조,맑음,단일로 - 기타,기타불명,기타불명,기타불명,기타불명,보행자,남,58세,경상
2016090600100398,2016년 9월 6일 17시,화요일,대구광역시 중구 삼덕동2가,중상사고,0,1,1,0,차대차 - 측면충돌,직진우회전진행방해,건조,맑음,교차로 - 교차로안,승용,남,62세,경상,승용,남,56세,중상
2016090600100433,2016년 9월 6일 18시,화요일,대구광역시 서구 비산동,중상사고,0,1,0,0,차대차 - 측면충돌,안전운전불이행,건조,맑음,단일로 - 기타,승용,남,60세,상해없음,이륜,남,67세,중상
2016090600100471,2016년 9월 6일 19시,화요일,대구광역시 달서구 감삼동,부상신고사고,0,0,0,1,차대사람 - 보도통행중,안전운전불이행,건조,맑음,기타 - 기타,기타불명,기타불명,기타불명,기타불명,보행자,여,62세,부상신고
2016090600100523,2016년 9월 6일 21시,화요일,대구광역시 중구 남산동,중상사고,0,1,0,0,차대차 - 기타,중앙선침범,건조,맑음,교차로 - 교차로부근,승용,남,50세,상해없음,이륜,남,21세,중상
2016090600100544,2016년 9월 6일 22시,화요일,대구광역시 동구 신암동,경상사고,0,0,1,0,차대사람 - 길가장자리구역통행중,안전운전불이행,건조,맑음,단일로 - 기타,승용,여,58세,상해없음,보행자,여,52세,경상
2016090600100545,2016년 9월 6일 22시,화요일,대구광역시 중구 계산동2가,중상사고,0,1,0,0,차대차 - 측면충돌,중앙선침범,건조,맑음,단일로 - 기타,원동기,여,51세,중상,승용,여,30세,상해없음
2016090600100564,2016년 9월 6일 23시,화요일,대구광역시 달서구 호림동,경상사고,0,0,2,0,차대차 - 측면충돌,신호위반,건조,맑음,교차로 - 교차로안,승용,남,50세,상해없음,승용,여,36세,경상
2016090700100012,2016년 9월 7일 00시,수요일,대구광역시 남구 대명동,경상사고,0,0,1,0,차대차 - 측면충돌,안전운전불이행,건조,맑음,교차로 - 교차로안,이륜,남,19세,상해없음,원동기,남,24세,경상
2016090700100013,2016년 9월 7일 00시,수요일,대구광역시 북구 학정동,경상사고,0,0,1,0,차대사람 - 횡단중,보행자보호의무위반,건조,맑음,단일로 - 기타,승용,남,20세,상해없음,보행자,남,17세,경상
2016090700100042,2016년 9월 7일 03시,수요일,대구광역시 수성구 지산동,경상사고,0,0,1,0,차대차 - 측면직각충돌,안전거리미확보,건조,맑음,단일로 - 기타,승용,남,37세,기타불명,승용,남,60세,경상
2016090700100065,2016년 9월 7일 06시,수요일,대구광역시 중구 태평로1가,중상사고,0,1,0,0,차대사람 - 기타,기타,건조,맑음,단일로 - 기타,승합,남,54세,상해없음,보행자,여,82세,중상
2016090700100085,2016년 9월 7일 07시,수요일,대구광역시 수성구 범어동,중상사고,0,1,0,0,차대사람 - 횡단중,안전운전불이행,건조,맑음,단일로 - 기타,승용,남,63세,상해없음,보행자,남,15세,중상
2016090700100086,2016년 9월 7일 07시,수요일,대구광역시 달성군 옥포면,중상사고,0,1,0,0,차대사람 - 기타,안전운전불이행,건조,맑음,단일로 - 기타,승용,남,76세,상해없음,보행자,여,77세,중상
2016090700100123,2016년 9월 7일 08시,수요일,대구광역시 달서구 진천동,경상사고,0,0,4,1,차대차 - 측면직각충돌,차로위반,건조,맑음,단일로 - 기타,승용,남,31세,부상신고,승용,남,22세,경상
2016090700100124,2016년 9월 7일 08시,수요일,대구광역시 서구 비산동,경상사고,0,0,2,0,차대차 - 측면충돌,신호위반,건조,맑음,교차로 - 교차로안,승용,남,69세,상해없음,승용,여,27세,경상
2016090700100125,2016년 9월 7일 08시,수요일,대구광역시 서구 평리동,부상신고사고,0,0,0,1,차대사람 - 길가장자리구역통행중,안전운전불이행,건조,맑음,단일로 - 기타,승용,남,69세,상해없음,보행자,남,39세,부상신고
2016090700100186,2016년 9월 7일 10시,수요일,대구광역시 달서구 진천동,경상사고,0,0,1,0,차대차 - 추돌,안전운전불이행,건조,맑음,단일로 - 기타,승용,여,48세,상해없음,승용,남,40세,경상
2016090700100211,2016년 9월 7일 11시,수요일,대구광역시 동구 율하동,중상사고,0,1,0,0,차대차 - 추돌,신호위반,건조,맑음,교차로 - 교차로안,승용,남,41세,상해없음,이륜,남,88세,중상
2016090700100241,2016년 9월 7일 12시,수요일,대구광역시 북구 대현동,경상사고,0,0,1,0,차대차 - 측면충돌,안전운전불이행,건조,맑음,단일로 - 기타,승용,여,63세,상해없음,원동기,남,21세,경상
2016090700100298,2016년 9월 7일 14시,수요일,대구광역시 수성구 지산동,부상신고사고,0,0,0,1,차대차 - 측면직각충돌,중앙선침범,건조,맑음,단일로 - 기타,이륜,남,66세,부상신고,승용,여,48세,상해없음
2016090700100299,2016년 9월 7일 14시,수요일,대구광역시 수성구 범어동,경상사고,0,0,2,0,차대차 - 측면직각충돌,안전거리미확보,건조,맑음,교차로 - 교차로부근,승용,여,45세,상해없음,승용,여,42세,경상
2016090700100330,2016년 9월 7일 15시,수요일,대구광역시 수성구 범물동,경상사고,0,0,1,0,차대차 - 측면직각충돌,안전운전불이행,건조,맑음,교차로 - 교차로부근,화물,남,60세,상해없음,화물,남,47세,상해없음
2016090700100331,2016년 9월 7일 15시,수요일,대구광역시 북구 노원동1가,경상사고,0,0,1,0,차대차 - 측면직각충돌,안전거리미확보,건조,흐림,단일로 - 기타,승용,남,51세,상해없음,원동기,남,50세,경상
2016090700100332,2016년 9월 7일 15시,수요일,대구광역시 중구 남산동,경상사고,0,0,1,0,차대차 - 정면충돌,안전거리미확보,건조,맑음,교차로 - 교차로부근,승용,여,64세,상해없음,승용,여,58세,경상
2016090700100403,2016년 9월 7일 17시,수요일,대구광역시 달서구 이곡동,중상사고,0,1,0,0,차대차 - 측면충돌,신호위반,건조,맑음,교차로 - 교차로부근,자전거,남,67세,중상,승용,여,52세,상해없음
2016090700100437,2016년 9월 7일 18시,수요일,대구광역시 동구 신암동,중상사고,0,1,0,0,차대사람 - 기타,보행자보호의무위반,건조,맑음,교차로 - 교차로부근,승합,여,51세,상해없음,보행자,여,28세,중상
2016090700100438,2016년 9월 7일 18시,수요일,대구광역시 동구 신천동,경상사고,0,0,2,0,차대차 - 추돌,안전운전불이행,건조,맑음,단일로 - 기타,승용,남,52세,상해없음,승용,남,34세,경상
2016090700100439,2016년 9월 7일 18시,수요일,대구광역시 달서구 진천동,경상사고,0,0,1,0,차대차 - 측면직각충돌,안전운전불이행,건조,맑음,기타 - 기타,승합,남,63세,상해없음,이륜,남,16세,경상
2016090700100440,2016년 9월 7일 18시,수요일,대구광역시 북구 산격동,경상사고,0,0,1,0,차대차 - 기타,안전거리미확보,건조,맑음,교차로 - 교차로부근,승용,기타불명,기타불명,기타불명,승합,남,37세,상해없음
2016090700100441,2016년 9월 7일 18시,수요일,대구광역시 서구 평리동,중상사고,0,2,0,0,차대차 - 측면직각충돌,차로위반,건조,맑음,교차로 - 교차로부근,승용,여,62세,상해없음,이륜,남,63세,중상
2016090700100442,2016년 9월 7일 18시,수요일,대구광역시 북구 읍내동,경상사고,0,0,1,0,차대차 - 측면직각충돌,안전운전불이행,건조,맑음,단일로 - 기타,승용,남,35세,기타불명,자전거,남,10세,경상
2016090700100491,2016년 9월 7일 19시,수요일,대구광역시 수성구 지산동,경상사고,0,0,1,0,차대차 - 정면충돌,안전운전불이행,건조,맑음,교차로 - 교차로부근,승용,여,50세,상해없음,원동기,남,18세,경상
2016090700100492,2016년 9월 7일 19시,수요일,대구광역시 달서구 상인동,경상사고,0,0,1,0,차대차 - 추돌,교차로운행방법위반,건조,맑음,교차로 - 교차로안,승용,남,23세,상해없음,승용,남,53세,경상
2016090700100493,2016년 9월 7일 19시,수요일,대구광역시 북구 칠성동1가,중상사고,0,1,0,0,차대차 - 추돌,안전거리미확보,건조,맑음,단일로 - 기타,화물,남,61세,상해없음,승용,남,52세,중상
2016090700100531,2016년 9월 7일 20시,수요일,대구광역시 북구 침산동,부상신고사고,0,0,0,1,차대차 - 측면충돌,중앙선침범,건조,맑음,단일로 - 기타,자전거,남,12세,부상신고,승용,여,31세,상해없음
2016090700100532,2016년 9월 7일 20시,수요일,대구광역시 달서구 신당동,부상신고사고,0,0,0,1,차대차 - 추돌,안전운전불이행,건조,맑음,단일로 - 기타,이륜,남,20세,부상신고,승용,남,28세,상해없음
2016090700100533,2016년 9월 7일 20시,수요일,대구광역시 북구 관음동,경상사고,0,0,3,0,차대차 - 측면충돌,안전거리미확보,건조,맑음,단일로 - 기타,승용,남,46세,경상,승용,여,49세,경상
2016090700100563,2016년 9월 7일 21시,수요일,대구광역시 남구 대명동,사망사고,1,0,0,0,차대사람 - 횡단중,안전운전불이행,건조,맑음,단일로 - 횡단보도상,승용,여,37세,상해없음,보행자,여,76세,사망
2016090700100564,2016년 9월 7일 21시,수요일,대구광역시 수성구 상동,중상사고,0,1,0,0,차대차 - 측면충돌,안전운전불이행,건조,맑음,교차로 - 교차로안,승용,남,52세,상해없음,이륜,남,27세,중상
2016090700100565,2016년 9월 7일 21시,수요일,대구광역시 달성군 다사읍,경상사고,0,0,2,0,차대차 - 측면직각충돌,신호위반,건조,맑음,교차로 - 교차로안,원동기,남,22세,경상,승용,여,25세,경상
2016090700100566,2016년 9월 7일 21시,수요일,대구광역시 달서구 용산동,경상사고,0,0,1,0,차대차 - 기타,안전운전불이행,건조,흐림,교차로 - 교차로부근,승용,남,70세,상해없음,이륜,남,22세,경상
2016090700100604,2016년 9월 7일 23시,수요일,대구광역시 달서구 송현동,중상사고,0,1,0,0,차대사람 - 횡단중,안전운전불이행,습기,흐림,단일로 - 기타,승용,남,47세,상해없음,보행자,남,50세,중상
2016090700100605,2016년 9월 7일 23시,수요일,대구광역시 달성군 화원읍,경상사고,0,0,1,0,차대차 - 측면직각충돌,안전운전불이행,습기,비,단일로 - 기타,승용,남,34세,상해없음,승용,남,50세,경상
2016090700100606,2016년 9월 7일 23시,수요일,대구광역시 중구 동인동2가,경상사고,0,0,2,0,차대차 - 추돌,안전운전불이행,습기,비,교차로 - 교차로부근,승용,남,25세,상해없음,승용,남,54세,경상
2016090800100008,2016년 9월 8일 00시,목요일,대구광역시 북구 침산동,경상사고,0,0,1,0,차대차 - 추돌,안전운전불이행,습기,비,단일로 - 기타,승용,남,38세,상해없음,승용,여,49세,경상
2016090800100025,2016년 9월 8일 01시,목요일,대구광역시 달서구 대곡동,중상사고,0,1,1,0,차대차 - 기타,안전거리미확보,습기,비,단일로 - 기타,승용,남,29세,경상,이륜,남,55세,중상
2016090800100049,2016년 9월 8일 04시,목요일,대구광역시 수성구 만촌동,중상사고,0,1,0,0,차대사람 - 횡단중,보행자보호의무위반,건조,맑음,교차로 - 교차로안,승용,남,49세,상해없음,보행자,남,52세,중상
2016090800100050,2016년 9월 8일 04시,목요일,대구광역시 달서구 성당동,부상신고사고,0,0,0,1,차량단독 - 기타,안전운전불이행,건조,맑음,단일로 - 기타,자전거,남,51세,부상신고,,,,
2016090800100063,2016년 9월 8일 05시,목요일,대구광역시 중구 달성동,경상사고,0,0,1,0,차대차 - 측면충돌,안전거리미확보,건조,맑음,단일로 - 기타,승용,여,46세,상해없음,화물,남,31세,경상
2016090800100111,2016년 9월 8일 07시,목요일,대구광역시 수성구 지산동,중상사고,0,1,0,0,차대차 - 측면충돌,중앙선침범,건조,맑음,단일로 - 기타,자전거,남,79세,중상,승용,남,52세,상해없음
2016090800100154,2016년 9월 8일 08시,목요일,대구광역시 동구 신천동,경상사고,0,0,1,0,차대차 - 측면충돌,안전거리미확보,건조,맑음,단일로 - 기타,승합,남,61세,상해없음,승용,남,39세,경상
2016090800100155,2016년 9월 8일 08시,목요일,대구광역시 달성군 화원읍,경상사고,0,0,1,0,차대차 - 추돌,안전운전불이행,건조,맑음,교차로 - 교차로부근,승용,여,53세,상해없음,승용,여,29세,경상
2016090800100156,2016년 9월 8일 08시,목요일,대구광역시 달서구 신당동,경상사고,0,0,1,0,차대사람 - 횡단중,보행자보호의무위반,건조,맑음,단일로 - 기타,이륜,남,27세,상해없음,보행자,남,14세,경상
2016090800100188,2016년 9월 8일 09시,목요일,대구광역시 동구 서호동,경상사고,0,0,1,0,차대차 - 측면충돌,안전거리미확보,건조,맑음,단일로 - 기타,이륜,남,73세,경상,승용,여,29세,상해없음
2016090800100189,2016년 9월 8일 09시,목요일,대구광역시 달서구 송현동,중상사고,0,2,1,0,차대차 - 측면충돌,안전운전불이행,건조,맑음,단일로 - 기타,승용,남,35세,경상,승용,남,51세,중상
2016090800100224,2016년 9월 8일 10시,목요일,대구광역시 수성구 지산동,중상사고,0,1,0,0,차대차 - 추돌,안전운전불이행,건조,맑음,단일로 - 기타,승용,여,61세,상해없음,원동기,남,61세,중상
2016090800100225,2016년 9월 8일 10시,목요일,대구광역시 달서구 본동,경상사고,0,0,1,0,차대차 - 측면충돌,안전운전불이행,건조,맑음,교차로 - 교차로안,원동기,남,64세,경상,승용,여,55세,상해없음
2016090800100226,2016년 9월 8일 10시,목요일,대구광역시 서구 내당동,중상사고,0,1,0,0,차대사람 - 횡단중,안전운전불이행,건조,맑음,단일로 - 횡단보도상,승용,여,55세,상해없음,보행자,여,64세,중상
2016090800100227,2016년 9월 8일 10시,목요일,대구광역시 중구 서문로2가,경상사고,0,0,1,0,차대차 - 정면충돌,안전거리미확보,건조,맑음,단일로 - 기타,승용,남,52세,상해없음,이륜,남,32세,경상
2016090800100228,2016년 9월 8일 10시,목요일,대구광역시 달서구 성당동,경상사고,0,0,1,0,차대차 - 측면직각충돌,직진우회전진행방해,건조,맑음,교차로 - 교차로안,승용,여,48세,상해없음,승용,여,55세,경상
2016090800100229,2016년 9월 8일 10시,목요일,대구광역시 북구 구암동,경상사고,0,0,6,0,차대차 - 추돌,안전운전불이행,건조,맑음,단일로 - 기타,화물,남,27세,상해없음,승용,남,42세,경상
2016090800100263,2016년 9월 8일 11시,목요일,대구광역시 남구 이천동,경상사고,0,0,5,0,차대차 - 추돌,안전거리미확보,건조,맑음,단일로 - 기타,승용,남,46세,상해없음,승용,여,45세,경상
2016090800100264,2016년 9월 8일 11시,목요일,대구광역시 수성구 만촌동,경상사고,0,0,1,0,차대차 - 추돌,안전운전불이행,건조,맑음,단일로 - 기타,승용,남,52세,상해없음,승용,여,37세,경상
2016090800100265,2016년 9월 8일 11시,목요일,대구광역시 중구 삼덕동3가,경상사고,0,0,1,0,차대차 - 추돌,안전거리미확보,건조,맑음,단일로 - 기타,승용,남,56세,상해없음,승용,여,50세,경상
2016090800100266,2016년 9월 8일 11시,목요일,대구광역시 중구 삼덕동3가,경상사고,0,0,3,0,차대차 - 추돌,안전운전불이행,건조,맑음,교차로 - 교차로부근,승용,남,65세,상해없음,승용,남,35세,경상
2016090800100267,2016년 9월 8일 11시,목요일,대구광역시 달서구 신당동,중상사고,0,1,0,0,차대차 - 측면충돌,안전운전불이행,건조,맑음,교차로 - 교차로안,승용,남,60세,상해없음,승용,여,60세,중상
2016090800100342,2016년 9월 8일 13시,목요일,대구광역시 달서구 두류동,중상사고,0,1,0,0,차대사람 - 횡단중,안전운전불이행,건조,맑음,단일로 - 기타,승용,남,45세,상해없음,보행자,여,79세,중상
2016090800100343,2016년 9월 8일 13시,목요일,대구광역시 달서구 성당동,부상신고사고,0,0,0,1,차대차 - 측면충돌,안전운전불이행,건조,맑음,단일로 - 기타,이륜,남,62세,부상신고,승용,남,24세,상해없음
2016090800100374,2016년 9월 8일 14시,목요일,대구광역시 북구 태전동,경상사고,0,0,1,0,차대차 - 측면직각충돌,안전운전불이행,건조,맑음,단일로 - 기타,특수,남,46세,상해없음,승용,여,53세,경상
2016090800100375,2016년 9월 8일 14시,목요일,대구광역시 남구 이천동,경상사고,0,0,2,0,차대차 - 추돌,안전운전불이행,건조,맑음,단일로 - 기타,이륜,남,23세,경상,승용,여,36세,경상
2016090800100376,2016년 9월 8일 14시,목요일,대구광역시 수성구 두산동,경상사고,0,0,1,0,차대차 - 추돌,안전운전불이행,건조,맑음,단일로 - 기타,화물,남,55세,상해없음,승용,여,49세,경상
2016090800100377,2016년 9월 8일 14시,목요일,대구광역시 수성구 만촌동,경상사고,0,0,1,1,차대차 - 측면직각충돌,안전거리미확보,건조,맑음,단일로 - 기타,승합,남,44세,상해없음,승용,여,45세,경상
2016090800100413,2016년 9월 8일 15시,목요일,대구광역시 달성군 다사읍,경상사고,0,0,1,0,차대차 - 정면충돌,안전운전불이행,건조,맑음,교차로 - 교차로안,승용,여,53세,상해없음,이륜,남,25세,경상
2016090800100446,2016년 9월 8일 16시,목요일,대구광역시 수성구 두산동,경상사고,0,0,1,0,차대차 - 측면직각충돌,안전운전불이행,건조,맑음,교차로 - 교차로안,원동기,남,62세,경상,승용,여,54세,상해없음
2016090800100447,2016년 9월 8일 16시,목요일,대구광역시 달서구 이곡동,경상사고,0,0,1,0,차대사람 - 횡단중,안전운전불이행,건조,맑음,기타 - 기타,승용,남,51세,상해없음,보행자,남,10세,경상
2016090800100485,2016년 9월 8일 17시,목요일,대구광역시 남구 대명동,경상사고,0,0,1,0,차대차 - 기타,안전운전불이행,건조,맑음,단일로 - 기타,화물,남,30세,상해없음,승용,남,39세,경상
2016090800100486,2016년 9월 8일 17시,목요일,대구광역시 달서구 상인동,경상사고,0,0,1,0,차대차 - 측면충돌,안전거리미확보,건조,맑음,단일로 - 기타,승용,남,45세,기타불명,승용,남,25세,상해없음
2016090800100488,2016년 9월 8일 17시,목요일,대구광역시 중구 동일동,경상사고,0,0,1,0,차대사람 - 길가장자리구역통행중,안전운전불이행,건조,맑음,단일로 - 기타,승용,여,46세,상해없음,보행자,여,16세,경상
2016090800100489,2016년 9월 8일 17시,목요일,대구광역시 북구 팔달동,중상사고,0,1,0,0,차대차 - 측면충돌,중앙선침범,건조,맑음,단일로 - 횡단보도상,자전거,여,27세,중상,화물,남,51세,상해없음
2016090800100527,2016년 9월 8일 18시,목요일,대구광역시 남구 대명동,경상사고,0,0,2,0,차대차 - 정면충돌,안전운전불이행,건조,맑음,단일로 - 기타,승용,남,51세,상해없음,승용,남,57세,상해없음
2016090800100528,2016년 9월 8일 18시,목요일,대구광역시 북구 산격동,경상사고,0,0,1,0,차대차 - 기타,안전운전불이행,건조,맑음,교차로 - 교차로안,승용,남,60세,상해없음,이륜,남,55세,경상
2016090800100529,2016년 9월 8일 18시,목요일,대구광역시 북구 산격동,경상사고,0,0,4,0,차대차 - 측면직각충돌,안전운전불이행,건조,맑음,단일로 - 기타,승용,여,31세,경상,승용,남,76세,경상
2016090800100575,2016년 9월 8일 19시,목요일,대구광역시 달성군 화원읍,중상사고,0,1,0,0,차량단독 - 기타,안전운전불이행,건조,맑음,단일로 - 기타,원동기,남,19세,중상,,,,
2016090800100576,2016년 9월 8일 19시,목요일,대구광역시 북구 칠성동1가,경상사고,0,0,1,0,차대차 - 측면충돌,안전운전불이행,건조,맑음,교차로 - 교차로안,자전거,남,68세,경상,승용,여,38세,상해없음
2016090800100577,2016년 9월 8일 19시,목요일,대구광역시 북구 고성동3가,중상사고,0,1,0,0,차대차 - 측면충돌,신호위반,건조,맑음,교차로 - 교차로안,승용,여,50세,상해없음,원동기,남,19세,중상
2016090800100622,2016년 9월 8일 20시,목요일,대구광역시 수성구 만촌동,경상사고,0,0,1,0,차대차 - 추돌,안전운전불이행,건조,맑음,단일로 - 기타,승용,남,49세,상해없음,승용,남,75세,경상
2016090800100650,2016년 9월 8일 21시,목요일,대구광역시 달서구 상인동,경상사고,0,0,1,0,차대사람 - 횡단중,안전운전불이행,습기,비,기타 - 기타,승용,여,31세,상해없음,보행자,남,15세,경상