사고번호,사고일시,요일,시군구,사고내용,사망자수,중상자수,경상자수,부상신고자수,사고유형,법규위반,노면상태,기상상태,도로형태,가해운전자 차종,가해운전자 성별,가해운전자 연령,가해운전자 상해정도,피해운전자 차종,피해운전자 성별,피해운전자 연령,피해운전자 상해정도
2016090800100651,2016년 9월 8일 21시,목요일,대구광역시 서구 내당동,중상사고,0,1,0,1,차대차 - 측면충돌,안전운전불이행,건조,맑음,교차로 - 교차로부근,자전거,남,44세,부상신고,이륜,남,24세,중상
2016090800100652,2016년 9월 8일 21시,목요일,대구광역시 중구 남일동,부상신고사고,0,0,0,2,차대사람 - 횡단중,안전운전불이행,건조,맑음,단일로 - 기타,기타불명,기타불명,기타불명,기타불명,보행자,남,21세,부상신고
2016090800100691,2016년 9월 8일 22시,목요일,대구광역시 동구 지묘동,부상신고사고,0,0,0,1,차대차 - 측면충돌,안전운전불이행,습기,비,교차로 - 교차로안,자전거,남,50세,부상신고,승용,남,56세,상해없음
2016090800100692,2016년 9월 8일 22시,목요일,대구광역시 수성구 수성동4가,경상사고,0,0,1,0,차대차 - 측면충돌,신호위반,습기,비,단일로 - 횡단보도상,승용,남,36세,상해없음,이륜,남,21세,경상
2016090800100693,2016년 9월 8일 22시,목요일,대구광역시 북구 구암동,경상사고,0,0,1,0,차대차 - 측면충돌,안전운전불이행,습기,비,단일로 - 기타,승용,남,22세,상해없음,이륜,남,17세,경상
2016090800100694,2016년 9월 8일 22시,목요일,대구광역시 북구 읍내동,경상사고,0,0,1,0,차대차 - 측면충돌,안전거리미확보,습기,비,교차로 - 교차로안,승용,남,24세,상해없음,승용,여,57세,경상
2016090800100725,2016년 9월 8일 23시,목요일,대구광역시 북구 칠성동2가,중상사고,0,2,2,0,차대차 - 기타,중앙선침범,습기,비,교차로 - 교차로부근,승용,남,51세,상해없음,승용,남,47세,중상
2016090800100726,2016년 9월 8일 23시,목요일,대구광역시 서구 비산동,경상사고,0,0,1,0,차대사람 - 길가장자리구역통행중,안전운전불이행,습기,비,단일로 - 기타,승용,여,53세,상해없음,보행자,남,49세,경상
2016090800100727,2016년 9월 8일 23시,목요일,대구광역시 달서구 신당동,중상사고,0,1,0,0,차대사람 - 기타,안전운전불이행,습기,비,단일로 - 횡단보도부근,승용,남,23세,상해없음,보행자,여,23세,중상
2016090900100016,2016년 9월 9일 00시,금요일,대구광역시 서구 상리동,부상신고사고,0,0,0,1,차량단독 - 공작물충돌,안전운전불이행,습기,비,단일로 - 기타,승용,남,27세,부상신고,,,,
2016090900100029,2016년 9월 9일 01시,금요일,대구광역시 북구 대현동,중상사고,0,1,0,0,차대사람 - 횡단중,안전운전불이행,습기,비,단일로 - 기타,승용,남,19세,상해없음,보행자,여,49세,중상
2016090900100030,2016년 9월 9일 01시,금요일,대구광역시 서구 이현동,경상사고,0,0,1,0,차대차 - 정면충돌,안전운전불이행,습기,비,단일로 - 기타,승용,남,55세,상해없음,승용,남,40세,경상
2016090900100031,2016년 9월 9일 01시,금요일,대구광역시 중구 봉산동,중상사고,0,1,0,0,차대차 - 정면충돌,신호위반,습기,비,교차로 - 교차로안,이륜,남,17세,중상,승용,남,64세,상해없음
2016090900100075,2016년 9월 9일 06시,금요일,대구광역시 남구 봉덕동,경상사고,0,0,4,0,차대차 - 정면충돌,중앙선침범,건조,맑음,단일로 - 기타,승용,여,32세,상해없음,화물,남,64세,경상
2016090900100076,2016년 9월 9일 06시,금요일,대구광역시 동구 신서동,중상사고,0,1,0,1,차대차 - 측면직각충돌,교차로운행방법위반,건조,맑음,교차로 - 교차로안,화물,남,50세,부상신고,승용,남,75세,중상
2016090900100078,2016년 9월 9일 06시,금요일,대구광역시 달성군 다사읍,경상사고,0,0,1,0,차대사람 - 기타,안전운전불이행,건조,맑음,단일로 - 기타,자전거,남,35세,상해없음,보행자,여,44세,경상
2016090900100105,2016년 9월 9일 07시,금요일,대구광역시 달성군 논공읍,중상사고,0,1,0,0,차대사람 - 횡단중,안전운전불이행,건조,맑음,교차로 - 교차로안,화물,남,37세,상해없음,보행자,여,15세,중상
2016090900100147,2016년 9월 9일 08시,금요일,대구광역시 북구 태전동,경상사고,0,0,1,0,차대차 - 측면충돌,안전운전불이행,건조,맑음,교차로 - 교차로부근,승용,남,47세,상해없음,승용,남,63세,상해없음
2016090900100177,2016년 9월 9일 09시,금요일,대구광역시 수성구 범물동,중상사고,0,1,0,0,차대차 - 정면충돌,신호위반,건조,맑음,단일로 - 기타,승용,남,61세,기타불명,승용,여,71세,중상
2016090900100178,2016년 9월 9일 09시,금요일,대구광역시 서구 비산동,경상사고,0,0,1,0,차대차 - 측면직각충돌,중앙선침범,건조,맑음,단일로 - 기타,자전거,남,64세,경상,승용,남,23세,상해없음
2016090900100213,2016년 9월 9일 10시,금요일,대구광역시 달서구 대천동,경상사고,0,0,1,1,차대차 - 측면직각충돌,안전운전불이행,건조,맑음,단일로 - 기타,승용,남,23세,부상신고,승용,남,50세,경상
2016090900100240,2016년 9월 9일 11시,금요일,대구광역시 서구 내당동,경상사고,0,0,3,0,차대차 - 정면충돌,안전운전불이행,건조,맑음,교차로 - 교차로안,화물,남,67세,상해없음,승용,남,58세,경상
2016090900100262,2016년 9월 9일 12시,금요일,대구광역시 달서구 유천동,경상사고,0,0,1,0,차대사람 - 횡단중,보행자보호의무위반,건조,맑음,교차로 - 교차로부근,승용,남,57세,상해없음,보행자,남,74세,경상
2016090900100263,2016년 9월 9일 12시,금요일,대구광역시 북구 읍내동,경상사고,0,0,1,0,차대차 - 측면충돌,안전운전불이행,건조,맑음,단일로 - 횡단보도상,승용,남,64세,상해없음,자전거,남,81세,경상
2016090900100264,2016년 9월 9일 12시,금요일,대구광역시 북구 국우동,중상사고,0,6,3,1,차대차 - 추돌,안전운전불이행,건조,맑음,단일로 - 기타,화물,남,53세,부상신고,화물,남,48세,경상
2016090900100341,2016년 9월 9일 14시,금요일,대구광역시 수성구 범어동,경상사고,0,0,1,0,차대차 - 측면충돌,신호위반,건조,맑음,교차로 - 교차로안,승용,여,36세,상해없음,승용,남,43세,경상
2016090900100342,2016년 9월 9일 14시,금요일,대구광역시 서구 내당동,중상사고,0,1,0,0,차대차 - 측면직각충돌,안전거리미확보,건조,맑음,단일로 - 기타,승용,남,61세,상해없음,승용,남,24세,중상
2016090900100385,2016년 9월 9일 15시,금요일,대구광역시 북구 산격동,중상사고,0,1,0,0,차대사람 - 횡단중,안전운전불이행,건조,맑음,단일로 - 기타,기타불명,기타불명,기타불명,기타불명,보행자,여,20세,중상
2016090900100386,2016년 9월 9일 15시,금요일,대구광역시 달서구 이곡동,경상사고,0,0,3,1,차대차 - 기타,안전운전불이행,건조,맑음,단일로 - 기타,승용,여,22세,부상신고,승합,남,73세,경상
2016090900100432,2016년 9월 9일 16시,금요일,대구광역시 달서구 상인동,경상사고,0,0,1,0,차대차 - 기타,교차로운행방법위반,건조,맑음,교차로 - 교차로안,승용,남,44세,상해없음,이륜,남,23세,경상
2016090900100433,2016년 9월 9일 16시,금요일,대구광역시 서구 원대동3가,경상사고,0,0,1,0,차대차 - 추돌,기타,건조,맑음,단일로 - 기타,승용,남,41세,상해없음,자전거,여,57세,경상
2016090900100434,2016년 9월 9일 16시,금요일,대구광역시 북구 대현동,경상사고,0,0,2,0,차대차 - 측면충돌,직진우회전진행방해,건조,맑음,교차로 - 교차로안,승용,남,47세,상해없음,원동기,남,69세,경상
2016090900100435,2016년 9월 9일 16시,금요일,대구광역시 북구 구암동,경상사고,0,0,1,0,차대차 - 측면충돌,교차로운행방법위반,건조,맑음,교차로 - 교차로안,승용,남,49세,상해없음,자전거,여,23세,경상
2016090900100482,2016년 9월 9일 17시,금요일,대구광역시 남구 봉덕동,경상사고,0,0,1,0,차대사람 - 횡단중,교차로운행방법위반,건조,맑음,교차로 - 교차로안,화물,남,29세,상해없음,보행자,여,60세,경상
2016090900100483,2016년 9월 9일 17시,금요일,대구광역시 수성구 범어동,중상사고,0,1,0,0,차대사람 - 기타,안전운전불이행,건조,맑음,단일로 - 기타,승용,여,65세,상해없음,보행자,남,62세,중상
2016090900100484,2016년 9월 9일 17시,금요일,대구광역시 달서구 상인동,중상사고,0,1,0,0,차대차 - 기타,안전운전불이행,건조,맑음,교차로 - 교차로부근,승용,남,60세,상해없음,승용,남,40세,중상
2016090900100485,2016년 9월 9일 17시,금요일,대구광역시 달성군 하빈면,중상사고,0,1,2,0,차대차 - 측면충돌,안전운전불이행,건조,맑음,교차로 - 교차로안,승용,여,26세,경상,승용,남,66세,경상
2016090900100533,2016년 9월 9일 18시,금요일,대구광역시 북구 침산동,경상사고,0,0,1,0,차대차 - 측면충돌,안전거리미확보,건조,맑음,단일로 - 기타,승용,남,60세,상해없음,원동기,남,55세,경상
2016090900100534,2016년 9월 9일 18시,금요일,대구광역시 서구 이현동,경상사고,0,0,1,0,차대차 - 추돌,안전거리미확보,건조,맑음,교차로 - 교차로부근,승용,여,38세,상해없음,승용,여,58세,경상
2016090900100535,2016년 9월 9일 18시,금요일,대구광역시 북구 관음동,경상사고,0,0,2,0,차대차 - 추돌,안전운전불이행,건조,맑음,단일로 - 기타,승용,남,30세,경상,이륜,남,19세,경상
2016090900100595,2016년 9월 9일 19시,금요일,대구광역시 수성구 황금동,경상사고,0,0,1,0,차대차 - 측면직각충돌,안전운전불이행,건조,맑음,단일로 - 기타,승용,기타불명,기타불명,기타불명,승용,여,48세,경상
2016090900100596,2016년 9월 9일 19시,금요일,대구광역시 달서구 송현동,중상사고,0,1,0,0,차대사람 - 횡단중,안전운전불이행,건조,맑음,교차로 - 교차로부근,승용,여,56세,상해없음,보행자,여,65세,중상
2016090900100597,2016년 9월 9일 19시,금요일,대구광역시 달서구 월성동,경상사고,0,0,3,0,차대차 - 측면직각충돌,차로위반,건조,맑음,교차로 - 교차로부근,승용,남,55세,상해없음,승용,남,21세,경상
2016090900100641,2016년 9월 9일 20시,금요일,대구광역시 달성군 논공읍,경상사고,0,0,1,0,차대사람 - 횡단중,신호위반,건조,맑음,교차로 - 교차로안,승용,여,29세,상해없음,보행자,여,53세,경상
2016090900100642,2016년 9월 9일 20시,금요일,대구광역시 달서구 용산동,경상사고,0,0,1,0,차대차 - 기타,안전운전불이행,건조,맑음,단일로 - 기타,승용,여,51세,상해없음,승용,여,41세,경상
2016090900100685,2016년 9월 9일 21시,금요일,대구광역시 동구 검사동,경상사고,0,0,1,0,차대차 - 측면충돌,안전거리미확보,건조,맑음,단일로 - 기타,승용,여,51세,상해없음,이륜,남,20세,경상
2016090900100686,2016년 9월 9일 21시,금요일,대구광역시 북구 침산동,중상사고,0,1,0,1,차대차 - 측면직각충돌,안전운전불이행,건조,맑음,기타 - 기타,자전거,남,34세,부상신고,자전거,남,74세,중상
2016090900100687,2016년 9월 9일 21시,금요일,대구광역시 서구 이현동,경상사고,0,0,1,0,차대차 - 정면충돌,안전운전불이행,건조,맑음,교차로 - 교차로부근,승용,남,48세,상해없음,자전거,남,32세,경상
2016090900100688,2016년 9월 9일 21시,금요일,대구광역시 중구 동산동,경상사고,0,0,2,1,차대차 - 정면충돌,안전운전불이행,건조,맑음,단일로 - 기타,이륜,여,60세,부상신고,승용,여,31세,경상
2016090900100716,2016년 9월 9일 22시,금요일,대구광역시 동구 검사동,경상사고,0,0,1,0,차대차 - 측면충돌,안전거리미확보,건조,맑음,단일로 - 기타,승용,남,71세,상해없음,화물,남,45세,경상
2016090900100717,2016년 9월 9일 22시,금요일,대구광역시 수성구 만촌동,경상사고,0,0,1,0,차대차 - 측면직각충돌,안전운전불이행,건조,맑음,교차로 - 교차로안,승용,남,26세,상해없음,승용,여,44세,경상
2016090900100718,2016년 9월 9일 22시,금요일,대구광역시 수성구 만촌동,중상사고,0,1,1,0,차대사람 - 횡단중,안전운전불이행,건조,맑음,단일로 - 기타,자전거,남,17세,경상,보행자,여,15세,중상
2016090900100751,2016년 9월 9일 23시,금요일,대구광역시 남구 대명동,경상사고,0,0,2,0,차대차 - 측면충돌,안전운전불이행,습기,비,교차로 - 교차로안,승용,남,27세,경상,승용,남,41세,경상
2016091000100018,2016년 9월 10일 00시,토요일,대구광역시 달성군 옥포면,경상사고,0,0,1,0,차대차 - 정면충돌,안전운전불이행,습기,흐림,단일로 - 기타,승용,남,23세,상해없음,이륜,남,23세,경상
2016091000100040,2016년 9월 10일 01시,토요일,대구광역시 중구 서문로2가,경상사고,0,0,1,0,차대차 - 정면충돌,신호위반,습기,비,교차로 - 교차로안,승용,남,26세,상해없음,승용,남,52세,상해없음
2016091000100048,2016년 9월 10일 02시,토요일,대구광역시 남구 대명동,사망사고,1,0,0,0,차대사람 - 횡단중,안전운전불이행,건조,맑음,단일로 - 기타,승용,남,66세,상해없음,보행자,여,62세,사망
2016091000100049,2016년 9월 10일 02시,토요일,대구광역시 남구 봉덕동,경상사고,0,0,2,0,차대차 - 추돌,안전거리미확보,습기,흐림,교차로 - 교차로부근,승용,남,49세,상해없음,승용,남,57세,경상
2016091000100061,2016년 9월 10일 03시,토요일,대구광역시 중구 삼덕동3가,부상신고사고,0,0,0,2,차대차 - 기타,불법유턴,습기,비,단일로 - 기타,기타불명,기타불명,기타불명,기타불명,이륜,남,17세,부상신고
2016091000100098,2016년 9월 10일 05시,토요일,대구광역시 달서구 송현동,중상사고,0,1,3,0,차대차 - 추돌,안전운전불이행,건조,맑음,단일로 - 기타,승용,여,42세,경상,승용,남,59세,경상
2016091000100099,2016년 9월 10일 05시,토요일,대구광역시 중구 태평로2가,경상사고,0,0,1,0,차대차 - 정면충돌,신호위반,습기,흐림,교차로 - 교차로안,승용,여,29세,상해없음,승용,남,72세,경상
2016091000100144,2016년 9월 10일 08시,토요일,대구광역시 동구 검사동,경상사고,0,0,1,0,차대차 - 기타,안전운전불이행,건조,맑음,단일로 - 기타,승용,남,57세,상해없음,자전거,남,10세,경상
2016091000100145,2016년 9월 10일 08시,토요일,대구광역시 동구 입석동,중상사고,0,1,0,0,차대차 - 측면충돌,안전거리미확보,건조,맑음,단일로 - 기타,승용,남,24세,상해없음,이륜,남,34세,중상
2016091000100146,2016년 9월 10일 08시,토요일,대구광역시 달서구 용산동,경상사고,0,0,3,0,차대차 - 추돌,안전운전불이행,건조,흐림,단일로 - 기타,승용,남,23세,상해없음,승용,여,51세,경상
2016091000100170,2016년 9월 10일 09시,토요일,대구광역시 북구 산격동,부상신고사고,0,0,0,2,차대차 - 측면충돌,안전운전불이행,건조,맑음,교차로 - 교차로부근,승용,여,38세,부상신고,승합,남,51세,상해없음
2016091000100205,2016년 9월 10일 10시,토요일,대구광역시 동구 불로동,경상사고,0,0,1,0,차대차 - 측면충돌,안전거리미확보,건조,맑음,단일로 - 기타,원동기,남,61세,경상,승용,여,46세,상해없음
2016091000100240,2016년 9월 10일 11시,토요일,대구광역시 남구 봉덕동,경상사고,0,0,2,0,차대차 - 측면직각충돌,안전운전불이행,건조,맑음,교차로 - 교차로안,승용,남,79세,상해없음,승용,여,34세,경상
2016091000100241,2016년 9월 10일 11시,토요일,대구광역시 수성구 범어동,경상사고,0,0,1,0,차대차 - 측면직각충돌,안전거리미확보,건조,맑음,단일로 - 기타,건설기계,남,56세,상해없음,승용,남,76세,경상
2016091000100280,2016년 9월 10일 12시,토요일,대구광역시 달성군 논공읍,경상사고,0,0,1,0,차대차 - 기타,안전운전불이행,건조,맑음,교차로 - 교차로부근,승용,남,47세,상해없음,승용,여,47세,상해없음
2016091000100313,2016년 9월 10일 13시,토요일,대구광역시 달서구 대곡동,경상사고,0,0,2,0,차대차 - 정면충돌,안전운전불이행,건조,맑음,단일로 - 기타,승용,남,32세,경상,원동기,남,33세,경상
2016091000100314,2016년 9월 10일 13시,토요일,대구광역시 북구 읍내동,경상사고,0,0,2,0,차대차 - 측면직각충돌,신호위반,건조,맑음,교차로 - 교차로안,승용,남,72세,상해없음,승용,남,51세,경상
2016091000100344,2016년 9월 10일 14시,토요일,대구광역시 동구 봉무동,경상사고,0,0,1,0,차대차 - 추돌,안전운전불이행,건조,맑음,교차로 - 교차로부근,승용,남,49세,상해없음,승용,남,44세,경상
2016091000100345,2016년 9월 10일 14시,토요일,대구광역시 달서구 송현동,중상사고,0,3,2,0,차대차 - 측면충돌,신호위반,건조,맑음,교차로 - 교차로안,승용,남,61세,상해없음,승용,여,38세,중상
2016091000100346,2016년 9월 10일 14시,토요일,대구광역시 달서구 상인동,중상사고,0,1,0,0,차대차 - 기타,안전거리미확보,습기,흐림,단일로 - 기타,승용,남,50세,상해없음,이륜,남,38세,중상
2016091000100347,2016년 9월 10일 14시,토요일,대구광역시 달서구 진천동,경상사고,0,0,4,0,차대차 - 측면충돌,안전운전불이행,건조,맑음,교차로 - 교차로안,승용,여,38세,상해없음,승용,여,32세,경상
2016091000100427,2016년 9월 10일 16시,토요일,대구광역시 남구 봉덕동,부상신고사고,0,0,0,1,차대사람 - 횡단중,안전운전불이행,건조,맑음,교차로 - 교차로부근,기타불명,기타불명,기타불명,기타불명,보행자,남,55세,부상신고
2016091000100428,2016년 9월 10일 16시,토요일,대구광역시 달서구 신당동,경상사고,0,0,1,0,차대사람 - 횡단중,안전운전불이행,건조,맑음,단일로 - 기타,이륜,남,23세,상해없음,보행자,여,8세,경상
2016091000100470,2016년 9월 10일 17시,토요일,대구광역시 달성군 화원읍,중상사고,0,1,0,0,차대차 - 측면충돌,안전운전불이행,건조,맑음,교차로 - 교차로안,승용,여,48세,상해없음,자전거,여,72세,중상
2016091000100499,2016년 9월 10일 18시,토요일,대구광역시 동구 율하동,경상사고,0,0,2,0,차대차 - 측면직각충돌,안전운전불이행,건조,맑음,교차로 - 교차로부근,승용,남,42세,상해없음,승용,남,25세,경상
2016091000100500,2016년 9월 10일 18시,토요일,대구광역시 북구 복현동,경상사고,0,0,1,0,차대차 - 기타,안전거리미확보,건조,맑음,단일로 - 기타,승용,여,51세,상해없음,승용,남,57세,경상
2016091000100501,2016년 9월 10일 18시,토요일,대구광역시 달서구 두류동,경상사고,0,0,1,0,차대사람 - 횡단중,기타,건조,맑음,기타 - 기타,승용,남,67세,상해없음,보행자,여,13세,경상
2016091000100502,2016년 9월 10일 18시,토요일,대구광역시 달서구 성당동,중상사고,0,1,0,0,차대차 - 측면충돌,차로위반,건조,맑음,단일로 - 기타,승용,남,29세,상해없음,원동기,남,22세,중상
2016091000100503,2016년 9월 10일 18시,토요일,대구광역시 북구 관음동,경상사고,0,0,1,0,차대차 - 정면충돌,중앙선침범,건조,맑음,단일로 - 기타,화물,남,42세,상해없음,승용,남,40세,경상
2016091000100544,2016년 9월 10일 19시,토요일,대구광역시 서구 내당동,중상사고,0,1,0,0,차대차 - 기타,안전거리미확보,건조,흐림,단일로 - 기타,승용,남,50세,상해없음,원동기,남,59세,중상
2016091000100608,2016년 9월 10일 21시,토요일,대구광역시 북구 동천동,경상사고,0,0,1,0,차대차 - 기타,안전거리미확보,건조,맑음,단일로 - 기타,승용,남,29세,상해없음,승용,남,60세,상해없음
2016091000100637,2016년 9월 10일 22시,토요일,대구광역시 달서구 상인동,경상사고,0,0,1,0,차대차 - 측면직각충돌,기타,건조,맑음,단일로 - 기타,승용,남,44세,상해없음,원동기,남,17세,경상
2016091000100638,2016년 9월 10일 22시,토요일,대구광역시 달서구 월성동,경상사고,0,0,2,0,차대차 - 측면충돌,안전운전불이행,습기,비,교차로 - 교차로부근,승용,남,64세,상해없음,승용,남,23세,경상
2016091000100678,2016년 9월 10일 23시,토요일,대구광역시 수성구 중동,경상사고,0,0,1,0,차대차 - 정면충돌,안전운전불이행,건조,맑음,단일로 - 기타,이륜,남,38세,상해없음,자전거,남,25세,경상
2016091100100014,2016년 9월 11일 00시,일요일,대구광역시 남구 봉덕동,중상사고,0,1,0,0,차대사람 - 횡단중,안전운전불이행,건조,맑음,단일로 - 기타,승용,남,33세,상해없음,보행자,여,61세,중상
2016091100100030,2016년 9월 11일 01시,일요일,대구광역시 중구 삼덕동1가,경상사고,0,0,1,0,차대사람 - 횡단중,안전운전불이행,건조,맑음,단일로 - 기타,승용,여,29세,상해없음,보행자,여,22세,경상
2016091100100031,2016년 9월 11일 01시,일요일,대구광역시 달서구 용산동,사망사고,1,0,0,0,차대사람 - 횡단중,과속,습기,흐림,교차로 - 교차로부근,승용,남,61세,상해없음,보행자,남,51세,사망
2016091100100068,2016년 9월 11일 04시,일요일,대구광역시 북구 침산동,중상사고,0,1,0,0,차대사람 - 횡단중,안전운전불이행,건조,맑음,교차로 - 교차로안,승용,남,65세,상해없음,보행자,남,58세,중상
2016091100100069,2016년 9월 11일 04시,일요일,대구광역시 달서구 죽전동,중상사고,0,1,0,0,차대사람 - 횡단중,보행자보호의무위반,건조,맑음,교차로 - 교차로안,승용,남,20세,상해없음,보행자,남,19세,중상
2016091100100084,2016년 9월 11일 06시,일요일,대구광역시 달서구 상인동,경상사고,0,0,1,0,차대차 - 기타,안전거리미확보,건조,맑음,단일로 - 터널,승용,남,54세,상해없음,승용,남,35세,경상
2016091100100085,2016년 9월 11일 06시,일요일,대구광역시 북구 복현동,경상사고,0,0,1,0,차대사람 - 기타,안전운전불이행,건조,맑음,단일로 - 기타,승용,남,30세,상해없음,보행자,남,27세,경상
2016091100100141,2016년 9월 11일 09시,일요일,대구광역시 중구 동인동3가,경상사고,0,0,1,0,차대차 - 추돌,안전운전불이행,습기,비,단일로 - 기타,화물,남,32세,상해없음,승용,남,33세,경상
2016091100100163,2016년 9월 11일 10시,일요일,대구광역시 동구 신천동,중상사고,0,1,0,0,차대차 - 측면직각충돌,안전운전불이행,건조,맑음,교차로 - 교차로부근,승용,남,59세,상해없음,이륜,남,55세,중상
2016091100100164,2016년 9월 11일 10시,일요일,대구광역시 수성구 범어동,사망사고,1,0,0,0,차대사람 - 횡단중,보행자보호의무위반,건조,맑음,단일로 - 횡단보도상,승용,여,43세,상해없음,보행자,여,76세,사망
2016091100100183,2016년 9월 11일 11시,일요일,대구광역시 동구 각산동,경상사고,0,0,1,0,차대차 - 측면직각충돌,안전운전불이행,건조,맑음,단일로 - 횡단보도상,자전거,남,57세,경상,승용,남,35세,상해없음
2016091100100235,2016년 9월 11일 13시,일요일,대구광역시 달서구 월성동,경상사고,0,0,2,0,차대차 - 측면충돌,안전운전불이행,건조,맑음,교차로 - 교차로안,화물,여,55세,경상,승용,남,61세,경상
2016091100100236,2016년 9월 11일 13시,일요일,대구광역시 북구 서변동,경상사고,0,0,1,0,차대사람 - 길가장자리구역통행중,안전운전불이행,건조,맑음,단일로 - 기타,승용,여,37세,상해없음,보행자,남,48세,경상
2016091100100257,2016년 9월 11일 14시,일요일,대구광역시 동구 신천동,경상사고,0,0,2,0,차대차 - 측면충돌,안전운전불이행,건조,맑음,단일로 - 기타,승용,여,42세,상해없음,승용,남,44세,경상
2016091100100312,2016년 9월 11일 16시,일요일,대구광역시 수성구 중동,중상사고,0,1,0,0,차대사람 - 횡단중,신호위반,건조,맑음,단일로 - 기타,화물,남,39세,상해없음,보행자,남,70세,중상
2016091100100313,2016년 9월 11일 16시,일요일,대구광역시 북구 읍내동,경상사고,0,0,1,0,차대차 - 측면충돌,안전운전불이행,건조,맑음,단일로 - 기타,이륜,남,19세,상해없음,승용,남,53세,상해없음
2016091100100337,2016년 9월 11일 17시,일요일,대구광역시 달성군 다사읍,경상사고,0,0,1,0,차대차 - 측면충돌,안전운전불이행,건조,맑음,단일로 - 기타,자전거,남,16세,기타불명,자전거,남,26세,경상
2016091100100338,2016년 9월 11일 17시,일요일,대구광역시 북구 산격동,중상사고,0,1,1,0,차대차 - 측면충돌,안전운전불이행,건조,맑음,단일로 - 기타,원동기,남,60세,중상,원동기,남,23세,경상
2016091100100339,2016년 9월 11일 17시,일요일,대구광역시 북구 관음동,경상사고,0,0,3,0,차대차 - 측면충돌,안전운전불이행,건조,맑음,단일로 - 기타,승용,남,50세,경상,승용,여,24세,경상
2016091100100363,2016년 9월 11일 18시,일요일,대구광역시 달서구 상인동,중상사고,0,1,0,0,차대차 - 기타,안전운전불이행,건조,맑음,단일로 - 기타,이륜,남,17세,상해없음,승합,남,54세,상해없음
2016091100100364,2016년 9월 11일 18시,일요일,대구광역시 북구 읍내동,중상사고,0,1,0,0,차대사람 - 보도통행중,기타,건조,흐림,단일로 - 기타,이륜,남,47세,기타불명,보행자,남,12세,중상
2016091100100394,2016년 9월 11일 19시,일요일,대구광역시 동구 입석동,경상사고,0,0,1,0,차대차 - 측면직각충돌,안전거리미확보,건조,맑음,단일로 - 기타,승용,남,70세,상해없음,승용,남,60세,경상
2016091100100395,2016년 9월 11일 19시,일요일,대구광역시 수성구 지산동,경상사고,0,0,1,0,차대차 - 정면충돌,안전운전불이행,건조,맑음,교차로 - 교차로안,승용,남,59세,상해없음,승용,남,26세,경상
2016091100100421,2016년 9월 11일 20시,일요일,대구광역시 남구 대명동,중상사고,0,2,1,0,차대사람 - 횡단중,안전운전불이행,건조,맑음,단일로 - 기타,승용,남,25세,상해없음,보행자,여,65세,중상
2016091100100422,2016년 9월 11일 20시,일요일,대구광역시 동구 신기동,경상사고,0,0,1,0,차대차 - 측면충돌,안전운전불이행,건조,맑음,교차로 - 교차로부근,승용,남,42세,상해없음,승용,여,55세,경상
2016091100100423,2016년 9월 11일 20시,일요일,대구광역시 달서구 월성동,중상사고,0,1,1,0,차대차 - 추돌,안전운전불이행,건조,맑음,교차로 - 교차로부근,승용,남,52세,상해없음,승용,여,60세,경상
2016091100100424,2016년 9월 11일 20시,일요일,대구광역시 북구 산격동,경상사고,0,0,2,0,차대차 - 기타,기타,건조,맑음,단일로 - 기타,승용,여,24세,상해없음,이륜,남,59세,경상
2016091100100425,2016년 9월 11일 20시,일요일,대구광역시 달서구 용산동,중상사고,0,1,0,0,차대사람 - 횡단중,안전운전불이행,건조,맑음,단일로 - 기타,승용,남,44세,상해없음,보행자,남,37세,중상
2016091100100426,2016년 9월 11일 20시,일요일,대구광역시 북구 동천동,경상사고,0,0,1,0,차대차 - 기타,중앙선침범,건조,맑음,단일로 - 기타,승용,남,67세,상해없음,원동기,남,19세,경상
2016091100100455,2016년 9월 11일 21시,일요일,대구광역시 동구 방촌동,경상사고,0,0,2,0,차대차 - 추돌,안전거리미확보,건조,맑음,단일로 - 기타,승용,남,62세,경상,승용,남,26세,상해없음
2016091100100456,2016년 9월 11일 21시,일요일,대구광역시 북구 태전동,경상사고,0,0,1,0,차대차 - 측면충돌,교차로운행방법위반,건조,맑음,교차로 - 교차로안,승용,남,25세,상해없음,이륜,남,18세,경상
2016091100100474,2016년 9월 11일 22시,일요일,대구광역시 남구 대명동,경상사고,0,0,1,0,차대차 - 측면충돌,안전운전불이행,건조,맑음,교차로 - 교차로안,원동기,남,16세,경상,승용,남,44세,상해없음
2016091200100018,2016년 9월 12일 01시,월요일,대구광역시 수성구 두산동,중상사고,0,1,0,0,차대차 - 측면직각충돌,불법유턴,습기,비,단일로 - 기타,화물,남,30세,상해없음,승용,남,41세,중상
2016091200100028,2016년 9월 12일 02시,월요일,대구광역시 남구 대명동,중상사고,0,2,0,0,차대차 - 추돌,안전운전불이행,습기,비,교차로 - 교차로부근,승합,남,45세,상해없음,승용,남,22세,중상
2016091200100035,2016년 9월 12일 03시,월요일,대구광역시 서구 비산동,경상사고,0,0,2,0,차량단독 - 전도전복,안전운전불이행,습기,비,단일로 - 기타,승용,여,46세,상해없음,,,,
2016091200100074,2016년 9월 12일 06시,월요일,대구광역시 달서구 상인동,경상사고,0,0,3,0,차대차 - 추돌,안전거리미확보,건조,맑음,미분류 - 미분류,승용,남,47세,상해없음,화물,남,60세,경상
2016091200100105,2016년 9월 12일 07시,월요일,대구광역시 수성구 범물동,부상신고사고,0,0,0,1,차량단독 - 공작물충돌,안전운전불이행,습기,비,교차로 - 교차로부근,승용,남,27세,부상신고,,,,