사고번호,사고일시,요일,시군구,사고내용,사망자수,중상자수,경상자수,부상신고자수,사고유형,법규위반,노면상태,기상상태,도로형태,가해운전자 차종,가해운전자 성별,가해운전자 연령,가해운전자 상해정도,피해운전자 차종,피해운전자 성별,피해운전자 연령,피해운전자 상해정도
2016091200100106,2016년 9월 12일 07시,월요일,대구광역시 북구 복현동,경상사고,0,0,1,0,차대차 - 측면직각충돌,교차로운행방법위반,습기,비,교차로 - 교차로안,승용,남,49세,상해없음,승합,남,47세,상해없음
2016091200100107,2016년 9월 12일 07시,월요일,대구광역시 달서구 월암동,경상사고,0,0,1,0,차대차 - 측면충돌,안전운전불이행,습기,비,단일로 - 기타,화물,남,54세,상해없음,승용,여,44세,경상
2016091200100134,2016년 9월 12일 08시,월요일,대구광역시 북구 국우동,경상사고,0,0,3,0,차대차 - 추돌,안전운전불이행,건조,맑음,단일로 - 터널,화물,남,31세,상해없음,화물,남,34세,경상
2016091200100170,2016년 9월 12일 09시,월요일,대구광역시 남구 봉덕동,경상사고,0,0,1,0,차대사람 - 횡단중,안전운전불이행,기타,비,단일로 - 횡단보도상,화물,남,65세,상해없음,보행자,여,73세,경상
2016091200100213,2016년 9월 12일 10시,월요일,대구광역시 남구 대명동,중상사고,0,2,0,0,차대차 - 측면직각충돌,교차로운행방법위반,건조,맑음,교차로 - 교차로안,승용,남,66세,상해없음,승용,남,60세,중상
2016091200100214,2016년 9월 12일 10시,월요일,대구광역시 동구 용계동,경상사고,0,0,2,0,차대차 - 정면충돌,안전운전불이행,습기,비,단일로 - 기타,승합,남,57세,상해없음,이륜,남,50세,경상
2016091200100215,2016년 9월 12일 10시,월요일,대구광역시 동구 사복동,중상사고,0,1,0,0,차대차 - 측면충돌,안전거리미확보,건조,맑음,단일로 - 기타,승용,남,71세,기타불명,승용,여,58세,중상
2016091200100216,2016년 9월 12일 10시,월요일,대구광역시 달서구 진천동,중상사고,0,1,0,0,차대차 - 측면충돌,안전운전불이행,습기,비,단일로 - 기타,원동기,남,22세,중상,화물,남,55세,상해없음
2016091200100217,2016년 9월 12일 10시,월요일,대구광역시 북구 산격동,경상사고,0,0,1,0,차대차 - 추돌,안전운전불이행,습기,비,교차로 - 교차로안,승용,남,65세,상해없음,승용,남,53세,상해없음
2016091200100252,2016년 9월 12일 11시,월요일,대구광역시 북구 금호동,경상사고,0,0,1,0,차대차 - 기타,안전운전불이행,습기,비,단일로 - 기타,화물,남,46세,상해없음,화물,남,23세,경상
2016091200100260,2016년 9월 12일 11시,월요일,대구광역시 북구 팔달동,중상사고,0,1,0,0,차대차 - 측면충돌,안전운전불이행,습기,비,교차로 - 교차로안,화물,남,59세,상해없음,화물,남,31세,중상
2016091200100261,2016년 9월 12일 11시,월요일,대구광역시 북구 태전동,경상사고,0,0,1,0,차대차 - 추돌,안전운전불이행,건조,맑음,단일로 - 기타,승용,남,36세,상해없음,승용,여,72세,경상
2016091200100294,2016년 9월 12일 12시,월요일,대구광역시 동구 신암동,경상사고,0,0,1,0,차대사람 - 횡단중,안전운전불이행,건조,맑음,단일로 - 기타,화물,남,54세,상해없음,보행자,여,67세,경상
2016091200100325,2016년 9월 12일 13시,월요일,대구광역시 남구 대명동,중상사고,0,1,0,0,차대사람 - 기타,안전운전불이행,건조,맑음,단일로 - 기타,승합,남,62세,기타불명,보행자,여,74세,중상
2016091200100326,2016년 9월 12일 13시,월요일,대구광역시 달서구 송현동,중상사고,0,1,0,0,차대사람 - 횡단중,안전운전불이행,건조,맑음,단일로 - 기타,승용,남,63세,상해없음,보행자,여,81세,중상
2016091200100368,2016년 9월 12일 14시,월요일,대구광역시 수성구 범어동,경상사고,0,0,2,0,차대차 - 측면직각충돌,안전운전불이행,건조,맑음,교차로 - 교차로안,화물,남,31세,상해없음,승용,남,47세,경상
2016091200100369,2016년 9월 12일 14시,월요일,대구광역시 서구 원대동3가,경상사고,0,0,1,0,차대차 - 측면직각충돌,안전운전불이행,건조,맑음,교차로 - 교차로부근,승용,남,70세,상해없음,자전거,남,71세,경상
2016091200100416,2016년 9월 12일 15시,월요일,대구광역시 동구 불로동,경상사고,0,0,2,0,차대차 - 추돌,불법유턴,건조,맑음,단일로 - 기타,승용,남,63세,상해없음,승용,남,45세,상해없음
2016091200100417,2016년 9월 12일 15시,월요일,대구광역시 북구 칠성동2가,중상사고,0,1,0,0,차대사람 - 횡단중,보행자보호의무위반,건조,맑음,교차로 - 교차로안,승용,여,54세,상해없음,보행자,남,83세,중상
2016091200100497,2016년 9월 12일 17시,월요일,대구광역시 남구 봉덕동,부상신고사고,0,0,0,1,차대차 - 추돌,안전운전불이행,건조,맑음,단일로 - 기타,원동기,남,37세,부상신고,승용,여,34세,상해없음
2016091200100498,2016년 9월 12일 17시,월요일,대구광역시 남구 대명동,경상사고,0,0,1,0,차대사람 - 차도통행중,안전운전불이행,건조,맑음,단일로 - 기타,승용,여,57세,상해없음,보행자,여,51세,경상
2016091200100499,2016년 9월 12일 17시,월요일,대구광역시 달서구 대곡동,경상사고,0,0,1,0,차대사람 - 차도통행중,안전운전불이행,건조,맑음,단일로 - 기타,승용,남,61세,상해없음,보행자,여,13세,경상
2016091200100543,2016년 9월 12일 18시,월요일,대구광역시 달서구 진천동,경상사고,0,0,1,0,차대차 - 추돌,안전거리미확보,건조,맑음,단일로 - 기타,승용,남,58세,상해없음,화물,남,38세,상해없음
2016091200100544,2016년 9월 12일 18시,월요일,대구광역시 달서구 용산동,경상사고,0,0,1,0,차대차 - 기타,안전운전불이행,건조,맑음,교차로 - 교차로부근,승용,남,57세,상해없음,승용,여,33세,경상
2016091200100587,2016년 9월 12일 19시,월요일,대구광역시 남구 이천동,경상사고,0,0,2,0,차대차 - 측면직각충돌,안전거리미확보,건조,맑음,단일로 - 기타,승용,남,28세,상해없음,승용,남,68세,경상
2016091200100588,2016년 9월 12일 19시,월요일,대구광역시 달서구 상인동,경상사고,0,0,1,0,차대차 - 기타,기타,건조,맑음,단일로 - 기타,승합,남,62세,상해없음,원동기,남,18세,상해없음
2016091200100589,2016년 9월 12일 19시,월요일,대구광역시 북구 노원동1가,중상사고,0,1,0,0,차대사람 - 기타,안전운전불이행,건조,맑음,단일로 - 기타,승합,남,55세,상해없음,보행자,여,65세,중상
2016091200100590,2016년 9월 12일 19시,월요일,대구광역시 서구 평리동,경상사고,0,0,1,0,차대차 - 측면직각충돌,중앙선침범,건조,흐림,단일로 - 기타,원동기,남,18세,상해없음,원동기,남,41세,경상
2016091200100631,2016년 9월 12일 20시,월요일,대구광역시 달서구 대곡동,경상사고,0,0,1,0,차대차 - 기타,안전운전불이행,건조,맑음,단일로 - 기타,승용,남,50세,상해없음,자전거,남,30세,경상
2016091200100632,2016년 9월 12일 20시,월요일,대구광역시 중구 대신동,경상사고,0,0,2,0,차대차 - 정면충돌,중앙선침범,건조,맑음,단일로 - 기타,승용,남,43세,상해없음,승용,여,38세,경상
2016091200100701,2016년 9월 12일 22시,월요일,대구광역시 수성구 대흥동,중상사고,0,1,0,0,차대사람 - 기타,안전운전불이행,건조,맑음,기타 - 기타,자전거,남,16세,상해없음,보행자,여,21세,중상
2016091200100732,2016년 9월 12일 23시,월요일,대구광역시 동구 각산동,경상사고,0,0,1,0,차대사람 - 차도통행중,안전운전불이행,건조,맑음,단일로 - 기타,승용,여,30세,상해없음,보행자,남,21세,경상
2016091300100015,2016년 9월 13일 00시,화요일,대구광역시 수성구 범어동,중상사고,0,1,0,0,차대차 - 측면직각충돌,불법유턴,건조,흐림,단일로 - 기타,승용,남,61세,상해없음,이륜,남,20세,중상
2016091300100016,2016년 9월 13일 00시,화요일,대구광역시 수성구 수성동4가,중상사고,0,1,0,0,차대사람 - 횡단중,안전운전불이행,건조,맑음,단일로 - 기타,승용,남,66세,상해없음,보행자,여,31세,중상
2016091300100017,2016년 9월 13일 00시,화요일,대구광역시 수성구 신매동,경상사고,0,0,3,0,차대차 - 측면충돌,중앙선침범,건조,맑음,단일로 - 기타,승용,여,26세,상해없음,승용,남,44세,경상
2016091300100018,2016년 9월 13일 00시,화요일,대구광역시 달서구 진천동,경상사고,0,0,1,0,차대차 - 측면충돌,안전운전불이행,건조,맑음,단일로 - 기타,화물,남,47세,상해없음,승용,남,61세,경상
2016091300100029,2016년 9월 13일 01시,화요일,대구광역시 달서구 월성동,중상사고,0,1,1,0,차대차 - 측면직각충돌,교차로운행방법위반,건조,맑음,교차로 - 교차로안,승용,남,50세,중상,승용,남,72세,경상
2016091300100030,2016년 9월 13일 01시,화요일,대구광역시 달서구 감삼동,경상사고,0,0,1,1,차대차 - 기타,안전거리미확보,건조,맑음,단일로 - 기타,이륜,남,37세,부상신고,승용,남,48세,경상
2016091300100036,2016년 9월 13일 02시,화요일,대구광역시 수성구 범어동,중상사고,0,1,0,0,차대사람 - 기타,안전운전불이행,건조,맑음,단일로 - 기타,승용,남,32세,상해없음,보행자,남,52세,중상
2016091300100037,2016년 9월 13일 02시,화요일,대구광역시 중구 북성로2가,경상사고,0,0,1,0,차대차 - 추돌,안전운전불이행,건조,맑음,단일로 - 기타,승용,남,42세,상해없음,승용,남,61세,경상
2016091300100046,2016년 9월 13일 03시,화요일,대구광역시 수성구 중동,중상사고,0,1,0,0,차대차 - 추돌,안전운전불이행,건조,맑음,교차로 - 교차로부근,승용,남,62세,상해없음,승용,여,55세,중상
2016091300100066,2016년 9월 13일 05시,화요일,대구광역시 동구 방촌동,중상사고,0,1,0,0,차대사람 - 기타,안전운전불이행,건조,맑음,교차로 - 교차로안,화물,남,32세,상해없음,보행자,여,73세,중상
2016091300100093,2016년 9월 13일 07시,화요일,대구광역시 동구 신평동,경상사고,0,0,1,0,차대차 - 추돌,안전거리미확보,건조,맑음,단일로 - 기타,화물,남,62세,상해없음,승용,남,45세,경상
2016091300100096,2016년 9월 13일 07시,화요일,대구광역시 달서구 상인동,중상사고,0,1,0,0,차대차 - 측면직각충돌,안전운전불이행,건조,맑음,단일로 - 기타,승용,남,52세,상해없음,자전거,여,59세,중상
2016091300100097,2016년 9월 13일 07시,화요일,대구광역시 달서구 상인동,경상사고,0,0,1,0,차대차 - 측면충돌,안전운전불이행,건조,맑음,단일로 - 기타,자전거,남,16세,경상,승합,남,57세,상해없음
2016091300100098,2016년 9월 13일 07시,화요일,대구광역시 달서구 송현동,경상사고,0,0,2,0,차대차 - 추돌,안전운전불이행,건조,맑음,단일로 - 기타,승용,남,37세,상해없음,이륜,남,40세,경상
2016091300100135,2016년 9월 13일 08시,화요일,대구광역시 동구 신서동,경상사고,0,0,1,0,차대차 - 측면충돌,안전운전불이행,건조,맑음,단일로 - 기타,승용,여,57세,상해없음,자전거,남,14세,상해없음
2016091300100136,2016년 9월 13일 08시,화요일,대구광역시 달서구 송현동,부상신고사고,0,0,0,1,차대차 - 측면충돌,안전운전불이행,건조,맑음,단일로 - 횡단보도상,자전거,남,14세,부상신고,화물,남,37세,상해없음
2016091300100137,2016년 9월 13일 08시,화요일,대구광역시 달서구 도원동,중상사고,0,1,1,0,차대차 - 추돌,안전운전불이행,건조,맑음,교차로 - 교차로부근,승용,남,45세,상해없음,승용,남,60세,중상
2016091300100138,2016년 9월 13일 08시,화요일,대구광역시 중구 동인동1가,경상사고,0,0,1,0,차대차 - 정면충돌,안전운전불이행,건조,맑음,교차로 - 교차로부근,승용,여,63세,상해없음,승용,여,36세,경상
2016091300100184,2016년 9월 13일 09시,화요일,대구광역시 동구 신천동,경상사고,0,0,1,0,차대차 - 추돌,안전거리미확보,건조,맑음,단일로 - 기타,승용,여,49세,상해없음,승용,여,25세,경상
2016091300100185,2016년 9월 13일 09시,화요일,대구광역시 동구 용계동,경상사고,0,0,1,0,차대차 - 측면충돌,신호위반,건조,맑음,교차로 - 교차로안,화물,남,69세,상해없음,승용,여,62세,경상
2016091300100186,2016년 9월 13일 09시,화요일,대구광역시 동구 신암동,경상사고,0,0,1,0,차대차 - 기타,안전운전불이행,건조,맑음,교차로 - 교차로부근,자전거,여,66세,경상,승용,여,58세,상해없음
2016091300100187,2016년 9월 13일 09시,화요일,대구광역시 수성구 수성동1가,경상사고,0,0,1,0,차대차 - 측면충돌,안전운전불이행,건조,맑음,교차로 - 교차로부근,승용,남,76세,상해없음,승용,남,49세,경상
2016091300100188,2016년 9월 13일 09시,화요일,대구광역시 서구 내당동,중상사고,0,1,0,0,차대차 - 측면충돌,안전거리미확보,건조,맑음,단일로 - 기타,기타불명,기타불명,기타불명,기타불명,승용,남,47세,상해없음
2016091300100221,2016년 9월 13일 10시,화요일,대구광역시 동구 방촌동,부상신고사고,0,0,0,1,차대차 - 기타,안전운전불이행,건조,맑음,교차로 - 교차로안,자전거,남,78세,부상신고,승용,여,37세,상해없음
2016091300100222,2016년 9월 13일 10시,화요일,대구광역시 달서구 진천동,경상사고,0,0,1,0,차대차 - 추돌,안전운전불이행,건조,맑음,단일로 - 기타,승용,남,33세,상해없음,승용,여,26세,경상
2016091300100259,2016년 9월 13일 11시,화요일,대구광역시 달서구 상인동,경상사고,0,0,2,0,차대차 - 측면충돌,차로위반,건조,맑음,단일로 - 기타,승용,남,22세,상해없음,승용,여,58세,경상
2016091300100260,2016년 9월 13일 11시,화요일,대구광역시 북구 구암동,부상신고사고,0,0,0,2,차대차 - 측면직각충돌,차로위반,건조,맑음,단일로 - 기타,화물,남,41세,상해없음,화물,남,35세,부상신고
2016091300100294,2016년 9월 13일 12시,화요일,대구광역시 중구 남산동,경상사고,0,0,2,0,차대사람 - 횡단중,안전운전불이행,건조,맑음,교차로 - 교차로부근,승용,남,56세,상해없음,보행자,남,56세,상해없음
2016091300100295,2016년 9월 13일 12시,화요일,대구광역시 북구 태전동,경상사고,0,0,1,0,차대사람 - 차도통행중,안전운전불이행,건조,맑음,기타 - 기타,승용,남,60세,상해없음,보행자,남,57세,경상
2016091300100327,2016년 9월 13일 13시,화요일,대구광역시 수성구 범물동,경상사고,0,0,1,1,차대차 - 정면충돌,안전운전불이행,건조,맑음,단일로 - 기타,승용,여,59세,부상신고,이륜,남,41세,경상
2016091300100328,2016년 9월 13일 13시,화요일,대구광역시 북구 산격동,경상사고,0,0,1,0,차량단독 - 기타,기타,건조,맑음,교차로 - 교차로안,승합,남,56세,상해없음,,,,
2016091300100329,2016년 9월 13일 13시,화요일,대구광역시 북구 매천동,경상사고,0,0,1,0,차대차 - 기타,안전운전불이행,건조,맑음,교차로 - 교차로안,승용,남,56세,상해없음,승용,여,52세,경상
2016091300100367,2016년 9월 13일 14시,화요일,대구광역시 동구 신기동,경상사고,0,0,1,0,차대사람 - 횡단중,안전운전불이행,건조,맑음,교차로 - 교차로안,승용,여,56세,상해없음,보행자,남,52세,경상
2016091300100368,2016년 9월 13일 14시,화요일,대구광역시 수성구 범어동,중상사고,0,2,0,0,차대사람 - 횡단중,안전운전불이행,건조,맑음,단일로 - 기타,자전거,남,14세,상해없음,보행자,남,8세,중상
2016091300100369,2016년 9월 13일 14시,화요일,대구광역시 북구 노원동3가,경상사고,0,0,1,0,차대차 - 정면충돌,신호위반,건조,맑음,교차로 - 교차로안,승용,남,63세,상해없음,승합,남,74세,경상
2016091300100370,2016년 9월 13일 14시,화요일,대구광역시 서구 평리동,중상사고,0,1,0,0,차대차 - 측면직각충돌,안전운전불이행,건조,맑음,교차로 - 교차로부근,화물,남,59세,상해없음,승용,여,53세,중상
2016091300100421,2016년 9월 13일 15시,화요일,대구광역시 남구 대명동,중상사고,0,1,0,0,차대차 - 추돌,안전운전불이행,건조,맑음,단일로 - 기타,화물,남,63세,상해없음,승용,여,56세,중상
2016091300100422,2016년 9월 13일 15시,화요일,대구광역시 달서구 월성동,경상사고,0,0,1,0,차대차 - 기타,차로위반,건조,맑음,단일로 - 기타,승용,여,35세,상해없음,승용,여,46세,경상
2016091300100462,2016년 9월 13일 16시,화요일,대구광역시 서구 평리동,경상사고,0,0,5,1,차대차 - 추돌,안전운전불이행,건조,맑음,단일로 - 기타,이륜,남,17세,상해없음,승용,여,40세,경상
2016091300100463,2016년 9월 13일 16시,화요일,대구광역시 중구 포정동,경상사고,0,0,2,0,차대차 - 측면충돌,안전운전불이행,건조,맑음,교차로 - 교차로부근,승용,남,34세,상해없음,이륜,남,17세,경상
2016091300100464,2016년 9월 13일 16시,화요일,대구광역시 달서구 호림동,경상사고,0,0,1,0,차대차 - 기타,교차로운행방법위반,건조,맑음,교차로 - 교차로안,승용,남,47세,상해없음,승용,여,23세,경상
2016091300100526,2016년 9월 13일 17시,화요일,대구광역시 동구 방촌동,경상사고,0,0,1,0,차대차 - 측면충돌,교차로운행방법위반,건조,맑음,교차로 - 교차로부근,승용,남,57세,상해없음,승용,여,40세,경상
2016091300100527,2016년 9월 13일 17시,화요일,대구광역시 수성구 황금동,중상사고,0,1,0,0,차대차 - 측면충돌,신호위반,건조,맑음,단일로 - 기타,승용,남,24세,상해없음,자전거,여,37세,중상
2016091300100528,2016년 9월 13일 17시,화요일,대구광역시 달서구 송현동,경상사고,0,0,2,0,차대차 - 기타,교차로운행방법위반,건조,맑음,교차로 - 교차로부근,승용,남,45세,상해없음,승용,여,60세,경상
2016091300100567,2016년 9월 13일 18시,화요일,대구광역시 서구 평리동,경상사고,0,0,1,0,차대차 - 측면직각충돌,안전운전불이행,건조,맑음,단일로 - 기타,승용,남,36세,상해없음,승용,남,29세,경상
2016091300100616,2016년 9월 13일 19시,화요일,대구광역시 동구 신기동,중상사고,0,1,1,1,차대차 - 측면충돌,중앙선침범,건조,맑음,단일로 - 횡단보도상,자전거,남,60세,부상신고,승합,남,54세,상해없음
2016091300100617,2016년 9월 13일 19시,화요일,대구광역시 달서구 월성동,중상사고,0,1,0,0,차대차 - 기타,신호위반,건조,맑음,단일로 - 횡단보도상,승용,남,53세,상해없음,자전거,남,13세,중상
2016091300100618,2016년 9월 13일 19시,화요일,대구광역시 서구 비산동,중상사고,0,1,0,0,차대사람 - 횡단중,안전운전불이행,건조,맑음,단일로 - 횡단보도상,승용,남,26세,상해없음,보행자,남,48세,중상
2016091300100660,2016년 9월 13일 20시,화요일,대구광역시 동구 신평동,경상사고,0,0,1,0,차대차 - 측면직각충돌,안전운전불이행,건조,맑음,단일로 - 기타,승용,남,44세,상해없음,특수,남,31세,경상
2016091300100662,2016년 9월 13일 20시,화요일,대구광역시 수성구 범어동,경상사고,0,0,1,0,차대차 - 측면충돌,안전운전불이행,건조,맑음,교차로 - 교차로부근,승용,남,73세,상해없음,이륜,남,22세,경상
2016091300100697,2016년 9월 13일 21시,화요일,대구광역시 달서구 신당동,경상사고,0,0,1,0,차대사람 - 기타,안전운전불이행,건조,맑음,단일로 - 기타,승용,남,18세,상해없음,보행자,여,21세,경상
2016091300100726,2016년 9월 13일 22시,화요일,대구광역시 북구 태전동,경상사고,0,0,1,0,차대차 - 측면충돌,안전운전불이행,건조,맑음,단일로 - 기타,승용,남,22세,상해없음,승용,남,60세,경상
2016091300100745,2016년 9월 13일 23시,화요일,대구광역시 동구 미곡동,경상사고,0,0,3,0,차대차 - 기타,안전운전불이행,건조,맑음,교차로 - 교차로부근,승합,남,51세,기타불명,승용,남,41세,경상
2016091400100015,2016년 9월 14일 00시,수요일,대구광역시 서구 내당동,경상사고,0,0,2,0,차대차 - 측면충돌,안전운전불이행,건조,맑음,교차로 - 교차로부근,이륜,남,19세,경상,승용,남,57세,경상
2016091400100033,2016년 9월 14일 01시,수요일,대구광역시 남구 대명동,경상사고,0,0,1,0,차대차 - 측면충돌,교차로운행방법위반,습기,맑음,교차로 - 교차로안,승용,남,55세,상해없음,승용,남,45세,상해없음
2016091400100034,2016년 9월 14일 01시,수요일,대구광역시 동구 봉무동,경상사고,0,0,1,0,차대사람 - 기타,안전운전불이행,건조,맑음,단일로 - 기타,승용,남,25세,상해없음,보행자,남,21세,경상
2016091400100035,2016년 9월 14일 01시,수요일,대구광역시 달성군 구지면,경상사고,0,0,2,1,차대차 - 추돌,안전운전불이행,건조,맑음,교차로 - 교차로부근,승용,남,39세,부상신고,화물,남,54세,경상
2016091400100036,2016년 9월 14일 01시,수요일,대구광역시 달서구 이곡동,중상사고,0,1,0,0,차대사람 - 기타,안전운전불이행,건조,맑음,단일로 - 기타,승용,남,26세,상해없음,보행자,남,46세,중상
2016091400100052,2016년 9월 14일 02시,수요일,대구광역시 남구 대명동,경상사고,0,0,1,0,차대차 - 기타,안전운전불이행,습기,비,단일로 - 기타,승용,남,26세,상해없음,승용,남,56세,경상
2016091400100089,2016년 9월 14일 04시,수요일,대구광역시 달서구 호림동,경상사고,0,0,1,0,차대차 - 기타,안전운전불이행,건조,맑음,교차로 - 교차로부근,승용,남,59세,상해없음,승용,여,48세,경상
2016091400100090,2016년 9월 14일 04시,수요일,대구광역시 달서구 신당동,중상사고,0,1,6,0,차대차 - 측면충돌,신호위반,습기,비,교차로 - 교차로안,승용,남,25세,경상,승용,남,65세,경상
2016091400100091,2016년 9월 14일 04시,수요일,대구광역시 달서구 두류동,경상사고,0,0,1,0,차대사람 - 횡단중,안전운전불이행,건조,맑음,단일로 - 기타,승용,남,62세,상해없음,보행자,남,38세,경상
2016091400100101,2016년 9월 14일 05시,수요일,대구광역시 수성구 범어동,사망사고,1,0,0,0,차량단독 - 전도전복,안전운전불이행,건조,맑음,교차로 - 교차로안,승용,남,38세,사망,,,,
2016091400100102,2016년 9월 14일 05시,수요일,대구광역시 달서구 이곡동,중상사고,0,1,4,0,차대차 - 측면직각충돌,불법유턴,건조,맑음,단일로 - 기타,승용,남,44세,경상,승용,남,54세,경상
2016091400100143,2016년 9월 14일 08시,수요일,대구광역시 서구 비산동,중상사고,0,1,0,0,차대차 - 기타,직진우회전진행방해,건조,맑음,교차로 - 교차로부근,승용,남,29세,상해없음,자전거,남,59세,중상
2016091400100180,2016년 9월 14일 10시,수요일,대구광역시 달서구 월성동,경상사고,0,0,1,0,차대차 - 추돌,안전거리미확보,건조,맑음,단일로 - 기타,승용,여,48세,상해없음,승용,남,34세,경상
2016091400100181,2016년 9월 14일 10시,수요일,대구광역시 북구 산격동,중상사고,0,1,0,0,차대사람 - 기타,불법유턴,건조,맑음,단일로 - 기타,승용,남,25세,상해없음,보행자,여,86세,중상
2016091400100213,2016년 9월 14일 11시,수요일,대구광역시 달서구 본리동,중상사고,0,2,0,0,차대차 - 측면직각충돌,안전운전불이행,건조,맑음,교차로 - 교차로안,원동기,남,77세,중상,승용,남,36세,상해없음
2016091400100236,2016년 9월 14일 12시,수요일,대구광역시 수성구 지산동,중상사고,0,1,1,2,차대차 - 추돌,안전거리미확보,건조,맑음,교차로 - 교차로안,화물,남,33세,상해없음,승용,남,27세,중상
2016091400100260,2016년 9월 14일 13시,수요일,대구광역시 수성구 수성동2가,중상사고,0,1,0,0,차대차 - 측면충돌,신호위반,건조,맑음,교차로 - 교차로안,승용,남,65세,상해없음,자전거,여,25세,중상
2016091400100261,2016년 9월 14일 13시,수요일,대구광역시 달서구 감삼동,경상사고,0,0,1,0,차대차 - 측면충돌,직진우회전진행방해,건조,맑음,교차로 - 교차로안,승용,남,38세,상해없음,승용,여,43세,경상
2016091400100332,2016년 9월 14일 16시,수요일,대구광역시 서구 평리동,경상사고,0,0,1,1,차대차 - 측면직각충돌,교차로운행방법위반,건조,맑음,교차로 - 교차로안,승용,남,37세,부상신고,승용,여,26세,경상
2016091400100352,2016년 9월 14일 17시,수요일,대구광역시 동구 방촌동,경상사고,0,0,1,0,차대차 - 측면직각충돌,교차로운행방법위반,건조,맑음,단일로 - 기타,승용,남,48세,상해없음,승용,남,54세,경상
2016091400100353,2016년 9월 14일 17시,수요일,대구광역시 동구 효목동,중상사고,0,1,0,0,차대차 - 측면직각충돌,직진우회전진행방해,건조,맑음,교차로 - 교차로안,승용,남,74세,상해없음,이륜,남,16세,중상
2016091400100354,2016년 9월 14일 17시,수요일,대구광역시 달서구 성당동,경상사고,0,0,1,0,차대사람 - 기타,안전운전불이행,건조,맑음,단일로 - 기타,자전거,남,20세,상해없음,보행자,여,9세,경상
2016091400100355,2016년 9월 14일 17시,수요일,대구광역시 북구 읍내동,경상사고,0,0,1,0,차대사람 - 횡단중,안전운전불이행,건조,맑음,단일로 - 기타,승용,남,50세,상해없음,보행자,여,3세,경상
2016091400100373,2016년 9월 14일 18시,수요일,대구광역시 서구 평리동,경상사고,0,0,1,0,차대사람 - 횡단중,안전운전불이행,건조,맑음,단일로 - 기타,승용,남,45세,상해없음,보행자,남,11세,경상
2016091400100374,2016년 9월 14일 18시,수요일,대구광역시 북구 동천동,부상신고사고,0,0,0,1,차대차 - 측면충돌,안전운전불이행,건조,맑음,단일로 - 기타,승용,남,67세,상해없음,이륜,남,16세,부상신고
2016091400100416,2016년 9월 14일 20시,수요일,대구광역시 중구 삼덕동2가,경상사고,0,0,1,0,차대차 - 측면직각충돌,안전운전불이행,건조,맑음,단일로 - 기타,승용,남,28세,상해없음,승용,남,33세,경상
2016091400100417,2016년 9월 14일 20시,수요일,대구광역시 북구 관음동,경상사고,0,0,1,1,차대차 - 측면직각충돌,신호위반,건조,맑음,교차로 - 교차로안,이륜,남,20세,부상신고,승용,남,40세,경상
2016091400100459,2016년 9월 14일 23시,수요일,대구광역시 동구 입석동,경상사고,0,0,1,0,차대차 - 측면충돌,안전운전불이행,건조,맑음,단일로 - 기타,승용,남,58세,상해없음,승용,남,46세,경상
2016091500100040,2016년 9월 15일 04시,목요일,대구광역시 동구 덕곡동,중상사고,0,1,0,0,차대차 - 추돌,안전거리미확보,건조,맑음,교차로 - 교차로부근,승용,남,27세,상해없음,원동기,남,23세,중상
2016091500100049,2016년 9월 15일 05시,목요일,대구광역시 수성구 황금동,중상사고,0,1,0,0,차대차 - 정면충돌,신호위반,건조,맑음,교차로 - 교차로안,승용,남,28세,상해없음,승용,남,40세,중상
2016091500100062,2016년 9월 15일 07시,목요일,대구광역시 남구 이천동,경상사고,0,0,1,0,차대차 - 측면충돌,안전운전불이행,건조,맑음,교차로 - 교차로안,이륜,남,72세,경상,화물,남,47세,상해없음
2016091500100063,2016년 9월 15일 07시,목요일,대구광역시 수성구 두산동,경상사고,0,0,1,0,차대차 - 기타,안전거리미확보,건조,맑음,단일로 - 기타,승용,남,76세,상해없음,승용,남,75세,상해없음
2016091500100064,2016년 9월 15일 07시,목요일,대구광역시 북구 산격동,경상사고,0,0,4,0,차대차 - 추돌,안전운전불이행,건조,맑음,단일로 - 기타,승용,남,54세,상해없음,승용,남,34세,경상
2016091500100078,2016년 9월 15일 09시,목요일,대구광역시 수성구 상동,중상사고,0,1,1,0,차대차 - 측면직각충돌,교차로운행방법위반,건조,맑음,교차로 - 교차로안,승용,남,47세,상해없음,승용,여,55세,중상
2016091500100079,2016년 9월 15일 09시,목요일,대구광역시 수성구 범물동,중상사고,0,1,0,1,차대차 - 추돌,신호위반,건조,맑음,교차로 - 교차로안,승용,여,25세,상해없음,승용,남,53세,중상
2016091500100080,2016년 9월 15일 09시,목요일,대구광역시 달서구 월성동,경상사고,0,0,1,0,차대차 - 측면충돌,교차로운행방법위반,건조,맑음,교차로 - 교차로안,승용,남,34세,상해없음,승용,남,57세,상해없음
2016091500100101,2016년 9월 15일 10시,목요일,대구광역시 달서구 용산동,중상사고,0,1,0,0,차대차 - 추돌,안전거리미확보,건조,맑음,단일로 - 기타,승용,남,49세,상해없음,이륜,남,53세,중상
2016091500100123,2016년 9월 15일 11시,목요일,대구광역시 서구 평리동,경상사고,0,0,4,0,차대차 - 추돌,교차로운행방법위반,습기,비,교차로 - 교차로부근,승용,남,56세,상해없음,승용,남,26세,경상
2016091500100171,2016년 9월 15일 13시,목요일,대구광역시 동구 효목동,중상사고,0,1,0,0,차대차 - 기타,안전운전불이행,건조,맑음,단일로 - 기타,승용,남,30세,상해없음,이륜,남,35세,중상