사고번호,사고일시,요일,시군구,사고내용,사망자수,중상자수,경상자수,부상신고자수,사고유형,법규위반,노면상태,기상상태,도로형태,가해운전자 차종,가해운전자 성별,가해운전자 연령,가해운전자 상해정도,피해운전자 차종,피해운전자 성별,피해운전자 연령,피해운전자 상해정도
2016092600100575,2016년 9월 26일 20시,월요일,대구광역시 북구 읍내동,중상사고,0,1,0,0,차대사람 - 차도통행중,안전운전불이행,습기,비,교차로 - 교차로안,승용,여,41세,상해없음,보행자,남,47세,중상
2016092600100634,2016년 9월 26일 22시,월요일,대구광역시 동구 신천동,중상사고,0,1,1,0,차대차 - 추돌,안전거리미확보,습기,비,교차로 - 교차로부근,화물,남,20세,상해없음,승용,남,60세,중상
2016092600100635,2016년 9월 26일 22시,월요일,대구광역시 수성구 범어동,중상사고,0,1,2,0,차대차 - 측면충돌,신호위반,습기,비,교차로 - 교차로안,승용,여,53세,경상,승용,남,48세,경상
2016092600100636,2016년 9월 26일 22시,월요일,대구광역시 북구 대현동,경상사고,0,0,2,0,차대차 - 측면충돌,직진우회전진행방해,습기,비,교차로 - 교차로안,승용,남,55세,상해없음,승용,남,23세,경상
2016092600100667,2016년 9월 26일 23시,월요일,대구광역시 동구 신천동,경상사고,0,0,1,0,차대차 - 측면충돌,신호위반,습기,맑음,교차로 - 교차로안,승용,남,63세,상해없음,원동기,남,21세,경상
2016092600100668,2016년 9월 26일 23시,월요일,대구광역시 동구 지저동,경상사고,0,0,1,0,차대사람 - 기타,안전운전불이행,건조,맑음,단일로 - 기타,승용,남,58세,상해없음,보행자,여,26세,경상
2016092600100669,2016년 9월 26일 23시,월요일,대구광역시 수성구 범어동,경상사고,0,0,1,0,차대차 - 추돌,안전거리미확보,습기,비,교차로 - 교차로부근,승용,남,56세,상해없음,승용,여,43세,경상
2016092600100670,2016년 9월 26일 23시,월요일,대구광역시 달서구 상인동,경상사고,0,0,1,0,차대차 - 측면충돌,직진우회전진행방해,습기,비,교차로 - 교차로안,승용,여,19세,상해없음,승용,남,74세,경상
2016092600100671,2016년 9월 26일 23시,월요일,대구광역시 북구 침산동,경상사고,0,0,2,0,차대차 - 측면충돌,신호위반,기타,비,교차로 - 교차로안,승용,여,39세,상해없음,승용,남,23세,경상
2016092600100672,2016년 9월 26일 23시,월요일,대구광역시 서구 내당동,경상사고,0,0,2,0,차대사람 - 길가장자리구역통행중,안전운전불이행,건조,흐림,교차로 - 교차로부근,화물,남,46세,상해없음,보행자,여,24세,경상
2016092700100013,2016년 9월 27일 00시,화요일,대구광역시 남구 봉덕동,경상사고,0,0,1,0,차대차 - 측면직각충돌,신호위반,습기,비,교차로 - 교차로안,승용,남,48세,상해없음,원동기,남,29세,경상
2016092700100014,2016년 9월 27일 00시,화요일,대구광역시 북구 복현동,경상사고,0,0,1,0,차대차 - 측면충돌,안전운전불이행,습기,비,단일로 - 기타,승용,남,43세,상해없음,승용,남,48세,경상
2016092700100023,2016년 9월 27일 01시,화요일,대구광역시 북구 복현동,경상사고,0,0,1,0,차대차 - 기타,안전운전불이행,건조,맑음,단일로 - 기타,승용,여,56세,상해없음,승용,남,25세,기타불명
2016092700100031,2016년 9월 27일 02시,화요일,대구광역시 북구 서변동,부상신고사고,0,0,0,1,차량단독 - 공작물충돌,안전운전불이행,습기,비,단일로 - 기타,승용,남,33세,부상신고,,,,
2016092700100052,2016년 9월 27일 05시,화요일,대구광역시 동구 신암동,중상사고,0,1,0,0,차대차 - 기타,안전운전불이행,건조,맑음,단일로 - 기타,승용,남,60세,상해없음,승용,남,69세,중상
2016092700100126,2016년 9월 27일 08시,화요일,대구광역시 달서구 신당동,경상사고,0,0,1,0,차대사람 - 횡단중,안전운전불이행,건조,맑음,단일로 - 기타,승용,남,52세,상해없음,보행자,남,19세,경상
2016092700100159,2016년 9월 27일 09시,화요일,대구광역시 수성구 연호동,중상사고,0,1,0,0,차대차 - 추돌,안전운전불이행,건조,맑음,교차로 - 교차로부근,승용,여,41세,상해없음,승용,남,31세,중상
2016092700100229,2016년 9월 27일 11시,화요일,대구광역시 중구 남일동,중상사고,0,1,0,0,차대차 - 측면충돌,중앙선침범,건조,맑음,단일로 - 기타,특수,남,41세,상해없음,이륜,남,84세,중상
2016092700100267,2016년 9월 27일 12시,화요일,대구광역시 수성구 지산동,경상사고,0,0,1,0,차대차 - 측면충돌,안전운전불이행,건조,맑음,교차로 - 교차로부근,승용,남,71세,상해없음,승용,남,65세,경상
2016092700100268,2016년 9월 27일 12시,화요일,대구광역시 수성구 범물동,경상사고,0,0,1,0,차대사람 - 기타,안전운전불이행,건조,맑음,교차로 - 교차로안,승용,남,53세,상해없음,보행자,여,58세,상해없음
2016092700100269,2016년 9월 27일 12시,화요일,대구광역시 수성구 중동,경상사고,0,0,3,0,차대차 - 기타,안전운전불이행,건조,맑음,단일로 - 기타,승용,여,34세,상해없음,화물,남,50세,상해없음
2016092700100270,2016년 9월 27일 12시,화요일,대구광역시 북구 읍내동,경상사고,0,0,1,0,차대차 - 측면직각충돌,안전운전불이행,습기,비,교차로 - 교차로부근,승용,남,54세,상해없음,승용,여,41세,경상
2016092700100309,2016년 9월 27일 13시,화요일,대구광역시 동구 신서동,부상신고사고,0,0,0,1,차대차 - 기타,안전운전불이행,건조,맑음,단일로 - 기타,승용,여,35세,부상신고,승합,남,46세,상해없음
2016092700100339,2016년 9월 27일 14시,화요일,대구광역시 서구 평리동,경상사고,0,0,1,0,차대차 - 측면직각충돌,안전거리미확보,건조,맑음,단일로 - 기타,승용,여,51세,상해없음,승용,남,60세,경상
2016092700100377,2016년 9월 27일 15시,화요일,대구광역시 서구 내당동,경상사고,0,0,1,0,차대사람 - 기타,안전운전불이행,건조,맑음,단일로 - 기타,화물,남,52세,상해없음,보행자,남,15세,경상
2016092700100414,2016년 9월 27일 16시,화요일,대구광역시 수성구 수성동1가,경상사고,0,0,1,0,차대사람 - 횡단중,안전운전불이행,건조,맑음,교차로 - 교차로안,승용,여,44세,상해없음,보행자,남,7세,경상
2016092700100415,2016년 9월 27일 16시,화요일,대구광역시 서구 중리동,경상사고,0,0,1,0,차대차 - 측면직각충돌,안전거리미확보,건조,맑음,교차로 - 교차로안,승용,남,61세,상해없음,승용,여,57세,경상
2016092700100416,2016년 9월 27일 16시,화요일,대구광역시 중구 동성로3가,중상사고,0,1,0,0,차대사람 - 기타,신호위반,건조,맑음,단일로 - 기타,화물,남,34세,상해없음,보행자,여,24세,중상
2016092700100417,2016년 9월 27일 16시,화요일,대구광역시 중구 대봉동,경상사고,0,0,1,0,차대사람 - 기타,안전운전불이행,건조,맑음,단일로 - 기타,승용,여,57세,상해없음,보행자,여,23세,경상
2016092700100418,2016년 9월 27일 16시,화요일,대구광역시 북구 서변동,중상사고,0,1,4,0,차대차 - 측면충돌,안전운전불이행,건조,맑음,단일로 - 기타,화물,남,79세,상해없음,화물,남,55세,경상
2016092700100419,2016년 9월 27일 16시,화요일,대구광역시 북구 구암동,경상사고,0,0,1,0,차대차 - 측면충돌,안전거리미확보,건조,맑음,단일로 - 기타,승용,남,78세,상해없음,승용,남,55세,경상
2016092700100474,2016년 9월 27일 17시,화요일,대구광역시 동구 효목동,경상사고,0,0,1,0,차대사람 - 기타,안전운전불이행,건조,맑음,단일로 - 기타,승합,남,78세,상해없음,보행자,남,44세,경상
2016092700100475,2016년 9월 27일 17시,화요일,대구광역시 동구 효목동,중상사고,0,1,0,0,차대사람 - 기타,안전운전불이행,건조,맑음,단일로 - 기타,승용,여,67세,상해없음,보행자,여,74세,중상
2016092700100476,2016년 9월 27일 17시,화요일,대구광역시 수성구 상동,부상신고사고,0,0,0,1,차대차 - 측면직각충돌,신호위반,건조,맑음,교차로 - 교차로안,자전거,여,52세,부상신고,승용,남,31세,상해없음
2016092700100477,2016년 9월 27일 17시,화요일,대구광역시 북구 노원동3가,경상사고,0,0,1,0,차대차 - 측면충돌,안전운전불이행,건조,맑음,단일로 - 기타,화물,남,34세,기타불명,승용,여,35세,경상
2016092700100478,2016년 9월 27일 17시,화요일,대구광역시 달서구 두류동,중상사고,0,1,0,0,차대차 - 측면충돌,안전운전불이행,건조,맑음,단일로 - 기타,승용,남,43세,상해없음,이륜,남,68세,중상
2016092700100524,2016년 9월 27일 18시,화요일,대구광역시 남구 대명동,경상사고,0,0,1,0,차대차 - 기타,안전운전불이행,건조,맑음,교차로 - 교차로안,화물,남,54세,상해없음,자전거,남,18세,경상
2016092700100525,2016년 9월 27일 18시,화요일,대구광역시 동구 효목동,경상사고,0,0,5,0,차대차 - 측면충돌,교차로운행방법위반,건조,맑음,교차로 - 교차로안,승용,여,59세,경상,승용,남,54세,경상
2016092700100610,2016년 9월 27일 20시,화요일,대구광역시 중구 남산동,경상사고,0,0,1,0,차대사람 - 횡단중,안전운전불이행,건조,맑음,교차로 - 교차로부근,승용,남,36세,상해없음,보행자,여,23세,경상
2016092700100611,2016년 9월 27일 20시,화요일,대구광역시 달서구 신당동,경상사고,0,0,1,1,차대차 - 기타,안전운전불이행,건조,맑음,단일로 - 기타,승용,남,55세,상해없음,이륜,남,18세,경상
2016092700100651,2016년 9월 27일 21시,화요일,대구광역시 남구 대명동,중상사고,0,1,0,0,차대차 - 기타,안전운전불이행,건조,맑음,단일로 - 횡단보도상,승용,남,59세,상해없음,자전거,남,13세,중상
2016092700100652,2016년 9월 27일 21시,화요일,대구광역시 수성구 지산동,경상사고,0,0,1,0,차대사람 - 기타,안전운전불이행,건조,맑음,교차로 - 교차로부근,자전거,남,15세,상해없음,보행자,남,4세,경상
2016092700100653,2016년 9월 27일 21시,화요일,대구광역시 수성구 신매동,경상사고,0,0,1,0,차대차 - 측면충돌,안전운전불이행,건조,맑음,교차로 - 교차로부근,승용,여,46세,상해없음,승용,남,34세,경상
2016092700100654,2016년 9월 27일 21시,화요일,대구광역시 달서구 송현동,경상사고,0,0,1,0,차대사람 - 기타,안전운전불이행,건조,맑음,단일로 - 기타,승용,남,41세,상해없음,보행자,여,5세,경상
2016092700100655,2016년 9월 27일 21시,화요일,대구광역시 달서구 대곡동,중상사고,0,1,0,0,차대차 - 측면충돌,안전운전불이행,습기,비,단일로 - 기타,승용,남,34세,상해없음,자전거,남,44세,중상
2016092700100656,2016년 9월 27일 21시,화요일,대구광역시 달성군 현풍면,중상사고,0,1,1,0,차대차 - 측면충돌,신호위반,건조,맑음,교차로 - 교차로안,승용,남,53세,중상,승합,남,54세,경상
2016092700100657,2016년 9월 27일 21시,화요일,대구광역시 서구 내당동,경상사고,0,0,1,0,차대차 - 측면직각충돌,안전운전불이행,건조,맑음,교차로 - 교차로부근,승용,기타불명,기타불명,기타불명,승용,여,56세,경상
2016092700100658,2016년 9월 27일 21시,화요일,대구광역시 중구 동인동2가,경상사고,0,0,1,0,차대사람 - 길가장자리구역통행중,안전운전불이행,습기,비,단일로 - 기타,승용,여,32세,상해없음,보행자,남,27세,경상
2016092700100659,2016년 9월 27일 21시,화요일,대구광역시 남구 대명동,경상사고,0,0,2,1,차대차 - 측면충돌,안전운전불이행,습기,비,교차로 - 교차로부근,이륜,남,19세,부상신고,승용,남,26세,경상
2016092700100688,2016년 9월 27일 22시,화요일,대구광역시 서구 평리동,중상사고,0,1,0,0,차대사람 - 횡단중,보행자보호의무위반,습기,비,단일로 - 기타,승용,남,36세,상해없음,보행자,여,53세,중상
2016092700100689,2016년 9월 27일 22시,화요일,대구광역시 달서구 용산동,중상사고,0,2,2,0,차대차 - 추돌,안전운전불이행,습기,비,교차로 - 교차로부근,승용,남,50세,상해없음,승용,여,47세,경상
2016092700100690,2016년 9월 27일 22시,화요일,대구광역시 북구 서변동,경상사고,0,0,1,0,차대차 - 측면직각충돌,안전운전불이행,습기,비,단일로 - 기타,화물,남,40세,상해없음,자전거,남,52세,경상
2016092700100717,2016년 9월 27일 23시,화요일,대구광역시 서구 평리동,경상사고,0,0,1,0,차대사람 - 횡단중,안전운전불이행,습기,비,단일로 - 기타,이륜,남,18세,상해없음,보행자,남,47세,경상
2016092700100718,2016년 9월 27일 23시,화요일,대구광역시 달서구 감삼동,경상사고,0,0,2,0,차대차 - 기타,안전거리미확보,습기,비,교차로 - 교차로안,승용,남,57세,상해없음,승용,여,44세,경상
2016092800100018,2016년 9월 28일 00시,수요일,대구광역시 수성구 두산동,경상사고,0,0,1,0,차대차 - 측면충돌,안전거리미확보,습기,맑음,단일로 - 기타,승용,여,48세,상해없음,승용,남,31세,경상
2016092800100019,2016년 9월 28일 00시,수요일,대구광역시 수성구 황금동,경상사고,0,0,1,0,차대사람 - 기타,안전운전불이행,건조,맑음,단일로 - 기타,기타불명,기타불명,기타불명,기타불명,보행자,여,68세,경상
2016092800100020,2016년 9월 28일 00시,수요일,대구광역시 북구 태전동,중상사고,0,1,1,0,차대차 - 측면충돌,교차로운행방법위반,습기,흐림,교차로 - 교차로안,이륜,남,19세,중상,이륜,남,37세,경상
2016092800100050,2016년 9월 28일 02시,수요일,대구광역시 동구 효목동,중상사고,0,1,0,0,차대사람 - 횡단중,안전운전불이행,건조,맑음,단일로 - 기타,승용,남,27세,상해없음,보행자,남,58세,중상
2016092800100051,2016년 9월 28일 02시,수요일,대구광역시 동구 신암동,경상사고,0,0,2,0,차대차 - 측면충돌,안전거리미확보,건조,맑음,단일로 - 기타,승용,남,33세,상해없음,승용,남,41세,경상
2016092800100052,2016년 9월 28일 02시,수요일,대구광역시 달서구 용산동,경상사고,0,0,3,0,차대차 - 측면직각충돌,차로위반,습기,비,교차로 - 교차로안,승용,남,22세,경상,원동기,남,21세,경상
2016092800100061,2016년 9월 28일 03시,수요일,대구광역시 남구 대명동,경상사고,0,0,2,0,차량단독 - 전도전복,과속,습기,비,단일로 - 기타,승용,남,49세,상해없음,,,,
2016092800100080,2016년 9월 28일 05시,수요일,대구광역시 북구 매천동,경상사고,0,0,1,0,차대차 - 측면직각충돌,교차로운행방법위반,습기,비,교차로 - 교차로안,화물,남,29세,상해없음,이륜,남,44세,경상
2016092800100157,2016년 9월 28일 08시,수요일,대구광역시 수성구 황금동,경상사고,0,0,1,0,차대사람 - 길가장자리구역통행중,안전운전불이행,건조,맑음,단일로 - 기타,승용,여,48세,상해없음,보행자,여,14세,경상
2016092800100158,2016년 9월 28일 08시,수요일,대구광역시 서구 내당동,경상사고,0,0,1,0,차대차 - 추돌,안전운전불이행,건조,맑음,단일로 - 기타,승용,남,36세,상해없음,승용,남,40세,경상
2016092800100267,2016년 9월 28일 12시,수요일,대구광역시 북구 태전동,경상사고,0,0,1,0,차대차 - 측면충돌,안전운전불이행,건조,맑음,기타 - 기타,승용,여,54세,상해없음,화물,남,48세,경상
2016092800100291,2016년 9월 28일 13시,수요일,대구광역시 달서구 감삼동,경상사고,0,0,1,1,차대차 - 기타,안전거리미확보,적설,비,단일로 - 기타,이륜,남,27세,경상,승용,여,37세,부상신고
2016092800100325,2016년 9월 28일 14시,수요일,대구광역시 북구 대현동,중상사고,0,1,0,0,차대차 - 측면직각충돌,신호위반,습기,비,교차로 - 교차로안,승용,여,31세,상해없음,화물,남,38세,중상
2016092800100326,2016년 9월 28일 14시,수요일,대구광역시 달서구 감삼동,경상사고,0,0,1,0,차대차 - 추돌,안전거리미확보,건조,맑음,단일로 - 기타,승용,남,47세,상해없음,승용,남,32세,경상
2016092800100362,2016년 9월 28일 15시,수요일,대구광역시 북구 읍내동,경상사고,0,0,1,0,차대차 - 추돌,안전거리미확보,건조,맑음,단일로 - 기타,승용,여,49세,기타불명,화물,남,58세,경상
2016092800100363,2016년 9월 28일 15시,수요일,대구광역시 북구 구암동,경상사고,0,0,1,0,차대사람 - 횡단중,안전운전불이행,습기,비,교차로 - 교차로부근,승용,여,56세,상해없음,보행자,남,15세,경상
2016092800100393,2016년 9월 28일 16시,수요일,대구광역시 수성구 범어동,경상사고,0,0,2,0,차대차 - 측면직각충돌,안전거리미확보,습기,비,단일로 - 기타,승용,여,49세,상해없음,승용,여,31세,경상
2016092800100394,2016년 9월 28일 16시,수요일,대구광역시 달서구 송현동,경상사고,0,0,1,0,차대사람 - 횡단중,보행자보호의무위반,습기,비,교차로 - 교차로안,승용,여,51세,상해없음,보행자,여,47세,경상
2016092800100482,2016년 9월 28일 18시,수요일,대구광역시 달서구 대천동,경상사고,0,0,1,0,차대차 - 측면충돌,신호위반,습기,비,교차로 - 교차로안,승용,남,72세,상해없음,승용,여,36세,경상
2016092800100483,2016년 9월 28일 18시,수요일,대구광역시 달성군 화원읍,중상사고,0,1,0,0,차대차 - 측면직각충돌,신호위반,건조,맑음,교차로 - 교차로안,승용,여,61세,기타불명,승용,남,37세,중상
2016092800100485,2016년 9월 28일 18시,수요일,대구광역시 북구 고성동3가,경상사고,0,0,1,0,차대차 - 측면충돌,안전운전불이행,습기,비,교차로 - 교차로부근,승용,남,56세,상해없음,이륜,남,69세,경상
2016092800100528,2016년 9월 28일 19시,수요일,대구광역시 수성구 수성동2가,경상사고,0,0,2,0,차대차 - 기타,안전운전불이행,습기,비,단일로 - 기타,승용,남,24세,상해없음,승용,남,32세,경상
2016092800100529,2016년 9월 28일 19시,수요일,대구광역시 중구 삼덕동2가,중상사고,0,1,1,0,차대차 - 기타,안전운전불이행,건조,맑음,단일로 - 기타,승용,여,49세,상해없음,승용,남,24세,중상
2016092800100566,2016년 9월 28일 20시,수요일,대구광역시 수성구 황금동,경상사고,0,0,1,0,차대차 - 측면직각충돌,교차로운행방법위반,습기,비,교차로 - 교차로안,승용,여,49세,상해없음,승용,여,31세,경상
2016092800100567,2016년 9월 28일 20시,수요일,대구광역시 달서구 송현동,중상사고,0,1,0,0,차대사람 - 기타,안전운전불이행,습기,흐림,교차로 - 교차로안,승용,여,42세,상해없음,보행자,남,68세,중상
2016092800100604,2016년 9월 28일 21시,수요일,대구광역시 달서구 상인동,경상사고,0,0,1,0,차대차 - 측면충돌,안전운전불이행,건조,맑음,교차로 - 교차로부근,승용,남,61세,상해없음,원동기,남,18세,경상
2016092900100010,2016년 9월 29일 00시,목요일,대구광역시 수성구 범어동,경상사고,0,0,2,0,차대차 - 추돌,안전운전불이행,건조,맑음,단일로 - 기타,승용,남,40세,상해없음,승용,남,62세,경상
2016092900100023,2016년 9월 29일 01시,목요일,대구광역시 달성군 화원읍,경상사고,0,0,1,0,차대사람 - 길가장자리구역통행중,중앙선침범,습기,흐림,단일로 - 기타,승용,남,34세,상해없음,보행자,남,21세,경상
2016092900100024,2016년 9월 29일 01시,목요일,대구광역시 서구 평리동,경상사고,0,0,1,1,차대차 - 추돌,안전거리미확보,건조,맑음,단일로 - 기타,승용,남,60세,상해없음,승용,남,61세,경상
2016092900100038,2016년 9월 29일 02시,목요일,대구광역시 달서구 장동,중상사고,0,1,0,0,차대차 - 추돌,안전운전불이행,건조,맑음,단일로 - 기타,승용,남,30세,상해없음,승용,여,25세,중상
2016092900100048,2016년 9월 29일 03시,목요일,대구광역시 수성구 두산동,경상사고,0,0,1,0,차대차 - 추돌,안전운전불이행,습기,흐림,단일로 - 기타,승용,남,22세,상해없음,승용,남,60세,상해없음
2016092900100077,2016년 9월 29일 05시,목요일,대구광역시 수성구 중동,부상신고사고,0,0,0,1,차대차 - 기타,안전운전불이행,건조,맑음,교차로 - 교차로부근,자전거,남,72세,부상신고,승용,남,54세,상해없음
2016092900100092,2016년 9월 29일 06시,목요일,대구광역시 북구 칠성동2가,경상사고,0,0,1,0,차대차 - 기타,신호위반,건조,맑음,교차로 - 교차로안,승용,남,64세,상해없음,승용,남,41세,경상
2016092900100112,2016년 9월 29일 07시,목요일,대구광역시 달서구 호산동,경상사고,0,0,1,0,차대사람 - 횡단중,안전운전불이행,습기,비,단일로 - 기타,승용,남,23세,상해없음,보행자,남,33세,경상
2016092900100197,2016년 9월 29일 09시,목요일,대구광역시 중구 대신동,경상사고,0,0,1,0,차대차 - 측면직각충돌,차로위반,건조,맑음,단일로 - 기타,승용,남,66세,상해없음,이륜,남,47세,경상
2016092900100230,2016년 9월 29일 10시,목요일,대구광역시 동구 봉무동,중상사고,0,1,0,0,차대차 - 기타,안전운전불이행,건조,맑음,단일로 - 횡단보도상,승용,여,33세,상해없음,자전거,남,74세,중상
2016092900100260,2016년 9월 29일 11시,목요일,대구광역시 동구 신암동,경상사고,0,0,1,0,차대차 - 기타,안전운전불이행,건조,맑음,단일로 - 기타,승용,여,41세,상해없음,자전거,여,53세,경상
2016092900100261,2016년 9월 29일 11시,목요일,대구광역시 중구 삼덕동2가,중상사고,0,1,1,0,차대차 - 측면충돌,직진우회전진행방해,건조,맑음,교차로 - 교차로안,승용,여,64세,중상,화물,남,67세,경상
2016092900100262,2016년 9월 29일 11시,목요일,대구광역시 달서구 용산동,경상사고,0,0,1,0,차대사람 - 횡단중,안전운전불이행,건조,맑음,단일로 - 기타,승용,여,27세,상해없음,보행자,여,30세,경상
2016092900100263,2016년 9월 29일 11시,목요일,대구광역시 달서구 성당동,경상사고,0,0,2,0,차대차 - 측면직각충돌,안전운전불이행,건조,맑음,단일로 - 횡단보도상,이륜,남,68세,경상,이륜,남,24세,경상
2016092900100289,2016년 9월 29일 12시,목요일,대구광역시 수성구 황금동,중상사고,0,1,0,0,차대차 - 정면충돌,신호위반,건조,맑음,단일로 - 기타,승용,여,49세,상해없음,이륜,남,57세,중상
2016092900100290,2016년 9월 29일 12시,목요일,대구광역시 북구 노원동3가,경상사고,0,0,2,0,차대차 - 추돌,안전운전불이행,건조,맑음,단일로 - 기타,승용,남,39세,상해없음,승용,남,46세,경상
2016092900100291,2016년 9월 29일 12시,목요일,대구광역시 북구 노곡동,경상사고,0,0,1,1,차대차 - 측면직각충돌,직진우회전진행방해,건조,맑음,교차로 - 교차로안,화물,여,47세,부상신고,화물,남,46세,경상
2016092900100315,2016년 9월 29일 13시,목요일,대구광역시 남구 대명동,경상사고,0,0,2,0,차대차 - 기타,교차로운행방법위반,건조,맑음,교차로 - 교차로안,승용,남,58세,상해없음,승합,남,56세,상해없음
2016092900100316,2016년 9월 29일 13시,목요일,대구광역시 수성구 황금동,경상사고,0,0,3,1,차대차 - 추돌,안전운전불이행,건조,맑음,단일로 - 기타,화물,남,46세,부상신고,화물,남,58세,경상
2016092900100317,2016년 9월 29일 13시,목요일,대구광역시 달서구 대곡동,경상사고,0,0,2,0,차대차 - 측면충돌,신호위반,건조,맑음,교차로 - 교차로안,승용,남,28세,상해없음,승용,남,37세,경상
2016092900100353,2016년 9월 29일 14시,목요일,대구광역시 남구 대명동,중상사고,0,2,1,0,차대차 - 정면충돌,안전운전불이행,건조,맑음,단일로 - 기타,승용,남,35세,중상,승용,남,49세,중상
2016092900100391,2016년 9월 29일 15시,목요일,대구광역시 동구 효목동,중상사고,0,1,0,0,차대차 - 정면충돌,중앙선침범,건조,맑음,단일로 - 기타,승용,여,35세,상해없음,승용,여,35세,중상
2016092900100392,2016년 9월 29일 15시,목요일,대구광역시 북구 노원동1가,중상사고,0,1,0,0,차대사람 - 횡단중,안전운전불이행,건조,흐림,단일로 - 기타,화물,남,44세,상해없음,보행자,여,61세,중상
2016092900100427,2016년 9월 29일 16시,목요일,대구광역시 달서구 상인동,경상사고,0,0,1,0,차대사람 - 횡단중,보행자보호의무위반,건조,맑음,단일로 - 횡단보도상,승용,남,27세,상해없음,보행자,여,57세,경상
2016092900100428,2016년 9월 29일 16시,목요일,대구광역시 북구 복현동,경상사고,0,0,1,0,차대사람 - 기타,안전운전불이행,건조,맑음,단일로 - 기타,승합,남,50세,상해없음,보행자,여,70세,경상
2016092900100429,2016년 9월 29일 16시,목요일,대구광역시 중구 태평로3가,경상사고,0,0,2,0,차대차 - 측면충돌,안전운전불이행,건조,맑음,교차로 - 교차로부근,승용,남,62세,상해없음,승용,남,68세,경상
2016092900100495,2016년 9월 29일 18시,목요일,대구광역시 남구 봉덕동,부상신고사고,0,0,0,1,차대차 - 기타,교차로운행방법위반,건조,맑음,교차로 - 교차로안,이륜,남,17세,부상신고,승용,여,40세,상해없음
2016092900100496,2016년 9월 29일 18시,목요일,대구광역시 달서구 본동,경상사고,0,0,1,0,차량단독 - 기타,안전운전불이행,건조,맑음,단일로 - 기타,승합,남,40세,기타불명,,,,
2016092900100497,2016년 9월 29일 18시,목요일,대구광역시 중구 대신동,경상사고,0,0,2,0,차대차 - 추돌,안전운전불이행,건조,맑음,단일로 - 기타,승용,여,21세,상해없음,승용,남,45세,경상
2016092900100498,2016년 9월 29일 18시,목요일,대구광역시 달서구 이곡동,경상사고,0,0,1,0,차대차 - 정면충돌,신호위반,건조,맑음,교차로 - 교차로부근,이륜,남,25세,상해없음,승용,남,74세,경상
2016092900100570,2016년 9월 29일 20시,목요일,대구광역시 달서구 이곡동,경상사고,0,0,1,0,차대차 - 기타,안전운전불이행,건조,맑음,단일로 - 기타,승용,남,33세,상해없음,이륜,남,25세,경상
2016092900100571,2016년 9월 29일 20시,목요일,대구광역시 북구 구암동,중상사고,0,1,0,0,차대사람 - 횡단중,안전운전불이행,건조,맑음,교차로 - 교차로부근,승용,남,53세,상해없음,보행자,여,75세,중상
2016092900100630,2016년 9월 29일 22시,목요일,대구광역시 수성구 수성동4가,중상사고,0,2,0,0,차대차 - 측면충돌,신호위반,건조,맑음,교차로 - 교차로안,승용,남,30세,상해없음,승용,여,29세,중상
2016092900100649,2016년 9월 29일 23시,목요일,대구광역시 서구 비산동,경상사고,0,0,3,0,차대차 - 추돌,안전운전불이행,건조,흐림,교차로 - 교차로부근,승용,남,33세,상해없음,승용,남,39세,경상
2016093000100016,2016년 9월 30일 00시,금요일,대구광역시 수성구 상동,경상사고,0,0,1,0,차대차 - 측면직각충돌,안전운전불이행,건조,맑음,교차로 - 교차로안,기타불명,기타불명,기타불명,기타불명,자전거,여,56세,경상
2016093000100017,2016년 9월 30일 00시,금요일,대구광역시 달성군 논공읍,경상사고,0,0,1,0,차대차 - 정면충돌,안전운전불이행,건조,맑음,교차로 - 교차로부근,승용,남,24세,상해없음,승용,남,47세,상해없음
2016093000100018,2016년 9월 30일 00시,금요일,대구광역시 북구 동천동,경상사고,0,0,2,0,차대차 - 측면충돌,신호위반,건조,맑음,교차로 - 교차로안,승용,남,60세,상해없음,승용,남,68세,상해없음
2016093000100031,2016년 9월 30일 01시,금요일,대구광역시 서구 이현동,경상사고,0,0,1,0,차대차 - 측면충돌,직진우회전진행방해,건조,맑음,교차로 - 교차로안,화물,남,50세,상해없음,승용,남,59세,상해없음
2016093000100054,2016년 9월 30일 04시,금요일,대구광역시 북구 복현동,경상사고,0,0,2,0,차대차 - 추돌,안전운전불이행,습기,비,교차로 - 교차로부근,승용,여,51세,상해없음,승용,여,57세,경상
2016093000100067,2016년 9월 30일 05시,금요일,대구광역시 수성구 지산동,경상사고,0,0,2,0,차대차 - 추돌,안전운전불이행,습기,비,교차로 - 교차로안,이륜,남,22세,경상,승용,여,50세,경상
2016093000100068,2016년 9월 30일 05시,금요일,대구광역시 달서구 본동,중상사고,0,1,0,0,차대차 - 측면충돌,신호위반,습기,비,교차로 - 교차로안,원동기,남,62세,중상,승용,남,49세,상해없음
2016093000100087,2016년 9월 30일 06시,금요일,대구광역시 수성구 중동,경상사고,0,0,2,0,차대차 - 측면직각충돌,안전운전불이행,습기,비,교차로 - 교차로안,승용,남,24세,경상,승합,남,53세,경상
2016093000100088,2016년 9월 30일 06시,금요일,대구광역시 달서구 도원동,중상사고,0,1,0,0,차대차 - 측면충돌,신호위반,건조,맑음,교차로 - 교차로안,승용,여,50세,상해없음,이륜,남,24세,중상
2016093000100113,2016년 9월 30일 07시,금요일,대구광역시 달서구 송현동,경상사고,0,0,1,0,차대차 - 기타,교차로운행방법위반,습기,비,교차로 - 교차로안,승용,남,40세,경상,승용,남,65세,상해없음