사고번호,사고일시,요일,시군구,사고내용,사망자수,중상자수,경상자수,부상신고자수,사고유형,법규위반,노면상태,기상상태,도로형태,가해운전자 차종,가해운전자 성별,가해운전자 연령,가해운전자 상해정도,피해운전자 차종,피해운전자 성별,피해운전자 연령,피해운전자 상해정도
2016093000100156,2016년 9월 30일 08시,금요일,대구광역시 수성구 만촌동,경상사고,0,0,1,0,차대사람 - 길가장자리구역통행중,보행자보호의무위반,건조,맑음,단일로 - 기타,승용,남,63세,상해없음,보행자,남,12세,경상
2016093000100157,2016년 9월 30일 08시,금요일,대구광역시 달성군 가창면,경상사고,0,0,1,0,차대사람 - 기타,안전운전불이행,습기,비,단일로 - 기타,화물,남,49세,상해없음,보행자,여,62세,경상
2016093000100192,2016년 9월 30일 09시,금요일,대구광역시 수성구 범어동,경상사고,0,0,1,0,차대차 - 추돌,안전운전불이행,건조,맑음,단일로 - 기타,화물,남,58세,상해없음,승용,남,45세,경상
2016093000100221,2016년 9월 30일 10시,금요일,대구광역시 북구 산격동,경상사고,0,0,3,0,차대차 - 추돌,안전운전불이행,습기,비,교차로 - 교차로부근,승용,남,34세,상해없음,승합,남,54세,경상
2016093000100242,2016년 9월 30일 11시,금요일,대구광역시 북구 노원동2가,경상사고,0,0,1,0,차대차 - 측면충돌,안전운전불이행,습기,비,교차로 - 교차로안,화물,남,55세,상해없음,이륜,여,33세,경상
2016093000100272,2016년 9월 30일 12시,금요일,대구광역시 동구 신천동,경상사고,0,0,1,0,차대차 - 측면직각충돌,안전운전불이행,습기,비,단일로 - 기타,승용,남,58세,상해없음,이륜,남,48세,경상
2016093000100273,2016년 9월 30일 12시,금요일,대구광역시 중구 삼덕동3가,경상사고,0,0,1,0,차대차 - 정면충돌,직진우회전진행방해,습기,비,교차로 - 교차로안,이륜,남,25세,경상,승용,여,50세,상해없음
2016093000100308,2016년 9월 30일 13시,금요일,대구광역시 북구 대현동,중상사고,0,1,0,0,차대차 - 추돌,안전운전불이행,건조,맑음,단일로 - 기타,승용,남,28세,상해없음,승용,여,65세,중상
2016093000100309,2016년 9월 30일 13시,금요일,대구광역시 서구 평리동,중상사고,0,1,0,0,차대차 - 기타,직진우회전진행방해,습기,비,교차로 - 교차로안,승용,남,23세,상해없음,자전거,남,47세,중상
2016093000100310,2016년 9월 30일 13시,금요일,대구광역시 중구 계산동1가,경상사고,0,0,2,0,차대차 - 추돌,안전운전불이행,건조,맑음,교차로 - 교차로부근,승용,남,63세,상해없음,승용,남,28세,경상
2016093000100373,2016년 9월 30일 15시,금요일,대구광역시 중구 남일동,경상사고,0,0,1,0,차대차 - 추돌,안전운전불이행,습기,비,단일로 - 기타,승용,남,77세,상해없음,승용,남,49세,경상
2016093000100415,2016년 9월 30일 16시,금요일,대구광역시 수성구 상동,경상사고,0,0,1,0,차대차 - 추돌,안전운전불이행,건조,맑음,단일로 - 기타,승용,여,48세,상해없음,승합,남,52세,경상
2016093000100416,2016년 9월 30일 16시,금요일,대구광역시 북구 동천동,중상사고,0,1,0,0,차대차 - 측면충돌,안전운전불이행,건조,맑음,단일로 - 기타,승합,남,44세,상해없음,승용,남,61세,중상
2016093000100456,2016년 9월 30일 17시,금요일,대구광역시 남구 봉덕동,경상사고,0,0,1,0,차대사람 - 횡단중,보행자보호의무위반,습기,비,교차로 - 교차로안,화물,남,43세,상해없음,보행자,여,28세,경상
2016093000100457,2016년 9월 30일 17시,금요일,대구광역시 달성군 화원읍,경상사고,0,0,1,0,차대차 - 측면직각충돌,안전운전불이행,건조,맑음,교차로 - 교차로안,화물,남,57세,상해없음,승용,남,43세,상해없음
2016093000100505,2016년 9월 30일 18시,금요일,대구광역시 남구 대명동,경상사고,0,0,1,0,차대차 - 기타,안전운전불이행,습기,비,교차로 - 교차로부근,화물,남,39세,상해없음,승용,남,44세,경상
2016093000100506,2016년 9월 30일 18시,금요일,대구광역시 동구 신암동,경상사고,0,0,1,0,차대차 - 추돌,안전운전불이행,습기,비,단일로 - 기타,승용,남,55세,상해없음,승용,남,50세,경상
2016093000100507,2016년 9월 30일 18시,금요일,대구광역시 달성군 가창면,중상사고,0,1,0,0,차대차 - 측면직각충돌,안전운전불이행,습기,비,단일로 - 기타,승합,남,44세,상해없음,승용,여,56세,중상
2016093000100508,2016년 9월 30일 18시,금요일,대구광역시 서구 평리동,중상사고,0,1,2,0,차대차 - 측면직각충돌,안전거리미확보,습기,비,단일로 - 기타,승용,여,45세,상해없음,승용,남,26세,상해없음
2016093000100566,2016년 9월 30일 19시,금요일,대구광역시 남구 대명동,부상신고사고,0,0,0,1,차대사람 - 횡단중,안전운전불이행,습기,비,단일로 - 기타,승용,남,58세,상해없음,보행자,남,61세,부상신고
2016093000100567,2016년 9월 30일 19시,금요일,대구광역시 달서구 진천동,중상사고,0,1,0,0,차대사람 - 횡단중,보행자보호의무위반,습기,비,교차로 - 교차로부근,승용,남,55세,상해없음,보행자,남,10세,중상
2016093000100568,2016년 9월 30일 19시,금요일,대구광역시 중구 동인동1가,경상사고,0,0,3,0,차대차 - 측면직각충돌,안전운전불이행,습기,비,교차로 - 교차로부근,승용,남,62세,상해없음,승용,남,52세,경상
2016093000100614,2016년 9월 30일 20시,금요일,대구광역시 동구 중대동,경상사고,0,0,2,0,차대차 - 정면충돌,신호위반,습기,비,교차로 - 교차로안,승용,남,51세,상해없음,승용,남,56세,경상
2016093000100615,2016년 9월 30일 20시,금요일,대구광역시 수성구 수성동4가,중상사고,0,2,2,0,차대차 - 추돌,안전운전불이행,습기,비,단일로 - 기타,화물,남,48세,상해없음,승용,남,41세,경상
2016093000100616,2016년 9월 30일 20시,금요일,대구광역시 북구 산격동,경상사고,0,0,1,0,차대차 - 추돌,안전운전불이행,건조,맑음,교차로 - 교차로부근,화물,남,47세,상해없음,승용,여,56세,경상
2016093000100653,2016년 9월 30일 21시,금요일,대구광역시 남구 대명동,경상사고,0,0,1,0,차대사람 - 기타,신호위반,건조,맑음,단일로 - 기타,승용,여,31세,상해없음,보행자,남,58세,경상
2016093000100654,2016년 9월 30일 21시,금요일,대구광역시 수성구 범물동,경상사고,0,0,1,0,차대사람 - 길가장자리구역통행중,안전운전불이행,습기,비,단일로 - 기타,기타불명,기타불명,기타불명,기타불명,보행자,여,53세,경상
2016093000100655,2016년 9월 30일 21시,금요일,대구광역시 북구 산격동,중상사고,0,1,0,0,차대사람 - 횡단중,안전운전불이행,건조,맑음,교차로 - 교차로부근,승용,여,22세,상해없음,보행자,남,57세,중상
2016093000100656,2016년 9월 30일 21시,금요일,대구광역시 달서구 신당동,경상사고,0,0,1,0,차대사람 - 횡단중,불법유턴,습기,비,단일로 - 기타,승용,남,25세,상해없음,보행자,남,52세,경상
2016093000100657,2016년 9월 30일 21시,금요일,대구광역시 북구 동천동,경상사고,0,0,1,0,차대차 - 기타,교차로운행방법위반,건조,맑음,교차로 - 교차로안,이륜,남,21세,경상,승용,여,28세,상해없음
2016093000100688,2016년 9월 30일 22시,금요일,대구광역시 동구 효목동,경상사고,0,0,1,0,차대사람 - 횡단중,보행자보호의무위반,습기,흐림,교차로 - 교차로안,승용,남,55세,상해없음,보행자,여,26세,경상
2016093000100689,2016년 9월 30일 22시,금요일,대구광역시 동구 율하동,경상사고,0,0,1,0,차대사람 - 횡단중,교차로운행방법위반,건조,맑음,교차로 - 교차로부근,승용,여,48세,상해없음,보행자,남,55세,경상
2016093000100690,2016년 9월 30일 22시,금요일,대구광역시 수성구 범어동,경상사고,0,0,1,0,차대사람 - 길가장자리구역통행중,안전운전불이행,습기,비,교차로 - 교차로부근,승용,기타불명,기타불명,기타불명,보행자,남,14세,경상
2016093000100691,2016년 9월 30일 22시,금요일,대구광역시 수성구 수성동1가,중상사고,0,1,1,0,차대차 - 추돌,안전운전불이행,습기,비,단일로 - 기타,승용,남,50세,상해없음,승용,남,63세,경상
2016093000100692,2016년 9월 30일 22시,금요일,대구광역시 달서구 상인동,경상사고,0,0,2,0,차대차 - 추돌,안전운전불이행,습기,비,단일로 - 기타,승용,남,52세,상해없음,승용,남,24세,경상
2016093000100693,2016년 9월 30일 22시,금요일,대구광역시 중구 대봉동,경상사고,0,0,1,0,차대사람 - 기타,보행자보호의무위반,건조,맑음,단일로 - 기타,승용,남,31세,상해없음,보행자,여,28세,경상
2016093000100723,2016년 9월 30일 23시,금요일,대구광역시 달서구 진천동,경상사고,0,0,1,0,차대차 - 기타,안전거리미확보,습기,비,교차로 - 교차로부근,승용,남,24세,상해없음,이륜,남,19세,경상
2016093000100724,2016년 9월 30일 23시,금요일,대구광역시 달서구 용산동,중상사고,0,1,0,0,차대차 - 측면충돌,안전운전불이행,습기,비,교차로 - 교차로부근,승용,여,47세,상해없음,승용,남,46세,중상
2016100100100029,2016년 10월 1일 00시,토요일,대구광역시 달성군 화원읍,경상사고,0,0,1,0,차대사람 - 기타,안전운전불이행,습기,흐림,단일로 - 기타,승용,남,51세,상해없음,보행자,남,19세,경상
2016100100100030,2016년 10월 1일 00시,토요일,대구광역시 중구 삼덕동1가,부상신고사고,0,0,0,1,차대사람 - 횡단중,안전운전불이행,건조,맑음,단일로 - 기타,승용,남,27세,상해없음,보행자,남,21세,부상신고
2016100100100049,2016년 10월 1일 01시,토요일,대구광역시 수성구 범어동,경상사고,0,0,2,0,차대차 - 측면직각충돌,불법유턴,건조,흐림,단일로 - 기타,승용,남,24세,상해없음,승용,남,57세,경상
2016100100100064,2016년 10월 1일 02시,토요일,대구광역시 북구 복현동,경상사고,0,0,2,0,차대차 - 측면충돌,직진우회전진행방해,건조,맑음,교차로 - 교차로안,승용,남,57세,상해없음,승용,남,53세,경상
2016100100100065,2016년 10월 1일 02시,토요일,대구광역시 북구 산격동,경상사고,0,0,3,0,차대차 - 측면직각충돌,안전거리미확보,건조,맑음,교차로 - 교차로부근,승용,남,19세,상해없음,승용,남,52세,경상
2016100100100066,2016년 10월 1일 02시,토요일,대구광역시 북구 국우동,중상사고,0,1,0,0,차대사람 - 횡단중,보행자보호의무위반,건조,맑음,단일로 - 횡단보도상,승용,남,67세,상해없음,보행자,남,50세,중상
2016100100100067,2016년 10월 1일 02시,토요일,대구광역시 북구 태전동,중상사고,0,1,0,0,차대사람 - 기타,안전운전불이행,습기,비,단일로 - 기타,승용,남,52세,상해없음,보행자,여,72세,중상
2016100100100089,2016년 10월 1일 03시,토요일,대구광역시 동구 방촌동,경상사고,0,0,2,1,차대차 - 측면직각충돌,직진우회전진행방해,건조,맑음,교차로 - 교차로안,승용,남,56세,부상신고,승용,남,57세,경상
2016100100100090,2016년 10월 1일 03시,토요일,대구광역시 수성구 만촌동,경상사고,0,0,1,0,차대차 - 측면충돌,중앙선침범,습기,흐림,단일로 - 기타,승용,남,58세,상해없음,승용,남,52세,경상
2016100100100091,2016년 10월 1일 03시,토요일,대구광역시 달서구 월성동,사망사고,3,2,4,0,차대차 - 측면충돌,신호위반,습기,흐림,교차로 - 교차로안,승용,남,36세,중상,승용,남,28세,사망
2016100100100092,2016년 10월 1일 03시,토요일,대구광역시 중구 삼덕동1가,경상사고,0,0,1,0,차대사람 - 기타,안전운전불이행,건조,맑음,단일로 - 기타,승용,남,25세,상해없음,보행자,남,22세,경상
2016100100100115,2016년 10월 1일 05시,토요일,대구광역시 수성구 고모동,중상사고,0,3,0,0,차대차 - 정면충돌,안전운전불이행,건조,맑음,교차로 - 교차로부근,승용,남,35세,상해없음,승용,남,52세,중상
2016100100100135,2016년 10월 1일 06시,토요일,대구광역시 북구 노원동2가,중상사고,0,1,1,0,차대차 - 추돌,안전운전불이행,건조,맑음,단일로 - 기타,승용,남,27세,상해없음,승용,남,39세,중상
2016100100100149,2016년 10월 1일 07시,토요일,대구광역시 남구 봉덕동,경상사고,0,0,1,0,차대차 - 추돌,안전운전불이행,건조,맑음,단일로 - 기타,승용,남,42세,상해없음,화물,남,42세,경상
2016100100100150,2016년 10월 1일 07시,토요일,대구광역시 동구 신암동,중상사고,0,1,0,0,차대사람 - 기타,안전운전불이행,건조,맑음,단일로 - 기타,승용,남,26세,상해없음,보행자,여,75세,중상
2016100100100204,2016년 10월 1일 09시,토요일,대구광역시 수성구 신매동,중상사고,0,1,0,0,차대차 - 기타,안전운전불이행,건조,맑음,단일로 - 기타,화물,남,49세,상해없음,승합,남,50세,상해없음
2016100100100284,2016년 10월 1일 12시,토요일,대구광역시 서구 평리동,경상사고,0,0,1,0,차대차 - 추돌,안전운전불이행,건조,맑음,단일로 - 기타,승용,남,46세,상해없음,승용,여,25세,경상
2016100100100285,2016년 10월 1일 12시,토요일,대구광역시 북구 매천동,중상사고,0,1,1,0,차대차 - 추돌,안전거리미확보,건조,흐림,단일로 - 기타,승용,남,57세,상해없음,화물,남,22세,경상
2016100100100318,2016년 10월 1일 13시,토요일,대구광역시 서구 내당동,중상사고,0,1,0,0,차량단독 - 기타,안전운전불이행,건조,맑음,단일로 - 기타,승합,남,56세,상해없음,,,,
2016100100100319,2016년 10월 1일 13시,토요일,대구광역시 달서구 성당동,중상사고,0,1,0,0,차대차 - 기타,안전운전불이행,건조,맑음,단일로 - 횡단보도상,승용,남,62세,상해없음,자전거,남,75세,중상
2016100100100396,2016년 10월 1일 15시,토요일,대구광역시 북구 태전동,부상신고사고,0,0,0,1,차대차 - 추돌,안전거리미확보,건조,맑음,단일로 - 기타,승용,남,57세,상해없음,승용,남,24세,부상신고
2016100100100427,2016년 10월 1일 16시,토요일,대구광역시 동구 신암동,경상사고,0,0,2,0,차대차 - 측면충돌,안전거리미확보,건조,맑음,교차로 - 교차로안,자전거,남,65세,경상,자전거,여,74세,경상
2016100100100495,2016년 10월 1일 18시,토요일,대구광역시 달서구 상인동,중상사고,0,1,0,0,차대차 - 측면충돌,안전운전불이행,건조,맑음,단일로 - 기타,승용,남,40세,상해없음,자전거,남,13세,중상
2016100100100496,2016년 10월 1일 18시,토요일,대구광역시 북구 침산동,경상사고,0,0,1,0,차대차 - 기타,안전운전불이행,건조,맑음,단일로 - 기타,승용,남,63세,상해없음,승합,남,61세,상해없음
2016100100100497,2016년 10월 1일 18시,토요일,대구광역시 북구 관음동,경상사고,0,0,1,0,차대차 - 정면충돌,안전운전불이행,건조,맑음,단일로 - 기타,승용,여,57세,상해없음,화물,남,53세,기타불명
2016100100100536,2016년 10월 1일 19시,토요일,대구광역시 남구 봉덕동,부상신고사고,0,0,0,1,차대사람 - 횡단중,안전운전불이행,건조,맑음,단일로 - 기타,승용,기타불명,기타불명,기타불명,보행자,여,26세,부상신고
2016100100100537,2016년 10월 1일 19시,토요일,대구광역시 동구 지저동,중상사고,0,1,0,0,차대차 - 기타,보행자보호의무위반,습기,비,단일로 - 기타,승용,남,47세,상해없음,승용,남,68세,상해없음
2016100100100538,2016년 10월 1일 19시,토요일,대구광역시 중구 삼덕동3가,경상사고,0,0,2,0,차대차 - 측면직각충돌,차로위반,건조,맑음,단일로 - 기타,승용,남,61세,경상,승용,남,60세,경상
2016100100100572,2016년 10월 1일 20시,토요일,대구광역시 수성구 만촌동,경상사고,0,0,2,0,차대차 - 측면직각충돌,안전거리미확보,건조,맑음,단일로 - 기타,승용,남,23세,상해없음,승용,여,39세,경상
2016100100100573,2016년 10월 1일 20시,토요일,대구광역시 달서구 송현동,경상사고,0,0,1,0,차대사람 - 횡단중,안전운전불이행,건조,맑음,단일로 - 기타,승용,남,51세,기타불명,보행자,남,37세,경상
2016100100100574,2016년 10월 1일 20시,토요일,대구광역시 달서구 월성동,경상사고,0,0,2,0,차대차 - 기타,안전운전불이행,습기,비,교차로 - 교차로부근,승용,여,38세,상해없음,승용,남,37세,상해없음
2016100100100575,2016년 10월 1일 20시,토요일,대구광역시 달서구 송현동,경상사고,0,0,1,0,차대차 - 기타,교차로운행방법위반,습기,비,교차로 - 교차로안,승용,남,50세,상해없음,원동기,남,34세,경상
2016100100100576,2016년 10월 1일 20시,토요일,대구광역시 달성군 다사읍,중상사고,0,1,0,0,차대차 - 측면직각충돌,신호위반,습기,비,교차로 - 교차로안,승용,남,61세,상해없음,원동기,남,51세,중상
2016100100100577,2016년 10월 1일 20시,토요일,대구광역시 달서구 이곡동,경상사고,0,0,1,0,차대차 - 추돌,안전운전불이행,습기,비,단일로 - 기타,승용,여,50세,상해없음,이륜,남,20세,경상
2016100100100578,2016년 10월 1일 20시,토요일,대구광역시 북구 동천동,경상사고,0,0,1,0,차대차 - 기타,안전운전불이행,건조,맑음,단일로 - 기타,승용,여,48세,상해없음,이륜,남,50세,경상
2016100100100610,2016년 10월 1일 21시,토요일,대구광역시 달서구 송현동,경상사고,0,0,1,0,차대차 - 추돌,안전운전불이행,건조,맑음,단일로 - 기타,화물,남,47세,상해없음,승용,남,50세,경상
2016100200100018,2016년 10월 2일 00시,일요일,대구광역시 동구 동호동,중상사고,0,1,0,0,차대사람 - 기타,안전운전불이행,건조,맑음,단일로 - 기타,승용,남,33세,상해없음,보행자,남,43세,중상
2016100200100035,2016년 10월 2일 01시,일요일,대구광역시 북구 동천동,중상사고,0,2,2,0,차대차 - 측면충돌,신호위반,건조,맑음,교차로 - 교차로안,승용,남,54세,상해없음,승용,남,59세,상해없음
2016100200100080,2016년 10월 2일 05시,일요일,대구광역시 북구 침산동,경상사고,0,0,1,0,차대차 - 정면충돌,불법유턴,습기,흐림,교차로 - 교차로부근,자전거,기타불명,기타불명,기타불명,승용,남,55세,상해없음
2016100200100091,2016년 10월 2일 06시,일요일,대구광역시 동구 봉무동,중상사고,0,1,1,0,차대차 - 측면직각충돌,안전거리미확보,건조,맑음,교차로 - 교차로부근,승용,남,63세,중상,승용,남,22세,경상
2016100200100102,2016년 10월 2일 07시,일요일,대구광역시 동구 불로동,중상사고,0,1,0,0,차대차 - 측면직각충돌,안전운전불이행,건조,맑음,단일로 - 기타,자전거,남,56세,중상,승용,여,65세,상해없음
2016100200100119,2016년 10월 2일 08시,일요일,대구광역시 수성구 파동,중상사고,0,1,0,0,차대차 - 추돌,안전거리미확보,건조,맑음,단일로 - 기타,승용,여,64세,상해없음,승용,남,20세,중상
2016100200100135,2016년 10월 2일 09시,일요일,대구광역시 북구 산격동,부상신고사고,0,0,0,2,차대차 - 측면직각충돌,신호위반,건조,맑음,교차로 - 교차로부근,이륜,남,17세,부상신고,화물,남,49세,상해없음
2016100200100181,2016년 10월 2일 11시,일요일,대구광역시 달서구 송현동,경상사고,0,0,1,0,차대차 - 측면충돌,교차로운행방법위반,건조,맑음,교차로 - 교차로안,승용,남,37세,상해없음,원동기,남,33세,경상
2016100200100237,2016년 10월 2일 13시,일요일,대구광역시 수성구 범어동,경상사고,0,0,1,0,차대차 - 기타,안전거리미확보,건조,맑음,단일로 - 기타,승용,여,38세,상해없음,이륜,남,24세,경상
2016100200100238,2016년 10월 2일 13시,일요일,대구광역시 수성구 지산동,경상사고,0,0,1,0,차대사람 - 횡단중,신호위반,건조,맑음,단일로 - 횡단보도상,원동기,남,22세,상해없음,보행자,남,14세,경상
2016100200100239,2016년 10월 2일 13시,일요일,대구광역시 북구 대현동,부상신고사고,0,0,0,1,차대사람 - 횡단중,보행자보호의무위반,건조,맑음,단일로 - 횡단보도상,승용,기타불명,기타불명,기타불명,보행자,남,62세,부상신고
2016100200100240,2016년 10월 2일 13시,일요일,대구광역시 달서구 본리동,경상사고,0,0,1,0,차대차 - 기타,신호위반,건조,맑음,교차로 - 교차로안,승용,남,41세,상해없음,승용,여,25세,경상
2016100200100241,2016년 10월 2일 13시,일요일,대구광역시 북구 구암동,경상사고,0,0,1,0,차대차 - 측면직각충돌,안전운전불이행,건조,맑음,교차로 - 교차로안,승용,남,69세,상해없음,승용,남,24세,경상
2016100200100272,2016년 10월 2일 14시,일요일,대구광역시 북구 칠성동2가,경상사고,0,0,2,0,차대차 - 정면충돌,안전운전불이행,건조,맑음,교차로 - 교차로안,승용,남,45세,상해없음,승용,여,26세,경상
2016100200100273,2016년 10월 2일 14시,일요일,대구광역시 북구 서변동,경상사고,0,0,1,0,차대차 - 측면충돌,안전운전불이행,건조,맑음,단일로 - 기타,승용,여,45세,상해없음,자전거,남,8세,경상
2016100200100323,2016년 10월 2일 16시,일요일,대구광역시 중구 동산동,경상사고,0,0,5,0,차대차 - 측면직각충돌,안전거리미확보,건조,맑음,단일로 - 기타,승용,남,58세,경상,승용,남,21세,경상
2016100200100348,2016년 10월 2일 17시,일요일,대구광역시 달성군 화원읍,경상사고,0,0,1,0,차대차 - 추돌,안전운전불이행,건조,맑음,교차로 - 교차로부근,화물,남,61세,상해없음,승용,여,34세,경상
2016100200100349,2016년 10월 2일 17시,일요일,대구광역시 달서구 성당동,중상사고,0,1,0,0,차대사람 - 기타,안전운전불이행,건조,맑음,단일로 - 기타,승용,남,58세,상해없음,보행자,여,60세,중상
2016100200100390,2016년 10월 2일 18시,일요일,대구광역시 동구 동호동,경상사고,0,0,1,0,차대차 - 측면충돌,불법유턴,건조,맑음,단일로 - 기타,승용,기타불명,기타불명,기타불명,자전거,남,52세,경상
2016100200100391,2016년 10월 2일 18시,일요일,대구광역시 수성구 황금동,경상사고,0,0,1,0,차대차 - 측면충돌,안전운전불이행,건조,맑음,단일로 - 기타,승용,여,29세,상해없음,이륜,남,69세,경상
2016100200100420,2016년 10월 2일 19시,일요일,대구광역시 수성구 수성동1가,경상사고,0,0,1,0,차대차 - 측면직각충돌,안전운전불이행,건조,맑음,단일로 - 기타,승용,남,68세,기타불명,승용,남,53세,경상
2016100200100477,2016년 10월 2일 21시,일요일,대구광역시 동구 각산동,부상신고사고,0,0,0,1,차대차 - 측면직각충돌,안전운전불이행,건조,맑음,단일로 - 기타,이륜,남,17세,부상신고,승용,남,42세,상해없음
2016100200100504,2016년 10월 2일 22시,일요일,대구광역시 남구 대명동,중상사고,0,3,1,0,차대차 - 기타,신호위반,건조,맑음,교차로 - 교차로안,승용,남,46세,상해없음,승용,남,57세,경상
2016100200100505,2016년 10월 2일 22시,일요일,대구광역시 동구 지저동,중상사고,0,2,0,0,차대차 - 측면직각충돌,교차로운행방법위반,건조,맑음,교차로 - 교차로안,승용,남,58세,상해없음,화물,남,45세,상해없음
2016100200100506,2016년 10월 2일 22시,일요일,대구광역시 북구 태전동,경상사고,0,0,1,1,차대차 - 측면충돌,안전운전불이행,건조,맑음,단일로 - 기타,승용,여,26세,상해없음,승용,남,43세,경상
2016100300100015,2016년 10월 3일 00시,월요일,대구광역시 서구 비산동,중상사고,0,1,3,0,차대차 - 정면충돌,중앙선침범,습기,비,단일로 - 기타,승용,남,31세,상해없음,승용,남,55세,경상
2016100300100016,2016년 10월 3일 00시,월요일,대구광역시 달서구 이곡동,경상사고,0,0,1,0,차대차 - 측면충돌,안전운전불이행,건조,맑음,단일로 - 기타,자전거,남,18세,경상,이륜,남,17세,상해없음
2016100300100095,2016년 10월 3일 05시,월요일,대구광역시 서구 내당동,경상사고,0,0,1,0,차대차 - 추돌,안전거리미확보,건조,맑음,교차로 - 교차로안,승용,남,57세,기타불명,승용,여,63세,경상
2016100300100110,2016년 10월 3일 06시,월요일,대구광역시 중구 삼덕동2가,경상사고,0,0,1,0,차대사람 - 횡단중,보행자보호의무위반,건조,맑음,단일로 - 횡단보도상,기타불명,기타불명,기타불명,기타불명,보행자,여,27세,경상
2016100300100117,2016년 10월 3일 07시,월요일,대구광역시 중구 동인동3가,중상사고,0,1,0,0,차대사람 - 기타,교차로운행방법위반,건조,맑음,교차로 - 교차로안,승용,남,42세,상해없음,보행자,남,81세,중상
2016100300100118,2016년 10월 3일 07시,월요일,대구광역시 북구 읍내동,중상사고,0,1,0,0,차대사람 - 기타,안전운전불이행,건조,맑음,교차로 - 교차로안,화물,여,55세,상해없음,보행자,여,57세,중상
2016100300100130,2016년 10월 3일 08시,월요일,대구광역시 동구 신암동,중상사고,0,1,0,0,차대차 - 기타,안전운전불이행,건조,맑음,기타 - 기타,이륜,남,50세,상해없음,자전거,여,72세,중상
2016100300100131,2016년 10월 3일 08시,월요일,대구광역시 달성군 구지면,중상사고,0,1,0,0,차대차 - 측면직각충돌,직진우회전진행방해,건조,맑음,교차로 - 교차로안,화물,남,34세,중상,화물,남,47세,상해없음
2016100300100132,2016년 10월 3일 08시,월요일,대구광역시 달서구 두류동,중상사고,0,1,0,0,차대사람 - 횡단중,기타,건조,맑음,단일로 - 기타,승합,남,51세,상해없음,보행자,여,55세,중상
2016100300100133,2016년 10월 3일 08시,월요일,대구광역시 달서구 장기동,경상사고,0,0,2,0,차대차 - 측면충돌,안전운전불이행,건조,흐림,단일로 - 기타,화물,남,52세,상해없음,승용,여,52세,경상
2016100300100146,2016년 10월 3일 09시,월요일,대구광역시 동구 각산동,경상사고,0,0,1,0,차대사람 - 기타,안전운전불이행,건조,맑음,교차로 - 교차로부근,승용,남,43세,상해없음,보행자,남,36세,경상
2016100300100147,2016년 10월 3일 09시,월요일,대구광역시 북구 매천동,중상사고,0,1,0,0,차대사람 - 횡단중,보행자보호의무위반,건조,맑음,교차로 - 교차로부근,승용,여,67세,상해없음,보행자,여,75세,중상
2016100300100196,2016년 10월 3일 11시,월요일,대구광역시 달서구 상인동,경상사고,0,0,1,0,차대사람 - 기타,안전운전불이행,건조,맑음,교차로 - 교차로부근,화물,남,51세,상해없음,보행자,여,68세,경상
2016100300100221,2016년 10월 3일 12시,월요일,대구광역시 동구 불로동,부상신고사고,0,0,0,1,차대사람 - 차도통행중,안전운전불이행,건조,맑음,단일로 - 기타,승용,여,49세,상해없음,보행자,남,53세,부상신고
2016100300100222,2016년 10월 3일 12시,월요일,대구광역시 달성군 옥포면,경상사고,0,0,1,0,차대차 - 기타,불법유턴,건조,흐림,단일로 - 기타,승용,남,55세,상해없음,승용,여,64세,상해없음
2016100300100223,2016년 10월 3일 12시,월요일,대구광역시 중구 봉산동,경상사고,0,0,2,0,차대차 - 측면직각충돌,교차로운행방법위반,건조,맑음,교차로 - 교차로부근,승용,남,61세,경상,승용,남,34세,상해없음
2016100300100224,2016년 10월 3일 12시,월요일,대구광역시 북구 읍내동,부상신고사고,0,0,0,1,차대차 - 측면직각충돌,안전운전불이행,습기,흐림,단일로 - 기타,자전거,여,63세,부상신고,승용,남,57세,상해없음
2016100300100225,2016년 10월 3일 12시,월요일,대구광역시 북구 동천동,경상사고,0,0,2,0,차대차 - 기타,안전운전불이행,건조,맑음,단일로 - 기타,승용,남,55세,경상,승합,남,55세,경상
2016100300100263,2016년 10월 3일 13시,월요일,대구광역시 달서구 송현동,경상사고,0,0,1,0,차대차 - 측면직각충돌,안전운전불이행,습기,흐림,교차로 - 교차로부근,승용,남,62세,상해없음,원동기,남,73세,경상
2016100300100299,2016년 10월 3일 14시,월요일,대구광역시 수성구 만촌동,경상사고,0,0,1,0,차대차 - 추돌,안전운전불이행,습기,비,단일로 - 기타,승용,남,49세,상해없음,승용,여,25세,경상
2016100300100355,2016년 10월 3일 16시,월요일,대구광역시 동구 서호동,중상사고,0,1,0,0,차대사람 - 횡단중,안전운전불이행,건조,맑음,교차로 - 교차로안,승합,남,61세,상해없음,보행자,여,52세,중상
2016100300100392,2016년 10월 3일 17시,월요일,대구광역시 북구 구암동,경상사고,0,0,1,0,차대차 - 측면직각충돌,신호위반,건조,맑음,교차로 - 교차로안,승용,남,60세,상해없음,승용,여,42세,경상
2016100300100425,2016년 10월 3일 18시,월요일,대구광역시 북구 대현동,경상사고,0,0,1,0,차대차 - 기타,안전운전불이행,건조,맑음,단일로 - 기타,승용,남,48세,상해없음,자전거,여,32세,경상
2016100300100455,2016년 10월 3일 19시,월요일,대구광역시 달성군 가창면,중상사고,0,1,0,0,차대차 - 정면충돌,안전운전불이행,건조,맑음,단일로 - 기타,승용,남,45세,상해없음,화물,남,72세,중상