사고번호,사고일시,요일,시군구,사고내용,사망자수,중상자수,경상자수,부상신고자수,사고유형,법규위반,노면상태,기상상태,도로형태,가해운전자 차종,가해운전자 성별,가해운전자 연령,가해운전자 상해정도,피해운전자 차종,피해운전자 성별,피해운전자 연령,피해운전자 상해정도
2016100300100456,2016년 10월 3일 19시,월요일,대구광역시 서구 내당동,중상사고,0,1,0,0,차대차 - 측면충돌,신호위반,건조,맑음,단일로 - 횡단보도상,승용,남,61세,상해없음,이륜,남,55세,중상
2016100300100457,2016년 10월 3일 19시,월요일,대구광역시 북구 동천동,중상사고,0,1,0,0,차대사람 - 횡단중,보행자보호의무위반,건조,맑음,교차로 - 교차로부근,승용,남,72세,상해없음,보행자,여,16세,중상
2016100300100496,2016년 10월 3일 20시,월요일,대구광역시 남구 대명동,사망사고,1,0,0,0,차대사람 - 기타,안전운전불이행,건조,맑음,단일로 - 기타,승용,여,32세,상해없음,보행자,남,63세,사망
2016100300100497,2016년 10월 3일 20시,월요일,대구광역시 남구 대명동,중상사고,0,1,0,0,차대사람 - 횡단중,안전운전불이행,건조,맑음,단일로 - 기타,승용,남,49세,상해없음,보행자,여,82세,중상
2016100300100498,2016년 10월 3일 20시,월요일,대구광역시 남구 봉덕동,경상사고,0,0,4,5,차대차 - 추돌,안전거리미확보,습기,흐림,단일로 - 기타,승용,남,57세,부상신고,승용,남,36세,경상
2016100300100499,2016년 10월 3일 20시,월요일,대구광역시 남구 이천동,중상사고,0,1,2,0,차대차 - 추돌,안전운전불이행,습기,비,단일로 - 기타,화물,남,40세,상해없음,승용,남,33세,중상
2016100300100525,2016년 10월 3일 21시,월요일,대구광역시 달성군 유가면,경상사고,0,0,1,0,차대차 - 측면충돌,안전운전불이행,건조,맑음,교차로 - 교차로부근,이륜,남,16세,경상,승용,남,55세,상해없음
2016100300100526,2016년 10월 3일 21시,월요일,대구광역시 서구 비산동,중상사고,0,1,0,0,차대차 - 측면충돌,직진우회전진행방해,습기,흐림,교차로 - 교차로안,승용,남,31세,상해없음,자전거,남,55세,중상
2016100300100527,2016년 10월 3일 21시,월요일,대구광역시 달서구 장기동,중상사고,0,1,1,0,차대차 - 기타,기타,습기,흐림,교차로 - 교차로부근,승합,남,50세,상해없음,이륜,남,29세,경상
2016100400100011,2016년 10월 4일 00시,화요일,대구광역시 달성군 유가면,중상사고,0,2,0,0,차대차 - 정면충돌,신호위반,건조,맑음,교차로 - 교차로안,승용,남,31세,상해없음,승용,여,26세,중상
2016100400100031,2016년 10월 4일 03시,화요일,대구광역시 달서구 진천동,부상신고사고,0,0,0,1,차대차 - 측면충돌,안전운전불이행,건조,맑음,교차로 - 교차로안,승용,남,40세,기타불명,승용,남,61세,부상신고
2016100400100051,2016년 10월 4일 05시,화요일,대구광역시 수성구 시지동,경상사고,0,0,1,0,차대사람 - 보도통행중,기타,건조,맑음,기타 - 기타,이륜,남,80세,상해없음,보행자,여,63세,경상
2016100400100066,2016년 10월 4일 06시,화요일,대구광역시 달서구 대천동,경상사고,0,0,1,0,차대차 - 기타,안전운전불이행,습기,비,교차로 - 교차로부근,화물,남,55세,상해없음,승용,남,39세,경상
2016100400100100,2016년 10월 4일 07시,화요일,대구광역시 서구 평리동,경상사고,0,0,1,0,차대차 - 측면충돌,신호위반,건조,맑음,교차로 - 교차로안,승용,남,26세,상해없음,이륜,남,46세,경상
2016100400100101,2016년 10월 4일 07시,화요일,대구광역시 중구 동인동1가,부상신고사고,0,0,0,1,차대차 - 기타,안전운전불이행,건조,맑음,단일로 - 기타,이륜,남,19세,부상신고,화물,남,38세,상해없음
2016100400100145,2016년 10월 4일 08시,화요일,대구광역시 서구 비산동,중상사고,0,1,0,0,차대차 - 기타,안전거리미확보,건조,맑음,단일로 - 기타,이륜,남,63세,상해없음,승용,여,52세,중상
2016100400100146,2016년 10월 4일 08시,화요일,대구광역시 달서구 장기동,경상사고,0,0,1,0,차대차 - 추돌,안전운전불이행,건조,맑음,단일로 - 기타,화물,남,44세,상해없음,화물,남,45세,경상
2016100400100147,2016년 10월 4일 08시,화요일,대구광역시 달서구 이곡동,경상사고,0,0,1,0,차대사람 - 횡단중,안전운전불이행,건조,맑음,단일로 - 기타,승용,남,30세,기타불명,보행자,여,18세,경상
2016100400100188,2016년 10월 4일 09시,화요일,대구광역시 수성구 수성동2가,경상사고,0,0,2,0,차대차 - 측면직각충돌,안전운전불이행,건조,맑음,교차로 - 교차로안,승용,여,50세,경상,승용,남,36세,경상
2016100400100189,2016년 10월 4일 09시,화요일,대구광역시 수성구 범물동,경상사고,0,0,1,0,차대사람 - 횡단중,보행자보호의무위반,건조,맑음,단일로 - 횡단보도상,승용,남,62세,상해없음,보행자,남,60세,경상
2016100400100190,2016년 10월 4일 09시,화요일,대구광역시 수성구 황금동,중상사고,0,1,0,0,차대차 - 측면충돌,신호위반,건조,맑음,교차로 - 교차로부근,승용,남,57세,상해없음,승용,여,58세,중상
2016100400100191,2016년 10월 4일 09시,화요일,대구광역시 북구 칠성동2가,경상사고,0,0,1,0,차대차 - 정면충돌,신호위반,건조,맑음,교차로 - 교차로안,승용,여,41세,상해없음,승용,여,56세,경상
2016100400100192,2016년 10월 4일 09시,화요일,대구광역시 북구 산격동,중상사고,0,1,0,0,차대사람 - 횡단중,안전운전불이행,건조,맑음,단일로 - 기타,특수,남,50세,상해없음,보행자,남,89세,중상
2016100400100193,2016년 10월 4일 09시,화요일,대구광역시 북구 금호동,중상사고,0,2,1,0,차대차 - 측면충돌,중앙선침범,건조,맑음,단일로 - 기타,승용,여,27세,중상,승용,남,40세,중상
2016100400100220,2016년 10월 4일 10시,화요일,대구광역시 달성군 옥포면,경상사고,0,0,1,0,차대차 - 측면직각충돌,차로위반,건조,맑음,교차로 - 교차로부근,승용,남,71세,상해없음,화물,남,44세,상해없음
2016100400100253,2016년 10월 4일 11시,화요일,대구광역시 달서구 상인동,경상사고,0,0,1,0,차대차 - 기타,안전운전불이행,건조,맑음,단일로 - 기타,승용,여,46세,상해없음,승용,남,33세,경상
2016100400100321,2016년 10월 4일 13시,화요일,대구광역시 달서구 상인동,경상사고,0,0,1,0,차대차 - 추돌,안전운전불이행,건조,맑음,교차로 - 교차로부근,승용,남,25세,상해없음,승용,남,72세,경상
2016100400100363,2016년 10월 4일 14시,화요일,대구광역시 서구 비산동,경상사고,0,0,1,0,차대차 - 측면직각충돌,안전거리미확보,건조,맑음,단일로 - 기타,화물,남,48세,상해없음,승용,여,49세,경상
2016100400100364,2016년 10월 4일 14시,화요일,대구광역시 달서구 장기동,경상사고,0,0,1,0,차대차 - 측면직각충돌,안전운전불이행,건조,흐림,단일로 - 기타,특수,남,49세,상해없음,승용,여,48세,경상
2016100400100365,2016년 10월 4일 14시,화요일,대구광역시 달서구 용산동,경상사고,0,0,2,0,차대차 - 측면충돌,안전운전불이행,건조,맑음,교차로 - 교차로부근,승용,남,48세,상해없음,승용,여,32세,경상
2016100400100395,2016년 10월 4일 15시,화요일,대구광역시 달서구 대천동,경상사고,0,0,1,0,차대사람 - 횡단중,안전운전불이행,건조,맑음,교차로 - 교차로안,승용,여,37세,상해없음,보행자,남,50세,경상
2016100400100396,2016년 10월 4일 15시,화요일,대구광역시 서구 중리동,부상신고사고,0,0,0,1,차대사람 - 기타,안전운전불이행,건조,맑음,단일로 - 기타,승용,기타불명,기타불명,기타불명,보행자,남,9세,부상신고
2016100400100470,2016년 10월 4일 17시,화요일,대구광역시 동구 율암동,중상사고,0,1,0,0,차량단독 - 공작물충돌,안전운전불이행,건조,맑음,단일로 - 기타,이륜,남,35세,중상,,,,
2016100400100471,2016년 10월 4일 17시,화요일,대구광역시 달서구 도원동,중상사고,0,2,1,0,차대차 - 측면충돌,신호위반,건조,맑음,교차로 - 교차로부근,승용,남,33세,상해없음,승용,여,39세,중상
2016100400100472,2016년 10월 4일 17시,화요일,대구광역시 북구 구암동,경상사고,0,0,1,0,차대사람 - 횡단중,보행자보호의무위반,건조,맑음,단일로 - 횡단보도상,승용,여,36세,상해없음,보행자,남,10세,경상
2016100400100521,2016년 10월 4일 18시,화요일,대구광역시 수성구 만촌동,경상사고,0,0,1,0,차대사람 - 길가장자리구역통행중,안전운전불이행,건조,맑음,교차로 - 교차로안,승용,남,54세,상해없음,보행자,남,63세,경상
2016100400100522,2016년 10월 4일 18시,화요일,대구광역시 달성군 화원읍,경상사고,0,0,1,0,차대차 - 측면직각충돌,안전운전불이행,건조,맑음,단일로 - 기타,승용,남,44세,상해없음,승용,여,33세,경상
2016100400100523,2016년 10월 4일 18시,화요일,대구광역시 달서구 신당동,경상사고,0,0,1,0,차대차 - 측면충돌,신호위반,건조,맑음,교차로 - 교차로안,승용,여,31세,상해없음,이륜,남,44세,경상
2016100400100578,2016년 10월 4일 19시,화요일,대구광역시 수성구 수성동2가,중상사고,0,1,0,0,차대사람 - 횡단중,안전운전불이행,건조,맑음,단일로 - 횡단보도상,승용,여,27세,상해없음,보행자,남,48세,중상
2016100400100579,2016년 10월 4일 19시,화요일,대구광역시 수성구 사월동,중상사고,0,1,0,0,차대차 - 추돌,안전거리미확보,습기,비,단일로 - 횡단보도부근,승용,남,27세,상해없음,승용,여,35세,중상
2016100400100580,2016년 10월 4일 19시,화요일,대구광역시 달서구 도원동,경상사고,0,0,2,0,차대사람 - 횡단중,보행자보호의무위반,건조,맑음,교차로 - 교차로부근,승용,여,32세,상해없음,보행자,여,18세,경상
2016100400100581,2016년 10월 4일 19시,화요일,대구광역시 북구 산격동,경상사고,0,0,1,0,차대차 - 추돌,안전운전불이행,건조,맑음,단일로 - 기타,화물,남,50세,상해없음,승용,남,57세,상해없음
2016100400100639,2016년 10월 4일 21시,화요일,대구광역시 달서구 월암동,중상사고,0,5,4,1,차대차 - 기타,안전운전불이행,건조,맑음,교차로 - 교차로부근,이륜,남,41세,상해없음,승용,남,52세,상해없음
2016100400100664,2016년 10월 4일 22시,화요일,대구광역시 수성구 두산동,경상사고,0,0,1,0,차대사람 - 횡단중,보행자보호의무위반,건조,맑음,단일로 - 횡단보도상,승용,남,66세,상해없음,보행자,남,25세,경상
2016100400100665,2016년 10월 4일 22시,화요일,대구광역시 북구 산격동,경상사고,0,0,2,0,차대차 - 측면직각충돌,안전운전불이행,건조,흐림,교차로 - 교차로안,승용,남,46세,상해없음,승용,남,44세,상해없음
2016100400100681,2016년 10월 4일 23시,화요일,대구광역시 동구 율하동,경상사고,0,0,1,1,차대차 - 기타,신호위반,습기,비,교차로 - 교차로안,승용,여,59세,부상신고,승용,남,50세,경상
2016100400100682,2016년 10월 4일 23시,화요일,대구광역시 중구 동인동4가,경상사고,0,0,1,0,차대차 - 측면충돌,안전거리미확보,건조,맑음,단일로 - 기타,승용,남,71세,상해없음,이륜,남,23세,경상
2016100400100683,2016년 10월 4일 23시,화요일,대구광역시 북구 구암동,경상사고,0,0,1,0,차대차 - 추돌,안전운전불이행,습기,흐림,단일로 - 기타,승용,남,32세,상해없음,승용,남,33세,경상
2016100500100026,2016년 10월 5일 01시,수요일,대구광역시 달서구 송현동,중상사고,0,1,0,0,차대사람 - 횡단중,안전운전불이행,습기,비,단일로 - 기타,승용,남,59세,상해없음,보행자,남,43세,중상
2016100500100027,2016년 10월 5일 01시,수요일,대구광역시 서구 원대동1가,경상사고,0,0,2,0,차대차 - 측면직각충돌,안전운전불이행,습기,비,교차로 - 교차로안,승용,남,73세,상해없음,승용,남,44세,경상
2016100500100037,2016년 10월 5일 02시,수요일,대구광역시 동구 신암동,중상사고,0,1,0,0,차대사람 - 횡단중,안전운전불이행,습기,비,단일로 - 횡단보도상,승용,남,38세,상해없음,보행자,남,47세,중상
2016100500100038,2016년 10월 5일 02시,수요일,대구광역시 서구 내당동,경상사고,0,0,1,0,차대사람 - 횡단중,안전운전불이행,건조,맑음,단일로 - 기타,승용,남,56세,상해없음,보행자,남,33세,경상
2016100500100053,2016년 10월 5일 03시,수요일,대구광역시 중구 계산동2가,중상사고,0,1,0,0,차대차 - 기타,안전운전불이행,습기,비,교차로 - 교차로부근,기타불명,기타불명,기타불명,기타불명,자전거,남,22세,중상
2016100500100063,2016년 10월 5일 04시,수요일,대구광역시 수성구 지산동,부상신고사고,0,0,0,1,차량단독 - 전도전복,안전운전불이행,건조,맑음,단일로 - 기타,이륜,남,53세,부상신고,,,,
2016100500100064,2016년 10월 5일 04시,수요일,대구광역시 수성구 두산동,부상신고사고,0,0,0,1,차대차 - 측면충돌,안전운전불이행,습기,비,단일로 - 기타,승용,여,27세,부상신고,승합,남,58세,상해없음
2016100500100123,2016년 10월 5일 07시,수요일,대구광역시 동구 검사동,중상사고,0,1,0,0,차대사람 - 횡단중,신호위반,건조,맑음,교차로 - 교차로부근,승용,남,66세,상해없음,보행자,여,66세,중상
2016100500100124,2016년 10월 5일 07시,수요일,대구광역시 달서구 월성동,중상사고,0,1,1,0,차대차 - 추돌,안전거리미확보,건조,맑음,단일로 - 기타,승용,여,49세,중상,승용,남,66세,경상
2016100500100125,2016년 10월 5일 07시,수요일,대구광역시 북구 산격동,중상사고,0,1,0,0,차대사람 - 횡단중,신호위반,습기,비,단일로 - 기타,승용,남,68세,상해없음,보행자,여,22세,중상
2016100500100162,2016년 10월 5일 08시,수요일,대구광역시 동구 입석동,부상신고사고,0,0,0,1,차대차 - 측면직각충돌,안전거리미확보,습기,비,교차로 - 교차로안,화물,남,60세,상해없음,승용,남,20세,부상신고
2016100500100193,2016년 10월 5일 09시,수요일,대구광역시 서구 비산동,부상신고사고,0,0,0,1,차대차 - 측면충돌,중앙선침범,습기,비,단일로 - 기타,원동기,남,75세,부상신고,승용,남,42세,상해없음
2016100500100298,2016년 10월 5일 13시,수요일,대구광역시 남구 대명동,경상사고,0,0,1,0,차대차 - 기타,안전운전불이행,건조,맑음,단일로 - 기타,승용,남,56세,상해없음,승용,여,47세,경상
2016100500100299,2016년 10월 5일 13시,수요일,대구광역시 동구 율하동,중상사고,0,1,0,0,차대차 - 측면직각충돌,차로위반,건조,맑음,단일로 - 기타,승용,남,50세,상해없음,승용,남,47세,중상
2016100500100300,2016년 10월 5일 13시,수요일,대구광역시 동구 신암동,중상사고,0,1,0,0,차대사람 - 기타,기타,습기,비,단일로 - 기타,승용,남,51세,상해없음,보행자,여,87세,중상
2016100500100301,2016년 10월 5일 13시,수요일,대구광역시 수성구 범어동,중상사고,0,1,0,0,차량단독 - 기타,안전운전불이행,건조,맑음,단일로 - 기타,승합,남,55세,상해없음,,,,
2016100500100302,2016년 10월 5일 13시,수요일,대구광역시 서구 내당동,경상사고,0,0,2,0,차대차 - 추돌,안전운전불이행,건조,맑음,단일로 - 기타,승용,여,55세,상해없음,승용,여,34세,상해없음
2016100500100340,2016년 10월 5일 14시,수요일,대구광역시 북구 산격동,경상사고,0,0,1,0,차대차 - 추돌,교차로운행방법위반,건조,맑음,교차로 - 교차로부근,승용,여,60세,상해없음,승용,여,45세,경상
2016100500100380,2016년 10월 5일 15시,수요일,대구광역시 달서구 죽전동,경상사고,0,0,4,1,차대차 - 기타,차로위반,건조,맑음,단일로 - 기타,화물,남,62세,상해없음,승용,여,37세,경상
2016100500100423,2016년 10월 5일 16시,수요일,대구광역시 수성구 범어동,경상사고,0,0,3,0,차대차 - 측면직각충돌,불법유턴,건조,맑음,교차로 - 교차로안,승용,여,57세,상해없음,승용,여,35세,경상
2016100500100465,2016년 10월 5일 17시,수요일,대구광역시 달서구 월암동,경상사고,0,0,1,0,차대차 - 추돌,안전운전불이행,건조,맑음,단일로 - 기타,승용,여,44세,상해없음,승용,남,46세,경상
2016100500100466,2016년 10월 5일 17시,수요일,대구광역시 북구 침산동,경상사고,0,0,1,0,차대차 - 측면충돌,직진우회전진행방해,건조,맑음,교차로 - 교차로안,원동기,남,67세,경상,승용,여,56세,상해없음
2016100500100467,2016년 10월 5일 17시,수요일,대구광역시 북구 노원동2가,부상신고사고,0,0,0,1,차대차 - 기타,안전운전불이행,건조,맑음,단일로 - 횡단보도상,기타불명,기타불명,기타불명,기타불명,자전거,남,61세,부상신고
2016100500100468,2016년 10월 5일 17시,수요일,대구광역시 북구 산격동,경상사고,0,0,1,0,차대차 - 측면직각충돌,안전운전불이행,건조,흐림,단일로 - 기타,승용,남,51세,상해없음,승용,여,30세,경상
2016100500100518,2016년 10월 5일 18시,수요일,대구광역시 달서구 상인동,경상사고,0,0,2,0,차대차 - 정면충돌,안전운전불이행,건조,맑음,단일로 - 기타,승용,남,28세,상해없음,승용,남,26세,경상
2016100500100567,2016년 10월 5일 19시,수요일,대구광역시 수성구 지산동,경상사고,0,0,1,0,차대차 - 측면충돌,기타,건조,맑음,단일로 - 기타,승용,여,45세,상해없음,이륜,남,61세,경상
2016100500100568,2016년 10월 5일 19시,수요일,대구광역시 달성군 유가면,중상사고,0,1,0,0,차대차 - 측면직각충돌,안전거리미확보,건조,맑음,단일로 - 기타,화물,남,43세,상해없음,이륜,남,19세,중상
2016100500100569,2016년 10월 5일 19시,수요일,대구광역시 북구 칠성동1가,중상사고,0,1,0,0,차대차 - 기타,중앙선침범,건조,맑음,단일로 - 기타,승용,남,26세,상해없음,승용,여,57세,중상
2016100500100570,2016년 10월 5일 19시,수요일,대구광역시 달서구 이곡동,경상사고,0,0,1,0,차대차 - 추돌,안전운전불이행,건조,맑음,단일로 - 기타,기타불명,기타불명,기타불명,기타불명,승용,남,54세,상해없음
2016100500100601,2016년 10월 5일 20시,수요일,대구광역시 달서구 본동,중상사고,0,1,0,0,차대사람 - 횡단중,안전운전불이행,건조,맑음,단일로 - 횡단보도상,승용,남,45세,상해없음,보행자,남,57세,중상
2016100500100602,2016년 10월 5일 20시,수요일,대구광역시 달서구 용산동,중상사고,0,1,0,0,차대차 - 측면충돌,안전거리미확보,건조,맑음,단일로 - 기타,승용,남,55세,상해없음,이륜,남,19세,중상
2016100500100603,2016년 10월 5일 20시,수요일,대구광역시 달서구 두류동,경상사고,0,0,1,0,차대차 - 측면직각충돌,안전운전불이행,건조,맑음,교차로 - 교차로부근,승용,남,48세,상해없음,자전거,남,62세,경상
2016100500100627,2016년 10월 5일 21시,수요일,대구광역시 달성군 다사읍,경상사고,0,0,1,0,차대차 - 추돌,안전운전불이행,건조,맑음,단일로 - 기타,승용,남,54세,상해없음,승용,여,32세,경상
2016100500100676,2016년 10월 5일 23시,수요일,대구광역시 달성군 다사읍,중상사고,0,1,0,0,차대사람 - 횡단중,보행자보호의무위반,건조,맑음,교차로 - 교차로안,승용,남,56세,상해없음,보행자,여,25세,중상
2016100500100677,2016년 10월 5일 23시,수요일,대구광역시 달서구 죽전동,경상사고,0,0,1,0,차대사람 - 횡단중,안전운전불이행,건조,맑음,단일로 - 기타,화물,남,24세,기타불명,보행자,남,69세,경상
2016100600100013,2016년 10월 6일 00시,목요일,대구광역시 달서구 진천동,경상사고,0,0,1,0,차대차 - 측면충돌,안전운전불이행,건조,맑음,미분류 - 미분류,화물,남,41세,상해없음,승용,남,30세,경상
2016100600100014,2016년 10월 6일 00시,목요일,대구광역시 달서구 본리동,경상사고,0,0,1,0,차대차 - 추돌,안전운전불이행,건조,맑음,단일로 - 기타,승용,남,37세,상해없음,승용,남,33세,경상
2016100600100031,2016년 10월 6일 01시,목요일,대구광역시 달서구 용산동,경상사고,0,0,3,0,차대차 - 추돌,안전운전불이행,건조,맑음,단일로 - 기타,승용,남,29세,상해없음,승용,남,60세,경상
2016100600100049,2016년 10월 6일 03시,목요일,대구광역시 달서구 죽전동,경상사고,0,0,3,0,차대차 - 기타,신호위반,건조,맑음,교차로 - 교차로안,승용,남,40세,경상,승용,남,52세,경상
2016100600100050,2016년 10월 6일 03시,목요일,대구광역시 달서구 성당동,부상신고사고,0,0,0,1,차량단독 - 공작물충돌,안전운전불이행,건조,맑음,교차로 - 교차로안,승용,남,52세,상해없음,,,,
2016100600100066,2016년 10월 6일 05시,목요일,대구광역시 남구 대명동,중상사고,0,1,0,0,차대사람 - 횡단중,안전운전불이행,건조,맑음,교차로 - 교차로부근,승용,남,78세,상해없음,보행자,남,35세,중상
2016100600100102,2016년 10월 6일 07시,목요일,대구광역시 서구 평리동,경상사고,0,0,2,1,차대차 - 추돌,안전거리미확보,건조,맑음,교차로 - 교차로부근,승합,남,82세,상해없음,승용,남,75세,경상
2016100600100103,2016년 10월 6일 07시,목요일,대구광역시 북구 관음동,경상사고,0,0,1,1,차대차 - 기타,안전운전불이행,건조,맑음,교차로 - 교차로부근,화물,남,63세,부상신고,승용,남,26세,경상
2016100600100143,2016년 10월 6일 08시,목요일,대구광역시 달서구 본동,경상사고,0,0,1,0,차대차 - 측면충돌,안전운전불이행,건조,맑음,단일로 - 기타,승합,남,55세,상해없음,승용,남,48세,상해없음
2016100600100144,2016년 10월 6일 08시,목요일,대구광역시 달서구 상인동,부상신고사고,0,0,0,1,차대사람 - 기타,안전운전불이행,건조,맑음,단일로 - 기타,승용,여,39세,상해없음,보행자,여,24세,부상신고
2016100600100145,2016년 10월 6일 08시,목요일,대구광역시 서구 내당동,경상사고,0,0,2,0,차대차 - 추돌,안전거리미확보,건조,맑음,단일로 - 기타,승용,여,56세,상해없음,승용,여,52세,경상
2016100600100179,2016년 10월 6일 09시,목요일,대구광역시 남구 대명동,중상사고,0,1,0,1,차대사람 - 횡단중,신호위반,건조,맑음,단일로 - 기타,원동기,남,56세,중상,보행자,남,12세,부상신고
2016100600100180,2016년 10월 6일 09시,목요일,대구광역시 북구 태전동,경상사고,0,0,1,0,차대차 - 측면직각충돌,안전운전불이행,건조,맑음,단일로 - 기타,승용,남,27세,상해없음,승용,여,55세,경상
2016100600100211,2016년 10월 6일 10시,목요일,대구광역시 북구 노원동3가,경상사고,0,0,1,0,차대차 - 정면충돌,안전운전불이행,건조,맑음,단일로 - 기타,기타불명,기타불명,기타불명,기타불명,자전거,여,70세,경상
2016100600100212,2016년 10월 6일 10시,목요일,대구광역시 북구 서변동,사망사고,1,0,0,0,차대차 - 측면직각충돌,안전운전불이행,건조,맑음,교차로 - 교차로안,승용,남,52세,상해없음,자전거,남,83세,사망
2016100600100239,2016년 10월 6일 11시,목요일,대구광역시 달성군 다사읍서재출장,중상사고,0,1,0,0,차대차 - 추돌,안전운전불이행,건조,맑음,단일로 - 기타,화물,남,34세,상해없음,이륜,남,81세,중상
2016100600100240,2016년 10월 6일 11시,목요일,대구광역시 서구 내당동,중상사고,0,1,0,0,차대차 - 추돌,안전운전불이행,건조,맑음,단일로 - 기타,자전거,남,68세,중상,기타불명,기타불명,기타불명,기타불명
2016100600100279,2016년 10월 6일 12시,목요일,대구광역시 남구 봉덕동,부상신고사고,0,0,0,1,차대차 - 기타,중앙선침범,건조,맑음,단일로 - 기타,자전거,남,84세,부상신고,이륜,남,45세,상해없음
2016100600100280,2016년 10월 6일 12시,목요일,대구광역시 서구 내당동,경상사고,0,0,1,0,차대차 - 정면충돌,안전운전불이행,건조,맑음,단일로 - 기타,승용,남,63세,상해없음,승용,남,55세,경상
2016100600100281,2016년 10월 6일 12시,목요일,대구광역시 달서구 용산동,경상사고,0,0,1,0,차대사람 - 횡단중,안전운전불이행,건조,맑음,단일로 - 횡단보도부근,승용,남,48세,상해없음,보행자,여,36세,경상
2016100600100282,2016년 10월 6일 12시,목요일,대구광역시 달서구 호산동,중상사고,0,1,0,0,차대차 - 기타,교차로운행방법위반,건조,맑음,교차로 - 교차로부근,이륜,남,38세,중상,화물,남,50세,상해없음
2016100600100307,2016년 10월 6일 13시,목요일,대구광역시 동구 괴전동,경상사고,0,0,1,0,차대차 - 측면충돌,직진우회전진행방해,건조,맑음,교차로 - 교차로안,승용,남,67세,상해없음,승용,남,55세,상해없음
2016100600100308,2016년 10월 6일 13시,목요일,대구광역시 동구 방촌동,중상사고,0,1,0,0,차대차 - 측면충돌,안전거리미확보,건조,맑음,단일로 - 기타,승용,남,60세,상해없음,승용,남,60세,중상
2016100600100345,2016년 10월 6일 14시,목요일,대구광역시 수성구 수성동3가,경상사고,0,0,2,0,차대차 - 측면직각충돌,안전운전불이행,건조,맑음,단일로 - 기타,승용,남,51세,상해없음,원동기,남,21세,경상
2016100600100346,2016년 10월 6일 14시,목요일,대구광역시 달서구 상인동,중상사고,0,1,0,0,차대차 - 측면충돌,안전운전불이행,건조,맑음,단일로 - 기타,승용,여,68세,상해없음,자전거,남,74세,중상
2016100600100390,2016년 10월 6일 15시,목요일,대구광역시 동구 신암동,부상신고사고,0,0,0,1,차대차 - 측면충돌,안전운전불이행,건조,맑음,단일로 - 기타,자전거,남,73세,부상신고,이륜,남,59세,상해없음
2016100600100391,2016년 10월 6일 15시,목요일,대구광역시 중구 동인동1가,중상사고,0,1,0,0,차대사람 - 차도통행중,안전운전불이행,건조,맑음,단일로 - 기타,승용,남,69세,상해없음,보행자,여,78세,중상
2016100600100392,2016년 10월 6일 15시,목요일,대구광역시 북구 태전동,경상사고,0,0,1,0,차대차 - 추돌,안전거리미확보,건조,맑음,단일로 - 기타,승용,여,64세,경상,특수,남,46세,상해없음
2016100600100426,2016년 10월 6일 16시,목요일,대구광역시 달성군 가창면,경상사고,0,0,1,0,차대사람 - 횡단중,안전운전불이행,건조,맑음,교차로 - 교차로안,승용,여,68세,상해없음,보행자,남,76세,경상
2016100600100427,2016년 10월 6일 16시,목요일,대구광역시 북구 칠성동2가,경상사고,0,0,1,0,차대사람 - 횡단중,안전운전불이행,건조,맑음,교차로 - 교차로부근,승용,남,38세,상해없음,보행자,남,75세,경상
2016100600100428,2016년 10월 6일 16시,목요일,대구광역시 서구 내당동,중상사고,0,3,1,0,차대차 - 측면직각충돌,안전거리미확보,건조,맑음,단일로 - 기타,승용,여,69세,상해없음,승용,남,48세,상해없음
2016100600100429,2016년 10월 6일 16시,목요일,대구광역시 달서구 파호동,중상사고,0,1,0,0,차대차 - 정면충돌,안전운전불이행,건조,맑음,교차로 - 교차로안,승용,남,51세,상해없음,승용,남,52세,중상
2016100600100465,2016년 10월 6일 17시,목요일,대구광역시 서구 내당동,경상사고,0,0,2,0,차대차 - 정면충돌,안전운전불이행,건조,맑음,단일로 - 기타,승용,여,79세,상해없음,승용,남,66세,경상
2016100600100518,2016년 10월 6일 18시,목요일,대구광역시 남구 대명동,중상사고,0,1,0,0,차대사람 - 횡단중,안전운전불이행,건조,맑음,단일로 - 기타,화물,남,48세,상해없음,보행자,남,65세,중상
2016100600100519,2016년 10월 6일 18시,목요일,대구광역시 북구 침산동,경상사고,0,0,1,0,차대차 - 추돌,안전거리미확보,건조,맑음,단일로 - 기타,승용,남,54세,상해없음,승용,남,38세,경상
2016100600100520,2016년 10월 6일 18시,목요일,대구광역시 북구 국우동,경상사고,0,0,1,0,차대차 - 추돌,안전거리미확보,건조,맑음,단일로 - 기타,승합,남,47세,기타불명,승용,남,46세,경상
2016100600100521,2016년 10월 6일 18시,목요일,대구광역시 북구 국우동,경상사고,0,0,1,0,차대차 - 측면직각충돌,차로위반,건조,맑음,단일로 - 기타,승용,남,66세,상해없음,승용,여,38세,경상
2016100600100562,2016년 10월 6일 19시,목요일,대구광역시 수성구 두산동,경상사고,0,0,1,0,차대차 - 추돌,안전운전불이행,건조,맑음,단일로 - 기타,승용,남,51세,기타불명,승용,남,27세,경상
2016100600100563,2016년 10월 6일 19시,목요일,대구광역시 북구 노원동3가,중상사고,0,1,0,0,차대차 - 추돌,안전운전불이행,건조,맑음,단일로 - 기타,건설기계,남,50세,상해없음,이륜,남,29세,중상
2016100600100564,2016년 10월 6일 19시,목요일,대구광역시 중구 동인동1가,경상사고,0,0,1,0,차대차 - 정면충돌,신호위반,건조,맑음,단일로 - 기타,승용,남,51세,기타불명,승용,남,32세,경상
2016100600100659,2016년 10월 6일 22시,목요일,대구광역시 수성구 범물동,부상신고사고,0,0,0,1,차대사람 - 기타,안전운전불이행,건조,맑음,교차로 - 교차로부근,승합,남,46세,상해없음,보행자,여,54세,부상신고