사고번호,사고일시,요일,시군구,사고내용,사망자수,중상자수,경상자수,부상신고자수,사고유형,법규위반,노면상태,기상상태,도로형태,가해운전자 차종,가해운전자 성별,가해운전자 연령,가해운전자 상해정도,피해운전자 차종,피해운전자 성별,피해운전자 연령,피해운전자 상해정도
2016101000100009,2016년 10월 10일 00시,월요일,대구광역시 달서구 도원동,경상사고,0,0,1,0,차대차 - 추돌,안전운전불이행,건조,맑음,단일로 - 기타,승용,남,35세,기타불명,승용,남,27세,경상
2016101000100035,2016년 10월 10일 05시,월요일,대구광역시 서구 비산동,중상사고,0,1,0,0,차대차 - 측면충돌,직진우회전진행방해,건조,맑음,교차로 - 교차로안,승용,남,65세,상해없음,자전거,남,71세,중상
2016101000100054,2016년 10월 10일 06시,월요일,대구광역시 남구 이천동,경상사고,0,0,1,0,차대사람 - 횡단중,안전운전불이행,건조,맑음,교차로 - 교차로부근,승용,남,55세,상해없음,보행자,여,33세,경상
2016101000100055,2016년 10월 10일 06시,월요일,대구광역시 북구 칠성동2가,부상신고사고,0,0,0,1,차대차 - 기타,안전운전불이행,건조,맑음,교차로 - 교차로안,이륜,남,44세,부상신고,승용,남,73세,상해없음
2016101000100056,2016년 10월 10일 06시,월요일,대구광역시 북구 금호동,부상신고사고,0,0,0,1,차대차 - 추돌,안전운전불이행,건조,맑음,단일로 - 기타,이륜,남,69세,부상신고,화물,남,54세,상해없음
2016101000100080,2016년 10월 10일 07시,월요일,대구광역시 중구 남산동,중상사고,0,1,1,0,차대차 - 측면충돌,불법유턴,건조,맑음,단일로 - 기타,이륜,남,17세,중상,승용,남,48세,경상
2016101000100081,2016년 10월 10일 07시,월요일,대구광역시 달서구 월성동,중상사고,0,1,1,0,차대차 - 추돌,안전운전불이행,건조,맑음,단일로 - 기타,승용,남,67세,상해없음,승용,남,37세,중상
2016101000100082,2016년 10월 10일 07시,월요일,대구광역시 달성군 다사읍,경상사고,0,0,1,0,차대차 - 측면충돌,신호위반,건조,맑음,교차로 - 교차로안,승용,여,44세,상해없음,승용,남,65세,경상
2016101000100120,2016년 10월 10일 08시,월요일,대구광역시 달서구 본동,경상사고,0,0,2,0,차대차 - 추돌,안전거리미확보,건조,맑음,단일로 - 기타,승용,남,48세,상해없음,승용,남,39세,경상
2016101000100121,2016년 10월 10일 08시,월요일,대구광역시 북구 태전동,경상사고,0,0,1,0,차대차 - 측면충돌,안전거리미확보,건조,맑음,단일로 - 기타,화물,남,36세,상해없음,화물,남,64세,상해없음
2016101000100158,2016년 10월 10일 09시,월요일,대구광역시 남구 대명동,경상사고,0,0,1,0,차대차 - 추돌,안전운전불이행,건조,맑음,단일로 - 기타,승용,남,67세,상해없음,승용,여,44세,경상
2016101000100159,2016년 10월 10일 09시,월요일,대구광역시 서구 내당동,중상사고,0,1,1,0,차대차 - 측면충돌,안전운전불이행,건조,맑음,단일로 - 기타,승용,남,63세,상해없음,승합,남,66세,경상
2016101000100160,2016년 10월 10일 09시,월요일,대구광역시 중구 삼덕동3가,부상신고사고,0,0,0,1,차대차 - 정면충돌,안전운전불이행,건조,맑음,단일로 - 기타,이륜,남,61세,부상신고,승용,남,70세,상해없음
2016101000100189,2016년 10월 10일 10시,월요일,대구광역시 서구 내당동,중상사고,0,1,0,0,차대차 - 측면충돌,차로위반,건조,맑음,단일로 - 기타,승용,남,24세,상해없음,이륜,여,71세,중상
2016101000100190,2016년 10월 10일 10시,월요일,대구광역시 중구 남산동,부상신고사고,0,0,0,1,차대차 - 측면충돌,안전운전불이행,건조,맑음,단일로 - 기타,자전거,남,77세,부상신고,승용,여,57세,기타불명
2016101000100191,2016년 10월 10일 10시,월요일,대구광역시 북구 서변동,경상사고,0,0,1,0,차대차 - 측면직각충돌,안전운전불이행,건조,맑음,교차로 - 교차로부근,승용,여,38세,상해없음,승용,여,49세,경상
2016101000100218,2016년 10월 10일 11시,월요일,대구광역시 달서구 월성동,중상사고,0,1,0,0,차대차 - 측면직각충돌,교차로운행방법위반,건조,맑음,교차로 - 교차로안,승용,여,45세,상해없음,원동기,남,45세,중상
2016101000100219,2016년 10월 10일 11시,월요일,대구광역시 달성군 화원읍,중상사고,0,1,1,0,차대차 - 정면충돌,안전운전불이행,건조,맑음,단일로 - 기타,화물,남,47세,상해없음,화물,남,49세,중상
2016101000100242,2016년 10월 10일 12시,월요일,대구광역시 서구 원대동3가,중상사고,0,1,0,0,차대차 - 측면충돌,안전운전불이행,건조,맑음,교차로 - 교차로부근,승용,남,72세,상해없음,이륜,여,57세,중상
2016101000100268,2016년 10월 10일 13시,월요일,대구광역시 달서구 상인동,경상사고,0,0,1,2,차대차 - 측면충돌,교차로운행방법위반,건조,맑음,교차로 - 교차로안,승용,남,57세,부상신고,승용,남,53세,경상
2016101000100303,2016년 10월 10일 14시,월요일,대구광역시 동구 서호동,중상사고,0,1,0,0,차대차 - 측면직각충돌,신호위반,건조,맑음,단일로 - 횡단보도상,원동기,남,16세,상해없음,자전거,여,72세,중상
2016101000100343,2016년 10월 10일 15시,월요일,대구광역시 남구 대명동,중상사고,0,1,0,0,차대차 - 측면충돌,교차로운행방법위반,건조,맑음,교차로 - 교차로안,화물,남,54세,상해없음,원동기,남,54세,중상
2016101000100344,2016년 10월 10일 15시,월요일,대구광역시 달성군 유가면,중상사고,0,1,0,0,차량단독 - 전도전복,안전운전불이행,건조,맑음,단일로 - 기타,원동기,남,47세,중상,,,,
2016101000100371,2016년 10월 10일 16시,월요일,대구광역시 달서구 진천동,경상사고,0,0,1,0,차대차 - 측면충돌,신호위반,건조,맑음,교차로 - 교차로안,승용,여,36세,상해없음,승합,남,48세,상해없음
2016101000100372,2016년 10월 10일 16시,월요일,대구광역시 달서구 월성동,경상사고,0,0,2,0,차대사람 - 횡단중,보행자보호의무위반,건조,맑음,단일로 - 횡단보도상,승용,여,28세,상해없음,보행자,여,14세,경상
2016101000100444,2016년 10월 10일 18시,월요일,대구광역시 달서구 상인동,경상사고,0,0,2,0,차대차 - 측면직각충돌,안전거리미확보,건조,흐림,교차로 - 교차로안,승용,여,52세,상해없음,이륜,남,16세,경상
2016101000100445,2016년 10월 10일 18시,월요일,대구광역시 서구 이현동,경상사고,0,0,2,0,차대차 - 측면직각충돌,불법유턴,건조,맑음,교차로 - 교차로안,자전거,남,64세,경상,승용,남,56세,경상
2016101000100446,2016년 10월 10일 18시,월요일,대구광역시 서구 원대동3가,경상사고,0,0,2,0,차대차 - 측면충돌,신호위반,건조,맑음,교차로 - 교차로안,원동기,남,42세,경상,원동기,남,55세,경상
2016101000100447,2016년 10월 10일 18시,월요일,대구광역시 달서구 이곡동,중상사고,0,1,0,0,차대차 - 정면충돌,신호위반,건조,맑음,교차로 - 교차로안,이륜,남,53세,중상,승용,남,39세,상해없음
2016101000100495,2016년 10월 10일 19시,월요일,대구광역시 남구 봉덕동,부상신고사고,0,0,0,1,차대차 - 측면충돌,신호위반,건조,맑음,교차로 - 교차로안,자전거,남,73세,부상신고,승용,남,44세,상해없음
2016101000100496,2016년 10월 10일 19시,월요일,대구광역시 달서구 대곡동,경상사고,0,0,5,0,차대차 - 측면충돌,차로위반,건조,맑음,단일로 - 기타,승용,여,62세,경상,승용,남,38세,경상
2016101000100497,2016년 10월 10일 19시,월요일,대구광역시 달성군 화원읍,경상사고,0,0,1,0,차대차 - 측면직각충돌,안전운전불이행,건조,맑음,단일로 - 기타,자전거,남,15세,경상,승용,남,51세,기타불명
2016101000100520,2016년 10월 10일 20시,월요일,대구광역시 동구 용계동,경상사고,0,0,1,0,차대차 - 기타,안전운전불이행,건조,맑음,교차로 - 교차로부근,승용,여,46세,상해없음,승용,남,54세,경상
2016101000100521,2016년 10월 10일 20시,월요일,대구광역시 달서구 송현동,경상사고,0,0,2,0,차대차 - 추돌,안전거리미확보,건조,맑음,단일로 - 기타,이륜,남,16세,상해없음,이륜,남,17세,상해없음
2016101000100522,2016년 10월 10일 20시,월요일,대구광역시 북구 태전동,경상사고,0,0,1,0,차대차 - 측면충돌,안전운전불이행,건조,맑음,단일로 - 기타,승용,남,31세,상해없음,자전거,남,39세,경상
2016101000100550,2016년 10월 10일 21시,월요일,대구광역시 중구 대신동,부상신고사고,0,0,0,1,차대차 - 측면직각충돌,안전운전불이행,건조,맑음,교차로 - 교차로안,이륜,남,45세,부상신고,승합,남,31세,상해없음
2016101000100579,2016년 10월 10일 22시,월요일,대구광역시 수성구 지산동,경상사고,0,0,2,0,차대차 - 측면충돌,교차로운행방법위반,건조,맑음,교차로 - 교차로안,이륜,남,51세,경상,승용,남,56세,경상
2016101000100580,2016년 10월 10일 22시,월요일,대구광역시 달서구 송현동,중상사고,0,1,0,0,차대사람 - 횡단중,보행자보호의무위반,건조,기타,단일로 - 횡단보도상,승용,여,22세,상해없음,보행자,여,48세,중상
2016101000100600,2016년 10월 10일 23시,월요일,대구광역시 수성구 신매동,중상사고,0,1,0,0,차대사람 - 횡단중,신호위반,건조,맑음,교차로 - 교차로부근,승용,남,77세,상해없음,보행자,여,22세,중상
2016101100100021,2016년 10월 11일 01시,화요일,대구광역시 달서구 이곡동,경상사고,0,0,1,1,차대차 - 정면충돌,안전운전불이행,건조,맑음,단일로 - 기타,승용,남,50세,상해없음,승용,남,41세,경상
2016101100100095,2016년 10월 11일 07시,화요일,대구광역시 중구 수창동,경상사고,0,0,1,0,차대차 - 기타,신호위반,건조,맑음,교차로 - 교차로부근,이륜,남,16세,경상,자전거,남,57세,상해없음
2016101100100128,2016년 10월 11일 08시,화요일,대구광역시 남구 대명동,중상사고,0,1,0,0,차대사람 - 기타,안전운전불이행,건조,맑음,교차로 - 교차로부근,원동기,여,54세,상해없음,보행자,남,54세,중상
2016101100100129,2016년 10월 11일 08시,화요일,대구광역시 달서구 성당동,경상사고,0,0,1,0,차대차 - 기타,안전운전불이행,건조,맑음,교차로 - 교차로부근,승용,남,57세,상해없음,자전거,여,54세,경상
2016101100100168,2016년 10월 11일 09시,화요일,대구광역시 남구 봉덕동,경상사고,0,0,1,0,차대차 - 측면직각충돌,안전거리미확보,건조,맑음,단일로 - 기타,승합,남,61세,상해없음,승용,여,41세,경상
2016101100100190,2016년 10월 11일 10시,화요일,대구광역시 북구 구암동,경상사고,0,0,1,0,차대차 - 추돌,안전운전불이행,건조,맑음,단일로 - 기타,승용,여,47세,상해없음,승용,여,53세,경상
2016101100100211,2016년 10월 11일 11시,화요일,대구광역시 동구 신암동,중상사고,0,1,0,0,차량단독 - 기타,안전운전불이행,건조,맑음,단일로 - 기타,승합,남,57세,상해없음,,,,
2016101100100246,2016년 10월 11일 12시,화요일,대구광역시 동구 신암동,경상사고,0,0,1,0,차대차 - 추돌,안전운전불이행,건조,맑음,단일로 - 기타,승용,남,41세,상해없음,승용,여,51세,경상
2016101100100247,2016년 10월 11일 12시,화요일,대구광역시 수성구 두산동,중상사고,0,1,0,0,차대차 - 측면충돌,신호위반,건조,맑음,단일로 - 횡단보도상,승용,남,51세,상해없음,이륜,남,36세,중상
2016101100100248,2016년 10월 11일 12시,화요일,대구광역시 북구 복현동,경상사고,0,0,1,0,차대차 - 측면충돌,안전운전불이행,건조,맑음,단일로 - 기타,원동기,여,55세,경상,승용,남,52세,상해없음
2016101100100276,2016년 10월 11일 13시,화요일,대구광역시 중구 동성로2가,중상사고,0,1,0,0,차대차 - 측면충돌,신호위반,건조,맑음,단일로 - 기타,승용,남,24세,상해없음,이륜,남,59세,중상
2016101100100316,2016년 10월 11일 14시,화요일,대구광역시 수성구 상동,경상사고,0,0,1,0,차대차 - 측면충돌,안전운전불이행,건조,맑음,단일로 - 기타,승용,여,60세,상해없음,자전거,남,81세,경상
2016101100100317,2016년 10월 11일 14시,화요일,대구광역시 북구 읍내동,중상사고,0,1,0,0,차대사람 - 횡단중,안전운전불이행,건조,맑음,교차로 - 교차로부근,화물,남,30세,상해없음,보행자,여,72세,중상
2016101100100353,2016년 10월 11일 15시,화요일,대구광역시 달서구 장동,중상사고,0,1,0,0,차대차 - 기타,교차로운행방법위반,건조,맑음,교차로 - 교차로안,승용,남,47세,상해없음,이륜,남,59세,중상
2016101100100397,2016년 10월 11일 16시,화요일,대구광역시 달성군 다사읍,경상사고,0,0,1,0,차대차 - 추돌,안전거리미확보,건조,맑음,교차로 - 교차로안,화물,남,60세,상해없음,승합,남,56세,경상
2016101100100398,2016년 10월 11일 16시,화요일,대구광역시 북구 태전동,경상사고,0,0,1,0,차대차 - 측면직각충돌,안전운전불이행,건조,맑음,교차로 - 교차로부근,화물,남,71세,상해없음,승용,남,21세,경상
2016101100100436,2016년 10월 11일 17시,화요일,대구광역시 중구 삼덕동2가,중상사고,0,1,0,0,차대사람 - 보도통행중,기타,건조,맑음,교차로 - 교차로부근,승용,여,51세,상해없음,보행자,여,59세,중상
2016101100100437,2016년 10월 11일 17시,화요일,대구광역시 달서구 성당동,경상사고,0,0,1,0,차대차 - 추돌,안전운전불이행,건조,맑음,단일로 - 기타,승용,남,55세,상해없음,승용,남,52세,경상
2016101100100488,2016년 10월 11일 18시,화요일,대구광역시 동구 방촌동,경상사고,0,0,2,0,차대차 - 측면충돌,안전운전불이행,건조,맑음,단일로 - 기타,승용,남,52세,경상,승용,여,26세,경상
2016101100100489,2016년 10월 11일 18시,화요일,대구광역시 달서구 송현동,경상사고,0,0,1,0,차대사람 - 기타,안전운전불이행,건조,맑음,교차로 - 교차로부근,승용,여,48세,상해없음,보행자,여,46세,경상
2016101100100490,2016년 10월 11일 18시,화요일,대구광역시 서구 평리동,경상사고,0,0,1,0,차대차 - 추돌,안전거리미확보,건조,맑음,단일로 - 기타,승용,남,51세,상해없음,승용,남,31세,경상
2016101100100531,2016년 10월 11일 19시,화요일,대구광역시 수성구 지산동,중상사고,0,1,0,0,차대사람 - 횡단중,안전운전불이행,건조,맑음,단일로 - 기타,이륜,남,21세,상해없음,보행자,여,65세,중상
2016101100100532,2016년 10월 11일 19시,화요일,대구광역시 달서구 월성동,경상사고,0,0,1,0,차대차 - 기타,안전운전불이행,건조,맑음,단일로 - 기타,원동기,남,19세,경상,승용,남,61세,상해없음
2016101100100533,2016년 10월 11일 19시,화요일,대구광역시 달서구 신당동,중상사고,0,1,0,0,차대차 - 기타,안전운전불이행,건조,맑음,단일로 - 기타,승용,여,40세,상해없음,이륜,남,26세,중상
2016101100100576,2016년 10월 11일 20시,화요일,대구광역시 동구 검사동,경상사고,0,0,1,0,차대사람 - 기타,안전운전불이행,건조,맑음,교차로 - 교차로부근,승용,남,66세,상해없음,보행자,남,33세,경상
2016101100100577,2016년 10월 11일 20시,화요일,대구광역시 달서구 송현동,경상사고,0,0,1,0,차대차 - 측면충돌,교차로운행방법위반,건조,맑음,교차로 - 교차로안,승용,여,53세,상해없음,원동기,남,22세,경상
2016101100100578,2016년 10월 11일 20시,화요일,대구광역시 달서구 신당동,부상신고사고,0,0,0,2,차대차 - 기타,안전운전불이행,건조,맑음,단일로 - 기타,승용,여,55세,상해없음,이륜,남,17세,부상신고
2016101100100579,2016년 10월 11일 20시,화요일,대구광역시 북구 태전동,경상사고,0,0,1,0,차대차 - 추돌,안전운전불이행,건조,맑음,교차로 - 교차로부근,승용,남,36세,상해없음,승용,남,43세,경상
2016101100100612,2016년 10월 11일 21시,화요일,대구광역시 남구 대명동,경상사고,0,0,1,0,차대차 - 측면충돌,교차로운행방법위반,건조,맑음,교차로 - 교차로안,승용,남,29세,상해없음,승용,여,44세,경상
2016101200100020,2016년 10월 12일 00시,수요일,대구광역시 수성구 수성동4가,중상사고,0,1,1,0,차대차 - 추돌,안전운전불이행,건조,맑음,교차로 - 교차로부근,승용,남,52세,상해없음,승용,남,52세,경상
2016101200100021,2016년 10월 12일 00시,수요일,대구광역시 달서구 상인동,경상사고,0,0,3,0,차대차 - 정면충돌,안전운전불이행,건조,맑음,교차로 - 교차로부근,승용,남,29세,상해없음,승용,남,63세,경상
2016101200100063,2016년 10월 12일 05시,수요일,대구광역시 남구 대명동,경상사고,0,0,1,0,차대차 - 측면직각충돌,안전거리미확보,건조,맑음,단일로 - 기타,승용,남,61세,상해없음,승용,남,42세,상해없음
2016101200100064,2016년 10월 12일 05시,수요일,대구광역시 중구 달성동,중상사고,0,1,0,0,차대사람 - 횡단중,안전운전불이행,건조,맑음,교차로 - 교차로안,승용,남,61세,상해없음,보행자,여,74세,중상
2016101200100141,2016년 10월 12일 08시,수요일,대구광역시 수성구 수성동2가,경상사고,0,0,1,0,차대차 - 측면직각충돌,신호위반,건조,맑음,교차로 - 교차로안,승용,남,50세,상해없음,승용,남,50세,경상
2016101200100142,2016년 10월 12일 08시,수요일,대구광역시 달서구 월성동,경상사고,0,0,1,0,차대차 - 측면충돌,안전거리미확보,건조,맑음,단일로 - 기타,승용,여,29세,상해없음,승용,남,29세,경상
2016101200100143,2016년 10월 12일 08시,수요일,대구광역시 북구 산격동,중상사고,0,1,0,0,차대차 - 추돌,안전운전불이행,건조,맑음,교차로 - 교차로안,승용,남,61세,상해없음,자전거,남,23세,중상
2016101200100144,2016년 10월 12일 08시,수요일,대구광역시 달서구 갈산동,경상사고,0,0,1,0,차대차 - 측면충돌,교차로운행방법위반,건조,맑음,교차로 - 교차로안,화물,남,54세,상해없음,승용,남,29세,경상
2016101200100176,2016년 10월 12일 09시,수요일,대구광역시 수성구 상동,중상사고,0,1,0,0,차대차 - 추돌,안전운전불이행,건조,맑음,단일로 - 기타,승용,여,46세,상해없음,승용,여,47세,중상
2016101200100209,2016년 10월 12일 10시,수요일,대구광역시 동구 검사동,경상사고,0,0,1,0,차대차 - 추돌,안전운전불이행,건조,맑음,교차로 - 교차로부근,화물,남,26세,상해없음,승용,남,45세,경상
2016101200100210,2016년 10월 12일 10시,수요일,대구광역시 수성구 범어동,중상사고,0,1,0,0,차대사람 - 길가장자리구역통행중,안전운전불이행,건조,맑음,단일로 - 기타,승용,여,42세,상해없음,보행자,여,72세,중상
2016101200100239,2016년 10월 12일 11시,수요일,대구광역시 남구 봉덕동,경상사고,0,0,1,0,차대차 - 정면충돌,중앙선침범,건조,맑음,단일로 - 기타,승용,남,64세,상해없음,승용,여,37세,경상
2016101200100240,2016년 10월 12일 11시,수요일,대구광역시 달성군 화원읍,경상사고,0,0,2,1,차대차 - 측면충돌,안전운전불이행,건조,맑음,교차로 - 교차로안,화물,남,42세,부상신고,화물,남,62세,경상
2016101200100280,2016년 10월 12일 12시,수요일,대구광역시 중구 대신동,중상사고,0,1,0,0,차대차 - 추돌,안전거리미확보,건조,맑음,교차로 - 교차로안,화물,남,51세,상해없음,이륜,남,79세,중상
2016101200100303,2016년 10월 12일 13시,수요일,대구광역시 동구 신천동,중상사고,0,1,0,0,차대차 - 기타,안전운전불이행,건조,맑음,단일로 - 기타,이륜,남,21세,상해없음,자전거,남,15세,중상
2016101200100333,2016년 10월 12일 14시,수요일,대구광역시 수성구 지산동,사망사고,1,0,0,0,차대사람 - 횡단중,안전운전불이행,건조,맑음,교차로 - 교차로안,특수,남,55세,상해없음,보행자,남,81세,사망
2016101200100334,2016년 10월 12일 14시,수요일,대구광역시 달성군 다사읍,경상사고,0,0,1,0,차대사람 - 기타,신호위반,건조,맑음,교차로 - 교차로안,승용,남,45세,상해없음,보행자,남,5세,경상
2016101200100335,2016년 10월 12일 14시,수요일,대구광역시 북구 태전동,경상사고,0,0,1,0,차대사람 - 횡단중,보행자보호의무위반,건조,맑음,교차로 - 교차로부근,승용,남,31세,상해없음,보행자,남,18세,경상
2016101200100336,2016년 10월 12일 14시,수요일,대구광역시 북구 태전동,중상사고,0,1,2,0,차대차 - 측면직각충돌,직진우회전진행방해,건조,맑음,교차로 - 교차로안,승용,여,42세,경상,승용,여,34세,중상
2016101200100366,2016년 10월 12일 15시,수요일,대구광역시 달성군 다사읍,중상사고,0,1,0,0,차대차 - 기타,안전운전불이행,건조,맑음,교차로 - 교차로안,자전거,남,11세,중상,승용,여,79세,상해없음
2016101200100403,2016년 10월 12일 16시,수요일,대구광역시 동구 용계동,경상사고,0,0,2,0,차대차 - 추돌,안전운전불이행,건조,맑음,교차로 - 교차로부근,승용,남,46세,기타불명,승용,여,52세,경상
2016101200100404,2016년 10월 12일 16시,수요일,대구광역시 북구 칠성동2가,중상사고,0,1,1,0,차대차 - 측면직각충돌,신호위반,건조,맑음,단일로 - 기타,승용,여,47세,상해없음,승용,남,67세,중상
2016101200100405,2016년 10월 12일 16시,수요일,대구광역시 서구 상리동,경상사고,0,0,1,0,차대차 - 측면충돌,안전운전불이행,건조,맑음,단일로 - 기타,이륜,남,78세,경상,화물,남,60세,상해없음
2016101200100453,2016년 10월 12일 17시,수요일,대구광역시 수성구 범어동,경상사고,0,0,1,0,차대차 - 추돌,안전운전불이행,건조,맑음,단일로 - 기타,승용,여,66세,상해없음,승용,남,48세,경상
2016101200100454,2016년 10월 12일 17시,수요일,대구광역시 달성군 화원읍,경상사고,0,0,1,0,차대차 - 기타,안전운전불이행,건조,맑음,단일로 - 교량,승용,남,33세,상해없음,승용,남,57세,경상
2016101200100455,2016년 10월 12일 17시,수요일,대구광역시 북구 읍내동,중상사고,0,1,0,0,차대차 - 정면충돌,교차로운행방법위반,건조,맑음,교차로 - 교차로안,화물,남,23세,상해없음,이륜,남,23세,중상
2016101200100508,2016년 10월 12일 18시,수요일,대구광역시 수성구 신매동,중상사고,0,1,0,0,차대차 - 측면충돌,교차로운행방법위반,건조,맑음,교차로 - 교차로안,승용,여,43세,상해없음,승용,남,60세,중상
2016101200100509,2016년 10월 12일 18시,수요일,대구광역시 달성군 구지면,중상사고,0,1,0,0,차대차 - 측면충돌,신호위반,건조,맑음,교차로 - 교차로안,이륜,남,38세,중상,화물,남,34세,상해없음
2016101200100555,2016년 10월 12일 19시,수요일,대구광역시 동구 효목동,중상사고,0,1,0,0,차량단독 - 기타,안전운전불이행,건조,맑음,단일로 - 기타,승합,남,37세,기타불명,,,,
2016101200100556,2016년 10월 12일 19시,수요일,대구광역시 달서구 상인동,중상사고,0,1,0,0,차대사람 - 횡단중,보행자보호의무위반,건조,맑음,단일로 - 기타,화물,남,47세,상해없음,보행자,여,47세,중상
2016101200100557,2016년 10월 12일 19시,수요일,대구광역시 중구 봉산동,중상사고,0,1,1,0,차대차 - 측면직각충돌,안전거리미확보,건조,맑음,교차로 - 교차로부근,승용,남,42세,상해없음,승용,여,27세,상해없음
2016101200100599,2016년 10월 12일 20시,수요일,대구광역시 남구 대명동,사망사고,1,0,0,0,차대차 - 추돌,안전운전불이행,건조,맑음,교차로 - 교차로부근,화물,남,54세,상해없음,자전거,남,53세,사망
2016101200100600,2016년 10월 12일 20시,수요일,대구광역시 달서구 월성동,경상사고,0,0,1,0,차대차 - 측면충돌,중앙선침범,건조,맑음,단일로 - 기타,자전거,남,12세,경상,기타불명,기타불명,기타불명,기타불명
2016101200100601,2016년 10월 12일 20시,수요일,대구광역시 북구 노원동3가,중상사고,0,1,0,0,차대사람 - 횡단중,과속,건조,맑음,단일로 - 기타,승용,남,58세,상해없음,보행자,남,57세,중상
2016101200100602,2016년 10월 12일 20시,수요일,대구광역시 달서구 두류동,경상사고,0,0,1,0,차대차 - 측면충돌,안전운전불이행,건조,맑음,교차로 - 교차로안,승용,남,41세,상해없음,승용,남,27세,경상
2016101200100624,2016년 10월 12일 21시,수요일,대구광역시 북구 대현동,중상사고,0,1,0,0,차대차 - 기타,기타,건조,맑음,교차로 - 교차로부근,승용,남,59세,상해없음,자전거,남,33세,중상
2016101200100665,2016년 10월 12일 23시,수요일,대구광역시 달서구 상인동,경상사고,0,0,1,0,차대차 - 측면직각충돌,중앙선침범,건조,맑음,단일로 - 기타,원동기,남,17세,경상,승용,여,68세,상해없음
2016101300100027,2016년 10월 13일 01시,목요일,대구광역시 남구 대명동,경상사고,0,0,3,0,차대차 - 기타,안전거리미확보,건조,맑음,단일로 - 기타,승용,남,33세,경상,승용,남,20세,경상
2016101300100028,2016년 10월 13일 01시,목요일,대구광역시 달서구 감삼동,경상사고,0,0,1,0,차대차 - 정면충돌,안전운전불이행,건조,맑음,단일로 - 횡단보도상,승용,남,53세,기타불명,승용,남,35세,경상
2016101300100103,2016년 10월 13일 07시,목요일,대구광역시 달서구 상인동,중상사고,0,1,0,0,차대사람 - 횡단중,보행자보호의무위반,건조,맑음,교차로 - 교차로부근,화물,남,56세,상해없음,보행자,남,82세,중상
2016101300100104,2016년 10월 13일 07시,목요일,대구광역시 북구 산격동,경상사고,0,0,5,1,차량단독 - 기타,안전운전불이행,건조,맑음,교차로 - 교차로부근,승합,남,51세,상해없음,,,,
2016101300100145,2016년 10월 13일 08시,목요일,대구광역시 남구 이천동,경상사고,0,0,1,0,차대차 - 측면직각충돌,신호위반,건조,맑음,교차로 - 교차로부근,화물,남,56세,상해없음,화물,남,33세,경상
2016101300100146,2016년 10월 13일 08시,목요일,대구광역시 달서구 신당동,경상사고,0,0,1,0,차대차 - 측면직각충돌,불법유턴,건조,맑음,단일로 - 기타,화물,남,46세,상해없음,승용,남,41세,경상
2016101300100179,2016년 10월 13일 09시,목요일,대구광역시 수성구 수성동4가,중상사고,0,1,0,0,차대차 - 측면충돌,신호위반,건조,맑음,교차로 - 교차로안,승용,남,27세,상해없음,이륜,남,35세,중상
2016101300100180,2016년 10월 13일 09시,목요일,대구광역시 북구 노원동3가,중상사고,0,1,0,0,차대차 - 기타,안전거리미확보,건조,맑음,단일로 - 기타,승용,남,66세,상해없음,승합,남,52세,상해없음
2016101300100181,2016년 10월 13일 09시,목요일,대구광역시 달서구 감삼동,중상사고,0,1,0,0,차대사람 - 횡단중,안전운전불이행,건조,맑음,단일로 - 기타,승용,남,26세,상해없음,보행자,남,32세,중상
2016101300100209,2016년 10월 13일 10시,목요일,대구광역시 동구 신암동,중상사고,0,2,1,0,차대차 - 기타,안전운전불이행,건조,맑음,교차로 - 교차로안,승용,여,41세,상해없음,승용,여,44세,중상
2016101300100236,2016년 10월 13일 11시,목요일,대구광역시 북구 고성동3가,부상신고사고,0,0,0,1,차대차 - 기타,불법유턴,건조,맑음,교차로 - 교차로안,자전거,여,73세,부상신고,승합,남,74세,상해없음
2016101300100237,2016년 10월 13일 11시,목요일,대구광역시 북구 구암동,경상사고,0,0,1,0,차대차 - 추돌,안전운전불이행,건조,맑음,단일로 - 기타,승용,남,48세,상해없음,승용,여,54세,경상
2016101300100309,2016년 10월 13일 13시,목요일,대구광역시 달서구 월성동,중상사고,0,1,0,0,차대사람 - 횡단중,보행자보호의무위반,건조,맑음,교차로 - 교차로부근,승용,남,64세,상해없음,보행자,여,36세,중상
2016101300100310,2016년 10월 13일 13시,목요일,대구광역시 중구 태평로2가,경상사고,0,0,4,0,차대차 - 정면충돌,차로위반,건조,맑음,단일로 - 기타,승용,남,64세,상해없음,승용,여,55세,경상
2016101300100311,2016년 10월 13일 13시,목요일,대구광역시 달서구 용산동,경상사고,0,0,1,0,차대사람 - 기타,신호위반,건조,맑음,단일로 - 기타,화물,남,51세,상해없음,보행자,남,26세,경상
2016101300100312,2016년 10월 13일 13시,목요일,대구광역시 북구 구암동,경상사고,0,0,1,0,차대차 - 측면직각충돌,안전운전불이행,건조,맑음,단일로 - 기타,승용,여,56세,상해없음,승용,남,52세,경상
2016101300100337,2016년 10월 13일 14시,목요일,대구광역시 북구 사수동,부상신고사고,0,0,0,1,차대차 - 측면충돌,안전운전불이행,건조,맑음,단일로 - 기타,승용,여,69세,부상신고,승합,남,40세,상해없음
2016101300100374,2016년 10월 13일 15시,목요일,대구광역시 수성구 두산동,경상사고,0,0,1,0,차대차 - 추돌,안전운전불이행,건조,맑음,교차로 - 교차로부근,승용,남,52세,상해없음,승용,여,32세,경상