사고번호,사고일시,요일,시군구,사고내용,사망자수,중상자수,경상자수,부상신고자수,사고유형,법규위반,노면상태,기상상태,도로형태,가해운전자 차종,가해운전자 성별,가해운전자 연령,가해운전자 상해정도,피해운전자 차종,피해운전자 성별,피해운전자 연령,피해운전자 상해정도
2016101600100380,2016년 10월 16일 17시,일요일,대구광역시 달서구 감삼동,경상사고,0,0,1,0,차대사람 - 횡단중,안전운전불이행,습기,비,단일로 - 기타,화물,남,53세,상해없음,보행자,남,39세,경상
2016101600100421,2016년 10월 16일 18시,일요일,대구광역시 남구 대명동,중상사고,0,1,0,1,차대차 - 기타,차로위반,습기,비,교차로 - 교차로부근,승용,남,54세,부상신고,승용,여,56세,중상
2016101600100422,2016년 10월 16일 18시,일요일,대구광역시 남구 대명동,경상사고,0,0,1,0,차대차 - 추돌,안전거리미확보,건조,맑음,단일로 - 기타,승용,남,26세,상해없음,승용,남,20세,경상
2016101600100423,2016년 10월 16일 18시,일요일,대구광역시 달서구 본동,경상사고,0,0,2,0,차대차 - 기타,안전거리미확보,건조,맑음,단일로 - 기타,승용,남,59세,상해없음,승용,남,32세,경상
2016101600100477,2016년 10월 16일 19시,일요일,대구광역시 동구 신기동,사망사고,1,0,0,0,차대사람 - 횡단중,보행자보호의무위반,습기,비,교차로 - 교차로안,승용,남,20세,상해없음,보행자,남,55세,사망
2016101600100478,2016년 10월 16일 19시,일요일,대구광역시 달서구 월성동,경상사고,0,0,1,0,차대차 - 추돌,안전운전불이행,습기,비,교차로 - 교차로부근,승용,남,60세,상해없음,승용,여,31세,경상
2016101600100479,2016년 10월 16일 19시,일요일,대구광역시 달성군 다사읍,경상사고,0,0,1,0,차대차 - 측면충돌,안전운전불이행,습기,비,교차로 - 교차로부근,이륜,남,55세,경상,승용,남,57세,상해없음
2016101600100480,2016년 10월 16일 19시,일요일,대구광역시 북구 산격동,중상사고,0,1,0,0,차대사람 - 보도통행중,기타,건조,맑음,단일로 - 기타,승용,남,52세,상해없음,보행자,남,18세,중상
2016101600100481,2016년 10월 16일 19시,일요일,대구광역시 서구 내당동,부상신고사고,0,0,0,1,차대사람 - 횡단중,안전운전불이행,습기,비,교차로 - 교차로안,승용,기타불명,기타불명,기타불명,보행자,여,27세,부상신고
2016101600100482,2016년 10월 16일 19시,일요일,대구광역시 달서구 호림동,중상사고,0,1,2,2,차대차 - 기타,교차로운행방법위반,습기,비,교차로 - 교차로안,승용,남,61세,경상,승용,여,44세,경상
2016101600100518,2016년 10월 16일 20시,일요일,대구광역시 남구 봉덕동,중상사고,0,1,0,0,차대사람 - 기타,안전운전불이행,건조,맑음,단일로 - 기타,승용,남,40세,상해없음,보행자,여,71세,중상
2016101600100519,2016년 10월 16일 20시,일요일,대구광역시 동구 율하동,경상사고,0,0,1,0,차대차 - 추돌,안전운전불이행,습기,비,교차로 - 교차로부근,승용,남,62세,상해없음,승용,여,43세,경상
2016101600100551,2016년 10월 16일 21시,일요일,대구광역시 동구 용계동,중상사고,0,1,5,1,차대차 - 추돌,안전운전불이행,건조,맑음,교차로 - 교차로부근,승용,남,56세,상해없음,승용,여,41세,경상
2016101600100552,2016년 10월 16일 21시,일요일,대구광역시 북구 관음동,경상사고,0,0,1,0,차대차 - 추돌,안전운전불이행,습기,비,교차로 - 교차로부근,승용,남,64세,상해없음,화물,남,51세,경상
2016101600100579,2016년 10월 16일 22시,일요일,대구광역시 동구 효목동,경상사고,0,0,1,0,차대차 - 정면충돌,신호위반,습기,비,교차로 - 교차로안,승용,남,63세,상해없음,승용,여,52세,경상
2016101600100580,2016년 10월 16일 22시,일요일,대구광역시 서구 비산동,경상사고,0,0,2,0,차대차 - 측면충돌,안전운전불이행,습기,흐림,교차로 - 교차로안,승용,남,58세,경상,승용,남,63세,경상
2016101700100005,2016년 10월 17일 00시,월요일,대구광역시 수성구 중동,경상사고,0,0,1,0,차대사람 - 기타,안전운전불이행,건조,맑음,단일로 - 기타,승용,남,47세,상해없음,보행자,남,32세,경상
2016101700100006,2016년 10월 17일 00시,월요일,대구광역시 북구 산격동,경상사고,0,0,1,0,차량단독 - 전도전복,안전운전불이행,건조,맑음,교차로 - 교차로부근,승용,남,49세,상해없음,,,,
2016101700100013,2016년 10월 17일 01시,월요일,대구광역시 서구 상리동,경상사고,0,0,1,0,차량단독 - 공작물충돌,안전운전불이행,습기,비,단일로 - 기타,승용,남,50세,상해없음,,,,
2016101700100052,2016년 10월 17일 06시,월요일,대구광역시 북구 침산동,경상사고,0,0,2,0,차대차 - 측면충돌,안전운전불이행,습기,비,단일로 - 기타,승용,남,75세,상해없음,화물,남,56세,경상
2016101700100077,2016년 10월 17일 07시,월요일,대구광역시 수성구 만촌동,경상사고,0,0,2,0,차대차 - 측면충돌,교차로운행방법위반,건조,맑음,단일로 - 기타,승용,여,53세,상해없음,승용,여,45세,경상
2016101700100078,2016년 10월 17일 07시,월요일,대구광역시 달서구 상인동,중상사고,0,1,0,0,차량단독 - 공작물충돌,안전운전불이행,건조,맑음,단일로 - 기타,승용,여,66세,중상,,,,
2016101700100079,2016년 10월 17일 07시,월요일,대구광역시 북구 서변동,경상사고,0,0,1,0,차대차 - 측면충돌,안전운전불이행,건조,맑음,단일로 - 기타,승용,남,48세,상해없음,승용,남,39세,경상
2016101700100123,2016년 10월 17일 08시,월요일,대구광역시 남구 대명동,경상사고,0,0,1,0,차대사람 - 횡단중,안전운전불이행,건조,맑음,교차로 - 교차로안,화물,남,61세,상해없음,보행자,남,30세,경상
2016101700100124,2016년 10월 17일 08시,월요일,대구광역시 동구 신암동,중상사고,0,1,0,0,차대차 - 측면충돌,안전운전불이행,건조,맑음,단일로 - 기타,승용,남,47세,상해없음,이륜,남,83세,중상
2016101700100125,2016년 10월 17일 08시,월요일,대구광역시 북구 대현동,중상사고,0,1,0,0,차대사람 - 횡단중,신호위반,건조,맑음,단일로 - 횡단보도상,승용,남,25세,상해없음,보행자,남,23세,중상
2016101700100126,2016년 10월 17일 08시,월요일,대구광역시 달서구 용산동,중상사고,0,1,2,0,차대차 - 측면직각충돌,안전운전불이행,건조,맑음,단일로 - 기타,승용,여,47세,상해없음,승용,여,39세,중상
2016101700100127,2016년 10월 17일 08시,월요일,대구광역시 북구 태전동,중상사고,0,1,2,0,차대차 - 추돌,안전거리미확보,건조,맑음,교차로 - 교차로부근,승용,여,23세,중상,승용,남,52세,상해없음
2016101700100159,2016년 10월 17일 09시,월요일,대구광역시 동구 신천동,중상사고,0,1,0,0,차대사람 - 기타,안전운전불이행,건조,맑음,단일로 - 기타,승용,남,80세,상해없음,보행자,여,66세,중상
2016101700100160,2016년 10월 17일 09시,월요일,대구광역시 북구 노원동1가,중상사고,0,1,0,0,차대차 - 기타,안전운전불이행,건조,맑음,교차로 - 교차로안,승용,남,23세,상해없음,자전거,남,74세,중상
2016101700100161,2016년 10월 17일 09시,월요일,대구광역시 북구 읍내동,중상사고,0,1,0,0,차대사람 - 기타,안전운전불이행,건조,맑음,단일로 - 횡단보도상,승용,남,69세,상해없음,보행자,남,26세,중상
2016101700100192,2016년 10월 17일 10시,월요일,대구광역시 중구 동성로2가,경상사고,0,0,2,0,차대차 - 기타,안전거리미확보,건조,맑음,단일로 - 기타,승용,여,46세,상해없음,승용,남,22세,경상
2016101700100232,2016년 10월 17일 11시,월요일,대구광역시 남구 대명동,중상사고,0,1,0,0,차대사람 - 횡단중,보행자보호의무위반,건조,맑음,기타 - 기타,화물,남,61세,상해없음,보행자,여,73세,중상
2016101700100233,2016년 10월 17일 11시,월요일,대구광역시 서구 비산동,경상사고,0,0,1,0,차대차 - 측면직각충돌,안전운전불이행,건조,맑음,단일로 - 기타,자전거,여,25세,경상,화물,여,49세,상해없음
2016101700100301,2016년 10월 17일 13시,월요일,대구광역시 서구 평리동,경상사고,0,0,1,0,차대차 - 측면충돌,안전거리미확보,건조,맑음,단일로 - 기타,승용,여,44세,기타불명,승용,여,40세,경상
2016101700100302,2016년 10월 17일 13시,월요일,대구광역시 중구 남산동,경상사고,0,0,1,0,차대차 - 측면충돌,안전거리미확보,건조,맑음,단일로 - 기타,승용,남,87세,상해없음,승용,여,34세,경상
2016101700100339,2016년 10월 17일 14시,월요일,대구광역시 달성군 논공읍,경상사고,0,0,1,0,차대차 - 측면직각충돌,중앙선침범,건조,맑음,단일로 - 기타,원동기,남,43세,경상,승용,여,53세,상해없음
2016101700100340,2016년 10월 17일 14시,월요일,대구광역시 달서구 본리동,중상사고,0,1,0,0,차대사람 - 차도통행중,안전운전불이행,건조,맑음,단일로 - 기타,승용,남,46세,상해없음,보행자,남,10세,중상
2016101700100376,2016년 10월 17일 15시,월요일,대구광역시 수성구 만촌동,중상사고,0,1,0,0,차대차 - 기타,안전운전불이행,건조,맑음,단일로 - 기타,승용,여,33세,기타불명,승용,여,33세,중상
2016101700100415,2016년 10월 17일 16시,월요일,대구광역시 달서구 상인동,경상사고,0,0,1,0,차대차 - 기타,교차로운행방법위반,건조,맑음,교차로 - 교차로안,승용,남,52세,상해없음,이륜,남,18세,경상
2016101700100416,2016년 10월 17일 16시,월요일,대구광역시 달서구 죽전동,부상신고사고,0,0,0,1,차대사람 - 기타,안전운전불이행,건조,맑음,단일로 - 기타,승용,여,51세,상해없음,보행자,남,14세,부상신고
2016101700100417,2016년 10월 17일 16시,월요일,대구광역시 북구 팔달동,경상사고,0,0,1,0,차대차 - 측면충돌,안전운전불이행,건조,맑음,단일로 - 기타,자전거,남,33세,상해없음,자전거,여,65세,경상
2016101700100460,2016년 10월 17일 17시,월요일,대구광역시 동구 신기동,중상사고,0,1,0,0,차대사람 - 횡단중,보행자보호의무위반,건조,맑음,단일로 - 기타,화물,남,47세,상해없음,보행자,여,59세,중상
2016101700100461,2016년 10월 17일 17시,월요일,대구광역시 수성구 두산동,경상사고,0,0,1,0,차대차 - 측면충돌,안전운전불이행,건조,맑음,교차로 - 교차로안,승용,여,31세,상해없음,승합,남,44세,상해없음
2016101700100462,2016년 10월 17일 17시,월요일,대구광역시 달서구 이곡동,중상사고,0,1,0,0,차대차 - 측면충돌,안전운전불이행,건조,맑음,단일로 - 횡단보도상,승용,남,32세,상해없음,자전거,남,78세,중상
2016101700100515,2016년 10월 17일 18시,월요일,대구광역시 달서구 월성동,경상사고,0,0,1,0,차대차 - 정면충돌,불법유턴,건조,맑음,단일로 - 기타,승용,남,51세,상해없음,이륜,남,23세,경상
2016101700100516,2016년 10월 17일 18시,월요일,대구광역시 달성군 현풍면,경상사고,0,0,1,0,차대차 - 추돌,안전거리미확보,건조,맑음,교차로 - 교차로안,승용,남,37세,상해없음,승용,여,47세,경상
2016101700100549,2016년 10월 17일 19시,월요일,대구광역시 동구 신암동,경상사고,0,0,1,0,차대차 - 추돌,안전운전불이행,건조,맑음,단일로 - 기타,승용,남,27세,상해없음,승용,남,26세,경상
2016101700100550,2016년 10월 17일 19시,월요일,대구광역시 수성구 신매동,부상신고사고,0,0,0,1,차량단독 - 전도전복,안전운전불이행,건조,맑음,교차로 - 교차로부근,이륜,남,24세,부상신고,,,,
2016101700100551,2016년 10월 17일 19시,월요일,대구광역시 중구 대봉동,중상사고,0,1,0,0,차대사람 - 횡단중,신호위반,건조,맑음,단일로 - 횡단보도상,이륜,남,23세,상해없음,보행자,여,62세,중상
2016101700100552,2016년 10월 17일 19시,월요일,대구광역시 달서구 장기동,경상사고,0,0,4,0,차대차 - 추돌,안전거리미확보,건조,맑음,단일로 - 기타,화물,남,44세,경상,승용,남,49세,경상
2016101700100605,2016년 10월 17일 20시,월요일,대구광역시 달서구 두류동,부상신고사고,0,0,0,1,차대차 - 측면충돌,신호위반,건조,맑음,교차로 - 교차로안,이륜,남,20세,부상신고,승용,남,60세,상해없음
2016101700100653,2016년 10월 17일 22시,월요일,대구광역시 달서구 송현동,중상사고,0,1,0,0,차량단독 - 주/정차차량 충돌,안전운전불이행,건조,맑음,교차로 - 교차로부근,이륜,남,16세,중상,,,,
2016101800100012,2016년 10월 18일 00시,화요일,대구광역시 중구 대봉동,경상사고,0,0,2,0,차대차 - 추돌,안전거리미확보,건조,맑음,단일로 - 기타,승용,남,51세,상해없음,승용,여,37세,경상
2016101800100028,2016년 10월 18일 02시,화요일,대구광역시 달서구 이곡동,중상사고,0,1,3,0,차대차 - 측면직각충돌,안전운전불이행,건조,맑음,교차로 - 교차로부근,승용,여,41세,경상,승용,남,41세,중상
2016101800100047,2016년 10월 18일 05시,화요일,대구광역시 달성군 다사읍,부상신고사고,0,0,0,1,차대차 - 측면직각충돌,안전운전불이행,습기,안개,교차로 - 교차로안,승용,여,57세,부상신고,승합,남,48세,상해없음
2016101800100048,2016년 10월 18일 05시,화요일,대구광역시 중구 삼덕동1가,경상사고,0,0,1,0,차대차 - 기타,안전운전불이행,건조,맑음,단일로 - 기타,승용,남,57세,상해없음,승용,남,24세,상해없음
2016101800100089,2016년 10월 18일 07시,화요일,대구광역시 남구 대명동,중상사고,0,1,0,0,차대사람 - 횡단중,안전운전불이행,건조,맑음,교차로 - 교차로부근,화물,남,61세,상해없음,보행자,여,70세,중상
2016101800100090,2016년 10월 18일 07시,화요일,대구광역시 달서구 상인동,중상사고,0,1,0,0,차대사람 - 횡단중,안전운전불이행,건조,맑음,단일로 - 기타,승용,여,51세,상해없음,보행자,남,56세,중상
2016101800100091,2016년 10월 18일 07시,화요일,대구광역시 달서구 신당동,경상사고,0,0,1,0,차대차 - 추돌,안전운전불이행,건조,맑음,교차로 - 교차로안,승용,남,46세,상해없음,승용,남,45세,경상
2016101800100143,2016년 10월 18일 08시,화요일,대구광역시 동구 신암동,경상사고,0,0,1,0,차대차 - 측면충돌,안전운전불이행,건조,맑음,단일로 - 기타,건설기계,남,56세,상해없음,승용,남,30세,경상
2016101800100144,2016년 10월 18일 08시,화요일,대구광역시 달성군 유가면,중상사고,0,1,0,0,차대차 - 추돌,안전운전불이행,건조,맑음,단일로 - 기타,화물,남,52세,상해없음,승용,여,39세,중상
2016101800100145,2016년 10월 18일 08시,화요일,대구광역시 북구 침산동,경상사고,0,0,1,0,차대차 - 추돌,안전운전불이행,건조,맑음,단일로 - 기타,승용,남,23세,상해없음,승합,여,39세,경상
2016101800100146,2016년 10월 18일 08시,화요일,대구광역시 북구 매천동,경상사고,0,0,2,0,차대차 - 추돌,안전거리미확보,건조,맑음,단일로 - 교량,승용,남,39세,상해없음,승용,여,48세,상해없음
2016101800100178,2016년 10월 18일 09시,화요일,대구광역시 북구 산격동,중상사고,0,1,0,0,차대사람 - 횡단중,보행자보호의무위반,건조,맑음,교차로 - 교차로안,화물,남,41세,상해없음,보행자,여,25세,중상
2016101800100210,2016년 10월 18일 10시,화요일,대구광역시 남구 대명동,경상사고,0,0,1,0,차대차 - 기타,안전운전불이행,건조,맑음,단일로 - 기타,승용,여,45세,상해없음,승용,여,26세,경상
2016101800100211,2016년 10월 18일 10시,화요일,대구광역시 달서구 본동,경상사고,0,0,1,0,차대차 - 측면충돌,불법유턴,건조,맑음,단일로 - 기타,승용,남,55세,상해없음,승용,남,47세,경상
2016101800100238,2016년 10월 18일 11시,화요일,대구광역시 동구 신천동,중상사고,0,1,0,0,차대차 - 기타,기타,건조,맑음,단일로 - 기타,화물,남,64세,상해없음,승용,여,44세,기타불명
2016101800100261,2016년 10월 18일 12시,화요일,대구광역시 달서구 장기동,중상사고,0,1,0,0,차대차 - 측면충돌,신호위반,건조,맑음,교차로 - 교차로안,승용,남,53세,상해없음,이륜,남,45세,중상
2016101800100286,2016년 10월 18일 13시,화요일,대구광역시 수성구 지산동,경상사고,0,0,1,1,차대차 - 측면직각충돌,안전거리미확보,건조,맑음,교차로 - 교차로부근,원동기,남,22세,부상신고,원동기,남,73세,경상
2016101800100287,2016년 10월 18일 13시,화요일,대구광역시 북구 검단동,경상사고,0,0,1,0,차대차 - 측면충돌,안전운전불이행,건조,맑음,단일로 - 기타,건설기계,남,32세,상해없음,화물,남,38세,경상
2016101800100288,2016년 10월 18일 13시,화요일,대구광역시 북구 노원동2가,경상사고,0,0,1,0,차대사람 - 기타,안전운전불이행,건조,맑음,교차로 - 교차로부근,승용,남,33세,상해없음,보행자,남,53세,경상
2016101800100327,2016년 10월 18일 14시,화요일,대구광역시 남구 대명동,중상사고,0,1,0,1,차대차 - 측면직각충돌,안전운전불이행,건조,맑음,단일로 - 기타,건설기계,남,50세,부상신고,승용,남,59세,중상
2016101800100358,2016년 10월 18일 15시,화요일,대구광역시 동구 신천동,경상사고,0,0,1,0,차대사람 - 기타,안전운전불이행,건조,맑음,단일로 - 기타,승용,남,61세,상해없음,보행자,남,34세,경상
2016101800100359,2016년 10월 18일 15시,화요일,대구광역시 달서구 상인동,중상사고,0,1,0,0,차대사람 - 횡단중,보행자보호의무위반,건조,맑음,교차로 - 교차로안,화물,남,43세,상해없음,보행자,여,66세,중상
2016101800100360,2016년 10월 18일 15시,화요일,대구광역시 달성군 유가면,경상사고,0,0,1,0,차량단독 - 전도전복,안전운전불이행,건조,맑음,단일로 - 기타,화물,남,66세,경상,,,,
2016101800100361,2016년 10월 18일 15시,화요일,대구광역시 북구 산격동,경상사고,0,0,1,0,차대차 - 측면직각충돌,신호위반,건조,맑음,교차로 - 교차로안,승용,여,20세,상해없음,이륜,남,75세,경상
2016101800100362,2016년 10월 18일 15시,화요일,대구광역시 북구 매천동,경상사고,0,0,1,0,차대차 - 측면충돌,안전운전불이행,건조,맑음,단일로 - 기타,승용,남,77세,상해없음,이륜,남,18세,경상
2016101800100363,2016년 10월 18일 15시,화요일,대구광역시 북구 태전동,중상사고,0,1,0,0,차대차 - 측면직각충돌,안전운전불이행,건조,맑음,교차로 - 교차로부근,승합,남,73세,상해없음,자전거,여,61세,중상
2016101800100393,2016년 10월 18일 16시,화요일,대구광역시 달성군 화원읍,중상사고,0,1,23,0,차대차 - 정면충돌,신호위반,건조,맑음,교차로 - 교차로안,승용,남,35세,중상,승합,남,57세,경상
2016101800100427,2016년 10월 18일 17시,화요일,대구광역시 달성군 유가면,중상사고,0,1,2,0,차대사람 - 횡단중,안전운전불이행,건조,맑음,단일로 - 기타,승용,여,33세,상해없음,보행자,여,59세,중상
2016101800100481,2016년 10월 18일 18시,화요일,대구광역시 서구 평리동,경상사고,0,0,1,0,차대사람 - 횡단중,안전운전불이행,건조,맑음,단일로 - 기타,승용,남,40세,상해없음,보행자,남,11세,경상
2016101800100482,2016년 10월 18일 18시,화요일,대구광역시 서구 비산동,경상사고,0,0,1,0,차대사람 - 횡단중,안전운전불이행,건조,맑음,교차로 - 교차로안,승용,남,58세,상해없음,보행자,남,16세,경상
2016101800100483,2016년 10월 18일 18시,화요일,대구광역시 서구 내당동,중상사고,0,1,0,0,차량단독 - 기타,안전운전불이행,건조,맑음,단일로 - 기타,승용,남,64세,상해없음,,,,
2016101800100484,2016년 10월 18일 18시,화요일,대구광역시 서구 중리동,경상사고,0,0,1,0,차대차 - 추돌,직진우회전진행방해,건조,맑음,교차로 - 교차로안,승합,남,49세,상해없음,승용,남,64세,경상
2016101800100532,2016년 10월 18일 19시,화요일,대구광역시 달서구 송현동,경상사고,0,0,1,0,차대차 - 측면충돌,직진우회전진행방해,건조,맑음,교차로 - 교차로안,승용,남,55세,경상,승용,남,62세,상해없음
2016101800100573,2016년 10월 18일 20시,화요일,대구광역시 동구 신천동,부상신고사고,0,0,0,1,차대차 - 기타,안전운전불이행,건조,맑음,교차로 - 교차로부근,기타불명,기타불명,기타불명,기타불명,원동기,남,36세,부상신고
2016101800100574,2016년 10월 18일 20시,화요일,대구광역시 달서구 대곡동,경상사고,0,0,1,0,차대차 - 측면직각충돌,교차로운행방법위반,건조,맑음,교차로 - 교차로안,승용,여,55세,상해없음,승용,남,62세,경상
2016101800100596,2016년 10월 18일 21시,화요일,대구광역시 수성구 만촌동,경상사고,0,0,1,0,차대차 - 추돌,안전운전불이행,건조,맑음,단일로 - 기타,기타불명,기타불명,기타불명,기타불명,이륜,남,24세,경상
2016101800100597,2016년 10월 18일 21시,화요일,대구광역시 달성군 옥포면,경상사고,0,0,1,0,차대차 - 추돌,안전운전불이행,건조,맑음,단일로 - 기타,승용,남,44세,상해없음,화물,남,44세,경상
2016101800100623,2016년 10월 18일 22시,화요일,대구광역시 수성구 신매동,부상신고사고,0,0,0,1,차대차 - 측면충돌,안전거리미확보,건조,맑음,단일로 - 기타,승용,남,34세,부상신고,승용,남,29세,상해없음
2016101800100625,2016년 10월 18일 22시,화요일,대구광역시 북구 동천동,경상사고,0,0,1,0,차대차 - 측면충돌,안전거리미확보,건조,맑음,단일로 - 기타,승용,여,50세,상해없음,이륜,남,18세,경상
2016101900100016,2016년 10월 19일 00시,수요일,대구광역시 수성구 황금동,경상사고,0,0,1,0,차대사람 - 길가장자리구역통행중,안전운전불이행,건조,맑음,단일로 - 기타,승용,남,34세,상해없음,보행자,남,21세,경상
2016101900100017,2016년 10월 19일 00시,수요일,대구광역시 수성구 황금동,중상사고,0,1,0,0,차대사람 - 횡단중,안전운전불이행,건조,맑음,교차로 - 교차로부근,승용,여,47세,상해없음,보행자,남,46세,중상
2016101900100018,2016년 10월 19일 00시,수요일,대구광역시 수성구 시지동,중상사고,0,2,0,0,차대차 - 기타,안전운전불이행,건조,맑음,교차로 - 교차로부근,승용,남,22세,상해없음,승용,남,60세,중상
2016101900100031,2016년 10월 19일 02시,수요일,대구광역시 북구 태전동,경상사고,0,0,1,0,차대차 - 추돌,안전운전불이행,건조,맑음,단일로 - 기타,이륜,남,19세,경상,승용,남,33세,기타불명
2016101900100052,2016년 10월 19일 05시,수요일,대구광역시 서구 비산동,중상사고,0,1,0,0,차대사람 - 횡단중,안전운전불이행,건조,맑음,단일로 - 횡단보도상,원동기,남,65세,상해없음,보행자,여,67세,중상
2016101900100071,2016년 10월 19일 06시,수요일,대구광역시 동구 신천동,경상사고,0,0,1,0,차대차 - 추돌,안전운전불이행,건조,맑음,교차로 - 교차로부근,이륜,남,57세,경상,승합,남,50세,상해없음
2016101900100090,2016년 10월 19일 07시,수요일,대구광역시 남구 대명동,경상사고,0,0,1,0,차대차 - 기타,안전운전불이행,건조,맑음,단일로 - 기타,승용,여,48세,상해없음,승용,남,23세,경상
2016101900100091,2016년 10월 19일 07시,수요일,대구광역시 중구 동산동,중상사고,0,1,0,0,차대차 - 기타,안전운전불이행,건조,맑음,교차로 - 교차로안,이륜,남,65세,상해없음,승용,남,65세,상해없음
2016101900100125,2016년 10월 19일 08시,수요일,대구광역시 수성구 수성동1가,중상사고,0,1,0,0,차대차 - 기타,안전운전불이행,건조,맑음,단일로 - 기타,승용,남,65세,상해없음,자전거,남,43세,중상
2016101900100126,2016년 10월 19일 08시,수요일,대구광역시 북구 침산동,경상사고,0,0,1,0,차대차 - 추돌,안전거리미확보,건조,맑음,단일로 - 기타,승용,남,58세,상해없음,승용,여,27세,경상
2016101900100186,2016년 10월 19일 10시,수요일,대구광역시 동구 용계동,중상사고,0,1,0,1,차대차 - 추돌,안전운전불이행,건조,맑음,교차로 - 교차로부근,화물,남,61세,부상신고,승용,여,46세,중상
2016101900100187,2016년 10월 19일 10시,수요일,대구광역시 수성구 지산동,경상사고,0,0,1,0,차대차 - 추돌,안전운전불이행,건조,맑음,단일로 - 기타,승용,남,54세,상해없음,승용,여,45세,경상
2016101900100188,2016년 10월 19일 10시,수요일,대구광역시 달성군 구지면,중상사고,0,1,1,0,차대차 - 측면충돌,신호위반,건조,맑음,교차로 - 교차로안,승합,남,60세,상해없음,승용,여,56세,중상
2016101900100189,2016년 10월 19일 10시,수요일,대구광역시 북구 노원동2가,중상사고,0,1,0,0,차대차 - 기타,안전운전불이행,건조,맑음,단일로 - 기타,승용,남,57세,상해없음,원동기,남,27세,중상
2016101900100219,2016년 10월 19일 11시,수요일,대구광역시 서구 내당동,경상사고,0,0,1,0,차대차 - 측면직각충돌,중앙선침범,건조,맑음,단일로 - 기타,이륜,남,74세,상해없음,이륜,여,64세,경상
2016101900100220,2016년 10월 19일 11시,수요일,대구광역시 중구 동산동,중상사고,0,1,0,0,차대차 - 측면충돌,안전운전불이행,건조,맑음,교차로 - 교차로부근,승용,남,70세,상해없음,자전거,남,82세,중상
2016101900100246,2016년 10월 19일 12시,수요일,대구광역시 서구 평리동,경상사고,0,0,1,0,차대차 - 측면충돌,안전운전불이행,건조,맑음,교차로 - 교차로부근,승용,여,61세,상해없음,승용,여,21세,경상
2016101900100280,2016년 10월 19일 13시,수요일,대구광역시 달서구 상인동,경상사고,0,0,1,0,차대차 - 추돌,안전운전불이행,건조,맑음,단일로 - 기타,승용,여,55세,상해없음,원동기,남,40세,경상
2016101900100315,2016년 10월 19일 14시,수요일,대구광역시 수성구 두산동,부상신고사고,0,0,0,1,차대차 - 측면충돌,신호위반,건조,맑음,단일로 - 기타,이륜,남,42세,부상신고,승용,남,21세,상해없음
2016101900100316,2016년 10월 19일 14시,수요일,대구광역시 수성구 범어동,부상신고사고,0,0,0,1,차대차 - 기타,안전거리미확보,건조,맑음,단일로 - 기타,승용,남,26세,상해없음,승합,남,48세,상해없음
2016101900100350,2016년 10월 19일 15시,수요일,대구광역시 남구 봉덕동,부상신고사고,0,0,0,1,차대차 - 측면직각충돌,안전운전불이행,건조,맑음,교차로 - 교차로안,화물,남,44세,부상신고,승합,남,48세,상해없음
2016101900100383,2016년 10월 19일 16시,수요일,대구광역시 달서구 성당동,경상사고,0,0,1,0,차대사람 - 횡단중,안전운전불이행,건조,맑음,단일로 - 기타,이륜,남,65세,상해없음,보행자,여,57세,경상
2016101900100492,2016년 10월 19일 18시,수요일,대구광역시 수성구 지산동,중상사고,0,1,0,0,차대차 - 측면충돌,안전운전불이행,건조,맑음,단일로 - 기타,승용,남,34세,상해없음,이륜,남,23세,중상
2016101900100493,2016년 10월 19일 18시,수요일,대구광역시 수성구 만촌동,부상신고사고,0,0,0,1,차대차 - 측면충돌,안전운전불이행,건조,맑음,교차로 - 교차로부근,자전거,남,46세,부상신고,승용,남,60세,상해없음
2016101900100494,2016년 10월 19일 18시,수요일,대구광역시 수성구 황금동,경상사고,0,0,3,0,차대차 - 측면직각충돌,안전운전불이행,건조,맑음,단일로 - 기타,승용,남,28세,상해없음,승용,남,19세,경상
2016101900100495,2016년 10월 19일 18시,수요일,대구광역시 중구 수창동,중상사고,0,1,1,0,차대사람 - 보도통행중,중앙선침범,건조,맑음,단일로 - 기타,화물,남,55세,상해없음,보행자,여,81세,중상
2016101900100546,2016년 10월 19일 19시,수요일,대구광역시 달서구 송현동,경상사고,0,0,2,0,차대차 - 추돌,안전거리미확보,건조,맑음,단일로 - 기타,승용,남,26세,상해없음,승용,여,53세,경상
2016101900100547,2016년 10월 19일 19시,수요일,대구광역시 중구 대봉동,중상사고,0,1,1,1,차대차 - 기타,안전운전불이행,건조,맑음,교차로 - 교차로부근,이륜,남,57세,부상신고,승합,남,54세,상해없음
2016101900100589,2016년 10월 19일 20시,수요일,대구광역시 달서구 이곡동,경상사고,0,0,1,0,차대차 - 기타,안전운전불이행,건조,맑음,교차로 - 교차로안,승용,남,38세,상해없음,이륜,남,19세,경상
2016101900100590,2016년 10월 19일 20시,수요일,대구광역시 북구 매천동,중상사고,0,2,1,0,차대차 - 측면충돌,직진우회전진행방해,건조,맑음,교차로 - 교차로안,승용,남,29세,경상,이륜,남,21세,중상