사고번호,사고일시,요일,시군구,사고내용,사망자수,중상자수,경상자수,부상신고자수,사고유형,법규위반,노면상태,기상상태,도로형태,가해운전자 차종,가해운전자 성별,가해운전자 연령,가해운전자 상해정도,피해운전자 차종,피해운전자 성별,피해운전자 연령,피해운전자 상해정도
2016102200100621,2016년 10월 22일 22시,토요일,대구광역시 달서구 도원동,경상사고,0,0,1,0,차대차 - 기타,차로위반,건조,맑음,단일로 - 터널,승용,여,51세,상해없음,승용,여,24세,경상
2016102200100640,2016년 10월 22일 23시,토요일,대구광역시 남구 대명동,경상사고,0,0,1,0,차량단독 - 공작물충돌,안전운전불이행,건조,맑음,단일로 - 기타,승용,남,69세,기타불명,,,,
2016102200100641,2016년 10월 22일 23시,토요일,대구광역시 달성군 구지면,중상사고,0,1,1,0,차대차 - 측면직각충돌,안전운전불이행,건조,맑음,단일로 - 기타,승용,남,34세,상해없음,승용,남,60세,경상
2016102200100642,2016년 10월 22일 23시,토요일,대구광역시 서구 평리동,부상신고사고,0,0,0,1,차대차 - 측면충돌,안전운전불이행,건조,맑음,단일로 - 기타,이륜,남,16세,부상신고,이륜,남,18세,상해없음
2016102200100643,2016년 10월 22일 23시,토요일,대구광역시 중구 동인동2가,중상사고,0,1,0,0,차대차 - 기타,중앙선침범,건조,맑음,단일로 - 기타,이륜,남,29세,중상,승용,남,57세,상해없음
2016102300100019,2016년 10월 23일 00시,일요일,대구광역시 동구 신암동,경상사고,0,0,1,1,차대차 - 측면직각충돌,안전운전불이행,건조,맑음,교차로 - 교차로안,승용,남,42세,상해없음,승용,남,57세,경상
2016102300100052,2016년 10월 23일 03시,일요일,대구광역시 동구 신암동,중상사고,0,1,0,1,차량단독 - 기타,안전운전불이행,건조,맑음,단일로 - 기타,승용,남,36세,부상신고,,,,
2016102300100053,2016년 10월 23일 03시,일요일,대구광역시 수성구 범물동,중상사고,0,1,0,0,차량단독 - 전도전복,안전운전불이행,건조,맑음,단일로 - 기타,승용,남,33세,중상,,,,
2016102300100088,2016년 10월 23일 06시,일요일,대구광역시 동구 신암동,경상사고,0,0,1,0,차대사람 - 횡단중,신호위반,건조,맑음,단일로 - 기타,기타불명,기타불명,기타불명,기타불명,보행자,여,48세,경상
2016102300100121,2016년 10월 23일 08시,일요일,대구광역시 중구 인교동,경상사고,0,0,1,0,차대차 - 정면충돌,안전운전불이행,건조,맑음,교차로 - 교차로부근,자전거,남,75세,경상,승용,남,62세,상해없음
2016102300100142,2016년 10월 23일 09시,일요일,대구광역시 중구 달성동,경상사고,0,0,1,0,차대차 - 정면충돌,안전운전불이행,건조,맑음,단일로 - 기타,승용,남,72세,상해없음,승용,남,34세,경상
2016102300100143,2016년 10월 23일 09시,일요일,대구광역시 중구 계산동1가,경상사고,0,0,1,0,차대차 - 측면직각충돌,불법유턴,건조,맑음,단일로 - 기타,승용,남,50세,상해없음,승용,남,35세,경상
2016102300100184,2016년 10월 23일 11시,일요일,대구광역시 달서구 대곡동,경상사고,0,0,2,0,차대차 - 추돌,안전거리미확보,건조,맑음,교차로 - 교차로부근,승용,여,32세,상해없음,승용,남,41세,경상
2016102300100204,2016년 10월 23일 12시,일요일,대구광역시 남구 봉덕동,경상사고,0,0,1,0,차대사람 - 길가장자리구역통행중,안전운전불이행,건조,맑음,단일로 - 기타,승용,남,28세,상해없음,보행자,여,69세,경상
2016102300100223,2016년 10월 23일 13시,일요일,대구광역시 달서구 월성동,경상사고,0,0,1,0,차대차 - 측면충돌,안전운전불이행,건조,맑음,단일로 - 기타,이륜,남,18세,경상,승용,남,41세,상해없음
2016102300100279,2016년 10월 23일 15시,일요일,대구광역시 동구 봉무동,경상사고,0,0,2,1,차대차 - 정면충돌,안전운전불이행,건조,맑음,교차로 - 교차로부근,승용,여,49세,상해없음,승용,여,45세,경상
2016102300100280,2016년 10월 23일 15시,일요일,대구광역시 수성구 중동,경상사고,0,0,2,0,차대차 - 측면충돌,중앙선침범,건조,맑음,단일로 - 기타,이륜,남,62세,경상,이륜,남,17세,경상
2016102300100317,2016년 10월 23일 16시,일요일,대구광역시 서구 내당동,경상사고,0,0,1,0,차대차 - 측면직각충돌,안전운전불이행,건조,맑음,교차로 - 교차로부근,승용,남,47세,상해없음,승용,남,61세,경상
2016102300100356,2016년 10월 23일 17시,일요일,대구광역시 수성구 황금동,경상사고,0,0,1,0,차대차 - 정면충돌,안전거리미확보,건조,맑음,단일로 - 기타,승용,남,32세,상해없음,승용,남,63세,경상
2016102300100413,2016년 10월 23일 18시,일요일,대구광역시 동구 신암동,경상사고,0,0,1,0,차대차 - 추돌,안전거리미확보,건조,맑음,단일로 - 기타,승용,남,25세,상해없음,이륜,남,23세,경상
2016102300100414,2016년 10월 23일 18시,일요일,대구광역시 동구 신암동,경상사고,0,0,3,0,차대차 - 정면충돌,안전운전불이행,건조,맑음,단일로 - 기타,승용,남,50세,상해없음,승용,여,33세,경상
2016102300100415,2016년 10월 23일 18시,일요일,대구광역시 서구 내당동,경상사고,0,0,1,0,차대차 - 측면직각충돌,안전운전불이행,건조,맑음,단일로 - 기타,승용,남,49세,상해없음,자전거,남,10세,경상
2016102300100416,2016년 10월 23일 18시,일요일,대구광역시 북구 관음동,경상사고,0,0,1,0,차대차 - 측면충돌,신호위반,건조,맑음,교차로 - 교차로안,승용,남,51세,상해없음,승용,남,51세,경상
2016102300100460,2016년 10월 23일 19시,일요일,대구광역시 동구 신암동,중상사고,0,1,3,0,차대차 - 추돌,안전운전불이행,건조,맑음,단일로 - 기타,승용,남,64세,상해없음,승용,남,61세,경상
2016102300100461,2016년 10월 23일 19시,일요일,대구광역시 서구 이현동,경상사고,0,0,1,1,차대차 - 정면충돌,신호위반,건조,맑음,교차로 - 교차로안,승용,남,57세,부상신고,승용,남,37세,경상
2016102300100493,2016년 10월 23일 20시,일요일,대구광역시 동구 입석동,경상사고,0,0,1,0,차대사람 - 횡단중,안전운전불이행,건조,맑음,단일로 - 기타,승용,남,31세,상해없음,보행자,남,61세,경상
2016102300100494,2016년 10월 23일 20시,일요일,대구광역시 동구 효목동,경상사고,0,0,2,0,차대차 - 추돌,교차로운행방법위반,건조,맑음,교차로 - 교차로안,승용,여,47세,상해없음,승용,남,40세,경상
2016102300100563,2016년 10월 23일 23시,일요일,대구광역시 달서구 두류동,중상사고,0,1,0,0,차대사람 - 횡단중,안전운전불이행,건조,맑음,단일로 - 기타,승용,남,24세,상해없음,보행자,남,47세,중상
2016102400100061,2016년 10월 24일 06시,월요일,대구광역시 북구 칠성동1가,중상사고,0,1,0,0,차대사람 - 횡단중,보행자보호의무위반,건조,맑음,단일로 - 기타,승용,여,31세,상해없음,보행자,여,67세,중상
2016102400100090,2016년 10월 24일 07시,월요일,대구광역시 달서구 장기동,경상사고,0,0,1,0,차대차 - 측면충돌,안전운전불이행,건조,맑음,단일로 - 기타,승합,남,51세,상해없음,이륜,남,70세,경상
2016102400100147,2016년 10월 24일 08시,월요일,대구광역시 남구 대명동,중상사고,0,1,3,0,차대차 - 추돌,안전거리미확보,건조,맑음,단일로 - 기타,승용,남,28세,상해없음,승용,남,50세,경상
2016102400100148,2016년 10월 24일 08시,월요일,대구광역시 북구 침산동,부상신고사고,0,0,0,1,차대차 - 기타,안전운전불이행,건조,맑음,단일로 - 횡단보도상,자전거,여,60세,부상신고,승용,여,44세,상해없음
2016102400100149,2016년 10월 24일 08시,월요일,대구광역시 달서구 호산동,경상사고,0,0,1,0,차대차 - 측면충돌,안전운전불이행,건조,맑음,단일로 - 기타,자전거,남,40세,경상,원동기,남,26세,상해없음
2016102400100150,2016년 10월 24일 08시,월요일,대구광역시 북구 태전동,중상사고,0,1,0,0,차대차 - 측면직각충돌,안전운전불이행,건조,맑음,교차로 - 교차로안,승용,남,61세,상해없음,자전거,남,58세,중상
2016102400100187,2016년 10월 24일 09시,월요일,대구광역시 수성구 황금동,경상사고,0,0,1,0,차대차 - 측면충돌,안전운전불이행,건조,맑음,교차로 - 교차로부근,승용,남,43세,상해없음,승용,여,39세,상해없음
2016102400100188,2016년 10월 24일 09시,월요일,대구광역시 달서구 본리동,경상사고,0,0,1,0,차대차 - 측면충돌,안전운전불이행,건조,맑음,단일로 - 기타,승용,남,50세,기타불명,화물,남,47세,경상
2016102400100254,2016년 10월 24일 11시,월요일,대구광역시 동구 봉무동,중상사고,0,1,1,0,차대차 - 측면직각충돌,신호위반,건조,맑음,교차로 - 교차로안,승용,여,65세,상해없음,승용,남,41세,경상
2016102400100255,2016년 10월 24일 11시,월요일,대구광역시 수성구 수성동1가,중상사고,0,1,0,0,차대차 - 측면충돌,안전운전불이행,건조,맑음,단일로 - 기타,승용,남,33세,상해없음,승용,여,33세,중상
2016102400100256,2016년 10월 24일 11시,월요일,대구광역시 중구 남산동,부상신고사고,0,0,0,1,차대차 - 측면직각충돌,안전운전불이행,건조,맑음,단일로 - 기타,승용,남,67세,상해없음,승합,남,44세,부상신고
2016102400100257,2016년 10월 24일 11시,월요일,대구광역시 북구 관음동,중상사고,0,2,0,0,차대차 - 추돌,안전거리미확보,건조,맑음,단일로 - 기타,승합,남,56세,상해없음,승용,여,44세,중상
2016102400100284,2016년 10월 24일 12시,월요일,대구광역시 북구 침산동,경상사고,0,0,1,0,차대차 - 측면충돌,차로위반,건조,맑음,단일로 - 기타,원동기,남,53세,경상,승용,여,65세,상해없음
2016102400100285,2016년 10월 24일 12시,월요일,대구광역시 달서구 두류동,경상사고,0,0,1,0,차대차 - 측면직각충돌,안전운전불이행,건조,맑음,단일로 - 기타,승용,남,53세,상해없음,승용,남,57세,경상
2016102400100401,2016년 10월 24일 15시,월요일,대구광역시 수성구 신매동,경상사고,0,0,1,0,차대사람 - 기타,안전운전불이행,건조,맑음,기타 - 기타,승용,여,49세,상해없음,보행자,여,23세,경상
2016102400100402,2016년 10월 24일 15시,월요일,대구광역시 수성구 상동,경상사고,0,0,1,0,차대차 - 정면충돌,안전운전불이행,건조,맑음,교차로 - 교차로안,승용,남,21세,상해없음,승용,남,27세,경상
2016102400100445,2016년 10월 24일 16시,월요일,대구광역시 수성구 황금동,중상사고,0,1,0,0,차대사람 - 횡단중,안전운전불이행,건조,맑음,단일로 - 기타,승용,남,36세,상해없음,보행자,여,11세,중상
2016102400100446,2016년 10월 24일 16시,월요일,대구광역시 달서구 송현동,경상사고,0,0,1,0,차대사람 - 기타,안전운전불이행,건조,맑음,교차로 - 교차로안,승용,남,52세,상해없음,보행자,남,42세,경상
2016102400100447,2016년 10월 24일 16시,월요일,대구광역시 달서구 월성동,중상사고,0,1,0,0,차대사람 - 횡단중,기타,건조,맑음,단일로 - 기타,화물,남,58세,상해없음,보행자,여,6세,중상
2016102400100448,2016년 10월 24일 16시,월요일,대구광역시 달서구 유천동,경상사고,0,0,1,0,차대차 - 측면충돌,교차로운행방법위반,건조,맑음,교차로 - 교차로안,승용,남,64세,상해없음,화물,남,47세,상해없음
2016102400100449,2016년 10월 24일 16시,월요일,대구광역시 서구 평리동,경상사고,0,0,1,0,차대사람 - 기타,안전운전불이행,건조,맑음,단일로 - 기타,승용,여,23세,상해없음,보행자,남,38세,경상
2016102400100561,2016년 10월 24일 18시,월요일,대구광역시 중구 삼덕동2가,부상신고사고,0,0,0,2,차대사람 - 횡단중,안전운전불이행,건조,맑음,단일로 - 기타,기타불명,기타불명,기타불명,기타불명,보행자,남,23세,부상신고
2016102400100562,2016년 10월 24일 18시,월요일,대구광역시 남구 대명동,중상사고,0,1,0,0,차대차 - 측면충돌,안전거리미확보,건조,맑음,단일로 - 기타,승용,여,27세,상해없음,이륜,남,49세,중상
2016102400100563,2016년 10월 24일 18시,월요일,대구광역시 달서구 갈산동,경상사고,0,0,1,0,차대차 - 추돌,안전운전불이행,건조,맑음,단일로 - 기타,승용,여,24세,상해없음,승용,여,56세,상해없음
2016102400100601,2016년 10월 24일 19시,월요일,대구광역시 달성군 다사읍,중상사고,0,1,0,0,차대사람 - 횡단중,안전운전불이행,건조,맑음,단일로 - 기타,승용,남,33세,상해없음,보행자,여,73세,중상
2016102400100602,2016년 10월 24일 19시,월요일,대구광역시 북구 국우동,경상사고,0,0,2,1,차대차 - 추돌,안전운전불이행,건조,맑음,교차로 - 교차로부근,승용,여,45세,부상신고,승용,여,45세,경상
2016102400100629,2016년 10월 24일 20시,월요일,대구광역시 달성군 논공읍,경상사고,0,0,1,0,차대차 - 측면직각충돌,안전운전불이행,건조,맑음,단일로 - 기타,승용,남,74세,상해없음,승용,남,42세,경상
2016102400100632,2016년 10월 24일 20시,월요일,대구광역시 달서구 장동,부상신고사고,0,0,0,1,차대차 - 정면충돌,안전운전불이행,건조,맑음,단일로 - 기타,자전거,기타불명,기타불명,기타불명,자전거,남,32세,부상신고
2016102400100660,2016년 10월 24일 21시,월요일,대구광역시 달서구 상인동,경상사고,0,0,2,0,차대차 - 기타,신호위반,건조,맑음,교차로 - 교차로안,승용,여,51세,상해없음,승용,남,29세,경상
2016102400100686,2016년 10월 24일 22시,월요일,대구광역시 동구 각산동,경상사고,0,0,2,0,차대차 - 추돌,안전거리미확보,건조,맑음,단일로 - 기타,승용,여,31세,상해없음,승용,여,56세,경상
2016102400100687,2016년 10월 24일 22시,월요일,대구광역시 동구 효목동,경상사고,0,0,1,0,차대사람 - 횡단중,보행자보호의무위반,건조,맑음,단일로 - 횡단보도상,승용,남,22세,상해없음,보행자,여,22세,경상
2016102400100688,2016년 10월 24일 22시,월요일,대구광역시 달서구 진천동,경상사고,0,0,1,0,차대차 - 기타,안전운전불이행,건조,맑음,단일로 - 기타,기타불명,기타불명,기타불명,기타불명,자전거,여,53세,경상
2016102400100689,2016년 10월 24일 22시,월요일,대구광역시 북구 침산동,중상사고,0,1,0,0,차대차 - 측면직각충돌,안전운전불이행,건조,맑음,단일로 - 기타,승용,남,36세,상해없음,원동기,남,20세,중상
2016102400100711,2016년 10월 24일 23시,월요일,대구광역시 서구 평리동,중상사고,0,1,0,0,차대사람 - 횡단중,안전운전불이행,건조,맑음,교차로 - 교차로부근,이륜,남,49세,상해없음,보행자,여,69세,중상
2016102400100712,2016년 10월 24일 23시,월요일,대구광역시 달서구 성당동,경상사고,0,0,1,0,차대사람 - 횡단중,보행자보호의무위반,건조,맑음,교차로 - 교차로안,승용,여,23세,상해없음,보행자,남,59세,경상
2016102500100028,2016년 10월 25일 01시,화요일,대구광역시 달서구 본리동,중상사고,0,1,0,0,차대차 - 기타,안전운전불이행,건조,맑음,단일로 - 기타,승용,남,50세,상해없음,승용,남,32세,중상
2016102500100085,2016년 10월 25일 05시,화요일,대구광역시 달서구 상인동,경상사고,0,0,1,0,차대차 - 추돌,안전운전불이행,건조,맑음,교차로 - 교차로부근,승용,남,62세,상해없음,승용,남,58세,경상
2016102500100098,2016년 10월 25일 06시,화요일,대구광역시 동구 효목동,중상사고,0,1,1,0,차대사람 - 횡단중,신호위반,건조,맑음,단일로 - 기타,이륜,남,55세,상해없음,보행자,여,76세,중상
2016102500100099,2016년 10월 25일 06시,화요일,대구광역시 수성구 파동,중상사고,0,1,0,0,차량단독 - 전도전복,안전운전불이행,건조,맑음,단일로 - 터널,승용,남,34세,중상,,,,
2016102500100138,2016년 10월 25일 07시,화요일,대구광역시 달성군 옥포면,경상사고,0,0,1,0,차대차 - 측면직각충돌,안전운전불이행,건조,맑음,단일로 - 기타,승용,여,40세,상해없음,승용,남,31세,경상
2016102500100293,2016년 10월 25일 11시,화요일,대구광역시 남구 이천동,중상사고,0,1,0,0,차대차 - 측면충돌,안전운전불이행,습기,비,단일로 - 기타,승용,여,53세,상해없음,자전거,남,51세,중상
2016102500100294,2016년 10월 25일 11시,화요일,대구광역시 동구 효목동,부상신고사고,0,0,0,1,차대차 - 기타,안전운전불이행,습기,비,교차로 - 교차로안,이륜,남,24세,부상신고,승용,남,57세,상해없음
2016102500100295,2016년 10월 25일 11시,화요일,대구광역시 북구 관음동,경상사고,0,0,2,0,차대차 - 추돌,안전운전불이행,습기,흐림,단일로 - 기타,승용,여,67세,상해없음,화물,남,47세,경상
2016102500100322,2016년 10월 25일 12시,화요일,대구광역시 동구 불로동,중상사고,0,1,0,1,차대차 - 정면충돌,중앙선침범,건조,맑음,단일로 - 기타,승용,남,54세,부상신고,승용,남,46세,중상
2016102500100354,2016년 10월 25일 13시,화요일,대구광역시 동구 불로동,경상사고,0,0,1,0,차대차 - 추돌,안전운전불이행,습기,흐림,단일로 - 기타,승용,여,39세,상해없음,이륜,남,44세,경상
2016102500100355,2016년 10월 25일 13시,화요일,대구광역시 북구 노원동2가,경상사고,0,0,1,0,차대차 - 측면충돌,안전운전불이행,건조,맑음,교차로 - 교차로안,자전거,여,70세,경상,화물,남,54세,상해없음
2016102500100382,2016년 10월 25일 14시,화요일,대구광역시 남구 대명동,경상사고,0,0,1,0,차대사람 - 기타,안전운전불이행,건조,맑음,기타 - 기타,승용,남,74세,상해없음,보행자,여,57세,경상
2016102500100410,2016년 10월 25일 15시,화요일,대구광역시 수성구 황금동,경상사고,0,0,1,0,차대사람 - 횡단중,신호위반,건조,맑음,단일로 - 횡단보도상,이륜,남,20세,상해없음,보행자,남,42세,경상
2016102500100411,2016년 10월 25일 15시,화요일,대구광역시 서구 비산동,경상사고,0,0,1,0,차대사람 - 횡단중,보행자보호의무위반,건조,맑음,교차로 - 교차로안,특수,남,58세,상해없음,보행자,남,58세,경상
2016102500100412,2016년 10월 25일 15시,화요일,대구광역시 중구 대봉동,중상사고,0,1,0,0,차대차 - 측면충돌,안전운전불이행,건조,맑음,단일로 - 기타,승용,남,52세,상해없음,이륜,남,63세,중상
2016102500100447,2016년 10월 25일 16시,화요일,대구광역시 수성구 상동,중상사고,0,1,0,0,차대차 - 기타,안전운전불이행,건조,맑음,교차로 - 교차로부근,자전거,여,61세,중상,자전거,남,14세,상해없음
2016102500100448,2016년 10월 25일 16시,화요일,대구광역시 북구 복현동,경상사고,0,0,1,0,차대차 - 기타,안전운전불이행,건조,맑음,단일로 - 기타,승용,남,26세,상해없음,자전거,남,19세,경상
2016102500100449,2016년 10월 25일 16시,화요일,대구광역시 서구 비산동,경상사고,0,0,1,0,차대사람 - 기타,안전운전불이행,건조,맑음,단일로 - 기타,승용,여,51세,상해없음,보행자,남,32세,경상
2016102500100450,2016년 10월 25일 16시,화요일,대구광역시 중구 남산동,경상사고,0,0,1,0,차대사람 - 기타,안전운전불이행,건조,맑음,단일로 - 기타,승용,남,27세,상해없음,보행자,남,58세,경상
2016102500100490,2016년 10월 25일 17시,화요일,대구광역시 북구 금호동,중상사고,0,1,0,0,차대차 - 추돌,안전운전불이행,건조,맑음,단일로 - 기타,화물,남,37세,상해없음,승용,남,58세,중상
2016102500100495,2016년 10월 25일 17시,화요일,대구광역시 중구 동인동1가,경상사고,0,0,1,0,차대차 - 추돌,안전운전불이행,건조,맑음,단일로 - 기타,승용,여,39세,상해없음,승용,여,31세,경상
2016102500100560,2016년 10월 25일 18시,화요일,대구광역시 수성구 지산동,경상사고,0,0,1,0,차대차 - 정면충돌,안전운전불이행,건조,맑음,단일로 - 기타,승용,남,53세,상해없음,승용,여,57세,경상
2016102500100561,2016년 10월 25일 18시,화요일,대구광역시 달성군 화원읍,중상사고,0,2,0,0,차대차 - 추돌,안전운전불이행,건조,맑음,단일로 - 기타,승용,남,45세,상해없음,승용,여,42세,중상
2016102500100562,2016년 10월 25일 18시,화요일,대구광역시 달성군 하빈면,중상사고,0,1,0,0,차대사람 - 길가장자리구역통행중,안전운전불이행,건조,맑음,교차로 - 교차로부근,화물,남,75세,상해없음,보행자,여,76세,중상
2016102500100563,2016년 10월 25일 18시,화요일,대구광역시 북구 국우동,경상사고,0,0,2,0,차대차 - 추돌,안전운전불이행,건조,맑음,단일로 - 기타,승용,남,55세,상해없음,이륜,남,56세,경상
2016102500100595,2016년 10월 25일 19시,화요일,대구광역시 남구 대명동,중상사고,0,1,0,0,차대차 - 측면충돌,안전거리미확보,건조,맑음,단일로 - 기타,승용,남,63세,상해없음,원동기,남,26세,중상
2016102500100596,2016년 10월 25일 19시,화요일,대구광역시 동구 입석동,경상사고,0,0,2,0,차대차 - 측면직각충돌,안전운전불이행,건조,맑음,교차로 - 교차로안,승용,남,69세,상해없음,승용,여,46세,경상
2016102500100597,2016년 10월 25일 19시,화요일,대구광역시 북구 침산동,경상사고,0,0,2,0,차대차 - 측면직각충돌,안전운전불이행,건조,맑음,단일로 - 기타,승용,여,53세,경상,승용,여,29세,경상
2016102500100626,2016년 10월 25일 20시,화요일,대구광역시 동구 도동,부상신고사고,0,0,0,1,차대차 - 측면충돌,직진우회전진행방해,건조,맑음,교차로 - 교차로안,자전거,남,20세,부상신고,승용,남,46세,상해없음
2016102500100627,2016년 10월 25일 20시,화요일,대구광역시 서구 내당동,중상사고,0,1,0,0,차대차 - 측면직각충돌,신호위반,건조,맑음,단일로 - 횡단보도상,승용,여,56세,상해없음,자전거,남,61세,중상
2016102500100661,2016년 10월 25일 21시,화요일,대구광역시 달성군 화원읍,경상사고,0,0,1,0,차대차 - 추돌,안전운전불이행,건조,맑음,교차로 - 교차로부근,승용,남,54세,상해없음,승용,여,56세,경상
2016102500100663,2016년 10월 25일 21시,화요일,대구광역시 달서구 이곡동,경상사고,0,0,1,0,차대차 - 측면충돌,안전거리미확보,건조,맑음,교차로 - 교차로부근,화물,남,56세,상해없음,승용,남,56세,경상
2016102500100686,2016년 10월 25일 22시,화요일,대구광역시 남구 이천동,경상사고,0,0,2,0,차대차 - 추돌,안전거리미확보,건조,맑음,단일로 - 기타,승용,남,59세,상해없음,화물,남,44세,상해없음
2016102500100687,2016년 10월 25일 22시,화요일,대구광역시 달서구 용산동,경상사고,0,0,1,0,차대차 - 측면충돌,안전운전불이행,건조,맑음,단일로 - 기타,자전거,남,18세,경상,이륜,남,17세,상해없음
2016102600100018,2016년 10월 26일 00시,수요일,대구광역시 달성군 논공읍,경상사고,0,0,1,0,차대차 - 추돌,안전운전불이행,건조,맑음,단일로 - 기타,승용,남,24세,상해없음,승용,남,53세,경상
2016102600100019,2016년 10월 26일 00시,수요일,대구광역시 서구 평리동,경상사고,0,0,4,0,차대차 - 정면충돌,중앙선침범,건조,맑음,단일로 - 기타,승용,남,26세,상해없음,승용,남,50세,경상
2016102600100062,2016년 10월 26일 03시,수요일,대구광역시 중구 남산동,중상사고,0,1,0,0,차량단독 - 전도전복,안전운전불이행,건조,맑음,단일로 - 기타,원동기,남,18세,상해없음,,,,
2016102600100081,2016년 10월 26일 05시,수요일,대구광역시 달서구 죽전동,중상사고,0,1,3,1,차대차 - 기타,직진우회전진행방해,건조,맑음,교차로 - 교차로안,승용,남,36세,경상,승합,남,76세,중상
2016102600100082,2016년 10월 26일 05시,수요일,대구광역시 북구 매천동,사망사고,1,2,1,0,차대차 - 정면충돌,중앙선침범,건조,맑음,단일로 - 기타,승용,남,71세,사망,승용,남,54세,중상
2016102600100103,2016년 10월 26일 06시,수요일,대구광역시 동구 용계동,경상사고,0,0,3,0,차대차 - 추돌,안전운전불이행,건조,맑음,교차로 - 교차로부근,승용,남,36세,상해없음,화물,남,77세,경상
2016102600100104,2016년 10월 26일 06시,수요일,대구광역시 중구 동인동4가,중상사고,0,1,0,0,차대사람 - 횡단중,안전운전불이행,건조,맑음,교차로 - 교차로부근,승용,여,48세,상해없음,보행자,남,18세,중상
2016102600100126,2016년 10월 26일 07시,수요일,대구광역시 달서구 상인동,경상사고,0,0,1,0,차대차 - 측면충돌,안전운전불이행,건조,맑음,단일로 - 기타,승용,여,44세,상해없음,자전거,남,18세,경상
2016102600100127,2016년 10월 26일 07시,수요일,대구광역시 서구 평리동,부상신고사고,0,0,0,1,차대차 - 측면충돌,안전거리미확보,건조,맑음,단일로 - 기타,이륜,남,62세,부상신고,승용,남,30세,상해없음
2016102600100128,2016년 10월 26일 07시,수요일,대구광역시 서구 이현동,경상사고,0,0,2,0,차대차 - 추돌,안전거리미확보,습기,비,단일로 - 기타,승용,여,56세,상해없음,승용,남,62세,경상
2016102600100129,2016년 10월 26일 07시,수요일,대구광역시 달서구 용산동,경상사고,0,0,1,0,차대차 - 기타,안전운전불이행,건조,맑음,단일로 - 기타,승용,남,60세,경상,화물,남,42세,상해없음
2016102600100164,2016년 10월 26일 08시,수요일,대구광역시 서구 내당동,경상사고,0,0,1,0,차대차 - 정면충돌,안전운전불이행,건조,맑음,교차로 - 교차로부근,승용,남,50세,상해없음,이륜,여,46세,경상
2016102600100165,2016년 10월 26일 08시,수요일,대구광역시 중구 동인동1가,중상사고,0,1,0,0,차대차 - 측면충돌,직진우회전진행방해,건조,맑음,교차로 - 교차로안,승합,남,46세,상해없음,이륜,남,67세,중상
2016102600100166,2016년 10월 26일 08시,수요일,대구광역시 중구 삼덕동2가,중상사고,0,1,0,0,차대차 - 정면충돌,안전운전불이행,건조,맑음,단일로 - 기타,승용,남,50세,상해없음,이륜,남,49세,중상
2016102600100167,2016년 10월 26일 08시,수요일,대구광역시 달서구 이곡동,경상사고,0,0,2,0,차대차 - 기타,안전운전불이행,건조,맑음,교차로 - 교차로부근,승합,남,44세,상해없음,이륜,남,16세,경상
2016102600100244,2016년 10월 26일 10시,수요일,대구광역시 달성군 하빈면,경상사고,0,0,1,0,차대차 - 기타,안전운전불이행,건조,맑음,단일로 - 기타,화물,남,66세,상해없음,화물,남,57세,경상
2016102600100277,2016년 10월 26일 11시,수요일,대구광역시 북구 읍내동,중상사고,0,1,0,0,차대차 - 측면충돌,직진우회전진행방해,건조,맑음,교차로 - 교차로안,승용,남,34세,상해없음,이륜,남,30세,중상
2016102600100302,2016년 10월 26일 12시,수요일,대구광역시 동구 신기동,경상사고,0,0,1,0,차대사람 - 기타,안전운전불이행,건조,맑음,단일로 - 기타,승용,남,77세,상해없음,보행자,여,27세,경상
2016102600100303,2016년 10월 26일 12시,수요일,대구광역시 달서구 호림동,경상사고,0,0,1,0,차대사람 - 횡단중,안전운전불이행,건조,맑음,단일로 - 기타,승용,남,41세,상해없음,보행자,남,56세,경상
2016102600100304,2016년 10월 26일 12시,수요일,대구광역시 달서구 성당동,부상신고사고,0,0,0,1,차대차 - 측면충돌,안전운전불이행,건조,맑음,단일로 - 횡단보도상,자전거,남,81세,부상신고,승합,남,50세,상해없음
2016102600100360,2016년 10월 26일 14시,수요일,대구광역시 수성구 지산동,경상사고,0,0,2,0,차대차 - 측면충돌,교차로운행방법위반,건조,맑음,교차로 - 교차로안,승용,남,62세,경상,화물,남,30세,경상
2016102600100361,2016년 10월 26일 14시,수요일,대구광역시 달성군 화원읍,중상사고,0,1,0,0,차대차 - 정면충돌,안전운전불이행,건조,맑음,단일로 - 기타,특수,남,49세,상해없음,자전거,남,19세,중상
2016102600100362,2016년 10월 26일 14시,수요일,대구광역시 달성군 현풍면,중상사고,0,1,0,0,차대차 - 측면충돌,중앙선침범,건조,맑음,교차로 - 교차로부근,승용,여,42세,상해없음,이륜,남,28세,중상
2016102600100363,2016년 10월 26일 14시,수요일,대구광역시 서구 내당동,경상사고,0,0,1,0,차대차 - 기타,기타,건조,맑음,교차로 - 교차로안,승합,남,50세,상해없음,승용,여,41세,상해없음
2016102600100395,2016년 10월 26일 15시,수요일,대구광역시 동구 방촌동,경상사고,0,0,1,0,차대차 - 측면충돌,안전운전불이행,건조,맑음,단일로 - 횡단보도상,승용,남,26세,상해없음,자전거,여,66세,경상
2016102600100396,2016년 10월 26일 15시,수요일,대구광역시 북구 산격동,경상사고,0,0,1,0,차대차 - 측면직각충돌,신호위반,건조,맑음,교차로 - 교차로안,이륜,남,21세,경상,승용,남,65세,상해없음