사고번호,사고일시,요일,시군구,사고내용,사망자수,중상자수,경상자수,부상신고자수,사고유형,법규위반,노면상태,기상상태,도로형태,가해운전자 차종,가해운전자 성별,가해운전자 연령,가해운전자 상해정도,피해운전자 차종,피해운전자 성별,피해운전자 연령,피해운전자 상해정도
2016102600100397,2016년 10월 26일 15시,수요일,대구광역시 서구 내당동,경상사고,0,0,1,0,차대사람 - 길가장자리구역통행중,안전운전불이행,건조,맑음,단일로 - 기타,승용,여,51세,상해없음,보행자,여,65세,경상
2016102600100430,2016년 10월 26일 16시,수요일,대구광역시 달성군 현풍면,중상사고,0,1,2,0,차대차 - 기타,안전운전불이행,건조,맑음,단일로 - 기타,화물,남,30세,경상,건설기계,남,60세,중상
2016102600100431,2016년 10월 26일 16시,수요일,대구광역시 북구 산격동,중상사고,0,1,0,0,차대사람 - 횡단중,보행자보호의무위반,건조,맑음,단일로 - 횡단보도상,승용,남,81세,상해없음,보행자,여,68세,중상
2016102600100432,2016년 10월 26일 16시,수요일,대구광역시 서구 내당동,중상사고,0,1,0,0,차대사람 - 횡단중,보행자보호의무위반,건조,맑음,단일로 - 기타,승용,남,41세,상해없음,보행자,여,86세,중상
2016102600100433,2016년 10월 26일 16시,수요일,대구광역시 중구 대봉동,중상사고,0,1,0,0,차대사람 - 기타,안전운전불이행,건조,맑음,교차로 - 교차로부근,화물,남,62세,상해없음,보행자,여,67세,중상
2016102600100477,2016년 10월 26일 17시,수요일,대구광역시 수성구 상동,중상사고,0,1,0,0,차대차 - 기타,안전거리미확보,건조,맑음,단일로 - 기타,승용,여,41세,상해없음,원동기,남,26세,중상
2016102600100478,2016년 10월 26일 17시,수요일,대구광역시 북구 매천동,경상사고,0,0,1,0,차대차 - 추돌,안전운전불이행,건조,맑음,단일로 - 기타,화물,남,47세,상해없음,승용,여,55세,경상
2016102600100584,2016년 10월 26일 19시,수요일,대구광역시 수성구 지산동,중상사고,0,1,0,0,차대차 - 추돌,안전운전불이행,건조,맑음,단일로 - 기타,승용,남,43세,상해없음,승용,남,기타불명,중상
2016102600100585,2016년 10월 26일 19시,수요일,대구광역시 달성군 옥포면,경상사고,0,0,1,0,차대차 - 측면직각충돌,안전운전불이행,건조,맑음,교차로 - 교차로안,승용,남,46세,경상,승용,남,36세,상해없음
2016102600100586,2016년 10월 26일 19시,수요일,대구광역시 중구 태평로2가,경상사고,0,0,3,2,차대차 - 정면충돌,안전거리미확보,건조,맑음,단일로 - 기타,화물,여,57세,부상신고,승용,여,51세,경상
2016102600100587,2016년 10월 26일 19시,수요일,대구광역시 달서구 신당동,경상사고,0,0,1,0,차대차 - 측면직각충돌,중앙선침범,건조,맑음,교차로 - 교차로부근,승용,남,59세,상해없음,승용,남,49세,경상
2016102600100629,2016년 10월 26일 20시,수요일,대구광역시 동구 봉무동,중상사고,0,1,0,0,차대차 - 추돌,안전운전불이행,건조,맑음,단일로 - 기타,승용,남,23세,상해없음,이륜,남,20세,중상
2016102600100630,2016년 10월 26일 20시,수요일,대구광역시 수성구 두산동,중상사고,0,1,0,0,차대차 - 기타,안전운전불이행,건조,맑음,단일로 - 기타,승용,여,39세,상해없음,자전거,여,45세,중상
2016102600100651,2016년 10월 26일 21시,수요일,대구광역시 북구 동천동,경상사고,0,0,1,0,차대사람 - 횡단중,안전운전불이행,건조,맑음,단일로 - 기타,승용,남,49세,상해없음,보행자,여,11세,경상
2016102600100679,2016년 10월 26일 22시,수요일,대구광역시 중구 대신동,경상사고,0,0,2,1,차대차 - 측면직각충돌,안전운전불이행,건조,맑음,교차로 - 교차로안,승용,남,45세,부상신고,승용,남,47세,경상
2016102600100680,2016년 10월 26일 22시,수요일,대구광역시 북구 구암동,경상사고,0,0,1,0,차대차 - 측면충돌,신호위반,건조,맑음,교차로 - 교차로부근,승용,남,50세,상해없음,이륜,남,22세,경상
2016102600100681,2016년 10월 26일 22시,수요일,대구광역시 북구 읍내동,중상사고,0,1,0,0,차대차 - 측면충돌,신호위반,건조,맑음,교차로 - 교차로안,승용,남,48세,상해없음,이륜,남,22세,중상
2016102600100682,2016년 10월 26일 22시,수요일,대구광역시 북구 읍내동,경상사고,0,0,1,0,차대차 - 추돌,안전운전불이행,건조,맑음,단일로 - 기타,승용,남,58세,상해없음,승용,남,37세,경상
2016102600100695,2016년 10월 26일 23시,수요일,대구광역시 수성구 상동,부상신고사고,0,0,0,1,차대차 - 측면충돌,신호위반,건조,맑음,교차로 - 교차로안,이륜,남,38세,부상신고,승용,남,45세,상해없음
2016102600100696,2016년 10월 26일 23시,수요일,대구광역시 달서구 진천동,경상사고,0,0,1,0,차대차 - 측면직각충돌,신호위반,건조,맑음,교차로 - 교차로안,승용,남,44세,상해없음,승용,남,35세,경상
2016102700100015,2016년 10월 27일 00시,목요일,대구광역시 달서구 상인동,경상사고,0,0,1,0,차대차 - 측면충돌,교차로운행방법위반,건조,맑음,교차로 - 교차로안,승용,남,60세,상해없음,승용,남,59세,상해없음
2016102700100049,2016년 10월 27일 04시,목요일,대구광역시 중구 남산동,중상사고,0,1,0,0,차대사람 - 횡단중,안전운전불이행,건조,맑음,기타 - 기타,승용,남,37세,상해없음,보행자,남,68세,중상
2016102700100050,2016년 10월 27일 04시,목요일,대구광역시 달서구 본동,경상사고,0,0,1,0,차대차 - 측면충돌,신호위반,건조,맑음,교차로 - 교차로안,승용,여,31세,상해없음,승용,여,46세,경상
2016102700100077,2016년 10월 27일 06시,목요일,대구광역시 달서구 성당동,경상사고,0,0,1,0,차대차 - 측면충돌,신호위반,건조,맑음,교차로 - 교차로안,승용,남,68세,상해없음,승용,남,51세,경상
2016102700100099,2016년 10월 27일 07시,목요일,대구광역시 남구 봉덕동,중상사고,0,1,0,0,차대사람 - 횡단중,안전운전불이행,건조,맑음,단일로 - 횡단보도상,이륜,남,27세,상해없음,보행자,여,66세,중상
2016102700100100,2016년 10월 27일 07시,목요일,대구광역시 동구 용계동,중상사고,0,1,5,0,차대차 - 기타,안전거리미확보,건조,맑음,단일로 - 기타,승용,남,40세,상해없음,승용,남,35세,경상
2016102700100101,2016년 10월 27일 07시,목요일,대구광역시 북구 복현동,경상사고,0,0,2,0,차대차 - 기타,교차로운행방법위반,건조,맑음,교차로 - 교차로안,승용,여,27세,경상,승용,남,57세,경상
2016102700100102,2016년 10월 27일 07시,목요일,대구광역시 달서구 용산동,경상사고,0,0,1,1,차대차 - 기타,안전운전불이행,건조,맑음,기타 - 기타,화물,여,44세,부상신고,승용,여,51세,경상
2016102700100128,2016년 10월 27일 08시,목요일,대구광역시 동구 신암동,경상사고,0,0,1,0,차대사람 - 기타,기타,건조,맑음,단일로 - 기타,승합,남,52세,기타불명,보행자,여,25세,경상
2016102700100129,2016년 10월 27일 08시,목요일,대구광역시 서구 평리동,경상사고,0,0,1,0,차대사람 - 보도통행중,안전운전불이행,건조,맑음,단일로 - 기타,승용,남,51세,상해없음,보행자,여,64세,경상
2016102700100161,2016년 10월 27일 09시,목요일,대구광역시 남구 대명동,경상사고,0,0,2,0,차대차 - 측면충돌,교차로운행방법위반,건조,맑음,교차로 - 교차로안,승용,남,36세,경상,승용,남,58세,경상
2016102700100162,2016년 10월 27일 09시,목요일,대구광역시 서구 평리동,경상사고,0,0,1,0,차대차 - 측면직각충돌,신호위반,건조,맑음,교차로 - 교차로안,승용,남,54세,상해없음,자전거,여,42세,경상
2016102700100185,2016년 10월 27일 10시,목요일,대구광역시 동구 용계동,중상사고,0,1,0,0,차대차 - 측면충돌,신호위반,건조,맑음,단일로 - 횡단보도상,승용,남,29세,상해없음,자전거,남,69세,중상
2016102700100186,2016년 10월 27일 10시,목요일,대구광역시 수성구 황금동,경상사고,0,0,2,1,차대차 - 측면충돌,직진우회전진행방해,건조,맑음,교차로 - 교차로안,승용,여,30세,부상신고,승용,여,56세,경상
2016102700100187,2016년 10월 27일 10시,목요일,대구광역시 수성구 만촌동,부상신고사고,0,0,0,1,차대사람 - 기타,안전운전불이행,건조,맑음,단일로 - 기타,승용,남,62세,상해없음,보행자,남,33세,부상신고
2016102700100188,2016년 10월 27일 10시,목요일,대구광역시 중구 덕산동,중상사고,0,1,0,0,차대차 - 추돌,안전운전불이행,건조,맑음,단일로 - 기타,승용,남,25세,상해없음,승용,남,59세,중상
2016102700100231,2016년 10월 27일 12시,목요일,대구광역시 달서구 장동,경상사고,0,0,1,0,차대차 - 측면충돌,차로위반,건조,맑음,단일로 - 기타,승용,남,67세,상해없음,승용,남,27세,경상
2016102700100282,2016년 10월 27일 14시,목요일,대구광역시 남구 이천동,경상사고,0,0,3,0,차대차 - 기타,차로위반,건조,맑음,단일로 - 기타,승용,남,80세,경상,승용,남,39세,경상
2016102700100283,2016년 10월 27일 14시,목요일,대구광역시 수성구 만촌동,경상사고,0,0,3,1,차대차 - 측면직각충돌,안전거리미확보,건조,맑음,단일로 - 기타,승용,여,57세,상해없음,승용,여,38세,경상
2016102700100284,2016년 10월 27일 14시,목요일,대구광역시 달서구 진천동,경상사고,0,0,1,0,차대차 - 기타,안전운전불이행,건조,맑음,교차로 - 교차로부근,승용,여,44세,상해없음,자전거,남,61세,경상
2016102700100285,2016년 10월 27일 14시,목요일,대구광역시 달서구 상인동,경상사고,0,0,1,0,차대차 - 추돌,안전운전불이행,건조,맑음,교차로 - 교차로부근,승용,여,30세,상해없음,승용,남,26세,경상
2016102700100286,2016년 10월 27일 14시,목요일,대구광역시 중구 봉산동,중상사고,0,1,0,0,차대차 - 측면충돌,안전운전불이행,건조,맑음,단일로 - 기타,승용,남,57세,상해없음,이륜,남,32세,중상
2016102700100316,2016년 10월 27일 15시,목요일,대구광역시 서구 평리동,경상사고,0,0,1,0,차대차 - 측면직각충돌,안전운전불이행,건조,맑음,교차로 - 교차로부근,이륜,남,76세,상해없음,승용,남,57세,상해없음
2016102700100352,2016년 10월 27일 16시,목요일,대구광역시 중구 봉산동,중상사고,0,1,0,0,차대차 - 측면충돌,안전운전불이행,건조,맑음,단일로 - 기타,승용,남,42세,상해없음,이륜,남,46세,중상
2016102700100376,2016년 10월 27일 17시,목요일,대구광역시 북구 금호동,중상사고,0,3,0,0,차대차 - 추돌,안전운전불이행,건조,맑음,단일로 - 기타,화물,남,46세,상해없음,화물,남,37세,중상
2016102700100431,2016년 10월 27일 18시,목요일,대구광역시 북구 조야동,경상사고,0,0,2,0,차대차 - 측면직각충돌,안전운전불이행,건조,맑음,단일로 - 기타,화물,남,61세,경상,승용,여,45세,경상
2016102700100439,2016년 10월 27일 18시,목요일,대구광역시 수성구 범어동,중상사고,0,1,0,0,차대차 - 측면충돌,안전운전불이행,건조,맑음,단일로 - 기타,승용,여,34세,상해없음,승용,남,61세,중상
2016102700100440,2016년 10월 27일 18시,목요일,대구광역시 달서구 송현동,경상사고,0,0,1,0,차대차 - 측면직각충돌,교차로운행방법위반,건조,맑음,교차로 - 교차로안,승용,남,63세,상해없음,원동기,여,43세,경상
2016102700100441,2016년 10월 27일 18시,목요일,대구광역시 서구 평리동,경상사고,0,0,3,0,차대차 - 측면충돌,안전운전불이행,건조,맑음,단일로 - 기타,승용,남,55세,상해없음,승용,남,63세,경상
2016102700100483,2016년 10월 27일 19시,목요일,대구광역시 동구 신서동,경상사고,0,0,1,0,차대차 - 기타,중앙선침범,건조,맑음,단일로 - 기타,승용,남,34세,상해없음,자전거,남,12세,경상
2016102700100519,2016년 10월 27일 20시,목요일,대구광역시 북구 산격동,경상사고,0,0,1,0,차대사람 - 횡단중,안전운전불이행,건조,맑음,교차로 - 교차로부근,이륜,남,39세,기타불명,보행자,여,16세,경상
2016102700100520,2016년 10월 27일 20시,목요일,대구광역시 북구 산격동,경상사고,0,0,2,1,차대차 - 추돌,안전운전불이행,건조,맑음,단일로 - 기타,화물,남,52세,상해없음,승용,남,37세,경상
2016102700100550,2016년 10월 27일 21시,목요일,대구광역시 북구 고성동2가,부상신고사고,0,0,0,1,차대사람 - 기타,안전운전불이행,건조,맑음,단일로 - 기타,자전거,남,48세,상해없음,보행자,남,17세,부상신고
2016102700100584,2016년 10월 27일 22시,목요일,대구광역시 수성구 상동,경상사고,0,0,2,0,차대차 - 측면충돌,신호위반,건조,맑음,교차로 - 교차로안,승용,여,53세,상해없음,승용,남,72세,경상
2016102700100585,2016년 10월 27일 22시,목요일,대구광역시 중구 남산동,경상사고,0,0,1,0,차대차 - 기타,기타,건조,맑음,단일로 - 기타,승용,남,45세,상해없음,자전거,여,55세,경상
2016102700100586,2016년 10월 27일 22시,목요일,대구광역시 달서구 감삼동,경상사고,0,0,1,0,차대차 - 정면충돌,안전운전불이행,건조,맑음,교차로 - 교차로부근,승용,남,57세,상해없음,승용,남,43세,경상
2016102700100610,2016년 10월 27일 23시,목요일,대구광역시 수성구 지산동,중상사고,0,1,0,0,차대사람 - 기타,안전운전불이행,건조,맑음,교차로 - 교차로안,승용,남,34세,상해없음,보행자,남,63세,중상
2016102800100033,2016년 10월 28일 01시,금요일,대구광역시 서구 내당동,경상사고,0,0,3,0,차대차 - 추돌,안전거리미확보,건조,맑음,단일로 - 기타,승용,남,37세,상해없음,승용,남,67세,경상
2016102800100056,2016년 10월 28일 03시,금요일,대구광역시 동구 신암동,중상사고,0,1,0,0,차대사람 - 횡단중,안전운전불이행,습기,비,교차로 - 교차로부근,승용,남,32세,상해없음,보행자,여,48세,중상
2016102800100099,2016년 10월 28일 06시,금요일,대구광역시 수성구 범어동,중상사고,0,1,0,0,차대사람 - 횡단중,보행자보호의무위반,습기,비,교차로 - 교차로부근,건설기계,남,55세,상해없음,보행자,여,73세,중상
2016102800100100,2016년 10월 28일 06시,금요일,대구광역시 북구 침산동,경상사고,0,0,3,0,차대차 - 측면직각충돌,안전운전불이행,건조,맑음,교차로 - 교차로부근,승용,남,46세,상해없음,승용,남,55세,경상
2016102800100101,2016년 10월 28일 06시,금요일,대구광역시 북구 침산동,부상신고사고,0,0,0,1,차대사람 - 횡단중,안전운전불이행,건조,맑음,단일로 - 횡단보도상,기타불명,기타불명,기타불명,기타불명,보행자,남,24세,부상신고
2016102800100102,2016년 10월 28일 06시,금요일,대구광역시 달서구 두류동,중상사고,0,1,0,0,차대사람 - 횡단중,신호위반,건조,맑음,교차로 - 교차로안,승용,남,48세,상해없음,보행자,남,32세,중상
2016102800100123,2016년 10월 28일 07시,금요일,대구광역시 북구 복현동,경상사고,0,0,1,0,차대차 - 기타,안전거리미확보,습기,비,단일로 - 기타,승용,여,53세,상해없음,승용,남,45세,경상
2016102800100124,2016년 10월 28일 07시,금요일,대구광역시 달서구 용산동,중상사고,0,1,0,0,차대차 - 기타,신호위반,적설,비,교차로 - 교차로안,화물,남,55세,상해없음,승용,남,60세,중상
2016102800100153,2016년 10월 28일 08시,금요일,대구광역시 남구 봉덕동,중상사고,0,1,0,0,차대사람 - 횡단중,신호위반,기타,비,단일로 - 횡단보도상,승용,여,41세,상해없음,보행자,남,8세,중상
2016102800100154,2016년 10월 28일 08시,금요일,대구광역시 동구 불로동,경상사고,0,0,1,0,차대차 - 측면직각충돌,직진우회전진행방해,건조,맑음,교차로 - 교차로부근,화물,여,44세,상해없음,승용,남,27세,경상
2016102800100155,2016년 10월 28일 08시,금요일,대구광역시 북구 칠성동1가,경상사고,0,0,2,0,차대차 - 측면충돌,안전운전불이행,건조,맑음,교차로 - 교차로부근,승용,남,40세,상해없음,승용,남,44세,경상
2016102800100156,2016년 10월 28일 08시,금요일,대구광역시 달서구 성당동,경상사고,0,0,1,0,차대차 - 추돌,안전거리미확보,습기,비,단일로 - 기타,승용,남,74세,상해없음,승용,여,52세,경상
2016102800100193,2016년 10월 28일 09시,금요일,대구광역시 달서구 송현동,중상사고,0,1,0,0,차대사람 - 보도통행중,신호위반,습기,비,교차로 - 교차로부근,승용,여,44세,상해없음,보행자,여,37세,중상
2016102800100194,2016년 10월 28일 09시,금요일,대구광역시 달서구 본동,부상신고사고,0,0,0,1,차대차 - 기타,안전운전불이행,건조,맑음,기타 - 기타,승용,남,81세,부상신고,승용,여,33세,기타불명
2016102800100223,2016년 10월 28일 10시,금요일,대구광역시 달서구 상인동,경상사고,0,0,1,0,차대차 - 기타,안전운전불이행,건조,맑음,기타 - 기타,승용,남,31세,상해없음,자전거,남,18세,경상
2016102800100224,2016년 10월 28일 10시,금요일,대구광역시 달서구 감삼동,중상사고,0,1,0,0,차대사람 - 횡단중,안전운전불이행,습기,비,단일로 - 기타,화물,남,55세,상해없음,보행자,여,59세,중상
2016102800100225,2016년 10월 28일 10시,금요일,대구광역시 달서구 두류동,중상사고,0,1,0,0,차대차 - 측면직각충돌,안전운전불이행,습기,흐림,교차로 - 교차로부근,화물,남,75세,상해없음,승용,여,52세,중상
2016102800100265,2016년 10월 28일 12시,금요일,대구광역시 서구 중리동,경상사고,0,0,1,0,차대차 - 기타,교차로운행방법위반,습기,비,교차로 - 교차로안,승용,남,52세,상해없음,이륜,남,44세,경상
2016102800100288,2016년 10월 28일 13시,금요일,대구광역시 중구 태평로3가,중상사고,0,1,0,0,차대차 - 측면직각충돌,교차로운행방법위반,습기,비,교차로 - 교차로안,승용,여,26세,상해없음,이륜,남,57세,중상
2016102800100322,2016년 10월 28일 14시,금요일,대구광역시 수성구 연호동,중상사고,0,1,5,0,차대차 - 측면충돌,안전운전불이행,건조,맑음,단일로 - 기타,승합,남,55세,상해없음,승합,남,56세,상해없음
2016102800100359,2016년 10월 28일 15시,금요일,대구광역시 동구 율하동,경상사고,0,0,1,0,차대차 - 측면직각충돌,안전운전불이행,습기,비,교차로 - 교차로부근,승용,남,60세,상해없음,승용,여,57세,경상
2016102800100360,2016년 10월 28일 15시,금요일,대구광역시 북구 노원동2가,경상사고,0,0,1,0,차대차 - 측면충돌,신호위반,습기,흐림,단일로 - 횡단보도상,화물,남,42세,상해없음,원동기,여,32세,경상
2016102800100394,2016년 10월 28일 16시,금요일,대구광역시 남구 대명동,중상사고,0,1,0,0,차대차 - 측면충돌,안전운전불이행,습기,비,단일로 - 기타,화물,남,55세,상해없음,화물,남,57세,상해없음
2016102800100395,2016년 10월 28일 16시,금요일,대구광역시 남구 대명동,경상사고,0,0,1,0,차대차 - 측면충돌,불법유턴,건조,맑음,교차로 - 교차로부근,이륜,남,54세,상해없음,이륜,남,59세,경상
2016102800100396,2016년 10월 28일 16시,금요일,대구광역시 달서구 상인동,경상사고,0,0,3,0,차대차 - 기타,안전거리미확보,건조,맑음,단일로 - 기타,승용,여,45세,상해없음,승용,남,37세,경상
2016102800100430,2016년 10월 28일 17시,금요일,대구광역시 달서구 월암동,경상사고,0,0,1,0,차대차 - 추돌,안전거리미확보,습기,비,교차로 - 교차로부근,승용,남,55세,상해없음,승용,남,34세,경상
2016102800100481,2016년 10월 28일 18시,금요일,대구광역시 달성군 다사읍,경상사고,0,0,1,0,차대차 - 정면충돌,안전운전불이행,건조,맑음,단일로 - 기타,승용,남,52세,상해없음,승용,남,36세,상해없음
2016102800100522,2016년 10월 28일 19시,금요일,대구광역시 달서구 상인동,경상사고,0,0,2,0,차대차 - 측면충돌,직진우회전진행방해,건조,맑음,교차로 - 교차로안,승용,여,38세,경상,승용,여,25세,경상
2016102800100523,2016년 10월 28일 19시,금요일,대구광역시 서구 이현동,경상사고,0,0,1,0,차대차 - 추돌,안전운전불이행,건조,흐림,단일로 - 기타,승합,남,60세,상해없음,승용,여,51세,경상
2016102800100565,2016년 10월 28일 20시,금요일,대구광역시 동구 신천동,경상사고,0,0,1,0,차량단독 - 기타,안전거리미확보,건조,맑음,단일로 - 기타,승용,남,67세,상해없음,,,,
2016102800100566,2016년 10월 28일 20시,금요일,대구광역시 수성구 중동,부상신고사고,0,0,0,1,차대차 - 측면충돌,안전운전불이행,건조,맑음,단일로 - 기타,이륜,남,38세,부상신고,승용,남,34세,상해없음
2016102800100567,2016년 10월 28일 20시,금요일,대구광역시 달서구 월성동,경상사고,0,0,1,0,차대차 - 측면충돌,차로위반,습기,흐림,단일로 - 기타,화물,남,47세,상해없음,원동기,남,19세,경상
2016102800100606,2016년 10월 28일 21시,금요일,대구광역시 동구 신천동,중상사고,0,1,0,0,차대사람 - 횡단중,신호위반,건조,맑음,교차로 - 교차로안,승용,남,73세,상해없음,보행자,남,26세,중상
2016102800100640,2016년 10월 28일 22시,금요일,대구광역시 수성구 범어동,경상사고,0,0,2,0,차대차 - 정면충돌,안전거리미확보,건조,맑음,단일로 - 기타,승용,여,50세,상해없음,이륜,남,16세,경상
2016102800100641,2016년 10월 28일 22시,금요일,대구광역시 달서구 월성동,경상사고,0,0,1,0,차대차 - 기타,신호위반,건조,맑음,교차로 - 교차로안,이륜,남,55세,경상,승합,남,29세,상해없음
2016102800100642,2016년 10월 28일 22시,금요일,대구광역시 북구 태전동,중상사고,0,1,0,0,차대사람 - 횡단중,안전운전불이행,건조,맑음,단일로 - 기타,승용,남,52세,상해없음,보행자,남,69세,중상
2016102800100667,2016년 10월 28일 23시,금요일,대구광역시 동구 신암동,경상사고,0,0,1,0,차대차 - 측면직각충돌,안전운전불이행,건조,맑음,교차로 - 교차로부근,승용,남,60세,상해없음,승용,여,52세,경상
2016102800100668,2016년 10월 28일 23시,금요일,대구광역시 수성구 매호동,경상사고,0,0,1,0,차대차 - 정면충돌,안전거리미확보,건조,맑음,단일로 - 기타,승용,남,58세,상해없음,이륜,남,50세,경상
2016102800100669,2016년 10월 28일 23시,금요일,대구광역시 서구 내당동,경상사고,0,0,1,0,차대차 - 측면충돌,안전운전불이행,건조,맑음,교차로 - 교차로부근,승용,남,32세,상해없음,승용,남,29세,경상
2016102800100670,2016년 10월 28일 23시,금요일,대구광역시 북구 태전동,경상사고,0,0,1,0,차대사람 - 기타,안전운전불이행,건조,맑음,단일로 - 기타,승용,여,26세,상해없음,보행자,남,55세,경상
2016102900100016,2016년 10월 29일 00시,토요일,대구광역시 수성구 수성동4가,경상사고,0,0,1,0,차대차 - 기타,안전운전불이행,건조,맑음,교차로 - 교차로안,승용,남,41세,상해없음,이륜,남,19세,경상
2016102900100017,2016년 10월 29일 00시,토요일,대구광역시 수성구 두산동,중상사고,0,1,0,0,차대사람 - 기타,안전운전불이행,건조,맑음,단일로 - 기타,승용,남,41세,상해없음,보행자,여,62세,중상
2016102900100018,2016년 10월 29일 00시,토요일,대구광역시 달서구 용산동,경상사고,0,0,3,0,차대차 - 추돌,안전운전불이행,건조,맑음,교차로 - 교차로부근,승용,남,46세,상해없음,승용,남,47세,경상
2016102900100029,2016년 10월 29일 01시,토요일,대구광역시 달서구 상인동,경상사고,0,0,1,0,차대사람 - 횡단중,안전운전불이행,건조,맑음,교차로 - 교차로안,승용,여,26세,기타불명,보행자,남,19세,경상
2016102900100030,2016년 10월 29일 01시,토요일,대구광역시 서구 내당동,경상사고,0,0,1,0,차대차 - 추돌,안전운전불이행,건조,맑음,단일로 - 기타,승용,남,64세,상해없음,승용,남,35세,경상
2016102900100059,2016년 10월 29일 03시,토요일,대구광역시 수성구 수성동2가,중상사고,0,1,2,0,차대차 - 측면충돌,안전운전불이행,건조,맑음,교차로 - 교차로부근,승용,남,28세,상해없음,승용,남,38세,경상
2016102900100078,2016년 10월 29일 05시,토요일,대구광역시 중구 삼덕동1가,경상사고,0,0,1,0,차대사람 - 횡단중,안전운전불이행,건조,맑음,단일로 - 기타,기타불명,기타불명,기타불명,기타불명,보행자,남,21세,경상
2016102900100156,2016년 10월 29일 09시,토요일,대구광역시 동구 율하동,경상사고,0,0,1,0,차대차 - 추돌,안전운전불이행,건조,맑음,단일로 - 기타,화물,남,44세,상해없음,화물,남,58세,경상
2016102900100214,2016년 10월 29일 11시,토요일,대구광역시 달성군 화원읍,경상사고,0,0,1,0,차대차 - 측면직각충돌,안전운전불이행,건조,맑음,교차로 - 교차로안,화물,남,59세,상해없음,승용,남,52세,경상
2016102900100215,2016년 10월 29일 11시,토요일,대구광역시 북구 칠성동1가,중상사고,0,1,0,0,차대사람 - 횡단중,보행자보호의무위반,건조,맑음,교차로 - 교차로부근,승용,남,57세,상해없음,보행자,여,73세,중상
2016102900100216,2016년 10월 29일 11시,토요일,대구광역시 중구 덕산동,경상사고,0,0,1,0,차대사람 - 횡단중,보행자보호의무위반,건조,맑음,단일로 - 횡단보도상,기타불명,기타불명,기타불명,기타불명,보행자,여,29세,경상
2016102900100243,2016년 10월 29일 12시,토요일,대구광역시 남구 대명동,중상사고,0,1,1,0,차대차 - 추돌,안전거리미확보,건조,맑음,단일로 - 기타,승합,남,54세,상해없음,승용,여,35세,경상
2016102900100244,2016년 10월 29일 12시,토요일,대구광역시 수성구 범어동,경상사고,0,0,2,0,차대차 - 추돌,안전거리미확보,건조,맑음,교차로 - 교차로부근,승용,남,43세,상해없음,승용,남,52세,경상
2016102900100245,2016년 10월 29일 12시,토요일,대구광역시 수성구 만촌동,경상사고,0,0,1,0,차대차 - 측면직각충돌,차로위반,건조,맑음,단일로 - 기타,승용,남,41세,상해없음,이륜,남,69세,경상
2016102900100282,2016년 10월 29일 13시,토요일,대구광역시 달서구 송현동,중상사고,0,1,0,0,차대사람 - 기타,안전운전불이행,건조,맑음,단일로 - 기타,승용,여,30세,상해없음,보행자,여,72세,중상
2016102900100322,2016년 10월 29일 14시,토요일,대구광역시 남구 봉덕동,중상사고,0,1,1,0,차대차 - 정면충돌,안전운전불이행,건조,맑음,교차로 - 교차로부근,이륜,남,22세,중상,승용,여,60세,경상
2016102900100323,2016년 10월 29일 14시,토요일,대구광역시 동구 효목동,중상사고,0,1,1,0,차대차 - 측면충돌,교차로운행방법위반,건조,맑음,교차로 - 교차로안,승용,여,57세,상해없음,이륜,남,77세,경상
2016102900100324,2016년 10월 29일 14시,토요일,대구광역시 동구 서호동,경상사고,0,0,1,0,차대사람 - 횡단중,안전운전불이행,건조,맑음,교차로 - 교차로부근,화물,남,63세,상해없음,보행자,여,10세,경상
2016102900100325,2016년 10월 29일 14시,토요일,대구광역시 달서구 유천동,경상사고,0,0,3,0,차대차 - 추돌,안전운전불이행,건조,맑음,단일로 - 기타,화물,남,37세,경상,승용,여,45세,경상
2016102900100353,2016년 10월 29일 15시,토요일,대구광역시 남구 대명동,중상사고,0,1,0,0,차대사람 - 길가장자리구역통행중,안전운전불이행,건조,맑음,단일로 - 기타,승용,남,34세,상해없음,보행자,남,61세,중상
2016102900100354,2016년 10월 29일 15시,토요일,대구광역시 달서구 송현동,경상사고,0,0,1,0,차대사람 - 횡단중,보행자보호의무위반,건조,맑음,단일로 - 횡단보도상,승용,남,54세,상해없음,보행자,남,54세,경상
2016102900100355,2016년 10월 29일 15시,토요일,대구광역시 달성군 화원읍,경상사고,0,0,1,0,차대차 - 측면직각충돌,신호위반,건조,맑음,교차로 - 교차로안,승용,남,69세,상해없음,승용,남,28세,경상
2016102900100356,2016년 10월 29일 15시,토요일,대구광역시 북구 태전동,중상사고,0,1,0,0,차대사람 - 기타,안전운전불이행,건조,맑음,단일로 - 기타,승용,남,34세,상해없음,보행자,여,80세,중상
2016102900100357,2016년 10월 29일 15시,토요일,대구광역시 북구 읍내동,경상사고,0,0,2,0,차대차 - 측면충돌,직진우회전진행방해,건조,맑음,교차로 - 교차로부근,승용,남,72세,상해없음,승용,남,58세,경상
2016102900100396,2016년 10월 29일 16시,토요일,대구광역시 동구 지저동,중상사고,0,1,0,0,차대사람 - 횡단중,안전운전불이행,건조,맑음,단일로 - 기타,승합,남,36세,상해없음,보행자,여,69세,중상
2016102900100397,2016년 10월 29일 16시,토요일,대구광역시 수성구 파동,중상사고,0,1,0,0,차대차 - 기타,안전운전불이행,건조,맑음,단일로 - 기타,화물,남,40세,상해없음,자전거,남,14세,중상