사고번호,사고일시,요일,시군구,사고내용,사망자수,중상자수,경상자수,부상신고자수,사고유형,법규위반,노면상태,기상상태,도로형태,가해운전자 차종,가해운전자 성별,가해운전자 연령,가해운전자 상해정도,피해운전자 차종,피해운전자 성별,피해운전자 연령,피해운전자 상해정도
2016111200100514,2016년 11월 12일 18시,토요일,대구광역시 서구 평리동,중상사고,0,1,0,0,차량단독 - 기타,기타,건조,맑음,단일로 - 기타,승합,남,58세,상해없음,,,,
2016111200100550,2016년 11월 12일 19시,토요일,대구광역시 동구 방촌동,중상사고,0,1,0,0,차대사람 - 차도통행중,안전운전불이행,건조,맑음,교차로 - 교차로부근,승용,남,23세,상해없음,보행자,남,60세,중상
2016111200100551,2016년 11월 12일 19시,토요일,대구광역시 중구 대봉동,경상사고,0,0,1,0,차대사람 - 횡단중,보행자보호의무위반,건조,맑음,단일로 - 횡단보도상,기타불명,기타불명,기타불명,기타불명,보행자,여,53세,경상
2016111200100576,2016년 11월 12일 20시,토요일,대구광역시 남구 대명동,경상사고,0,0,1,0,차대사람 - 기타,안전운전불이행,건조,맑음,단일로 - 횡단보도상,승용,남,61세,상해없음,보행자,남,67세,경상
2016111200100577,2016년 11월 12일 20시,토요일,대구광역시 수성구 지산동,경상사고,0,0,2,0,차대차 - 측면충돌,신호위반,건조,맑음,교차로 - 교차로안,승용,남,51세,상해없음,승용,남,57세,경상
2016111200100578,2016년 11월 12일 20시,토요일,대구광역시 북구 복현동,경상사고,0,0,3,0,차대차 - 정면충돌,중앙선침범,건조,맑음,교차로 - 교차로부근,승용,남,39세,상해없음,승용,여,52세,경상
2016111200100606,2016년 11월 12일 21시,토요일,대구광역시 서구 내당동,부상신고사고,0,0,0,1,차대차 - 추돌,안전거리미확보,건조,맑음,단일로 - 기타,원동기,남,25세,부상신고,승용,남,67세,상해없음
2016111200100607,2016년 11월 12일 21시,토요일,대구광역시 서구 평리동,중상사고,0,1,0,0,차대차 - 정면충돌,안전거리미확보,건조,맑음,단일로 - 기타,이륜,여,30세,중상,승용,남,43세,상해없음
2016111200100608,2016년 11월 12일 21시,토요일,대구광역시 달서구 이곡동,경상사고,0,0,1,0,차대사람 - 횡단중,안전운전불이행,건조,맑음,기타 - 기타,승용,여,50세,상해없음,보행자,남,26세,경상
2016111200100629,2016년 11월 12일 22시,토요일,대구광역시 동구 효목동,부상신고사고,0,0,0,1,차대차 - 측면직각충돌,신호위반,건조,맑음,교차로 - 교차로안,자전거,남,17세,부상신고,승용,남,34세,상해없음
2016111200100630,2016년 11월 12일 22시,토요일,대구광역시 북구 침산동,경상사고,0,0,3,0,차대차 - 측면직각충돌,안전운전불이행,건조,맑음,단일로 - 기타,승용,남,54세,상해없음,승용,남,54세,경상
2016111200100644,2016년 11월 12일 23시,토요일,대구광역시 동구 효목동,경상사고,0,0,1,0,차대사람 - 횡단중,안전운전불이행,건조,맑음,교차로 - 교차로안,승용,남,60세,기타불명,보행자,남,26세,경상
2016111200100645,2016년 11월 12일 23시,토요일,대구광역시 동구 효목동,경상사고,0,0,1,0,차대차 - 기타,안전거리미확보,건조,맑음,단일로 - 기타,승용,남,28세,상해없음,승용,여,48세,경상
2016111200100646,2016년 11월 12일 23시,토요일,대구광역시 서구 평리동,중상사고,0,1,0,0,차대사람 - 횡단중,안전운전불이행,건조,맑음,교차로 - 교차로안,승용,남,57세,상해없음,보행자,남,53세,중상
2016111200100647,2016년 11월 12일 23시,토요일,대구광역시 중구 동인동2가,부상신고사고,0,0,0,1,차대차 - 측면직각충돌,안전운전불이행,건조,맑음,교차로 - 교차로안,이륜,남,32세,부상신고,승용,남,62세,상해없음
2016111300100016,2016년 11월 13일 00시,일요일,대구광역시 수성구 범어동,경상사고,0,0,2,0,차대차 - 측면직각충돌,안전거리미확보,건조,맑음,단일로 - 기타,승용,남,70세,상해없음,승용,남,29세,경상
2016111300100017,2016년 11월 13일 00시,일요일,대구광역시 남구 대명동,중상사고,0,1,0,0,차대사람 - 횡단중,안전운전불이행,건조,맑음,단일로 - 기타,승용,남,55세,상해없음,보행자,남,55세,중상
2016111300100059,2016년 11월 13일 03시,일요일,대구광역시 중구 대봉동,경상사고,0,0,2,0,차대차 - 추돌,안전운전불이행,건조,맑음,교차로 - 교차로부근,승합,남,26세,상해없음,승용,남,55세,경상
2016111300100067,2016년 11월 13일 04시,일요일,대구광역시 달서구 호산동,경상사고,0,0,1,0,차대차 - 측면직각충돌,안전거리미확보,건조,맑음,단일로 - 기타,이륜,남,18세,상해없음,승용,남,18세,상해없음
2016111300100087,2016년 11월 13일 06시,일요일,대구광역시 서구 평리동,사망사고,1,1,0,0,차대차 - 정면충돌,신호위반,건조,맑음,교차로 - 교차로안,이륜,남,19세,사망,승합,남,45세,상해없음
2016111300100136,2016년 11월 13일 09시,일요일,대구광역시 수성구 범어동,경상사고,0,0,1,0,차대차 - 추돌,안전운전불이행,건조,맑음,단일로 - 기타,승용,남,21세,상해없음,승용,남,63세,경상
2016111300100137,2016년 11월 13일 09시,일요일,대구광역시 수성구 상동,경상사고,0,0,1,0,차대차 - 측면충돌,안전운전불이행,건조,맑음,교차로 - 교차로부근,승용,남,74세,상해없음,승용,여,37세,경상
2016111300100138,2016년 11월 13일 09시,일요일,대구광역시 북구 태전동,경상사고,0,0,1,0,차대차 - 추돌,안전거리미확보,건조,맑음,단일로 - 기타,승용,여,50세,상해없음,화물,남,66세,경상
2016111300100167,2016년 11월 13일 10시,일요일,대구광역시 달서구 도원동,경상사고,0,0,1,0,차대차 - 추돌,안전거리미확보,건조,맑음,교차로 - 교차로안,승용,여,58세,상해없음,승용,남,31세,경상
2016111300100168,2016년 11월 13일 10시,일요일,대구광역시 남구 대명동,경상사고,0,0,1,0,차대차 - 기타,안전운전불이행,건조,맑음,단일로 - 기타,승용,여,64세,상해없음,승용,남,29세,경상
2016111300100194,2016년 11월 13일 11시,일요일,대구광역시 달서구 본동,경상사고,0,0,3,0,차대차 - 측면충돌,신호위반,건조,맑음,교차로 - 교차로안,승용,남,56세,상해없음,승용,남,57세,경상
2016111300100216,2016년 11월 13일 12시,일요일,대구광역시 북구 학정동,중상사고,0,1,0,0,차대사람 - 횡단중,안전운전불이행,건조,맑음,단일로 - 기타,승용,남,54세,상해없음,보행자,여,77세,중상
2016111300100235,2016년 11월 13일 13시,일요일,대구광역시 남구 대명동,중상사고,0,1,0,0,차대차 - 측면충돌,안전거리미확보,건조,맑음,단일로 - 기타,승용,여,53세,상해없음,승용,남,61세,상해없음
2016111300100236,2016년 11월 13일 13시,일요일,대구광역시 달서구 감삼동,경상사고,0,0,2,0,차대차 - 추돌,기타,건조,맑음,단일로 - 기타,이륜,남,17세,경상,자전거,남,12세,경상
2016111300100258,2016년 11월 13일 14시,일요일,대구광역시 중구 대신동,중상사고,0,1,1,0,차대차 - 추돌,안전운전불이행,건조,맑음,단일로 - 기타,승용,남,60세,상해없음,승용,남,28세,중상
2016111300100287,2016년 11월 13일 15시,일요일,대구광역시 동구 신천동,중상사고,0,1,0,0,차대차 - 기타,안전거리미확보,건조,맑음,단일로 - 기타,승용,남,68세,상해없음,승용,남,76세,상해없음
2016111300100288,2016년 11월 13일 15시,일요일,대구광역시 달성군 유가면,중상사고,0,1,0,0,차대차 - 기타,안전운전불이행,건조,맑음,단일로 - 기타,농기계,남,69세,상해없음,자전거,여,74세,중상
2016111300100289,2016년 11월 13일 15시,일요일,대구광역시 달서구 이곡동,부상신고사고,0,0,0,1,차량단독 - 전도전복,안전운전불이행,건조,맑음,단일로 - 기타,원동기,남,17세,부상신고,,,,
2016111300100312,2016년 11월 13일 16시,일요일,대구광역시 동구 지묘동,경상사고,0,0,7,0,차대차 - 측면충돌,안전운전불이행,건조,맑음,단일로 - 기타,승용,여,61세,상해없음,승용,남,61세,경상
2016111300100313,2016년 11월 13일 16시,일요일,대구광역시 수성구 파동,경상사고,0,0,3,0,차대차 - 정면충돌,교차로운행방법위반,건조,맑음,교차로 - 교차로안,승용,여,41세,상해없음,승용,남,41세,경상
2016111300100350,2016년 11월 13일 17시,일요일,대구광역시 남구 대명동,중상사고,0,1,0,0,차대차 - 정면충돌,중앙선침범,건조,맑음,단일로 - 기타,승용,남,29세,상해없음,이륜,여,55세,중상
2016111300100351,2016년 11월 13일 17시,일요일,대구광역시 남구 이천동,경상사고,0,0,2,0,차량단독 - 공작물충돌,안전운전불이행,건조,맑음,단일로 - 기타,승용,남,72세,경상,,,,
2016111300100352,2016년 11월 13일 17시,일요일,대구광역시 수성구 두산동,중상사고,0,1,1,0,차대차 - 추돌,안전운전불이행,건조,맑음,단일로 - 기타,승용,남,76세,상해없음,승용,남,28세,경상
2016111300100353,2016년 11월 13일 17시,일요일,대구광역시 달서구 대천동,경상사고,0,0,1,0,차대사람 - 길가장자리구역통행중,안전운전불이행,건조,맑음,단일로 - 기타,승용,여,34세,상해없음,보행자,여,19세,경상
2016111300100438,2016년 11월 13일 19시,일요일,대구광역시 달성군 논공읍,중상사고,0,1,0,0,차대사람 - 횡단중,안전운전불이행,건조,맑음,교차로 - 교차로안,승용,남,21세,상해없음,보행자,여,50세,중상
2016111300100439,2016년 11월 13일 19시,일요일,대구광역시 북구 산격동,중상사고,0,2,2,0,차대차 - 추돌,안전운전불이행,건조,맑음,단일로 - 기타,승용,남,52세,상해없음,승용,남,36세,중상
2016111300100440,2016년 11월 13일 19시,일요일,대구광역시 달서구 이곡동,경상사고,0,0,2,0,차대차 - 기타,안전운전불이행,건조,맑음,단일로 - 기타,승용,남,62세,상해없음,승용,남,28세,경상
2016111300100469,2016년 11월 13일 20시,일요일,대구광역시 동구 신평동,중상사고,0,1,0,0,차량단독 - 기타,기타,건조,맑음,단일로 - 기타,승합,남,54세,상해없음,,,,
2016111300100470,2016년 11월 13일 20시,일요일,대구광역시 남구 대명동,경상사고,0,0,1,0,차대차 - 기타,안전운전불이행,건조,맑음,단일로 - 기타,승용,남,32세,상해없음,승용,남,33세,경상
2016111300100471,2016년 11월 13일 20시,일요일,대구광역시 동구 신기동,경상사고,0,0,2,0,차대차 - 정면충돌,안전운전불이행,건조,맑음,교차로 - 교차로안,승용,남,21세,상해없음,승용,남,41세,경상
2016111300100505,2016년 11월 13일 21시,일요일,대구광역시 달서구 진천동,경상사고,0,0,2,0,차대차 - 측면직각충돌,직진우회전진행방해,건조,맑음,단일로 - 기타,승용,여,41세,경상,승용,남,31세,경상
2016111300100548,2016년 11월 13일 23시,일요일,대구광역시 북구 사수동,경상사고,0,0,1,0,차대차 - 추돌,안전운전불이행,건조,맑음,단일로 - 기타,승용,남,56세,상해없음,승용,남,43세,경상
2016111400100013,2016년 11월 14일 01시,월요일,대구광역시 동구 신기동,중상사고,0,1,0,0,차대차 - 측면충돌,중앙선침범,건조,맑음,단일로 - 기타,승용,남,27세,상해없음,승용,여,24세,중상
2016111400100014,2016년 11월 14일 01시,월요일,대구광역시 달서구 용산동,경상사고,0,0,2,0,차대차 - 측면충돌,안전운전불이행,건조,맑음,교차로 - 교차로안,승용,남,24세,상해없음,승용,남,73세,경상
2016111400100041,2016년 11월 14일 05시,월요일,대구광역시 달서구 본동,중상사고,0,1,1,0,차대차 - 측면충돌,신호위반,건조,맑음,교차로 - 교차로안,승용,여,71세,경상,승용,남,66세,중상
2016111400100058,2016년 11월 14일 06시,월요일,대구광역시 남구 대명동,경상사고,0,0,1,0,차대사람 - 횡단중,신호위반,건조,맑음,단일로 - 횡단보도상,승용,남,62세,상해없음,보행자,남,24세,경상
2016111400100088,2016년 11월 14일 07시,월요일,대구광역시 남구 대명동,경상사고,0,0,4,0,차대차 - 정면충돌,안전거리미확보,건조,맑음,단일로 - 기타,승용,여,27세,상해없음,승용,남,54세,경상
2016111400100089,2016년 11월 14일 07시,월요일,대구광역시 동구 신평동,경상사고,0,0,1,0,차대차 - 추돌,안전거리미확보,건조,맑음,교차로 - 교차로안,승용,남,51세,상해없음,승용,남,61세,경상
2016111400100090,2016년 11월 14일 07시,월요일,대구광역시 수성구 범어동,경상사고,0,0,1,0,차대사람 - 횡단중,신호위반,건조,맑음,교차로 - 교차로부근,기타불명,기타불명,기타불명,기타불명,보행자,남,33세,경상
2016111400100091,2016년 11월 14일 07시,월요일,대구광역시 수성구 수성동4가,경상사고,0,0,1,0,차대차 - 측면충돌,안전거리미확보,건조,맑음,단일로 - 기타,승용,남,27세,상해없음,승용,남,39세,경상
2016111400100148,2016년 11월 14일 08시,월요일,대구광역시 동구 동호동,경상사고,0,0,1,0,차대사람 - 횡단중,보행자보호의무위반,건조,맑음,단일로 - 횡단보도상,건설기계,남,46세,상해없음,보행자,여,40세,경상
2016111400100149,2016년 11월 14일 08시,월요일,대구광역시 동구 율하동,중상사고,0,1,0,0,차대차 - 측면충돌,교차로운행방법위반,건조,맑음,교차로 - 교차로안,화물,남,36세,상해없음,이륜,남,57세,중상
2016111400100191,2016년 11월 14일 09시,월요일,대구광역시 남구 대명동,경상사고,0,0,2,0,차대차 - 정면충돌,안전거리미확보,건조,맑음,단일로 - 기타,승용,남,68세,상해없음,승용,남,27세,경상
2016111400100192,2016년 11월 14일 09시,월요일,대구광역시 달서구 상인동,경상사고,0,0,1,0,차대차 - 측면충돌,교차로운행방법위반,건조,맑음,교차로 - 교차로안,승용,여,66세,상해없음,승용,여,37세,경상
2016111400100216,2016년 11월 14일 10시,월요일,대구광역시 동구 신암동,중상사고,0,1,0,1,차대사람 - 횡단중,안전운전불이행,건조,맑음,단일로 - 기타,승용,남,63세,부상신고,보행자,여,84세,중상
2016111400100245,2016년 11월 14일 11시,월요일,대구광역시 북구 침산동,경상사고,0,0,1,0,차대차 - 측면충돌,안전운전불이행,건조,맑음,단일로 - 기타,화물,남,69세,상해없음,승용,남,37세,경상
2016111400100281,2016년 11월 14일 12시,월요일,대구광역시 달서구 송현동,중상사고,0,1,0,0,차대사람 - 기타,안전운전불이행,건조,맑음,단일로 - 기타,승용,남,58세,상해없음,보행자,남,71세,중상
2016111400100282,2016년 11월 14일 12시,월요일,대구광역시 서구 비산동,경상사고,0,0,1,0,차대차 - 측면충돌,안전운전불이행,건조,맑음,교차로 - 교차로부근,승용,남,64세,상해없음,자전거,남,23세,경상
2016111400100310,2016년 11월 14일 13시,월요일,대구광역시 남구 대명동,경상사고,0,0,1,0,차대차 - 측면충돌,교차로운행방법위반,건조,맑음,교차로 - 교차로안,승용,남,32세,상해없음,자전거,남,15세,경상
2016111400100311,2016년 11월 14일 13시,월요일,대구광역시 달서구 상인동,경상사고,0,0,1,0,차대사람 - 기타,기타,건조,맑음,기타 - 기타,승용,남,55세,상해없음,보행자,여,87세,경상
2016111400100340,2016년 11월 14일 14시,월요일,대구광역시 달서구 송현동,경상사고,0,0,1,0,차대사람 - 횡단중,안전운전불이행,건조,맑음,단일로 - 기타,승용,남,58세,상해없음,보행자,여,6세,경상
2016111400100341,2016년 11월 14일 14시,월요일,대구광역시 북구 서변동,중상사고,0,1,0,0,차대차 - 측면충돌,안전운전불이행,건조,맑음,단일로 - 기타,승용,남,58세,상해없음,승용,남,38세,중상
2016111400100361,2016년 11월 14일 15시,월요일,대구광역시 북구 대현동,중상사고,0,1,0,0,차대사람 - 기타,안전운전불이행,건조,맑음,단일로 - 기타,승용,남,49세,상해없음,보행자,남,70세,중상
2016111400100403,2016년 11월 14일 16시,월요일,대구광역시 수성구 만촌동,경상사고,0,0,1,0,차대차 - 기타,안전운전불이행,건조,맑음,기타 - 기타,승용,남,56세,상해없음,자전거,남,55세,경상
2016111400100405,2016년 11월 14일 16시,월요일,대구광역시 북구 태전동,경상사고,0,0,1,0,차대사람 - 횡단중,보행자보호의무위반,건조,맑음,단일로 - 횡단보도상,승용,여,46세,상해없음,보행자,여,19세,경상
2016111400100460,2016년 11월 14일 17시,월요일,대구광역시 동구 지묘동,중상사고,0,1,0,0,차대사람 - 횡단중,안전운전불이행,건조,맑음,단일로 - 횡단보도상,승용,남,57세,상해없음,보행자,여,59세,중상
2016111400100517,2016년 11월 14일 18시,월요일,대구광역시 중구 대봉동,중상사고,0,1,0,1,차대차 - 측면직각충돌,차로위반,건조,맑음,단일로 - 기타,승용,남,44세,상해없음,이륜,남,18세,부상신고
2016111400100564,2016년 11월 14일 19시,월요일,대구광역시 달서구 이곡동,경상사고,0,0,2,0,차대차 - 측면충돌,안전운전불이행,건조,맑음,교차로 - 교차로안,승용,남,52세,상해없음,이륜,남,18세,경상
2016111400100592,2016년 11월 14일 20시,월요일,대구광역시 달서구 송현동,중상사고,0,1,0,0,차대차 - 측면충돌,안전운전불이행,건조,맑음,교차로 - 교차로부근,승용,남,24세,상해없음,이륜,남,23세,중상
2016111400100653,2016년 11월 14일 22시,월요일,대구광역시 북구 매천동,경상사고,0,0,2,0,차대차 - 추돌,안전운전불이행,건조,맑음,단일로 - 기타,승용,남,45세,상해없음,승용,남,37세,경상
2016111500100016,2016년 11월 15일 00시,화요일,대구광역시 남구 대명동,중상사고,0,2,0,0,차대차 - 측면충돌,신호위반,건조,맑음,교차로 - 교차로안,승용,여,45세,중상,승용,남,29세,중상
2016111500100017,2016년 11월 15일 00시,화요일,대구광역시 달서구 송현동,중상사고,0,1,0,0,차대사람 - 횡단중,안전운전불이행,건조,맑음,교차로 - 교차로안,승용,남,52세,상해없음,보행자,남,44세,중상
2016111500100018,2016년 11월 15일 00시,화요일,대구광역시 북구 복현동,중상사고,0,1,0,0,차대사람 - 횡단중,안전운전불이행,건조,맑음,교차로 - 교차로부근,승용,남,73세,상해없음,보행자,여,78세,중상
2016111500100062,2016년 11월 15일 05시,화요일,대구광역시 중구 덕산동,경상사고,0,0,1,0,차대차 - 측면직각충돌,신호위반,건조,맑음,교차로 - 교차로안,승용,남,59세,상해없음,승용,남,64세,경상
2016111500100098,2016년 11월 15일 07시,화요일,대구광역시 동구 신서동,중상사고,0,1,0,0,차대차 - 추돌,안전운전불이행,건조,맑음,기타 - 기타,승용,남,55세,상해없음,승용,여,38세,중상
2016111500100129,2016년 11월 15일 08시,화요일,대구광역시 수성구 수성동1가,경상사고,0,0,1,0,차대차 - 측면직각충돌,안전운전불이행,건조,맑음,단일로 - 교량,승용,여,43세,상해없음,승용,여,43세,경상
2016111500100130,2016년 11월 15일 08시,화요일,대구광역시 서구 내당동,경상사고,0,0,1,1,차대차 - 측면충돌,신호위반,건조,맑음,단일로 - 횡단보도상,승용,남,63세,부상신고,이륜,남,65세,경상
2016111500100171,2016년 11월 15일 09시,화요일,대구광역시 수성구 연호동,중상사고,0,1,5,0,차량단독 - 기타,안전운전불이행,건조,맑음,단일로 - 기타,승합,남,28세,상해없음,,,,
2016111500100220,2016년 11월 15일 10시,화요일,대구광역시 수성구 범어동,중상사고,0,2,0,0,차대차 - 기타,신호위반,건조,맑음,단일로 - 기타,승용,여,60세,상해없음,자전거,남,62세,중상
2016111500100221,2016년 11월 15일 10시,화요일,대구광역시 수성구 시지동,경상사고,0,0,1,0,차대차 - 추돌,안전거리미확보,건조,맑음,단일로 - 기타,승합,남,51세,상해없음,승용,남,55세,경상
2016111500100250,2016년 11월 15일 11시,화요일,대구광역시 수성구 가천동,중상사고,0,1,1,0,차대차 - 추돌,안전거리미확보,건조,맑음,단일로 - 기타,승용,남,32세,상해없음,승용,여,42세,경상
2016111500100281,2016년 11월 15일 12시,화요일,대구광역시 북구 산격동,중상사고,0,1,0,0,차대차 - 기타,신호위반,건조,맑음,교차로 - 교차로안,승용,남,27세,상해없음,원동기,남,29세,중상
2016111500100282,2016년 11월 15일 12시,화요일,대구광역시 중구 계산동2가,경상사고,0,0,1,0,차대차 - 정면충돌,안전운전불이행,건조,맑음,교차로 - 교차로안,기타불명,기타불명,기타불명,기타불명,승용,남,27세,경상
2016111500100314,2016년 11월 15일 13시,화요일,대구광역시 동구 용수동,경상사고,0,0,2,0,차대차 - 측면충돌,중앙선침범,건조,맑음,단일로 - 기타,승용,여,62세,상해없음,승용,남,25세,경상
2016111500100315,2016년 11월 15일 13시,화요일,대구광역시 달서구 진천동,경상사고,0,0,1,0,차대차 - 측면직각충돌,안전운전불이행,건조,맑음,단일로 - 기타,승용,여,54세,상해없음,승용,여,59세,경상
2016111500100316,2016년 11월 15일 13시,화요일,대구광역시 달성군 다사읍,경상사고,0,0,1,0,차대사람 - 횡단중,안전운전불이행,건조,맑음,교차로 - 교차로부근,승용,여,43세,상해없음,보행자,여,69세,경상
2016111500100317,2016년 11월 15일 13시,화요일,대구광역시 북구 대현동,경상사고,0,0,2,0,차대차 - 측면충돌,안전운전불이행,건조,맑음,기타 - 기타,자전거,남,44세,경상,자전거,남,84세,경상
2016111500100350,2016년 11월 15일 14시,화요일,대구광역시 수성구 두산동,중상사고,0,1,1,0,차대차 - 측면충돌,신호위반,건조,맑음,교차로 - 교차로안,승용,여,39세,상해없음,승용,남,44세,중상
2016111500100438,2016년 11월 15일 16시,화요일,대구광역시 동구 신천동,경상사고,0,0,1,0,차대차 - 추돌,안전운전불이행,건조,맑음,교차로 - 교차로부근,승용,여,63세,상해없음,승용,남,60세,경상
2016111500100439,2016년 11월 15일 16시,화요일,대구광역시 수성구 황금동,중상사고,0,1,0,0,차대차 - 측면직각충돌,신호위반,건조,맑음,단일로 - 횡단보도상,승용,남,55세,상해없음,이륜,남,44세,중상
2016111500100440,2016년 11월 15일 16시,화요일,대구광역시 수성구 파동,중상사고,0,1,0,0,차대사람 - 기타,안전운전불이행,건조,맑음,단일로 - 기타,승합,남,64세,상해없음,보행자,여,84세,중상
2016111500100441,2016년 11월 15일 16시,화요일,대구광역시 달서구 상인동,경상사고,0,0,1,0,차대차 - 측면충돌,불법유턴,건조,맑음,교차로 - 교차로안,자전거,남,11세,경상,승용,남,63세,상해없음
2016111500100442,2016년 11월 15일 16시,화요일,대구광역시 서구 평리동,경상사고,0,0,2,0,차대차 - 측면충돌,안전운전불이행,건조,맑음,단일로 - 기타,승용,남,61세,상해없음,이륜,남,21세,경상
2016111500100483,2016년 11월 15일 17시,화요일,대구광역시 수성구 황금동,중상사고,0,1,0,0,차대차 - 측면직각충돌,신호위반,건조,맑음,단일로 - 횡단보도상,승용,남,67세,상해없음,원동기,남,32세,중상
2016111500100549,2016년 11월 15일 18시,화요일,대구광역시 북구 칠성동2가,경상사고,0,0,4,0,차대차 - 측면충돌,안전운전불이행,건조,맑음,교차로 - 교차로부근,화물,남,42세,상해없음,승용,남,29세,경상
2016111500100550,2016년 11월 15일 18시,화요일,대구광역시 서구 비산동,부상신고사고,0,0,0,1,차대차 - 측면충돌,안전거리미확보,건조,맑음,단일로 - 기타,이륜,남,64세,부상신고,승용,남,56세,상해없음
2016111500100551,2016년 11월 15일 18시,화요일,대구광역시 달서구 신당동,중상사고,0,1,0,0,차대사람 - 횡단중,안전운전불이행,건조,맑음,단일로 - 횡단보도상,이륜,남,20세,상해없음,보행자,남,21세,중상
2016111500100591,2016년 11월 15일 19시,화요일,대구광역시 동구 신서동,중상사고,0,2,1,0,차대차 - 측면직각충돌,안전거리미확보,건조,맑음,단일로 - 기타,승용,남,53세,경상,승용,여,26세,중상
2016111500100592,2016년 11월 15일 19시,화요일,대구광역시 동구 신천동,경상사고,0,0,1,0,차대차 - 측면충돌,안전운전불이행,건조,맑음,단일로 - 기타,승용,남,61세,기타불명,승용,남,37세,경상
2016111500100593,2016년 11월 15일 19시,화요일,대구광역시 달성군 다사읍,경상사고,0,0,1,0,차대차 - 측면충돌,안전운전불이행,건조,맑음,단일로 - 기타,이륜,남,19세,경상,승용,여,24세,상해없음
2016111500100594,2016년 11월 15일 19시,화요일,대구광역시 서구 내당동,부상신고사고,0,0,0,1,차량단독 - 기타,안전운전불이행,건조,맑음,단일로 - 기타,이륜,남,18세,부상신고,,,,
2016111500100595,2016년 11월 15일 19시,화요일,대구광역시 북구 관음동,경상사고,0,0,1,0,차대차 - 측면충돌,안전운전불이행,건조,맑음,교차로 - 교차로부근,승용,남,44세,상해없음,승용,남,39세,경상
2016111500100630,2016년 11월 15일 20시,화요일,대구광역시 동구 신천동,경상사고,0,0,2,0,차대차 - 추돌,안전거리미확보,건조,맑음,단일로 - 기타,승용,남,71세,상해없음,승용,여,46세,경상
2016111500100631,2016년 11월 15일 20시,화요일,대구광역시 서구 내당동,부상신고사고,0,0,0,1,차대사람 - 길가장자리구역통행중,안전운전불이행,건조,맑음,단일로 - 기타,기타불명,기타불명,기타불명,기타불명,보행자,여,57세,부상신고
2016111500100632,2016년 11월 15일 20시,화요일,대구광역시 북구 매천동,중상사고,0,1,0,0,차대차 - 측면충돌,신호위반,건조,맑음,교차로 - 교차로안,승용,남,55세,상해없음,승용,남,27세,중상
2016111500100633,2016년 11월 15일 20시,화요일,대구광역시 북구 관음동,경상사고,0,0,1,0,차대차 - 기타,안전운전불이행,건조,맑음,교차로 - 교차로안,승용,여,47세,기타불명,승용,여,49세,경상
2016111500100674,2016년 11월 15일 21시,화요일,대구광역시 달서구 월성동,중상사고,0,1,1,0,차대차 - 측면충돌,교차로운행방법위반,건조,맑음,교차로 - 교차로부근,승용,남,41세,경상,승용,남,40세,중상
2016111500100675,2016년 11월 15일 21시,화요일,대구광역시 달서구 두류동,경상사고,0,0,1,0,차대차 - 추돌,안전거리미확보,건조,맑음,단일로 - 기타,이륜,남,20세,경상,승용,남,33세,상해없음
2016111500100696,2016년 11월 15일 22시,화요일,대구광역시 달서구 월성동,경상사고,0,0,2,0,차대차 - 측면충돌,교차로운행방법위반,건조,맑음,교차로 - 교차로안,승용,남,48세,상해없음,승용,남,30세,경상
2016111500100697,2016년 11월 15일 22시,화요일,대구광역시 북구 동천동,중상사고,0,1,1,0,차대차 - 추돌,안전운전불이행,건조,맑음,단일로 - 기타,승용,남,56세,상해없음,승용,남,22세,중상
2016111600100013,2016년 11월 16일 00시,수요일,대구광역시 동구 신암동,중상사고,0,1,0,0,차대차 - 정면충돌,안전운전불이행,건조,맑음,단일로 - 기타,승용,남,28세,상해없음,승용,남,37세,중상
2016111600100027,2016년 11월 16일 01시,수요일,대구광역시 수성구 수성동2가,경상사고,0,0,1,0,차대차 - 추돌,안전운전불이행,건조,맑음,교차로 - 교차로부근,승용,남,49세,상해없음,승용,남,21세,경상
2016111600100028,2016년 11월 16일 01시,수요일,대구광역시 중구 동인동2가,중상사고,0,2,0,0,차대차 - 측면직각충돌,교차로운행방법위반,건조,맑음,교차로 - 교차로안,승용,남,46세,상해없음,승용,남,29세,중상
2016111600100079,2016년 11월 16일 06시,수요일,대구광역시 달서구 상인동,경상사고,0,0,2,0,차대차 - 추돌,안전운전불이행,건조,맑음,단일로 - 기타,승용,남,25세,상해없음,승합,남,47세,경상
2016111600100080,2016년 11월 16일 06시,수요일,대구광역시 달서구 성당동,경상사고,0,0,1,0,차대차 - 추돌,안전운전불이행,건조,맑음,교차로 - 교차로부근,승용,남,63세,상해없음,이륜,남,65세,경상
2016111600100112,2016년 11월 16일 07시,수요일,대구광역시 남구 대명동,경상사고,0,0,2,0,차대사람 - 횡단중,신호위반,건조,맑음,기타 - 기타,승용,남,29세,상해없음,보행자,여,18세,경상
2016111600100113,2016년 11월 16일 07시,수요일,대구광역시 달서구 신당동,중상사고,0,1,2,0,차대차 - 측면직각충돌,안전거리미확보,건조,맑음,단일로 - 기타,이륜,남,16세,경상,승용,남,23세,상해없음
2016111600100158,2016년 11월 16일 08시,수요일,대구광역시 서구 상리동,경상사고,0,0,1,0,차대차 - 측면직각충돌,안전거리미확보,건조,맑음,단일로 - 기타,화물,남,64세,상해없음,승합,여,58세,경상