사고번호,사고일시,요일,시군구,사고내용,사망자수,중상자수,경상자수,부상신고자수,사고유형,법규위반,노면상태,기상상태,도로형태,가해운전자 차종,가해운전자 성별,가해운전자 연령,가해운전자 상해정도,피해운전자 차종,피해운전자 성별,피해운전자 연령,피해운전자 상해정도
2016111600100159,2016년 11월 16일 08시,수요일,대구광역시 중구 삼덕동2가,경상사고,0,0,1,0,차대차 - 추돌,안전운전불이행,건조,맑음,단일로 - 기타,기타불명,기타불명,기타불명,기타불명,승용,남,64세,경상
2016111600100160,2016년 11월 16일 08시,수요일,대구광역시 중구 봉산동,경상사고,0,0,1,0,차대차 - 추돌,안전운전불이행,건조,맑음,단일로 - 기타,승용,여,36세,상해없음,승용,남,58세,경상
2016111600100201,2016년 11월 16일 09시,수요일,대구광역시 수성구 황금동,경상사고,0,0,1,0,차대차 - 정면충돌,안전운전불이행,건조,맑음,단일로 - 기타,승용,남,29세,상해없음,자전거,남,37세,경상
2016111600100235,2016년 11월 16일 10시,수요일,대구광역시 달서구 진천동,중상사고,0,1,0,0,차대사람 - 기타,안전운전불이행,건조,맑음,단일로 - 기타,승용,여,44세,상해없음,보행자,여,62세,중상
2016111600100236,2016년 11월 16일 10시,수요일,대구광역시 중구 대신동,경상사고,0,0,1,0,차대차 - 기타,안전거리미확보,건조,맑음,교차로 - 교차로부근,기타불명,기타불명,기타불명,기타불명,자전거,남,80세,경상
2016111600100274,2016년 11월 16일 11시,수요일,대구광역시 중구 동인동2가,중상사고,0,1,0,0,차대차 - 기타,안전운전불이행,건조,맑음,단일로 - 기타,승용,남,63세,상해없음,승용,남,64세,상해없음
2016111600100275,2016년 11월 16일 11시,수요일,대구광역시 달서구 용산동,경상사고,0,0,1,0,차대차 - 기타,안전운전불이행,건조,맑음,교차로 - 교차로부근,자전거,남,74세,경상,승용,여,57세,상해없음
2016111600100313,2016년 11월 16일 12시,수요일,대구광역시 수성구 범어동,부상신고사고,0,0,0,1,차대차 - 측면충돌,안전운전불이행,건조,맑음,단일로 - 기타,자전거,여,23세,부상신고,화물,남,51세,상해없음
2016111600100314,2016년 11월 16일 12시,수요일,대구광역시 달서구 송현동,경상사고,0,0,2,0,차대차 - 측면충돌,안전운전불이행,건조,맑음,교차로 - 교차로부근,승용,남,33세,상해없음,승용,남,54세,경상
2016111600100315,2016년 11월 16일 12시,수요일,대구광역시 서구 원대동3가,경상사고,0,0,1,0,차대차 - 측면직각충돌,신호위반,건조,맑음,단일로 - 횡단보도상,승용,남,48세,상해없음,이륜,여,59세,경상
2016111600100373,2016년 11월 16일 14시,수요일,대구광역시 달서구 진천동,경상사고,0,0,1,0,차대차 - 측면직각충돌,차로위반,건조,맑음,단일로 - 기타,승용,남,68세,상해없음,승용,여,52세,경상
2016111600100407,2016년 11월 16일 15시,수요일,대구광역시 서구 내당동,경상사고,0,0,1,0,차대사람 - 보도통행중,보행자보호의무위반,건조,맑음,단일로 - 기타,승용,남,29세,상해없음,보행자,여,8세,경상
2016111600100408,2016년 11월 16일 15시,수요일,대구광역시 달서구 용산동,경상사고,0,0,1,0,차대사람 - 횡단중,안전운전불이행,건조,맑음,기타 - 기타,승용,여,48세,상해없음,보행자,남,84세,경상
2016111600100443,2016년 11월 16일 16시,수요일,대구광역시 달서구 상인동,중상사고,0,1,0,0,차대차 - 측면직각충돌,차로위반,건조,맑음,단일로 - 기타,특수,남,37세,상해없음,승용,여,60세,중상
2016111600100444,2016년 11월 16일 16시,수요일,대구광역시 달서구 상인동,중상사고,0,1,0,0,차대차 - 측면충돌,안전운전불이행,건조,맑음,교차로 - 교차로부근,화물,남,36세,상해없음,자전거,남,64세,중상
2016111600100487,2016년 11월 16일 17시,수요일,대구광역시 달서구 감삼동,중상사고,0,1,0,0,차대차 - 기타,안전운전불이행,건조,맑음,단일로 - 기타,승용,남,69세,상해없음,이륜,남,49세,중상
2016111600100545,2016년 11월 16일 18시,수요일,대구광역시 동구 용계동,부상신고사고,0,0,0,1,차대차 - 측면충돌,안전운전불이행,건조,맑음,교차로 - 교차로안,자전거,남,68세,부상신고,승용,여,39세,상해없음
2016111600100546,2016년 11월 16일 18시,수요일,대구광역시 수성구 상동,경상사고,0,0,2,0,차대차 - 추돌,안전운전불이행,건조,맑음,단일로 - 기타,승용,여,45세,상해없음,승용,남,45세,경상
2016111600100547,2016년 11월 16일 18시,수요일,대구광역시 북구 노원동3가,경상사고,0,0,1,0,차대사람 - 횡단중,안전운전불이행,건조,맑음,단일로 - 기타,승합,남,55세,상해없음,보행자,여,60세,경상
2016111600100548,2016년 11월 16일 18시,수요일,대구광역시 중구 공평동,경상사고,0,0,1,0,차대사람 - 기타,안전거리미확보,건조,맑음,단일로 - 기타,승용,여,43세,상해없음,보행자,남,62세,경상
2016111600100549,2016년 11월 16일 18시,수요일,대구광역시 북구 동천동,중상사고,0,1,0,0,차대차 - 정면충돌,안전운전불이행,건조,맑음,교차로 - 교차로안,승용,여,39세,상해없음,이륜,남,20세,중상
2016111600100550,2016년 11월 16일 18시,수요일,대구광역시 북구 관음동,경상사고,0,0,1,0,차대차 - 측면충돌,안전운전불이행,건조,맑음,교차로 - 교차로부근,승용,남,63세,상해없음,승용,남,41세,경상
2016111600100584,2016년 11월 16일 19시,수요일,대구광역시 남구 대명동,경상사고,0,0,2,0,차대차 - 측면충돌,안전운전불이행,건조,맑음,단일로 - 기타,승용,여,23세,상해없음,승용,여,37세,경상
2016111600100585,2016년 11월 16일 19시,수요일,대구광역시 서구 비산동,중상사고,0,1,0,0,차대사람 - 기타,안전운전불이행,건조,맑음,단일로 - 기타,자전거,남,46세,상해없음,보행자,여,44세,중상
2016111600100586,2016년 11월 16일 19시,수요일,대구광역시 달서구 용산동,경상사고,0,0,5,0,차대차 - 측면직각충돌,안전거리미확보,건조,맑음,단일로 - 기타,승용,여,45세,경상,승용,여,35세,경상
2016111600100587,2016년 11월 16일 19시,수요일,대구광역시 북구 사수동,경상사고,0,0,1,1,차대차 - 측면직각충돌,신호위반,건조,맑음,교차로 - 교차로안,이륜,남,35세,경상,화물,남,55세,부상신고
2016111600100612,2016년 11월 16일 20시,수요일,대구광역시 동구 율하동,경상사고,0,0,1,0,차대차 - 정면충돌,신호위반,건조,맑음,교차로 - 교차로안,승용,남,26세,상해없음,이륜,남,30세,경상
2016111600100613,2016년 11월 16일 20시,수요일,대구광역시 북구 산격동,중상사고,0,1,0,0,차대차 - 측면직각충돌,교차로운행방법위반,건조,맑음,교차로 - 교차로안,승용,남,51세,상해없음,자전거,여,38세,중상
2016111600100640,2016년 11월 16일 21시,수요일,대구광역시 북구 칠성동2가,경상사고,0,0,3,0,차대차 - 측면직각충돌,안전운전불이행,건조,맑음,단일로 - 기타,승용,남,42세,상해없음,승용,남,22세,경상
2016111600100641,2016년 11월 16일 21시,수요일,대구광역시 달서구 성당동,경상사고,0,0,1,0,차대차 - 측면직각충돌,안전운전불이행,건조,맑음,교차로 - 교차로부근,승용,여,52세,상해없음,이륜,남,19세,경상
2016111600100655,2016년 11월 16일 22시,수요일,대구광역시 동구 불로동,경상사고,0,0,1,0,차대차 - 측면충돌,안전운전불이행,건조,맑음,단일로 - 기타,승용,여,26세,상해없음,승용,여,54세,경상
2016111600100656,2016년 11월 16일 22시,수요일,대구광역시 수성구 두산동,중상사고,0,1,0,0,차대차 - 측면충돌,안전거리미확보,건조,맑음,교차로 - 교차로부근,승용,남,28세,상해없음,승용,남,41세,중상
2016111600100657,2016년 11월 16일 22시,수요일,대구광역시 북구 칠성동1가,경상사고,0,0,1,0,차대사람 - 횡단중,안전운전불이행,건조,맑음,단일로 - 횡단보도상,승용,남,42세,상해없음,보행자,남,47세,경상
2016111600100658,2016년 11월 16일 22시,수요일,대구광역시 서구 평리동,중상사고,0,1,2,0,차대차 - 측면직각충돌,신호위반,건조,맑음,교차로 - 교차로안,승용,남,42세,경상,승용,남,53세,중상
2016111600100659,2016년 11월 16일 22시,수요일,대구광역시 서구 내당동,중상사고,0,1,1,0,차대차 - 정면충돌,안전운전불이행,건조,맑음,단일로 - 기타,승용,남,60세,상해없음,승용,남,38세,경상
2016111600100660,2016년 11월 16일 22시,수요일,대구광역시 중구 동일동,경상사고,0,0,1,0,차대차 - 기타,안전운전불이행,건조,맑음,단일로 - 기타,승용,남,58세,상해없음,자전거,남,28세,경상
2016111600100661,2016년 11월 16일 22시,수요일,대구광역시 달서구 신당동,경상사고,0,0,1,0,차대차 - 기타,안전운전불이행,건조,맑음,단일로 - 기타,승용,남,57세,상해없음,승용,여,37세,경상
2016111600100692,2016년 11월 16일 23시,수요일,대구광역시 남구 대명동,경상사고,0,0,2,0,차대차 - 추돌,안전운전불이행,건조,맑음,단일로 - 기타,승용,남,54세,상해없음,승용,남,41세,경상
2016111600100693,2016년 11월 16일 23시,수요일,대구광역시 북구 동천동,경상사고,0,0,1,0,차대차 - 추돌,안전운전불이행,건조,맑음,단일로 - 기타,승용,남,32세,상해없음,승용,남,58세,경상
2016111700100018,2016년 11월 17일 00시,목요일,대구광역시 동구 신천동,경상사고,0,0,2,0,차대차 - 측면충돌,안전운전불이행,건조,맑음,교차로 - 교차로안,승용,남,60세,경상,이륜,남,22세,경상
2016111700100019,2016년 11월 17일 00시,목요일,대구광역시 북구 산격동,부상신고사고,0,0,0,1,차대사람 - 기타,안전운전불이행,건조,맑음,교차로 - 교차로안,승용,남,57세,상해없음,보행자,남,19세,부상신고
2016111700100106,2016년 11월 17일 07시,목요일,대구광역시 북구 산격동,중상사고,0,1,0,0,차대차 - 측면직각충돌,신호위반,건조,맑음,교차로 - 교차로안,화물,남,70세,상해없음,화물,남,55세,중상
2016111700100130,2016년 11월 17일 08시,목요일,대구광역시 북구 산격동,경상사고,0,0,1,0,차대차 - 측면직각충돌,안전운전불이행,건조,맑음,기타 - 기타,승용,남,29세,상해없음,승용,여,35세,경상
2016111700100159,2016년 11월 17일 09시,목요일,대구광역시 북구 침산동,경상사고,0,0,1,0,차대차 - 측면충돌,안전운전불이행,건조,맑음,단일로 - 기타,승용,남,25세,상해없음,승용,남,34세,경상
2016111700100190,2016년 11월 17일 10시,목요일,대구광역시 수성구 만촌동,경상사고,0,0,2,0,차대차 - 정면충돌,중앙선침범,건조,맑음,교차로 - 교차로안,승용,남,27세,상해없음,승용,남,20세,경상
2016111700100191,2016년 11월 17일 10시,목요일,대구광역시 달성군 현풍면,경상사고,0,0,3,0,차대차 - 기타,안전운전불이행,건조,맑음,교차로 - 교차로안,농기계,남,75세,경상,승용,여,32세,경상
2016111700100192,2016년 11월 17일 10시,목요일,대구광역시 북구 산격동,중상사고,0,1,0,0,차대사람 - 횡단중,안전운전불이행,건조,맑음,교차로 - 교차로부근,승용,남,26세,상해없음,보행자,여,61세,중상
2016111700100224,2016년 11월 17일 11시,목요일,대구광역시 동구 신천동,경상사고,0,0,2,0,차대차 - 추돌,안전운전불이행,기타,맑음,교차로 - 교차로부근,승용,여,62세,상해없음,승용,남,59세,경상
2016111700100225,2016년 11월 17일 11시,목요일,대구광역시 수성구 범물동,경상사고,0,0,1,0,차대사람 - 기타,기타,건조,맑음,단일로 - 기타,승합,남,47세,상해없음,보행자,남,21세,경상
2016111700100326,2016년 11월 17일 14시,목요일,대구광역시 중구 태평로3가,경상사고,0,0,1,0,차대차 - 측면직각충돌,안전거리미확보,건조,맑음,단일로 - 기타,이륜,남,79세,경상,화물,남,49세,상해없음
2016111700100367,2016년 11월 17일 15시,목요일,대구광역시 수성구 지산동,경상사고,0,0,1,0,차대차 - 측면직각충돌,안전운전불이행,건조,맑음,교차로 - 교차로안,승용,여,31세,상해없음,자전거,남,12세,경상
2016111700100402,2016년 11월 17일 16시,목요일,대구광역시 수성구 신매동,경상사고,0,0,1,0,차대차 - 정면충돌,안전운전불이행,건조,맑음,교차로 - 교차로부근,승용,여,46세,상해없음,승용,여,50세,경상
2016111700100403,2016년 11월 17일 16시,목요일,대구광역시 북구 침산동,경상사고,0,0,2,0,차대사람 - 보도통행중,보행자보호의무위반,건조,맑음,단일로 - 횡단보도상,승용,여,52세,상해없음,보행자,남,17세,경상
2016111700100405,2016년 11월 17일 16시,목요일,대구광역시 중구 남산동,중상사고,0,1,1,0,차대차 - 측면직각충돌,안전운전불이행,건조,맑음,교차로 - 교차로부근,승용,여,35세,상해없음,승용,남,70세,중상
2016111700100447,2016년 11월 17일 17시,목요일,대구광역시 동구 신천동,중상사고,0,1,0,0,차대차 - 측면직각충돌,신호위반,건조,맑음,교차로 - 교차로안,승합,남,52세,상해없음,이륜,남,48세,중상
2016111700100502,2016년 11월 17일 18시,목요일,대구광역시 동구 신천동,경상사고,0,0,2,0,차대차 - 측면충돌,안전거리미확보,건조,맑음,단일로 - 기타,승용,남,59세,상해없음,승용,남,48세,경상
2016111700100503,2016년 11월 17일 18시,목요일,대구광역시 달서구 대천동,경상사고,0,0,2,0,차대차 - 기타,안전거리미확보,건조,맑음,단일로 - 기타,승용,남,51세,경상,승용,남,30세,경상
2016111700100504,2016년 11월 17일 18시,목요일,대구광역시 서구 내당동,경상사고,0,0,3,0,차대차 - 측면충돌,신호위반,건조,맑음,교차로 - 교차로안,승용,여,63세,상해없음,승용,남,63세,경상
2016111700100505,2016년 11월 17일 18시,목요일,대구광역시 달서구 용산동,중상사고,0,1,0,0,차대사람 - 횡단중,안전운전불이행,건조,맑음,단일로 - 기타,승용,남,61세,상해없음,보행자,여,36세,중상
2016111700100557,2016년 11월 17일 19시,목요일,대구광역시 남구 대명동,중상사고,0,1,0,0,차대차 - 추돌,안전운전불이행,건조,맑음,단일로 - 횡단보도상,승용,남,27세,상해없음,승용,여,25세,중상
2016111700100558,2016년 11월 17일 19시,목요일,대구광역시 남구 대명동,경상사고,0,0,1,0,차대사람 - 길가장자리구역통행중,안전운전불이행,건조,맑음,단일로 - 기타,기타불명,기타불명,기타불명,기타불명,보행자,여,47세,경상
2016111700100559,2016년 11월 17일 19시,목요일,대구광역시 수성구 만촌동,부상신고사고,0,0,0,1,차대차 - 추돌,안전운전불이행,건조,맑음,단일로 - 기타,승합,남,40세,부상신고,건설기계,남,43세,상해없음
2016111700100560,2016년 11월 17일 19시,목요일,대구광역시 북구 산격동,경상사고,0,0,2,0,차대차 - 추돌,안전운전불이행,건조,맑음,단일로 - 기타,승용,여,42세,기타불명,승용,남,47세,경상
2016111700100593,2016년 11월 17일 20시,목요일,대구광역시 동구 동호동,경상사고,0,0,1,0,차대차 - 측면직각충돌,안전거리미확보,건조,맑음,교차로 - 교차로부근,승용,남,27세,상해없음,승용,남,48세,경상
2016111700100594,2016년 11월 17일 20시,목요일,대구광역시 수성구 중동,경상사고,0,0,3,0,차대차 - 측면직각충돌,안전운전불이행,건조,맑음,단일로 - 기타,승용,남,61세,상해없음,승용,남,51세,상해없음
2016111700100595,2016년 11월 17일 20시,목요일,대구광역시 달서구 감삼동,경상사고,0,0,1,0,차대사람 - 횡단중,안전운전불이행,건조,맑음,단일로 - 기타,화물,남,33세,상해없음,보행자,여,68세,경상
2016111700100621,2016년 11월 17일 21시,목요일,대구광역시 수성구 수성동4가,부상신고사고,0,0,0,1,차대차 - 추돌,안전거리미확보,건조,맑음,단일로 - 기타,이륜,남,26세,부상신고,승용,남,49세,상해없음
2016111700100622,2016년 11월 17일 21시,목요일,대구광역시 달서구 본리동,중상사고,0,1,0,0,차대차 - 기타,교차로운행방법위반,건조,맑음,교차로 - 교차로안,승용,남,61세,상해없음,이륜,남,27세,중상
2016111700100652,2016년 11월 17일 22시,목요일,대구광역시 달서구 월암동,경상사고,0,0,1,0,차대차 - 측면충돌,안전운전불이행,건조,맑음,교차로 - 교차로안,이륜,남,16세,경상,승용,남,46세,상해없음
2016111700100653,2016년 11월 17일 22시,목요일,대구광역시 서구 비산동,경상사고,0,0,1,0,차대차 - 측면충돌,불법유턴,건조,맑음,단일로 - 기타,자전거,남,21세,경상,승용,남,42세,상해없음
2016111700100675,2016년 11월 17일 23시,목요일,대구광역시 동구 효목동,경상사고,0,0,1,0,차대사람 - 기타,안전운전불이행,건조,맑음,단일로 - 기타,승용,남,29세,상해없음,보행자,남,58세,경상
2016111700100676,2016년 11월 17일 23시,목요일,대구광역시 달성군 화원읍,경상사고,0,0,3,0,차대차 - 정면충돌,중앙선침범,건조,맑음,단일로 - 기타,승용,여,51세,상해없음,승용,남,19세,상해없음
2016111800100023,2016년 11월 18일 00시,금요일,대구광역시 남구 이천동,경상사고,0,0,1,0,차대차 - 추돌,안전거리미확보,건조,맑음,단일로 - 기타,승용,남,46세,상해없음,승용,남,32세,경상
2016111800100092,2016년 11월 18일 06시,금요일,대구광역시 수성구 사월동,중상사고,0,3,1,0,차대차 - 추돌,안전거리미확보,건조,맑음,단일로 - 기타,화물,남,52세,상해없음,승용,남,55세,중상
2016111800100093,2016년 11월 18일 06시,금요일,대구광역시 달성군 현풍면,중상사고,0,1,0,0,차대사람 - 횡단중,안전운전불이행,건조,맑음,교차로 - 교차로부근,화물,남,60세,상해없음,보행자,여,67세,중상
2016111800100104,2016년 11월 18일 07시,금요일,대구광역시 북구 침산동,경상사고,0,0,1,0,차대차 - 측면충돌,안전운전불이행,건조,맑음,교차로 - 교차로안,승용,남,46세,상해없음,자전거,남,58세,경상
2016111800100132,2016년 11월 18일 08시,금요일,대구광역시 동구 각산동,중상사고,0,1,0,0,차대사람 - 횡단중,보행자보호의무위반,건조,맑음,단일로 - 기타,승용,여,45세,상해없음,보행자,남,7세,중상
2016111800100133,2016년 11월 18일 08시,금요일,대구광역시 달서구 진천동,경상사고,0,0,1,0,차대차 - 추돌,안전거리미확보,건조,맑음,교차로 - 교차로부근,승용,여,62세,상해없음,승용,남,30세,경상
2016111800100134,2016년 11월 18일 08시,금요일,대구광역시 달성군 다사읍,중상사고,0,1,1,0,차대차 - 측면직각충돌,안전운전불이행,건조,맑음,교차로 - 교차로안,승용,여,40세,경상,승용,여,65세,중상
2016111800100175,2016년 11월 18일 09시,금요일,대구광역시 남구 봉덕동,경상사고,0,0,1,0,차대차 - 추돌,안전거리미확보,건조,맑음,단일로 - 기타,승용,남,39세,상해없음,승용,남,34세,경상
2016111800100222,2016년 11월 18일 11시,금요일,대구광역시 동구 괴전동,경상사고,0,0,2,0,차대차 - 측면직각충돌,안전거리미확보,건조,맑음,단일로 - 기타,건설기계,남,68세,상해없음,승용,남,33세,경상
2016111800100223,2016년 11월 18일 11시,금요일,대구광역시 북구 학정동,경상사고,0,0,1,0,차대차 - 측면충돌,안전운전불이행,건조,흐림,단일로 - 기타,자전거,여,57세,경상,건설기계,남,44세,상해없음
2016111800100267,2016년 11월 18일 12시,금요일,대구광역시 수성구 황금동,중상사고,0,1,0,0,차대차 - 정면충돌,중앙선침범,건조,맑음,단일로 - 기타,승용,남,62세,상해없음,화물,남,73세,중상
2016111800100268,2016년 11월 18일 12시,금요일,대구광역시 서구 내당동,부상신고사고,0,0,0,1,차대차 - 측면충돌,안전운전불이행,건조,맑음,단일로 - 횡단보도부근,자전거,남,80세,부상신고,승용,남,57세,상해없음
2016111800100303,2016년 11월 18일 13시,금요일,대구광역시 달성군 논공읍,중상사고,0,1,0,0,차대차 - 측면직각충돌,안전운전불이행,건조,맑음,교차로 - 교차로안,화물,남,66세,상해없음,원동기,남,31세,중상
2016111800100361,2016년 11월 18일 15시,금요일,대구광역시 달성군 논공읍,중상사고,0,1,0,0,차대차 - 측면직각충돌,안전운전불이행,건조,맑음,단일로 - 기타,승용,남,64세,상해없음,승용,남,43세,기타불명
2016111800100362,2016년 11월 18일 15시,금요일,대구광역시 달서구 본리동,경상사고,0,0,1,0,차대차 - 기타,안전거리미확보,습기,맑음,교차로 - 교차로안,승용,남,53세,상해없음,이륜,남,35세,경상
2016111800100407,2016년 11월 18일 16시,금요일,대구광역시 동구 검사동,중상사고,0,1,0,0,차대차 - 측면직각충돌,안전운전불이행,건조,맑음,단일로 - 기타,승용,남,65세,상해없음,자전거,남,76세,중상
2016111800100408,2016년 11월 18일 16시,금요일,대구광역시 수성구 사월동,경상사고,0,0,1,0,차대차 - 기타,안전운전불이행,습기,비,교차로 - 교차로안,승용,남,52세,상해없음,이륜,남,36세,경상
2016111800100409,2016년 11월 18일 16시,금요일,대구광역시 달성군 하빈면,중상사고,0,1,2,0,차대차 - 측면직각충돌,안전운전불이행,건조,맑음,단일로 - 기타,화물,남,57세,상해없음,승용,여,55세,경상
2016111800100466,2016년 11월 18일 17시,금요일,대구광역시 달성군 다사읍,경상사고,0,0,1,0,차대차 - 추돌,안전운전불이행,건조,맑음,단일로 - 기타,승합,남,62세,상해없음,화물,남,47세,경상
2016111800100467,2016년 11월 18일 17시,금요일,대구광역시 북구 복현동,경상사고,0,0,1,0,차대차 - 기타,중앙선침범,건조,맑음,단일로 - 기타,자전거,남,20세,경상,승용,남,56세,상해없음
2016111800100468,2016년 11월 18일 17시,금요일,대구광역시 북구 산격동,경상사고,0,0,1,0,차대차 - 기타,안전운전불이행,습기,비,교차로 - 교차로안,승용,남,23세,상해없음,원동기,남,36세,경상
2016111800100469,2016년 11월 18일 17시,금요일,대구광역시 달서구 장동,경상사고,0,0,1,0,차대차 - 기타,교차로운행방법위반,건조,맑음,교차로 - 교차로안,화물,남,63세,상해없음,승용,남,51세,경상
2016111800100543,2016년 11월 18일 18시,금요일,대구광역시 남구 봉덕동,중상사고,0,1,1,0,차대차 - 정면충돌,중앙선침범,습기,비,단일로 - 기타,승용,여,64세,상해없음,화물,남,52세,중상
2016111800100545,2016년 11월 18일 18시,금요일,대구광역시 달서구 진천동,경상사고,0,0,2,0,차대차 - 측면충돌,교차로운행방법위반,건조,맑음,교차로 - 교차로안,원동기,남,27세,경상,원동기,남,34세,경상
2016111800100546,2016년 11월 18일 18시,금요일,대구광역시 북구 침산동,경상사고,0,0,1,0,차대차 - 정면충돌,신호위반,습기,비,교차로 - 교차로안,화물,남,63세,상해없음,화물,여,45세,경상
2016111800100547,2016년 11월 18일 18시,금요일,대구광역시 북구 태전동,중상사고,0,1,0,0,차대차 - 측면충돌,안전운전불이행,건조,맑음,단일로 - 기타,승용,남,28세,상해없음,이륜,남,43세,중상
2016111800100620,2016년 11월 18일 19시,금요일,대구광역시 수성구 범어동,경상사고,0,0,1,0,차대차 - 측면충돌,안전운전불이행,습기,비,교차로 - 교차로안,승합,남,63세,상해없음,승용,여,40세,경상
2016111800100621,2016년 11월 18일 19시,금요일,대구광역시 수성구 지산동,경상사고,0,0,1,0,차대차 - 측면직각충돌,안전거리미확보,습기,비,교차로 - 교차로안,승용,남,43세,상해없음,승용,여,48세,경상
2016111800100622,2016년 11월 18일 19시,금요일,대구광역시 달서구 상인동,경상사고,0,0,1,0,차대차 - 측면직각충돌,안전거리미확보,습기,비,단일로 - 기타,화물,남,56세,상해없음,승용,여,40세,경상
2016111800100623,2016년 11월 18일 19시,금요일,대구광역시 북구 산격동,경상사고,0,0,1,1,차대차 - 추돌,안전운전불이행,습기,비,교차로 - 교차로부근,승용,남,32세,부상신고,승용,남,32세,경상
2016111800100624,2016년 11월 18일 19시,금요일,대구광역시 서구 평리동,경상사고,0,0,4,0,차대차 - 추돌,안전거리미확보,습기,비,단일로 - 기타,승용,남,47세,상해없음,승용,남,33세,경상
2016111800100625,2016년 11월 18일 19시,금요일,대구광역시 북구 서변동,경상사고,0,0,2,0,차대차 - 추돌,안전거리미확보,습기,비,미분류 - 미분류,승용,남,44세,상해없음,화물,남,62세,경상
2016111800100670,2016년 11월 18일 20시,금요일,대구광역시 동구 신암동,경상사고,0,0,1,0,차대차 - 추돌,안전운전불이행,건조,맑음,단일로 - 기타,승용,남,65세,상해없음,승용,남,55세,경상
2016111800100671,2016년 11월 18일 20시,금요일,대구광역시 수성구 신매동,경상사고,0,0,1,0,차대차 - 측면충돌,신호위반,습기,비,교차로 - 교차로안,승용,여,47세,상해없음,이륜,남,34세,경상
2016111800100672,2016년 11월 18일 20시,금요일,대구광역시 달서구 신당동,경상사고,0,0,2,0,차대차 - 추돌,안전운전불이행,습기,비,단일로 - 기타,승용,남,49세,상해없음,승용,여,52세,경상
2016111800100722,2016년 11월 18일 21시,금요일,대구광역시 달서구 송현동,경상사고,0,0,2,0,차대차 - 정면충돌,중앙선침범,건조,맑음,단일로 - 기타,승용,남,44세,상해없음,승용,남,45세,경상
2016111800100723,2016년 11월 18일 21시,금요일,대구광역시 북구 침산동,경상사고,0,0,4,0,차대차 - 측면충돌,안전운전불이행,습기,비,단일로 - 기타,승용,남,53세,상해없음,승용,남,31세,경상
2016111800100765,2016년 11월 18일 22시,금요일,대구광역시 달서구 본동,경상사고,0,0,1,0,차대차 - 기타,중앙선침범,습기,비,단일로 - 기타,기타불명,기타불명,기타불명,기타불명,승용,남,42세,경상
2016111800100766,2016년 11월 18일 22시,금요일,대구광역시 달서구 월성동,경상사고,0,0,1,0,차대사람 - 횡단중,안전운전불이행,습기,비,교차로 - 교차로안,승용,남,48세,상해없음,보행자,남,73세,경상
2016111800100767,2016년 11월 18일 22시,금요일,대구광역시 달서구 성당동,경상사고,0,0,1,1,차대차 - 추돌,안전운전불이행,습기,비,단일로 - 기타,원동기,남,47세,부상신고,원동기,남,22세,경상
2016111800100768,2016년 11월 18일 22시,금요일,대구광역시 달서구 신당동,경상사고,0,0,1,0,차대차 - 기타,안전운전불이행,건조,맑음,단일로 - 기타,승용,남,23세,상해없음,승용,남,19세,경상
2016111800100797,2016년 11월 18일 23시,금요일,대구광역시 수성구 신매동,중상사고,0,1,0,0,차대사람 - 횡단중,보행자보호의무위반,건조,맑음,교차로 - 교차로안,승용,남,59세,상해없음,보행자,남,33세,중상
2016111800100798,2016년 11월 18일 23시,금요일,대구광역시 수성구 시지동,경상사고,0,0,1,0,차대차 - 추돌,안전운전불이행,건조,맑음,단일로 - 기타,승용,여,40세,상해없음,승용,여,55세,경상
2016111800100799,2016년 11월 18일 23시,금요일,대구광역시 북구 복현동,경상사고,0,0,1,0,차대차 - 정면충돌,안전운전불이행,습기,비,단일로 - 기타,승용,여,22세,상해없음,승용,남,60세,경상
2016111800100800,2016년 11월 18일 23시,금요일,대구광역시 서구 비산동,중상사고,0,1,0,0,차대사람 - 기타,안전운전불이행,습기,비,교차로 - 교차로부근,화물,남,41세,상해없음,보행자,여,77세,중상
2016111800100801,2016년 11월 18일 23시,금요일,대구광역시 달서구 두류동,경상사고,0,0,2,0,차대차 - 측면직각충돌,신호위반,습기,비,교차로 - 교차로안,승용,남,49세,상해없음,승용,남,29세,경상
2016111900100032,2016년 11월 19일 00시,토요일,대구광역시 달서구 상인동,경상사고,0,0,1,0,차대차 - 측면충돌,안전운전불이행,습기,비,단일로 - 기타,승용,남,35세,상해없음,이륜,남,16세,경상
2016111900100033,2016년 11월 19일 00시,토요일,대구광역시 서구 상리동,경상사고,0,0,2,0,차량단독 - 전도전복,안전운전불이행,습기,비,단일로 - 기타,승용,남,58세,경상,,,,
2016111900100052,2016년 11월 19일 01시,토요일,대구광역시 남구 대명동,중상사고,0,1,2,0,차대차 - 기타,중앙선침범,건조,맑음,단일로 - 횡단보도상,승용,남,28세,상해없음,승용,남,52세,중상
2016111900100053,2016년 11월 19일 01시,토요일,대구광역시 달서구 상인동,중상사고,0,1,1,0,차대차 - 추돌,안전운전불이행,습기,흐림,교차로 - 교차로부근,승용,여,49세,상해없음,승용,남,37세,중상