사고번호,사고일시,요일,시군구,사고내용,사망자수,중상자수,경상자수,부상신고자수,사고유형,법규위반,노면상태,기상상태,도로형태,가해운전자 차종,가해운전자 성별,가해운전자 연령,가해운전자 상해정도,피해운전자 차종,피해운전자 성별,피해운전자 연령,피해운전자 상해정도
2016111900100054,2016년 11월 19일 01시,토요일,대구광역시 북구 조야동,경상사고,0,0,1,0,차량단독 - 공작물충돌,안전운전불이행,습기,흐림,단일로 - 기타,승용,남,72세,상해없음,,,,
2016111900100070,2016년 11월 19일 02시,토요일,대구광역시 달서구 상인동,경상사고,0,0,1,0,차대차 - 기타,안전운전불이행,건조,맑음,단일로 - 기타,승용,남,61세,상해없음,화물,남,61세,기타불명
2016111900100078,2016년 11월 19일 03시,토요일,대구광역시 동구 입석동,중상사고,0,1,0,0,차대사람 - 기타,보행자보호의무위반,건조,맑음,교차로 - 교차로안,승용,여,69세,상해없음,보행자,남,44세,중상
2016111900100118,2016년 11월 19일 06시,토요일,대구광역시 북구 동변동,중상사고,0,1,0,0,차대사람 - 횡단중,안전운전불이행,건조,맑음,단일로 - 기타,화물,남,37세,상해없음,보행자,남,57세,중상
2016111900100130,2016년 11월 19일 07시,토요일,대구광역시 서구 이현동,경상사고,0,0,1,0,차대차 - 기타,안전운전불이행,건조,흐림,단일로 - 기타,승용,남,69세,상해없음,승용,남,58세,상해없음
2016111900100131,2016년 11월 19일 07시,토요일,대구광역시 서구 내당동,경상사고,0,0,1,0,차대차 - 정면충돌,차로위반,건조,맑음,단일로 - 기타,승용,남,57세,상해없음,이륜,남,48세,경상
2016111900100132,2016년 11월 19일 07시,토요일,대구광역시 달서구 장기동,경상사고,0,0,1,0,차대차 - 기타,안전운전불이행,적설,맑음,단일로 - 기타,이륜,남,28세,경상,승용,남,56세,상해없음
2016111900100133,2016년 11월 19일 07시,토요일,대구광역시 달서구 장기동,경상사고,0,0,1,0,차대차 - 측면충돌,안전운전불이행,건조,맑음,단일로 - 기타,승용,여,25세,상해없음,승용,여,58세,경상
2016111900100134,2016년 11월 19일 07시,토요일,대구광역시 북구 태전동,경상사고,0,0,2,0,차대사람 - 기타,안전운전불이행,건조,맑음,단일로 - 기타,승용,남,59세,상해없음,보행자,남,15세,경상
2016111900100158,2016년 11월 19일 08시,토요일,대구광역시 동구 신암동,경상사고,0,0,2,0,차대차 - 측면충돌,교차로운행방법위반,건조,맑음,교차로 - 교차로안,승용,남,66세,상해없음,승용,여,59세,경상
2016111900100183,2016년 11월 19일 09시,토요일,대구광역시 중구 대신동,경상사고,0,0,1,0,차대차 - 정면충돌,안전거리미확보,건조,맑음,단일로 - 기타,승용,남,73세,상해없음,화물,남,48세,경상
2016111900100217,2016년 11월 19일 10시,토요일,대구광역시 동구 율하동,중상사고,0,1,0,0,차대차 - 측면충돌,안전운전불이행,건조,맑음,단일로 - 기타,승용,남,32세,상해없음,승용,남,71세,중상
2016111900100218,2016년 11월 19일 10시,토요일,대구광역시 달서구 송현동,경상사고,0,0,2,0,차대차 - 측면충돌,교차로운행방법위반,건조,맑음,교차로 - 교차로안,원동기,여,37세,경상,승용,여,32세,경상
2016111900100219,2016년 11월 19일 10시,토요일,대구광역시 달성군 유가면,경상사고,0,0,2,0,차대차 - 측면직각충돌,안전운전불이행,건조,맑음,교차로 - 교차로안,승용,남,35세,경상,승용,여,56세,경상
2016111900100220,2016년 11월 19일 10시,토요일,대구광역시 달서구 이곡동,경상사고,0,0,1,0,차대차 - 측면직각충돌,신호위반,건조,맑음,교차로 - 교차로안,승용,남,75세,상해없음,화물,남,41세,경상
2016111900100250,2016년 11월 19일 11시,토요일,대구광역시 수성구 지산동,경상사고,0,0,1,0,차대사람 - 횡단중,보행자보호의무위반,건조,맑음,교차로 - 교차로안,승용,여,62세,상해없음,보행자,여,53세,경상
2016111900100291,2016년 11월 19일 12시,토요일,대구광역시 동구 방촌동,경상사고,0,0,2,0,차대차 - 추돌,안전거리미확보,건조,맑음,단일로 - 기타,승용,남,57세,상해없음,승용,여,36세,경상
2016111900100292,2016년 11월 19일 12시,토요일,대구광역시 중구 공평동,경상사고,0,0,1,0,차대차 - 기타,차로위반,건조,맑음,단일로 - 기타,승용,남,35세,상해없음,승합,남,57세,상해없음
2016111900100337,2016년 11월 19일 13시,토요일,대구광역시 수성구 신매동,중상사고,0,1,0,0,차대사람 - 횡단중,보행자보호의무위반,건조,맑음,단일로 - 횡단보도상,승용,여,47세,상해없음,보행자,남,27세,중상
2016111900100338,2016년 11월 19일 13시,토요일,대구광역시 서구 비산동,중상사고,0,1,0,0,차대사람 - 횡단중,안전운전불이행,건조,맑음,교차로 - 교차로안,기타불명,기타불명,기타불명,기타불명,보행자,여,73세,중상
2016111900100339,2016년 11월 19일 13시,토요일,대구광역시 달서구 죽전동,경상사고,0,0,2,0,차대차 - 기타,안전운전불이행,건조,맑음,교차로 - 교차로부근,승용,남,29세,상해없음,승용,남,55세,경상
2016111900100374,2016년 11월 19일 14시,토요일,대구광역시 서구 내당동,경상사고,0,0,1,0,차량단독 - 전도전복,안전운전불이행,건조,맑음,단일로 - 기타,승용,남,77세,상해없음,,,,
2016111900100412,2016년 11월 19일 15시,토요일,대구광역시 달서구 본리동,경상사고,0,0,1,0,차대차 - 추돌,안전운전불이행,건조,맑음,교차로 - 교차로안,승용,남,54세,상해없음,승용,남,34세,경상
2016111900100413,2016년 11월 19일 15시,토요일,대구광역시 북구 매천동,경상사고,0,0,1,0,차대차 - 측면직각충돌,안전운전불이행,건조,맑음,단일로 - 기타,기타불명,기타불명,27세,기타불명,승용,여,36세,경상
2016111900100494,2016년 11월 19일 17시,토요일,대구광역시 남구 대명동,중상사고,0,1,0,0,차대차 - 추돌,안전운전불이행,건조,맑음,단일로 - 기타,승용,여,35세,상해없음,자전거,여,25세,중상
2016111900100495,2016년 11월 19일 17시,토요일,대구광역시 북구 복현동,중상사고,0,1,0,0,차대사람 - 차도통행중,안전운전불이행,건조,맑음,단일로 - 기타,승용,남,40세,상해없음,보행자,여,16세,중상
2016111900100496,2016년 11월 19일 17시,토요일,대구광역시 북구 칠성동2가,경상사고,0,0,1,0,차대사람 - 보도통행중,기타,건조,맑음,기타 - 기타,승용,남,44세,상해없음,보행자,여,69세,경상
2016111900100497,2016년 11월 19일 17시,토요일,대구광역시 달서구 이곡동,경상사고,0,0,1,0,차대차 - 측면직각충돌,안전운전불이행,건조,맑음,단일로 - 횡단보도상,승용,남,43세,상해없음,자전거,여,27세,경상
2016111900100548,2016년 11월 19일 18시,토요일,대구광역시 남구 대명동,중상사고,0,1,0,0,차대차 - 정면충돌,교차로운행방법위반,건조,맑음,교차로 - 교차로안,승용,남,34세,상해없음,이륜,남,26세,중상
2016111900100549,2016년 11월 19일 18시,토요일,대구광역시 북구 산격동,경상사고,0,0,1,0,차대차 - 측면직각충돌,안전운전불이행,건조,맑음,교차로 - 교차로부근,승용,남,63세,상해없음,승용,남,57세,기타불명
2016111900100550,2016년 11월 19일 18시,토요일,대구광역시 북구 동천동,경상사고,0,0,1,0,차대사람 - 횡단중,안전운전불이행,건조,맑음,단일로 - 기타,승용,남,33세,상해없음,보행자,남,23세,경상
2016111900100613,2016년 11월 19일 19시,토요일,대구광역시 달서구 상인동,경상사고,0,0,1,0,차대사람 - 횡단중,안전운전불이행,건조,맑음,단일로 - 기타,승용,남,25세,상해없음,보행자,여,46세,경상
2016111900100614,2016년 11월 19일 19시,토요일,대구광역시 달서구 대곡동,중상사고,0,1,0,0,차대차 - 기타,안전거리미확보,건조,맑음,단일로 - 기타,승용,남,67세,상해없음,승용,여,33세,중상
2016111900100615,2016년 11월 19일 19시,토요일,대구광역시 달성군 논공읍,경상사고,0,0,1,0,차대차 - 측면직각충돌,안전운전불이행,건조,맑음,단일로 - 기타,이륜,남,38세,상해없음,승합,남,24세,경상
2016111900100616,2016년 11월 19일 19시,토요일,대구광역시 달서구 신당동,중상사고,0,1,0,0,차대차 - 기타,안전거리미확보,건조,맑음,교차로 - 교차로부근,승용,여,31세,기타불명,원동기,남,27세,중상
2016111900100654,2016년 11월 19일 20시,토요일,대구광역시 수성구 황금동,경상사고,0,0,1,0,차대차 - 추돌,안전운전불이행,건조,맑음,단일로 - 기타,승용,남,23세,상해없음,승용,남,34세,경상
2016111900100655,2016년 11월 19일 20시,토요일,대구광역시 서구 평리동,중상사고,0,1,2,0,차대차 - 정면충돌,안전거리미확보,건조,맑음,단일로 - 기타,화물,남,45세,상해없음,승용,남,34세,상해없음
2016111900100656,2016년 11월 19일 20시,토요일,대구광역시 서구 평리동,중상사고,0,1,0,0,차대차 - 측면직각충돌,신호위반,건조,맑음,단일로 - 기타,승용,남,28세,상해없음,이륜,남,38세,중상
2016111900100657,2016년 11월 19일 20시,토요일,대구광역시 중구 수동,경상사고,0,0,1,0,차대차 - 기타,안전거리미확보,건조,맑음,단일로 - 기타,승용,남,51세,상해없음,이륜,남,33세,경상
2016111900100680,2016년 11월 19일 21시,토요일,대구광역시 수성구 범어동,경상사고,0,0,1,0,차대차 - 기타,안전거리미확보,건조,맑음,단일로 - 기타,기타불명,기타불명,기타불명,기타불명,이륜,남,21세,경상
2016111900100681,2016년 11월 19일 21시,토요일,대구광역시 북구 침산동,경상사고,0,0,1,0,차대차 - 측면충돌,안전운전불이행,건조,맑음,단일로 - 기타,승용,남,59세,상해없음,승용,남,32세,경상
2016111900100683,2016년 11월 19일 21시,토요일,대구광역시 달서구 두류동,경상사고,0,0,1,0,차대차 - 측면직각충돌,안전운전불이행,건조,맑음,교차로 - 교차로부근,승용,남,59세,상해없음,승용,기타불명,기타불명,기타불명
2016111900100737,2016년 11월 19일 23시,토요일,대구광역시 달서구 대천동,경상사고,0,0,1,0,차대차 - 측면직각충돌,신호위반,건조,맑음,단일로 - 횡단보도상,승용,남,35세,상해없음,자전거,여,28세,경상
2016111900100738,2016년 11월 19일 23시,토요일,대구광역시 달성군 구지면,경상사고,0,0,1,0,차량단독 - 공작물충돌,안전운전불이행,건조,맑음,단일로 - 기타,승용,남,43세,경상,,,,
2016112000100048,2016년 11월 20일 02시,일요일,대구광역시 수성구 두산동,경상사고,0,0,1,0,차대사람 - 차도통행중,안전운전불이행,건조,맑음,단일로 - 기타,승용,남,45세,상해없음,보행자,남,42세,경상
2016112000100049,2016년 11월 20일 02시,일요일,대구광역시 중구 덕산동,경상사고,0,0,1,0,차대차 - 정면충돌,중앙선침범,건조,맑음,단일로 - 기타,승용,남,18세,상해없음,이륜,남,24세,경상
2016112000100050,2016년 11월 20일 02시,일요일,대구광역시 중구 삼덕동1가,경상사고,0,0,2,0,차대사람 - 횡단중,안전운전불이행,건조,맑음,단일로 - 기타,승용,남,62세,상해없음,보행자,여,22세,경상
2016112000100060,2016년 11월 20일 03시,일요일,대구광역시 서구 내당동,사망사고,1,0,0,0,차대사람 - 횡단중,안전운전불이행,건조,맑음,단일로 - 기타,승용,남,29세,상해없음,보행자,남,55세,사망
2016112000100072,2016년 11월 20일 04시,일요일,대구광역시 중구 대봉동,경상사고,0,0,1,0,차대차 - 정면충돌,안전거리미확보,건조,맑음,단일로 - 기타,승용,남,47세,상해없음,승용,남,62세,상해없음
2016112000100080,2016년 11월 20일 05시,일요일,대구광역시 동구 신천동,경상사고,0,0,1,0,차대차 - 정면충돌,중앙선침범,건조,맑음,단일로 - 기타,승용,남,24세,상해없음,승용,남,49세,경상
2016112000100101,2016년 11월 20일 06시,일요일,대구광역시 남구 봉덕동,중상사고,0,1,0,0,차대차 - 기타,안전운전불이행,건조,맑음,기타 - 기타,승합,남,36세,상해없음,승용,남,29세,중상
2016112000100102,2016년 11월 20일 06시,일요일,대구광역시 동구 신암동,중상사고,0,1,0,0,차대사람 - 횡단중,안전운전불이행,건조,맑음,단일로 - 횡단보도부근,화물,남,66세,상해없음,보행자,여,86세,중상
2016112000100115,2016년 11월 20일 08시,일요일,대구광역시 달서구 월성동,중상사고,0,1,0,0,차대사람 - 기타,안전운전불이행,건조,맑음,단일로 - 기타,승용,남,37세,상해없음,보행자,여,67세,중상
2016112000100128,2016년 11월 20일 09시,일요일,대구광역시 동구 신평동,경상사고,0,0,3,0,차대차 - 측면충돌,중앙선침범,건조,맑음,단일로 - 기타,승합,남,37세,상해없음,승용,여,36세,경상
2016112000100130,2016년 11월 20일 09시,일요일,대구광역시 달성군 화원읍,경상사고,0,0,1,0,차대차 - 측면충돌,안전운전불이행,건조,맑음,단일로 - 기타,승용,여,54세,상해없음,화물,남,61세,상해없음
2016112000100131,2016년 11월 20일 09시,일요일,대구광역시 북구 관음동,경상사고,0,0,1,0,차대차 - 추돌,직진우회전진행방해,건조,맑음,교차로 - 교차로안,승용,여,47세,상해없음,승용,남,46세,경상
2016112000100161,2016년 11월 20일 10시,일요일,대구광역시 북구 칠성동2가,중상사고,0,1,0,0,차대사람 - 기타,안전운전불이행,건조,맑음,단일로 - 기타,이륜,남,70세,상해없음,보행자,남,67세,중상
2016112000100189,2016년 11월 20일 11시,일요일,대구광역시 수성구 상동,사망사고,1,0,0,0,차대사람 - 기타,안전운전불이행,건조,맑음,단일로 - 기타,승용,남,28세,상해없음,보행자,남,76세,사망
2016112000100190,2016년 11월 20일 11시,일요일,대구광역시 달서구 상인동,경상사고,0,0,2,0,차대차 - 측면충돌,안전운전불이행,건조,맑음,단일로 - 기타,승용,남,25세,상해없음,승용,여,56세,경상
2016112000100214,2016년 11월 20일 12시,일요일,대구광역시 수성구 파동,중상사고,0,1,0,0,차대차 - 추돌,안전운전불이행,건조,맑음,교차로 - 교차로부근,화물,남,57세,상해없음,승용,남,47세,중상
2016112000100215,2016년 11월 20일 12시,일요일,대구광역시 수성구 수성동1가,부상신고사고,0,0,0,1,차대차 - 측면충돌,안전운전불이행,건조,맑음,교차로 - 교차로부근,이륜,남,22세,부상신고,승용,여,33세,상해없음
2016112000100216,2016년 11월 20일 12시,일요일,대구광역시 북구 산격동,중상사고,0,1,0,0,차대차 - 기타,안전운전불이행,건조,맑음,단일로 - 기타,승용,남,40세,상해없음,승용,남,31세,상해없음
2016112000100217,2016년 11월 20일 12시,일요일,대구광역시 달서구 성당동,부상신고사고,0,0,0,1,차대차 - 측면충돌,안전운전불이행,건조,맑음,단일로 - 기타,승용,여,64세,상해없음,자전거,남,51세,부상신고
2016112000100218,2016년 11월 20일 12시,일요일,대구광역시 달서구 이곡동,경상사고,0,0,1,0,차대차 - 기타,신호위반,건조,맑음,교차로 - 교차로안,승용,남,38세,상해없음,승용,남,53세,경상
2016112000100247,2016년 11월 20일 13시,일요일,대구광역시 달성군 논공읍,경상사고,0,0,1,0,차대차 - 측면직각충돌,안전운전불이행,건조,맑음,단일로 - 기타,승용,남,52세,상해없음,화물,남,44세,상해없음
2016112000100252,2016년 11월 20일 13시,일요일,대구광역시 서구 비산동,중상사고,0,1,0,0,차대차 - 기타,안전운전불이행,건조,맑음,교차로 - 교차로안,승용,남,57세,상해없음,이륜,남,50세,중상
2016112000100421,2016년 11월 20일 18시,일요일,대구광역시 동구 부동,경상사고,0,0,1,0,차대차 - 추돌,안전운전불이행,건조,맑음,단일로 - 기타,승용,남,47세,상해없음,승용,남,54세,경상
2016112000100424,2016년 11월 20일 18시,일요일,대구광역시 북구 태전동,경상사고,0,0,1,0,차대차 - 추돌,안전운전불이행,건조,맑음,교차로 - 교차로부근,승용,여,48세,상해없음,승용,남,41세,경상
2016112000100450,2016년 11월 20일 19시,일요일,대구광역시 동구 괴전동,경상사고,0,0,1,1,차대차 - 추돌,안전거리미확보,건조,맑음,단일로 - 기타,화물,남,48세,상해없음,화물,남,29세,경상
2016112000100451,2016년 11월 20일 19시,일요일,대구광역시 북구 산격동,경상사고,0,0,2,0,차대차 - 측면충돌,과속,건조,맑음,단일로 - 기타,승용,남,21세,경상,승용,남,63세,경상
2016112000100452,2016년 11월 20일 19시,일요일,대구광역시 서구 평리동,경상사고,0,0,1,1,차대차 - 측면충돌,신호위반,건조,맑음,교차로 - 교차로안,승용,남,55세,상해없음,승용,남,52세,부상신고
2016112000100453,2016년 11월 20일 19시,일요일,대구광역시 달서구 용산동,경상사고,0,0,2,1,차대차 - 추돌,안전운전불이행,건조,맑음,단일로 - 기타,승용,남,44세,부상신고,승용,남,45세,경상
2016112000100479,2016년 11월 20일 20시,일요일,대구광역시 수성구 수성동1가,경상사고,0,0,1,0,차대사람 - 횡단중,안전운전불이행,건조,맑음,단일로 - 기타,원동기,남,26세,경상,보행자,남,67세,상해없음
2016112000100521,2016년 11월 20일 22시,일요일,대구광역시 수성구 수성동1가,경상사고,0,0,2,0,차대차 - 정면충돌,안전운전불이행,건조,맑음,단일로 - 교량,승용,여,42세,상해없음,승용,남,27세,경상
2016112000100522,2016년 11월 20일 22시,일요일,대구광역시 수성구 만촌동,중상사고,0,1,0,0,차대차 - 추돌,안전운전불이행,건조,맑음,단일로 - 기타,승용,남,51세,상해없음,승용,여,28세,상해없음
2016112000100523,2016년 11월 20일 22시,일요일,대구광역시 북구 침산동,중상사고,0,1,5,0,차대차 - 정면충돌,신호위반,건조,맑음,교차로 - 교차로안,승용,남,34세,경상,승용,여,37세,중상
2016112000100524,2016년 11월 20일 22시,일요일,대구광역시 중구 삼덕동2가,경상사고,0,0,1,0,차대사람 - 횡단중,안전운전불이행,건조,맑음,단일로 - 기타,기타불명,기타불명,기타불명,기타불명,보행자,여,28세,경상
2016112000100525,2016년 11월 20일 22시,일요일,대구광역시 북구 태전동,경상사고,0,0,2,0,차대차 - 측면충돌,안전거리미확보,건조,맑음,단일로 - 기타,승용,남,52세,상해없음,승용,남,50세,경상
2016112000100547,2016년 11월 20일 23시,일요일,대구광역시 수성구 지산동,중상사고,0,1,0,0,차대사람 - 횡단중,안전운전불이행,건조,맑음,단일로 - 기타,승용,남,58세,상해없음,보행자,남,21세,중상
2016112000100548,2016년 11월 20일 23시,일요일,대구광역시 수성구 지산동,경상사고,0,0,1,0,차대차 - 측면충돌,신호위반,건조,맑음,교차로 - 교차로안,이륜,남,17세,상해없음,승용,남,52세,경상
2016112100100011,2016년 11월 21일 00시,월요일,대구광역시 달서구 상인동,사망사고,1,1,0,0,차대차 - 측면충돌,차로위반,건조,맑음,단일로 - 기타,원동기,남,17세,사망,승용,남,30세,상해없음
2016112100100012,2016년 11월 21일 00시,월요일,대구광역시 달서구 신당동,중상사고,0,1,0,0,차대차 - 측면충돌,안전운전불이행,건조,맑음,교차로 - 교차로부근,승용,남,61세,상해없음,이륜,남,19세,중상
2016112100100018,2016년 11월 21일 01시,월요일,대구광역시 달서구 월성동,경상사고,0,0,2,0,차대차 - 측면충돌,직진우회전진행방해,건조,맑음,교차로 - 교차로안,승용,남,25세,경상,승용,남,54세,경상
2016112100100030,2016년 11월 21일 04시,월요일,대구광역시 동구 방촌동,경상사고,0,0,1,1,차대차 - 측면충돌,신호위반,건조,맑음,교차로 - 교차로안,이륜,남,24세,부상신고,승용,남,19세,경상
2016112100100082,2016년 11월 21일 07시,월요일,대구광역시 달성군 화원읍,경상사고,0,0,1,0,차대차 - 추돌,안전운전불이행,건조,맑음,단일로 - 기타,승용,남,48세,상해없음,승용,남,47세,경상
2016112100100115,2016년 11월 21일 08시,월요일,대구광역시 남구 봉덕동,경상사고,0,0,1,0,차대차 - 추돌,안전운전불이행,건조,맑음,단일로 - 기타,승용,남,27세,상해없음,승용,남,50세,경상
2016112100100116,2016년 11월 21일 08시,월요일,대구광역시 수성구 파동,경상사고,0,0,1,0,차대사람 - 횡단중,안전운전불이행,건조,맑음,단일로 - 기타,승용,남,54세,상해없음,보행자,여,49세,경상
2016112100100158,2016년 11월 21일 09시,월요일,대구광역시 동구 방촌동,경상사고,0,0,1,0,차대차 - 정면충돌,안전운전불이행,건조,맑음,교차로 - 교차로안,자전거,남,75세,경상,승용,남,41세,상해없음
2016112100100159,2016년 11월 21일 09시,월요일,대구광역시 수성구 범어동,경상사고,0,0,3,0,차대차 - 측면충돌,안전거리미확보,건조,맑음,단일로 - 기타,승용,여,57세,상해없음,특수,남,46세,상해없음
2016112100100160,2016년 11월 21일 09시,월요일,대구광역시 서구 내당동,경상사고,0,0,1,0,차대차 - 측면직각충돌,교차로운행방법위반,건조,맑음,교차로 - 교차로부근,승용,남,27세,상해없음,승용,남,34세,경상
2016112100100199,2016년 11월 21일 10시,월요일,대구광역시 달서구 상인동,경상사고,0,0,1,0,차대차 - 측면직각충돌,안전운전불이행,건조,맑음,단일로 - 횡단보도상,승용,여,39세,상해없음,자전거,남,72세,경상
2016112100100200,2016년 11월 21일 10시,월요일,대구광역시 달서구 호산동,사망사고,1,0,0,0,차대차 - 측면직각충돌,불법유턴,건조,맑음,단일로 - 기타,이륜,남,79세,사망,화물,남,51세,상해없음
2016112100100235,2016년 11월 21일 11시,월요일,대구광역시 남구 대명동,경상사고,0,0,1,0,차량단독 - 전도전복,안전운전불이행,건조,맑음,교차로 - 교차로부근,승용,여,53세,경상,,,,
2016112100100236,2016년 11월 21일 11시,월요일,대구광역시 남구 이천동,경상사고,0,0,1,0,차대차 - 기타,안전운전불이행,건조,맑음,기타 - 기타,기타불명,기타불명,기타불명,기타불명,자전거,남,51세,경상
2016112100100257,2016년 11월 21일 12시,월요일,대구광역시 남구 봉덕동,경상사고,0,0,3,0,차대차 - 측면직각충돌,차로위반,건조,맑음,단일로 - 기타,승용,남,77세,경상,승용,남,31세,경상
2016112100100258,2016년 11월 21일 12시,월요일,대구광역시 동구 지묘동,중상사고,0,2,1,0,차대차 - 측면충돌,중앙선침범,건조,맑음,단일로 - 기타,승용,남,29세,중상,승용,여,51세,경상
2016112100100259,2016년 11월 21일 12시,월요일,대구광역시 서구 내당동,중상사고,0,1,0,0,차량단독 - 기타,안전거리미확보,건조,맑음,단일로 - 기타,승합,남,48세,상해없음,,,,
2016112100100260,2016년 11월 21일 12시,월요일,대구광역시 달서구 파호동,경상사고,0,0,1,0,차대차 - 측면충돌,교차로운행방법위반,건조,맑음,교차로 - 교차로안,화물,남,24세,상해없음,승용,남,56세,경상
2016112100100284,2016년 11월 21일 13시,월요일,대구광역시 동구 신용동,중상사고,0,2,0,0,차량단독 - 전도전복,안전운전불이행,건조,맑음,단일로 - 기타,화물,남,34세,중상,,,,
2016112100100285,2016년 11월 21일 13시,월요일,대구광역시 동구 신기동,경상사고,0,0,2,0,차대사람 - 차도통행중,안전운전불이행,건조,맑음,단일로 - 기타,승용,남,57세,상해없음,보행자,남,73세,경상
2016112100100286,2016년 11월 21일 13시,월요일,대구광역시 동구 신암동,부상신고사고,0,0,0,1,차대차 - 기타,안전운전불이행,건조,맑음,단일로 - 기타,자전거,남,55세,부상신고,승용,남,50세,상해없음
2016112100100287,2016년 11월 21일 13시,월요일,대구광역시 달서구 두류동,경상사고,0,0,1,0,차대차 - 추돌,안전운전불이행,건조,맑음,단일로 - 기타,승용,남,53세,상해없음,승용,남,42세,경상
2016112100100321,2016년 11월 21일 14시,월요일,대구광역시 달서구 상인동,중상사고,0,1,0,0,차대사람 - 횡단중,보행자보호의무위반,건조,맑음,교차로 - 교차로부근,화물,남,31세,상해없음,보행자,여,77세,중상
2016112100100322,2016년 11월 21일 14시,월요일,대구광역시 서구 이현동,경상사고,0,0,2,0,차대차 - 측면충돌,불법유턴,건조,맑음,단일로 - 기타,화물,남,38세,상해없음,화물,남,66세,경상
2016112100100353,2016년 11월 21일 15시,월요일,대구광역시 동구 신암동,경상사고,0,0,2,0,차대차 - 측면충돌,안전운전불이행,건조,맑음,교차로 - 교차로안,이륜,남,18세,상해없음,승용,여,45세,경상
2016112100100354,2016년 11월 21일 15시,월요일,대구광역시 수성구 수성동1가,경상사고,0,0,1,0,차대차 - 추돌,안전운전불이행,건조,맑음,단일로 - 기타,승용,남,50세,상해없음,승용,여,37세,경상
2016112100100355,2016년 11월 21일 15시,월요일,대구광역시 북구 칠성동1가,경상사고,0,0,1,0,차대차 - 기타,불법유턴,건조,맑음,단일로 - 기타,승용,남,52세,상해없음,승용,여,56세,경상
2016112100100356,2016년 11월 21일 15시,월요일,대구광역시 달서구 신당동,경상사고,0,0,1,0,차대차 - 측면직각충돌,안전거리미확보,건조,맑음,단일로 - 기타,승용,여,38세,상해없음,이륜,남,19세,경상
2016112100100395,2016년 11월 21일 16시,월요일,대구광역시 서구 비산동,중상사고,0,1,0,0,차대차 - 측면충돌,기타,건조,맑음,교차로 - 교차로부근,이륜,남,42세,상해없음,승용,남,56세,상해없음
2016112100100396,2016년 11월 21일 16시,월요일,대구광역시 중구 남산동,경상사고,0,0,1,0,차대차 - 측면직각충돌,안전운전불이행,건조,맑음,단일로 - 기타,승용,남,66세,기타불명,승용,여,36세,경상
2016112100100397,2016년 11월 21일 16시,월요일,대구광역시 달서구 신당동,경상사고,0,0,1,0,차대차 - 추돌,안전운전불이행,건조,맑음,단일로 - 기타,승합,남,71세,상해없음,승용,여,45세,상해없음
2016112100100436,2016년 11월 21일 17시,월요일,대구광역시 달서구 월성동,경상사고,0,0,2,0,차대차 - 기타,교차로운행방법위반,건조,맑음,교차로 - 교차로안,승용,여,39세,상해없음,승용,남,69세,경상
2016112100100437,2016년 11월 21일 17시,월요일,대구광역시 북구 산격동,경상사고,0,0,1,0,차대사람 - 보도통행중,기타,건조,맑음,단일로 - 기타,원동기,남,28세,상해없음,보행자,남,46세,경상
2016112100100438,2016년 11월 21일 17시,월요일,대구광역시 달서구 성당동,경상사고,0,0,1,0,차대차 - 측면충돌,안전운전불이행,건조,맑음,단일로 - 기타,승용,남,25세,상해없음,자전거,남,65세,경상
2016112100100439,2016년 11월 21일 17시,월요일,대구광역시 달서구 죽전동,경상사고,0,0,1,0,차대차 - 기타,안전운전불이행,건조,맑음,단일로 - 기타,승용,남,64세,상해없음,승용,남,59세,경상
2016112100100440,2016년 11월 21일 17시,월요일,대구광역시 북구 관음동,중상사고,0,1,0,0,차대사람 - 횡단중,안전운전불이행,건조,맑음,단일로 - 기타,승용,남,59세,상해없음,보행자,남,80세,중상
2016112100100441,2016년 11월 21일 17시,월요일,대구광역시 북구 태전동,경상사고,0,0,4,1,차대차 - 측면충돌,교차로운행방법위반,건조,맑음,교차로 - 교차로안,승용,여,55세,부상신고,승용,여,46세,경상
2016112100100488,2016년 11월 21일 18시,월요일,대구광역시 북구 조야동,중상사고,0,1,2,0,차대차 - 추돌,안전운전불이행,건조,맑음,단일로 - 기타,화물,남,52세,상해없음,승용,여,59세,경상
2016112100100496,2016년 11월 21일 18시,월요일,대구광역시 동구 각산동,경상사고,0,0,1,0,차대사람 - 횡단중,안전운전불이행,건조,맑음,교차로 - 교차로부근,화물,기타불명,기타불명,기타불명,보행자,남,16세,경상
2016112100100497,2016년 11월 21일 18시,월요일,대구광역시 달서구 상인동,경상사고,0,0,1,0,차대차 - 추돌,안전거리미확보,건조,맑음,단일로 - 기타,승용,여,62세,상해없음,승용,여,27세,경상
2016112100100498,2016년 11월 21일 18시,월요일,대구광역시 달서구 장기동,경상사고,0,0,3,0,차대차 - 기타,안전거리미확보,건조,맑음,단일로 - 기타,화물,남,41세,경상,승용,여,37세,경상
2016112100100499,2016년 11월 21일 18시,월요일,대구광역시 달서구 성당동,중상사고,0,1,0,0,차대차 - 기타,교차로운행방법위반,건조,맑음,단일로 - 기타,승용,남,54세,상해없음,승용,남,62세,중상
2016112100100563,2016년 11월 21일 20시,월요일,대구광역시 달서구 용산동,중상사고,0,1,0,0,차대사람 - 기타,기타,건조,맑음,단일로 - 기타,승합,남,44세,상해없음,보행자,남,82세,중상
2016112100100564,2016년 11월 21일 20시,월요일,대구광역시 달서구 갈산동,중상사고,0,1,2,0,차대차 - 기타,안전운전불이행,건조,맑음,교차로 - 교차로부근,승용,여,60세,중상,승용,남,54세,경상