사고번호,사고일시,요일,시군구,사고내용,사망자수,중상자수,경상자수,부상신고자수,사고유형,법규위반,노면상태,기상상태,도로형태,가해운전자 차종,가해운전자 성별,가해운전자 연령,가해운전자 상해정도,피해운전자 차종,피해운전자 성별,피해운전자 연령,피해운전자 상해정도
2016112100100565,2016년 11월 21일 20시,월요일,대구광역시 북구 학정동,경상사고,0,0,1,0,차대차 - 측면충돌,교차로운행방법위반,건조,맑음,교차로 - 교차로안,승용,남,52세,상해없음,승용,여,48세,경상
2016112100100566,2016년 11월 21일 20시,월요일,대구광역시 북구 동천동,경상사고,0,0,1,0,차대차 - 측면직각충돌,안전거리미확보,건조,맑음,단일로 - 기타,이륜,남,18세,상해없음,승용,남,36세,경상
2016112100100614,2016년 11월 21일 22시,월요일,대구광역시 남구 이천동,경상사고,0,0,1,0,차대사람 - 횡단중,교차로운행방법위반,건조,맑음,교차로 - 교차로안,승용,여,32세,상해없음,보행자,남,24세,경상
2016112100100615,2016년 11월 21일 22시,월요일,대구광역시 남구 봉덕동,경상사고,0,0,1,0,차대차 - 측면직각충돌,차로위반,건조,맑음,교차로 - 교차로부근,승용,남,27세,상해없음,승용,남,60세,상해없음
2016112100100616,2016년 11월 21일 22시,월요일,대구광역시 달서구 성당동,경상사고,0,0,1,0,차대차 - 측면직각충돌,안전운전불이행,건조,흐림,단일로 - 기타,이륜,남,30세,경상,승용,남,52세,상해없음
2016112100100635,2016년 11월 21일 23시,월요일,대구광역시 달서구 도원동,경상사고,0,0,1,0,차대차 - 측면직각충돌,안전운전불이행,건조,맑음,단일로 - 기타,승용,남,30세,상해없음,승용,여,34세,경상
2016112100100636,2016년 11월 21일 23시,월요일,대구광역시 중구 대신동,중상사고,0,2,1,0,차대차 - 추돌,과속,건조,맑음,단일로 - 기타,승용,남,28세,상해없음,이륜,남,23세,중상
2016112200100013,2016년 11월 22일 00시,화요일,대구광역시 수성구 상동,경상사고,0,0,2,0,차대차 - 측면직각충돌,교차로운행방법위반,건조,맑음,교차로 - 교차로부근,승용,남,35세,상해없음,화물,남,43세,경상
2016112200100014,2016년 11월 22일 00시,화요일,대구광역시 서구 평리동,경상사고,0,0,2,0,차대차 - 추돌,안전운전불이행,건조,맑음,교차로 - 교차로부근,승용,남,32세,상해없음,승용,여,53세,상해없음
2016112200100116,2016년 11월 22일 08시,화요일,대구광역시 중구 덕산동,경상사고,0,0,2,0,차대차 - 정면충돌,교차로운행방법위반,건조,맑음,단일로 - 기타,승용,남,56세,상해없음,승용,여,46세,경상
2016112200100141,2016년 11월 22일 09시,화요일,대구광역시 중구 남산동,중상사고,0,1,3,0,차대차 - 측면충돌,안전운전불이행,건조,맑음,단일로 - 기타,승용,남,70세,상해없음,자전거,남,74세,중상
2016112200100142,2016년 11월 22일 09시,화요일,대구광역시 중구 태평로2가,부상신고사고,0,0,0,1,차대차 - 정면충돌,안전운전불이행,건조,맑음,단일로 - 기타,이륜,여,54세,부상신고,승용,여,30세,상해없음
2016112200100143,2016년 11월 22일 09시,화요일,대구광역시 달서구 이곡동,중상사고,0,1,0,0,차대차 - 측면직각충돌,안전운전불이행,건조,맑음,교차로 - 교차로안,승용,남,32세,상해없음,자전거,남,28세,중상
2016112200100163,2016년 11월 22일 10시,화요일,대구광역시 동구 효목동,경상사고,0,0,3,0,차대차 - 측면직각충돌,안전거리미확보,건조,맑음,단일로 - 기타,승용,여,57세,상해없음,화물,남,32세,경상
2016112200100164,2016년 11월 22일 10시,화요일,대구광역시 북구 노원동3가,경상사고,0,0,1,0,차대차 - 측면충돌,직진우회전진행방해,건조,맑음,교차로 - 교차로안,화물,남,41세,경상,화물,남,55세,상해없음
2016112200100165,2016년 11월 22일 10시,화요일,대구광역시 서구 비산동,중상사고,0,1,0,0,차대사람 - 기타,안전운전불이행,건조,맑음,교차로 - 교차로부근,승용,여,43세,상해없음,보행자,남,79세,중상
2016112200100166,2016년 11월 22일 10시,화요일,대구광역시 중구 대신동,경상사고,0,0,1,0,차대사람 - 횡단중,안전운전불이행,건조,맑음,단일로 - 기타,화물,남,43세,상해없음,보행자,여,64세,경상
2016112200100185,2016년 11월 22일 11시,화요일,대구광역시 중구 인교동,중상사고,0,1,0,0,차대차 - 측면직각충돌,교차로운행방법위반,건조,맑음,교차로 - 교차로안,승합,남,49세,상해없음,자전거,남,24세,중상
2016112200100186,2016년 11월 22일 11시,화요일,대구광역시 달서구 감삼동,경상사고,0,0,1,0,차대차 - 기타,안전거리미확보,건조,맑음,단일로 - 기타,승용,남,61세,상해없음,승용,남,32세,상해없음
2016112200100187,2016년 11월 22일 11시,화요일,대구광역시 북구 관음동,경상사고,0,0,1,0,차대차 - 측면충돌,안전운전불이행,건조,맑음,단일로 - 기타,자전거,여,73세,경상,승용,남,22세,상해없음
2016112200100275,2016년 11월 22일 14시,화요일,대구광역시 달성군 논공읍,경상사고,0,0,2,0,차대차 - 측면직각충돌,안전운전불이행,건조,맑음,교차로 - 교차로안,승합,남,57세,경상,승용,남,48세,경상
2016112200100277,2016년 11월 22일 14시,화요일,대구광역시 달서구 이곡동,중상사고,0,1,0,0,차대차 - 추돌,안전운전불이행,건조,맑음,단일로 - 기타,이륜,남,18세,중상,승합,남,29세,상해없음
2016112200100278,2016년 11월 22일 14시,화요일,대구광역시 달서구 본리동,경상사고,0,0,2,0,차대차 - 추돌,안전운전불이행,건조,맑음,단일로 - 기타,승용,남,64세,상해없음,승용,남,70세,경상
2016112200100279,2016년 11월 22일 14시,화요일,대구광역시 북구 구암동,경상사고,0,0,2,0,차대차 - 기타,안전운전불이행,건조,맑음,단일로 - 횡단보도상,승용,여,57세,상해없음,자전거,여,36세,경상
2016112200100328,2016년 11월 22일 16시,화요일,대구광역시 북구 산격동,부상신고사고,0,0,0,1,차대차 - 측면충돌,불법유턴,건조,맑음,단일로 - 기타,원동기,남,68세,부상신고,승용,남,71세,상해없음
2016112200100329,2016년 11월 22일 16시,화요일,대구광역시 서구 비산동,부상신고사고,0,0,0,1,차대차 - 측면충돌,불법유턴,건조,맑음,단일로 - 기타,자전거,남,70세,부상신고,이륜,남,19세,상해없음
2016112200100372,2016년 11월 22일 17시,화요일,대구광역시 수성구 만촌동,중상사고,0,1,0,0,차대사람 - 횡단중,안전운전불이행,건조,맑음,단일로 - 기타,승용,여,42세,상해없음,보행자,남,62세,중상
2016112200100373,2016년 11월 22일 17시,화요일,대구광역시 달서구 두류동,경상사고,0,0,2,0,차대차 - 측면직각충돌,안전거리미확보,건조,흐림,단일로 - 기타,승용,여,53세,상해없음,승용,남,23세,경상
2016112200100424,2016년 11월 22일 18시,화요일,대구광역시 남구 대명동,경상사고,0,0,1,0,차대사람 - 기타,안전운전불이행,건조,맑음,기타 - 기타,승용,남,21세,상해없음,보행자,남,33세,경상
2016112200100425,2016년 11월 22일 18시,화요일,대구광역시 수성구 파동,중상사고,0,2,0,0,차대차 - 기타,안전운전불이행,건조,맑음,교차로 - 교차로안,승용,남,50세,중상,승용,남,63세,중상
2016112200100426,2016년 11월 22일 18시,화요일,대구광역시 달서구 상인동,경상사고,0,0,1,0,차대차 - 측면직각충돌,안전운전불이행,건조,맑음,단일로 - 기타,승용,남,58세,상해없음,자전거,남,13세,경상
2016112200100427,2016년 11월 22일 18시,화요일,대구광역시 달서구 상인동,경상사고,0,0,1,0,차대차 - 추돌,안전운전불이행,건조,맑음,단일로 - 기타,승용,남,90세 이상,상해없음,승용,여,24세,경상
2016112200100428,2016년 11월 22일 18시,화요일,대구광역시 북구 산격동,경상사고,0,0,1,0,차대차 - 기타,안전거리미확보,건조,맑음,교차로 - 교차로안,이륜,여,34세,경상,승용,여,32세,상해없음
2016112200100429,2016년 11월 22일 18시,화요일,대구광역시 북구 산격동,경상사고,0,0,3,0,차대차 - 측면직각충돌,안전거리미확보,건조,맑음,단일로 - 기타,승용,남,58세,상해없음,원동기,남,26세,경상
2016112200100430,2016년 11월 22일 18시,화요일,대구광역시 중구 봉산동,중상사고,0,1,0,0,차대차 - 기타,안전거리미확보,건조,맑음,단일로 - 기타,승용,여,48세,상해없음,승용,남,29세,중상
2016112200100474,2016년 11월 22일 19시,화요일,대구광역시 달성군 하빈면,중상사고,0,1,0,0,차대차 - 기타,안전운전불이행,건조,맑음,교차로 - 교차로안,승용,남,26세,상해없음,원동기,남,57세,중상
2016112200100475,2016년 11월 22일 19시,화요일,대구광역시 중구 동인동4가,경상사고,0,0,4,0,차대차 - 추돌,안전거리미확보,건조,맑음,단일로 - 기타,승용,남,39세,상해없음,승용,여,34세,경상
2016112200100476,2016년 11월 22일 19시,화요일,대구광역시 중구 공평동,경상사고,0,0,1,0,차대사람 - 횡단중,안전운전불이행,건조,맑음,교차로 - 교차로부근,기타불명,기타불명,기타불명,기타불명,보행자,여,26세,경상
2016112200100506,2016년 11월 22일 20시,화요일,대구광역시 수성구 범어동,경상사고,0,0,1,0,차대차 - 추돌,교차로운행방법위반,건조,맑음,단일로 - 기타,승용,여,30세,상해없음,승용,여,44세,경상
2016112200100507,2016년 11월 22일 20시,화요일,대구광역시 달서구 송현동,경상사고,0,0,1,0,차대차 - 측면충돌,직진우회전진행방해,건조,맑음,교차로 - 교차로안,승용,여,43세,상해없음,이륜,남,42세,경상
2016112200100508,2016년 11월 22일 20시,화요일,대구광역시 서구 비산동,경상사고,0,0,1,0,차대차 - 측면직각충돌,안전운전불이행,건조,흐림,단일로 - 기타,승용,여,29세,상해없음,원동기,여,39세,경상
2016112200100535,2016년 11월 22일 21시,화요일,대구광역시 동구 효목동,경상사고,0,0,3,0,차대차 - 측면직각충돌,안전운전불이행,건조,맑음,교차로 - 교차로안,승용,남,72세,상해없음,승용,남,38세,경상
2016112200100536,2016년 11월 22일 21시,화요일,대구광역시 수성구 두산동,중상사고,0,1,0,0,차대차 - 측면충돌,안전운전불이행,건조,맑음,단일로 - 기타,승용,여,29세,상해없음,자전거,여,24세,중상
2016112200100556,2016년 11월 22일 22시,화요일,대구광역시 동구 동호동,경상사고,0,0,1,0,차대차 - 측면충돌,신호위반,건조,맑음,교차로 - 교차로안,원동기,남,30세,경상,승용,남,34세,상해없음
2016112200100557,2016년 11월 22일 22시,화요일,대구광역시 북구 태전동,경상사고,0,0,1,0,차대사람 - 횡단중,안전운전불이행,건조,맑음,단일로 - 기타,승용,여,31세,상해없음,보행자,여,23세,경상
2016112200100580,2016년 11월 22일 23시,화요일,대구광역시 서구 내당동,부상신고사고,0,0,0,1,차대차 - 측면충돌,안전운전불이행,건조,맑음,교차로 - 교차로안,이륜,남,34세,부상신고,승용,남,49세,상해없음
2016112300100018,2016년 11월 23일 00시,수요일,대구광역시 북구 매천동,경상사고,0,0,1,0,차대차 - 측면직각충돌,신호위반,건조,맑음,교차로 - 교차로안,승용,남,33세,상해없음,승용,남,33세,경상
2016112300100047,2016년 11월 23일 03시,수요일,대구광역시 수성구 두산동,경상사고,0,0,1,0,차대사람 - 기타,안전운전불이행,건조,맑음,단일로 - 기타,승용,여,50세,상해없음,보행자,여,55세,경상
2016112300100058,2016년 11월 23일 05시,수요일,대구광역시 수성구 수성동2가,중상사고,0,2,2,0,차대차 - 기타,기타,건조,맑음,단일로 - 기타,승용,남,16세,상해없음,원동기,남,17세,경상
2016112300100103,2016년 11월 23일 07시,수요일,대구광역시 달서구 용산동,경상사고,0,0,1,0,차대차 - 측면충돌,안전운전불이행,건조,맑음,단일로 - 기타,승용,여,41세,상해없음,자전거,남,16세,경상
2016112300100139,2016년 11월 23일 08시,수요일,대구광역시 동구 신평동,중상사고,0,1,3,0,차대차 - 기타,교차로운행방법위반,건조,맑음,교차로 - 교차로안,승합,남,56세,상해없음,승용,남,74세,중상
2016112300100140,2016년 11월 23일 08시,수요일,대구광역시 북구 칠성동2가,경상사고,0,0,1,0,차대차 - 측면직각충돌,안전운전불이행,건조,맑음,교차로 - 교차로부근,기타불명,기타불명,기타불명,기타불명,자전거,남,14세,경상
2016112300100141,2016년 11월 23일 08시,수요일,대구광역시 달서구 용산동,경상사고,0,0,1,0,차대차 - 추돌,안전운전불이행,건조,맑음,단일로 - 기타,승용,여,48세,상해없음,승용,여,47세,경상
2016112300100178,2016년 11월 23일 09시,수요일,대구광역시 동구 능성동,경상사고,0,0,2,0,차대차 - 측면충돌,신호위반,건조,맑음,교차로 - 교차로안,승용,남,23세,상해없음,화물,남,72세,경상
2016112300100179,2016년 11월 23일 09시,수요일,대구광역시 달서구 상인동,경상사고,0,0,1,0,차대차 - 기타,안전운전불이행,건조,맑음,단일로 - 기타,승용,남,26세,상해없음,화물,남,32세,경상
2016112300100180,2016년 11월 23일 09시,수요일,대구광역시 달서구 본리동,중상사고,0,1,2,0,차대차 - 측면직각충돌,신호위반,건조,맑음,교차로 - 교차로안,승합,남,51세,상해없음,승용,여,52세,중상
2016112300100214,2016년 11월 23일 10시,수요일,대구광역시 달서구 죽전동,경상사고,0,0,2,0,차대차 - 측면직각충돌,교차로운행방법위반,건조,맑음,교차로 - 교차로안,승용,남,35세,경상,원동기,남,33세,경상
2016112300100241,2016년 11월 23일 11시,수요일,대구광역시 서구 중리동,부상신고사고,0,0,0,1,차량단독 - 전도전복,안전운전불이행,건조,맑음,단일로 - 기타,원동기,여,58세,부상신고,,,,
2016112300100242,2016년 11월 23일 11시,수요일,대구광역시 중구 남산동,경상사고,0,0,1,0,차대사람 - 보도통행중,기타,건조,맑음,단일로 - 기타,승용,여,65세,상해없음,보행자,여,70세,경상
2016112300100243,2016년 11월 23일 11시,수요일,대구광역시 달서구 신당동,경상사고,0,0,2,0,차대차 - 측면직각충돌,교차로운행방법위반,건조,맑음,교차로 - 교차로안,승용,여,33세,경상,화물,남,35세,경상
2016112300100244,2016년 11월 23일 11시,수요일,대구광역시 달서구 두류동,경상사고,0,0,1,0,차대사람 - 횡단중,보행자보호의무위반,건조,맑음,교차로 - 교차로부근,승용,남,56세,상해없음,보행자,남,57세,경상
2016112300100293,2016년 11월 23일 13시,수요일,대구광역시 동구 신기동,경상사고,0,0,2,0,차대차 - 정면충돌,안전운전불이행,건조,맑음,단일로 - 기타,승용,여,47세,상해없음,승용,남,29세,경상
2016112300100317,2016년 11월 23일 14시,수요일,대구광역시 북구 산격동,경상사고,0,0,2,0,차대차 - 측면충돌,안전운전불이행,건조,맑음,단일로 - 기타,이륜,남,45세,경상,이륜,남,23세,경상
2016112300100318,2016년 11월 23일 14시,수요일,대구광역시 북구 국우동,경상사고,0,0,3,0,차대차 - 측면직각충돌,직진우회전진행방해,건조,맑음,교차로 - 교차로안,승용,여,56세,경상,승용,남,72세,경상
2016112300100421,2016년 11월 23일 17시,수요일,대구광역시 수성구 두산동,경상사고,0,0,4,0,차대차 - 측면직각충돌,차로위반,건조,맑음,교차로 - 교차로부근,승용,남,62세,경상,승용,남,28세,경상
2016112300100422,2016년 11월 23일 17시,수요일,대구광역시 달성군 화원읍,경상사고,0,0,2,0,차대차 - 측면직각충돌,중앙선침범,건조,맑음,교차로 - 교차로부근,승용,여,63세,상해없음,승용,남,52세,경상
2016112300100423,2016년 11월 23일 17시,수요일,대구광역시 북구 학정동,경상사고,0,0,1,0,차대차 - 측면직각충돌,안전운전불이행,건조,맑음,단일로 - 기타,승용,남,24세,상해없음,자전거,남,14세,경상
2016112300100477,2016년 11월 23일 18시,수요일,대구광역시 수성구 범어동,경상사고,0,0,1,0,차대차 - 측면충돌,안전운전불이행,건조,맑음,기타 - 기타,승용,남,56세,기타불명,승용,남,56세,경상
2016112300100478,2016년 11월 23일 18시,수요일,대구광역시 북구 노원동3가,경상사고,0,0,1,0,차대사람 - 횡단중,안전운전불이행,건조,맑음,단일로 - 기타,승용,남,65세,상해없음,보행자,남,64세,경상
2016112300100519,2016년 11월 23일 19시,수요일,대구광역시 서구 내당동,경상사고,0,0,1,0,차대사람 - 길가장자리구역통행중,안전운전불이행,건조,맑음,단일로 - 기타,승용,남,65세,상해없음,보행자,남,29세,경상
2016112300100520,2016년 11월 23일 19시,수요일,대구광역시 달서구 호산동,경상사고,0,0,1,0,차대차 - 기타,안전운전불이행,건조,맑음,단일로 - 기타,승용,남,24세,상해없음,이륜,남,31세,경상
2016112300100521,2016년 11월 23일 19시,수요일,대구광역시 달서구 용산동,중상사고,0,1,0,0,차대차 - 기타,안전운전불이행,건조,맑음,교차로 - 교차로부근,이륜,남,44세,중상,승용,남,57세,상해없음
2016112300100547,2016년 11월 23일 20시,수요일,대구광역시 달서구 이곡동,경상사고,0,0,2,0,차대차 - 측면직각충돌,안전거리미확보,건조,흐림,단일로 - 기타,승용,여,54세,상해없음,이륜,남,18세,경상
2016112300100573,2016년 11월 23일 21시,수요일,대구광역시 동구 각산동,경상사고,0,0,2,0,차대차 - 측면직각충돌,안전거리미확보,건조,맑음,단일로 - 기타,승용,남,47세,상해없음,승합,남,58세,경상
2016112300100600,2016년 11월 23일 22시,수요일,대구광역시 동구 신기동,중상사고,0,1,1,0,차대사람 - 보도통행중,기타,건조,맑음,단일로 - 기타,승용,남,40세,상해없음,보행자,여,54세,중상
2016112300100601,2016년 11월 23일 22시,수요일,대구광역시 북구 관음동,부상신고사고,0,0,0,1,차대차 - 추돌,안전운전불이행,건조,맑음,단일로 - 기타,이륜,남,19세,부상신고,승용,여,43세,상해없음
2016112400100027,2016년 11월 24일 01시,목요일,대구광역시 달서구 송현동,중상사고,0,1,0,0,차대차 - 추돌,안전운전불이행,건조,맑음,단일로 - 기타,승용,남,39세,상해없음,승용,남,57세,중상
2016112400100040,2016년 11월 24일 04시,목요일,대구광역시 서구 평리동,부상신고사고,0,0,0,1,차대차 - 측면충돌,안전운전불이행,건조,맑음,단일로 - 기타,이륜,남,30세,부상신고,승합,남,55세,상해없음
2016112400100069,2016년 11월 24일 06시,목요일,대구광역시 달서구 상인동,중상사고,0,1,0,0,차대사람 - 횡단중,안전운전불이행,건조,흐림,단일로 - 횡단보도상,승용,남,51세,상해없음,보행자,여,76세,중상
2016112400100097,2016년 11월 24일 07시,목요일,대구광역시 서구 중리동,중상사고,0,1,0,0,차대사람 - 보도통행중,안전운전불이행,건조,맑음,단일로 - 횡단보도상,화물,남,53세,상해없음,보행자,여,75세,중상
2016112400100150,2016년 11월 24일 08시,목요일,대구광역시 동구 서호동,경상사고,0,0,1,0,차대차 - 정면충돌,안전운전불이행,건조,맑음,교차로 - 교차로부근,승용,남,25세,상해없음,자전거,남,78세,경상
2016112400100151,2016년 11월 24일 08시,목요일,대구광역시 북구 산격동,경상사고,0,0,1,0,차대차 - 측면직각충돌,교차로운행방법위반,건조,맑음,교차로 - 교차로안,승용,남,57세,상해없음,이륜,남,23세,경상
2016112400100186,2016년 11월 24일 09시,목요일,대구광역시 동구 율하동,중상사고,0,1,0,0,차대차 - 추돌,안전운전불이행,건조,맑음,단일로 - 기타,승용,여,34세,상해없음,자전거,남,72세,중상
2016112400100187,2016년 11월 24일 09시,목요일,대구광역시 동구 신천동,경상사고,0,0,1,0,차대차 - 측면충돌,직진우회전진행방해,건조,맑음,교차로 - 교차로안,승용,남,65세,상해없음,승용,남,29세,경상
2016112400100188,2016년 11월 24일 09시,목요일,대구광역시 달서구 월성동,경상사고,0,0,1,0,차대차 - 측면직각충돌,차로위반,건조,맑음,교차로 - 교차로부근,승용,여,61세,상해없음,승용,남,55세,경상
2016112400100215,2016년 11월 24일 10시,목요일,대구광역시 남구 봉덕동,중상사고,0,1,0,0,차대사람 - 횡단중,보행자보호의무위반,건조,맑음,단일로 - 기타,승용,남,70세,상해없음,보행자,남,62세,중상
2016112400100216,2016년 11월 24일 10시,목요일,대구광역시 남구 봉덕동,경상사고,0,0,1,0,차대차 - 기타,안전운전불이행,건조,맑음,교차로 - 교차로안,자전거,남,72세,경상,승용,남,45세,상해없음
2016112400100217,2016년 11월 24일 10시,목요일,대구광역시 서구 내당동,중상사고,0,1,2,0,차대차 - 측면직각충돌,안전거리미확보,건조,맑음,단일로 - 기타,승용,남,76세,중상,승용,남,26세,경상
2016112400100218,2016년 11월 24일 10시,목요일,대구광역시 북구 태전동,중상사고,0,1,0,0,차대차 - 측면충돌,안전운전불이행,건조,맑음,교차로 - 교차로안,자전거,여,61세,중상,화물,남,30세,상해없음
2016112400100258,2016년 11월 24일 11시,목요일,대구광역시 북구 동천동,경상사고,0,0,1,1,차대차 - 측면직각충돌,신호위반,건조,맑음,교차로 - 교차로안,이륜,남,23세,부상신고,승용,여,36세,경상
2016112400100313,2016년 11월 24일 13시,목요일,대구광역시 수성구 황금동,경상사고,0,0,1,0,차대차 - 측면충돌,안전운전불이행,건조,맑음,단일로 - 기타,승용,남,65세,상해없음,승용,여,45세,경상
2016112400100314,2016년 11월 24일 13시,목요일,대구광역시 달서구 두류동,경상사고,0,0,1,0,차대사람 - 횡단중,안전운전불이행,건조,맑음,교차로 - 교차로안,화물,남,62세,상해없음,보행자,여,40세,경상
2016112400100315,2016년 11월 24일 13시,목요일,대구광역시 북구 서변동,경상사고,0,0,1,0,차대차 - 추돌,안전운전불이행,건조,맑음,교차로 - 교차로부근,승용,남,52세,상해없음,승용,남,31세,경상
2016112400100388,2016년 11월 24일 15시,목요일,대구광역시 달성군 논공읍,경상사고,0,0,1,0,차대차 - 추돌,안전운전불이행,건조,맑음,교차로 - 교차로부근,승합,남,54세,상해없음,승용,남,51세,경상
2016112400100389,2016년 11월 24일 15시,목요일,대구광역시 서구 내당동,경상사고,0,0,1,0,차대차 - 측면직각충돌,안전거리미확보,건조,맑음,단일로 - 기타,승용,여,31세,상해없음,승용,남,62세,상해없음
2016112400100414,2016년 11월 24일 16시,목요일,대구광역시 달서구 진천동,경상사고,0,0,1,0,차대차 - 측면직각충돌,안전운전불이행,건조,맑음,단일로 - 기타,화물,남,45세,상해없음,승용,여,46세,경상
2016112400100415,2016년 11월 24일 16시,목요일,대구광역시 중구 남산동,사망사고,1,1,0,0,차대차 - 측면충돌,안전거리미확보,건조,맑음,교차로 - 교차로부근,승용,남,71세,상해없음,승합,남,52세,상해없음
2016112400100466,2016년 11월 24일 17시,목요일,대구광역시 남구 봉덕동,경상사고,0,0,1,0,차대차 - 추돌,안전운전불이행,건조,맑음,교차로 - 교차로부근,승용,남,36세,상해없음,승용,여,30세,경상
2016112400100519,2016년 11월 24일 18시,목요일,대구광역시 동구 율하동,경상사고,0,0,1,0,차대차 - 측면직각충돌,안전운전불이행,건조,맑음,단일로 - 기타,승용,여,31세,상해없음,이륜,남,22세,경상
2016112400100520,2016년 11월 24일 18시,목요일,대구광역시 수성구 매호동,중상사고,0,1,0,0,차대차 - 측면충돌,안전거리미확보,건조,맑음,단일로 - 기타,승용,남,50세,상해없음,이륜,남,18세,중상
2016112400100521,2016년 11월 24일 18시,목요일,대구광역시 북구 동변동,중상사고,0,1,0,0,차대사람 - 기타,안전운전불이행,건조,맑음,단일로 - 횡단보도부근,승용,남,26세,상해없음,보행자,여,61세,중상
2016112400100555,2016년 11월 24일 19시,목요일,대구광역시 수성구 두산동,경상사고,0,0,1,0,차대사람 - 횡단중,보행자보호의무위반,건조,맑음,교차로 - 교차로안,승용,남,62세,상해없음,보행자,여,22세,경상
2016112400100556,2016년 11월 24일 19시,목요일,대구광역시 북구 복현동,경상사고,0,0,3,1,차대차 - 측면충돌,안전운전불이행,건조,맑음,단일로 - 기타,이륜,남,17세,부상신고,승용,여,38세,경상
2016112400100557,2016년 11월 24일 19시,목요일,대구광역시 달서구 신당동,부상신고사고,0,0,0,1,차대차 - 측면충돌,안전거리미확보,건조,맑음,단일로 - 기타,승용,여,69세,상해없음,이륜,남,20세,부상신고
2016112400100558,2016년 11월 24일 19시,목요일,대구광역시 북구 동천동,경상사고,0,0,1,0,차대차 - 측면직각충돌,안전거리미확보,건조,맑음,교차로 - 교차로부근,승용,여,41세,상해없음,승용,여,38세,경상
2016112400100594,2016년 11월 24일 20시,목요일,대구광역시 수성구 파동,부상신고사고,0,0,0,1,차량단독 - 전도전복,안전운전불이행,건조,맑음,단일로 - 기타,자전거,남,30세,부상신고,,,,
2016112400100621,2016년 11월 24일 21시,목요일,대구광역시 북구 구암동,경상사고,0,0,1,1,차대차 - 기타,안전운전불이행,건조,맑음,교차로 - 교차로부근,승용,남,21세,부상신고,승용,여,40세,경상
2016112400100649,2016년 11월 24일 22시,목요일,대구광역시 동구 효목동,중상사고,0,1,0,0,차대차 - 측면충돌,안전운전불이행,건조,맑음,단일로 - 기타,승용,남,27세,상해없음,자전거,여,59세,중상
2016112400100675,2016년 11월 24일 23시,목요일,대구광역시 달서구 신당동,중상사고,0,1,0,0,차대사람 - 횡단중,기타,건조,맑음,단일로 - 기타,승용,남,51세,상해없음,보행자,남,25세,중상
2016112500100010,2016년 11월 25일 00시,금요일,대구광역시 수성구 범어동,중상사고,0,1,0,0,차대사람 - 횡단중,보행자보호의무위반,건조,맑음,단일로 - 횡단보도상,승용,남,34세,상해없음,보행자,여,51세,중상
2016112500100011,2016년 11월 25일 00시,금요일,대구광역시 달성군 하빈면,경상사고,0,0,1,0,차량단독 - 전도전복,안전운전불이행,건조,맑음,단일로 - 기타,승용,남,28세,경상,,,,
2016112500100045,2016년 11월 25일 03시,금요일,대구광역시 달성군 논공읍,부상신고사고,0,0,0,1,차대사람 - 기타,안전운전불이행,건조,맑음,단일로 - 기타,기타불명,기타불명,기타불명,기타불명,보행자,남,25세,부상신고
2016112500100064,2016년 11월 25일 05시,금요일,대구광역시 북구 읍내동,중상사고,0,1,0,0,차대차 - 측면충돌,기타,건조,맑음,단일로 - 기타,화물,남,57세,상해없음,이륜,여,54세,중상
2016112500100169,2016년 11월 25일 09시,금요일,대구광역시 서구 내당동,경상사고,0,0,1,0,차대사람 - 횡단중,안전운전불이행,건조,맑음,교차로 - 교차로부근,승용,여,51세,상해없음,보행자,남,64세,경상
2016112500100210,2016년 11월 25일 11시,금요일,대구광역시 수성구 지산동,경상사고,0,0,1,0,차대차 - 측면직각충돌,신호위반,건조,맑음,교차로 - 교차로안,승용,남,33세,상해없음,승용,남,55세,경상
2016112500100211,2016년 11월 25일 11시,금요일,대구광역시 달서구 월암동,경상사고,0,0,1,0,차대차 - 측면충돌,안전운전불이행,건조,맑음,단일로 - 기타,화물,남,62세,상해없음,승용,여,33세,경상
2016112500100242,2016년 11월 25일 12시,금요일,대구광역시 수성구 범물동,경상사고,0,0,1,0,차대차 - 정면충돌,신호위반,건조,맑음,교차로 - 교차로안,승용,여,39세,상해없음,승용,여,26세,경상
2016112500100243,2016년 11월 25일 12시,금요일,대구광역시 달서구 송현동,중상사고,0,1,0,0,차대사람 - 횡단중,안전운전불이행,건조,맑음,단일로 - 기타,이륜,남,27세,상해없음,보행자,여,61세,중상
2016112500100244,2016년 11월 25일 12시,금요일,대구광역시 달서구 월성동,중상사고,0,1,0,0,차대사람 - 길가장자리구역통행중,안전운전불이행,건조,맑음,단일로 - 기타,승용,여,48세,상해없음,보행자,여,60세,중상
2016112500100245,2016년 11월 25일 12시,금요일,대구광역시 중구 동인동2가,경상사고,0,0,2,0,차대차 - 기타,안전운전불이행,건조,맑음,기타 - 기타,승용,남,30세,상해없음,승용,여,29세,경상
2016112500100276,2016년 11월 25일 13시,금요일,대구광역시 북구 태전동,경상사고,0,0,1,0,차대차 - 정면충돌,중앙선침범,건조,맑음,단일로 - 기타,이륜,남,19세,경상,승용,남,64세,상해없음
2016112500100308,2016년 11월 25일 14시,금요일,대구광역시 수성구 지산동,경상사고,0,0,1,0,차대차 - 측면충돌,교차로운행방법위반,건조,맑음,교차로 - 교차로안,승용,여,67세,상해없음,자전거,남,54세,경상