사고번호,사고일시,요일,시군구,사고내용,사망자수,중상자수,경상자수,부상신고자수,사고유형,법규위반,노면상태,기상상태,도로형태,가해운전자 차종,가해운전자 성별,가해운전자 연령,가해운전자 상해정도,피해운전자 차종,피해운전자 성별,피해운전자 연령,피해운전자 상해정도
2016112500100309,2016년 11월 25일 14시,금요일,대구광역시 달성군 논공읍,중상사고,0,1,1,0,차대차 - 기타,신호위반,건조,맑음,교차로 - 교차로안,화물,남,51세,상해없음,승용,여,48세,경상
2016112500100310,2016년 11월 25일 14시,금요일,대구광역시 달서구 용산동,경상사고,0,0,4,1,차대차 - 추돌,안전거리미확보,건조,맑음,단일로 - 기타,화물,남,57세,상해없음,승용,남,66세,부상신고
2016112500100343,2016년 11월 25일 15시,금요일,대구광역시 서구 상리동,경상사고,0,0,2,1,차대차 - 측면충돌,안전운전불이행,건조,맑음,단일로 - 기타,특수,남,31세,경상,특수,남,24세,경상
2016112500100344,2016년 11월 25일 15시,금요일,대구광역시 달서구 신당동,경상사고,0,0,2,0,차대차 - 추돌,안전운전불이행,건조,맑음,단일로 - 기타,승용,남,67세,상해없음,승용,여,53세,경상
2016112500100434,2016년 11월 25일 17시,금요일,대구광역시 달서구 상인동,경상사고,0,0,1,0,차대사람 - 횡단중,안전운전불이행,건조,맑음,단일로 - 기타,승용,남,64세,상해없음,보행자,남,59세,경상
2016112500100435,2016년 11월 25일 17시,금요일,대구광역시 달성군 유가면,부상신고사고,0,0,0,1,차대사람 - 횡단중,기타,건조,맑음,단일로 - 횡단보도상,기타불명,기타불명,기타불명,기타불명,보행자,여,8세,부상신고
2016112500100436,2016년 11월 25일 17시,금요일,대구광역시 북구 침산동,경상사고,0,0,1,0,차대차 - 추돌,안전운전불이행,건조,맑음,단일로 - 교량,승용,남,57세,상해없음,승용,여,52세,경상
2016112500100437,2016년 11월 25일 17시,금요일,대구광역시 서구 평리동,경상사고,0,0,1,0,차대사람 - 기타,안전운전불이행,건조,맑음,단일로 - 기타,화물,여,38세,상해없음,보행자,여,43세,경상
2016112500100438,2016년 11월 25일 17시,금요일,대구광역시 달서구 신당동,경상사고,0,0,1,0,차대차 - 측면충돌,신호위반,건조,맑음,교차로 - 교차로안,승용,남,35세,상해없음,화물,남,27세,상해없음
2016112500100439,2016년 11월 25일 17시,금요일,대구광역시 북구 학정동,경상사고,0,0,2,0,차대차 - 측면충돌,교차로운행방법위반,건조,맑음,교차로 - 교차로안,승용,남,30세,경상,화물,남,53세,경상
2016112500100488,2016년 11월 25일 18시,금요일,대구광역시 동구 불로동,경상사고,0,0,1,0,차대사람 - 횡단중,안전운전불이행,건조,맑음,단일로 - 기타,승용,남,34세,상해없음,보행자,남,60세,경상
2016112500100489,2016년 11월 25일 18시,금요일,대구광역시 동구 신암동,중상사고,0,1,1,0,차대차 - 추돌,안전거리미확보,건조,맑음,단일로 - 기타,승용,남,19세,상해없음,승용,남,50세,경상
2016112500100541,2016년 11월 25일 19시,금요일,대구광역시 달서구 송현동,부상신고사고,0,0,0,1,차대차 - 기타,안전운전불이행,건조,맑음,단일로 - 기타,이륜,남,17세,부상신고,승용,여,29세,상해없음
2016112500100542,2016년 11월 25일 19시,금요일,대구광역시 달서구 본동,경상사고,0,0,1,0,차대차 - 측면직각충돌,차로위반,건조,맑음,단일로 - 기타,화물,남,53세,상해없음,승용,남,46세,상해없음
2016112500100543,2016년 11월 25일 19시,금요일,대구광역시 북구 읍내동,경상사고,0,0,1,0,차대차 - 기타,신호위반,건조,맑음,교차로 - 교차로안,이륜,남,43세,상해없음,이륜,남,25세,경상
2016112500100578,2016년 11월 25일 20시,금요일,대구광역시 달서구 본동,경상사고,0,0,2,0,차대차 - 추돌,안전운전불이행,건조,맑음,교차로 - 교차로부근,승용,남,55세,상해없음,승용,여,38세,상해없음
2016112500100579,2016년 11월 25일 20시,금요일,대구광역시 북구 노원동3가,경상사고,0,0,1,0,차대차 - 기타,차로위반,건조,맑음,단일로 - 기타,승용,남,59세,상해없음,기타불명,기타불명,기타불명,기타불명
2016112500100620,2016년 11월 25일 21시,금요일,대구광역시 수성구 신매동,경상사고,0,0,1,0,차대차 - 정면충돌,안전운전불이행,건조,맑음,교차로 - 교차로부근,승용,남,57세,상해없음,이륜,남,19세,경상
2016112500100622,2016년 11월 25일 21시,금요일,대구광역시 북구 침산동,경상사고,0,0,2,0,차대차 - 측면충돌,신호위반,건조,맑음,교차로 - 교차로안,승용,남,68세,상해없음,승용,남,62세,경상
2016112500100623,2016년 11월 25일 21시,금요일,대구광역시 서구 내당동,경상사고,0,0,2,0,차대차 - 측면충돌,안전거리미확보,건조,맑음,단일로 - 기타,승용,남,43세,상해없음,승용,남,33세,경상
2016112500100624,2016년 11월 25일 21시,금요일,대구광역시 서구 내당동,중상사고,0,1,0,0,차대차 - 추돌,안전운전불이행,건조,맑음,단일로 - 기타,승용,남,58세,상해없음,승용,여,46세,중상
2016112500100625,2016년 11월 25일 21시,금요일,대구광역시 달서구 장기동,중상사고,0,1,0,0,차대사람 - 횡단중,안전운전불이행,건조,맑음,교차로 - 교차로부근,이륜,남,26세,상해없음,보행자,남,16세,중상
2016112500100669,2016년 11월 25일 22시,금요일,대구광역시 수성구 범어동,경상사고,0,0,1,0,차대사람 - 횡단중,안전운전불이행,건조,맑음,단일로 - 기타,승용,기타불명,기타불명,기타불명,보행자,남,15세,경상
2016112500100696,2016년 11월 25일 23시,금요일,대구광역시 수성구 신매동,중상사고,0,1,0,1,차대차 - 측면충돌,신호위반,건조,맑음,교차로 - 교차로안,이륜,남,17세,부상신고,이륜,남,23세,중상
2016112500100697,2016년 11월 25일 23시,금요일,대구광역시 달서구 월성동,중상사고,0,1,1,0,차대차 - 정면충돌,중앙선침범,건조,맑음,교차로 - 교차로부근,승용,여,54세,상해없음,승용,여,45세,중상
2016112500100698,2016년 11월 25일 23시,금요일,대구광역시 북구 산격동,경상사고,0,0,1,0,차대사람 - 횡단중,안전운전불이행,건조,맑음,교차로 - 교차로안,원동기,남,15세,상해없음,보행자,남,54세,경상
2016112500100699,2016년 11월 25일 23시,금요일,대구광역시 중구 삼덕동2가,경상사고,0,0,1,0,차대사람 - 횡단중,안전운전불이행,건조,맑음,단일로 - 기타,승용,남,30세,상해없음,보행자,남,37세,경상
2016112500100700,2016년 11월 25일 23시,금요일,대구광역시 중구 수창동,경상사고,0,0,1,0,차대차 - 추돌,안전운전불이행,건조,맑음,단일로 - 기타,승용,남,43세,상해없음,승용,남,44세,경상
2016112600100044,2016년 11월 26일 01시,토요일,대구광역시 남구 대명동,중상사고,0,2,0,0,차대차 - 추돌,안전운전불이행,건조,맑음,단일로 - 기타,승용,여,31세,상해없음,승용,여,56세,중상
2016112600100045,2016년 11월 26일 01시,토요일,대구광역시 북구 산격동,경상사고,0,0,1,0,차대사람 - 기타,안전운전불이행,건조,맑음,단일로 - 기타,승용,여,33세,상해없음,보행자,남,20세,경상
2016112600100062,2016년 11월 26일 02시,토요일,대구광역시 중구 동인동4가,경상사고,0,0,4,0,차대차 - 측면직각충돌,직진우회전진행방해,건조,맑음,교차로 - 교차로안,승용,남,31세,상해없음,승합,남,65세,경상
2016112600100063,2016년 11월 26일 02시,토요일,대구광역시 중구 동일동,중상사고,0,1,1,0,차대차 - 측면직각충돌,안전운전불이행,건조,맑음,단일로 - 기타,승용,남,63세,상해없음,이륜,남,36세,경상
2016112600100080,2016년 11월 26일 03시,토요일,대구광역시 중구 문화동,경상사고,0,0,1,0,차대차 - 추돌,안전운전불이행,건조,맑음,교차로 - 교차로부근,승용,남,24세,상해없음,승용,남,52세,경상
2016112600100098,2016년 11월 26일 05시,토요일,대구광역시 수성구 상동,경상사고,0,0,1,0,차대차 - 측면충돌,신호위반,건조,맑음,단일로 - 기타,승용,여,56세,상해없음,승용,남,58세,경상
2016112600100112,2016년 11월 26일 06시,토요일,대구광역시 수성구 노변동,경상사고,0,0,1,1,차대차 - 정면충돌,안전운전불이행,건조,맑음,단일로 - 기타,승용,남,39세,부상신고,승용,남,28세,경상
2016112600100113,2016년 11월 26일 06시,토요일,대구광역시 서구 내당동,경상사고,0,0,1,0,차대차 - 측면직각충돌,안전운전불이행,건조,맑음,단일로 - 기타,화물,남,70세,상해없음,이륜,남,70세,경상
2016112600100125,2016년 11월 26일 07시,토요일,대구광역시 달성군 현풍면,사망사고,1,0,0,0,차대차 - 측면직각충돌,불법유턴,건조,맑음,교차로 - 교차로안,자전거,여,62세,사망,승용,남,43세,상해없음
2016112600100144,2016년 11월 26일 08시,토요일,대구광역시 수성구 중동,중상사고,0,1,0,0,차대사람 - 기타,안전운전불이행,건조,맑음,단일로 - 기타,승용,남,46세,상해없음,보행자,남,60세,중상
2016112600100178,2016년 11월 26일 10시,토요일,대구광역시 남구 대명동,중상사고,0,1,0,0,차대사람 - 횡단중,신호위반,건조,맑음,교차로 - 교차로안,승용,여,48세,상해없음,보행자,여,26세,중상
2016112600100179,2016년 11월 26일 10시,토요일,대구광역시 동구 부동,중상사고,0,1,1,0,차대사람 - 기타,안전운전불이행,건조,맑음,단일로 - 기타,승용,남,50세,상해없음,보행자,남,51세,중상
2016112600100180,2016년 11월 26일 10시,토요일,대구광역시 수성구 매호동,경상사고,0,0,1,0,차대차 - 측면충돌,교차로운행방법위반,건조,맑음,교차로 - 교차로안,승용,남,58세,상해없음,승용,여,45세,경상
2016112600100202,2016년 11월 26일 11시,토요일,대구광역시 달서구 대천동,경상사고,0,0,1,0,차대차 - 기타,보행자보호의무위반,건조,흐림,단일로 - 횡단보도상,승용,여,52세,상해없음,자전거,남,10세,경상
2016112600100262,2016년 11월 26일 13시,토요일,대구광역시 수성구 범어동,경상사고,0,0,1,0,차대차 - 측면충돌,안전거리미확보,건조,흐림,단일로 - 기타,승용,여,41세,상해없음,이륜,남,38세,경상
2016112600100263,2016년 11월 26일 13시,토요일,대구광역시 중구 대신동,중상사고,0,1,0,0,차대사람 - 기타,중앙선침범,건조,맑음,교차로 - 교차로부근,이륜,남,53세,상해없음,보행자,여,82세,중상
2016112600100293,2016년 11월 26일 14시,토요일,대구광역시 동구 율하동,경상사고,0,0,1,0,차대차 - 측면직각충돌,교차로운행방법위반,건조,맑음,교차로 - 교차로안,승용,여,52세,상해없음,이륜,남,47세,경상
2016112600100294,2016년 11월 26일 14시,토요일,대구광역시 달서구 송현동,경상사고,0,0,1,0,차대차 - 측면충돌,안전거리미확보,습기,비,단일로 - 기타,승용,남,30세,상해없음,승용,남,57세,경상
2016112600100295,2016년 11월 26일 14시,토요일,대구광역시 달성군 옥포면,중상사고,0,1,0,0,차대차 - 측면직각충돌,안전운전불이행,습기,비,단일로 - 기타,화물,남,24세,상해없음,이륜,남,58세,중상
2016112600100296,2016년 11월 26일 14시,토요일,대구광역시 북구 복현동,부상신고사고,0,0,0,1,차대차 - 기타,중앙선침범,건조,맑음,교차로 - 교차로안,자전거,남,79세,부상신고,승용,남,58세,상해없음
2016112600100341,2016년 11월 26일 15시,토요일,대구광역시 남구 대명동,중상사고,0,1,0,0,차대차 - 측면충돌,교차로운행방법위반,건조,맑음,교차로 - 교차로안,화물,남,75세,상해없음,이륜,남,45세,중상
2016112600100342,2016년 11월 26일 15시,토요일,대구광역시 달서구 이곡동,경상사고,0,0,3,0,차대차 - 추돌,안전운전불이행,습기,눈,기타 - 기타,승용,남,63세,상해없음,화물,남,46세,경상
2016112600100375,2016년 11월 26일 16시,토요일,대구광역시 수성구 파동,중상사고,0,3,1,0,차대차 - 측면충돌,교차로운행방법위반,습기,흐림,교차로 - 교차로안,승용,남,52세,중상,승합,남,45세,경상
2016112600100376,2016년 11월 26일 16시,토요일,대구광역시 달서구 성당동,경상사고,0,0,1,0,차대사람 - 횡단중,안전운전불이행,건조,맑음,단일로 - 기타,승용,남,33세,상해없음,보행자,남,56세,경상
2016112600100377,2016년 11월 26일 16시,토요일,대구광역시 달서구 용산동,경상사고,0,0,1,0,차대차 - 기타,안전운전불이행,건조,맑음,교차로 - 교차로부근,승용,여,44세,기타불명,승용,남,42세,경상
2016112600100432,2016년 11월 26일 17시,토요일,대구광역시 달서구 용산동,중상사고,0,1,1,0,차대차 - 측면충돌,차로위반,습기,비,단일로 - 기타,화물,남,51세,상해없음,승용,남,48세,중상
2016112600100508,2016년 11월 26일 18시,토요일,대구광역시 남구 대명동,경상사고,0,0,3,0,차대차 - 측면충돌,안전거리미확보,습기,비,교차로 - 교차로부근,승용,남,56세,상해없음,승용,남,43세,경상
2016112600100509,2016년 11월 26일 18시,토요일,대구광역시 중구 서문로2가,중상사고,0,1,0,0,차대차 - 정면충돌,안전운전불이행,습기,비,단일로 - 기타,승용,남,45세,상해없음,이륜,남,27세,중상
2016112600100510,2016년 11월 26일 18시,토요일,대구광역시 달서구 신당동,중상사고,0,1,0,0,차대사람 - 횡단중,보행자보호의무위반,건조,흐림,교차로 - 교차로안,승용,여,38세,상해없음,보행자,여,81세,중상
2016112600100511,2016년 11월 26일 18시,토요일,대구광역시 북구 태전동,경상사고,0,0,1,0,차대차 - 측면직각충돌,안전거리미확보,습기,비,단일로 - 기타,승용,여,67세,상해없음,승용,여,53세,경상
2016112600100581,2016년 11월 26일 19시,토요일,대구광역시 동구 율하동,경상사고,0,0,1,0,차대차 - 기타,직진우회전진행방해,습기,흐림,교차로 - 교차로안,화물,남,53세,상해없음,이륜,여,36세,경상
2016112600100582,2016년 11월 26일 19시,토요일,대구광역시 수성구 수성동2가,중상사고,0,1,0,0,차대차 - 기타,안전운전불이행,건조,맑음,교차로 - 교차로안,승용,남,45세,상해없음,이륜,남,50세,중상
2016112600100583,2016년 11월 26일 19시,토요일,대구광역시 달서구 송현동,경상사고,0,0,2,0,차대사람 - 횡단중,안전운전불이행,습기,흐림,단일로 - 기타,승용,남,33세,상해없음,보행자,여,48세,경상
2016112600100584,2016년 11월 26일 19시,토요일,대구광역시 서구 내당동,부상신고사고,0,0,0,1,차대차 - 측면충돌,안전운전불이행,습기,비,단일로 - 기타,이륜,남,30세,부상신고,승용,여,49세,상해없음
2016112600100585,2016년 11월 26일 19시,토요일,대구광역시 중구 대봉동,경상사고,0,0,1,0,차대사람 - 횡단중,안전운전불이행,건조,맑음,단일로 - 기타,승용,남,54세,상해없음,보행자,남,46세,경상
2016112600100630,2016년 11월 26일 20시,토요일,대구광역시 수성구 두산동,경상사고,0,0,1,0,차대사람 - 길가장자리구역통행중,안전운전불이행,건조,맑음,단일로 - 기타,기타불명,기타불명,기타불명,기타불명,보행자,남,43세,경상
2016112600100631,2016년 11월 26일 20시,토요일,대구광역시 달서구 상인동,경상사고,0,0,1,0,차대사람 - 횡단중,보행자보호의무위반,습기,비,단일로 - 기타,승용,남,74세,상해없음,보행자,남,47세,경상
2016112600100632,2016년 11월 26일 20시,토요일,대구광역시 북구 노원동2가,중상사고,0,1,0,0,차대차 - 측면충돌,직진우회전진행방해,습기,비,단일로 - 기타,승용,여,56세,상해없음,자전거,남,23세,중상
2016112600100633,2016년 11월 26일 20시,토요일,대구광역시 중구 동인동1가,경상사고,0,0,1,1,차대차 - 측면직각충돌,신호위반,습기,비,교차로 - 교차로안,승용,여,27세,부상신고,승용,남,54세,경상
2016112600100663,2016년 11월 26일 21시,토요일,대구광역시 달서구 도원동,경상사고,0,0,2,0,차대차 - 추돌,안전운전불이행,건조,맑음,단일로 - 기타,화물,남,49세,상해없음,승용,남,34세,경상
2016112600100725,2016년 11월 26일 23시,토요일,대구광역시 수성구 신매동,경상사고,0,0,1,0,차대차 - 측면충돌,안전거리미확보,건조,맑음,교차로 - 교차로부근,승용,남,56세,상해없음,이륜,남,17세,경상
2016112600100726,2016년 11월 26일 23시,토요일,대구광역시 중구 삼덕동1가,경상사고,0,0,1,0,차대사람 - 기타,안전운전불이행,건조,맑음,교차로 - 교차로부근,승용,기타불명,기타불명,기타불명,보행자,남,20세,경상
2016112700100027,2016년 11월 27일 00시,일요일,대구광역시 중구 삼덕동1가,경상사고,0,0,1,0,차대사람 - 기타,안전운전불이행,건조,맑음,단일로 - 기타,승용,여,35세,상해없음,보행자,남,18세,경상
2016112700100046,2016년 11월 27일 01시,일요일,대구광역시 동구 신천동,경상사고,0,0,1,0,차대차 - 측면충돌,안전운전불이행,건조,맑음,단일로 - 기타,승용,남,47세,상해없음,승용,남,43세,경상
2016112700100047,2016년 11월 27일 01시,일요일,대구광역시 수성구 중동,중상사고,0,2,1,0,차대차 - 측면충돌,교차로운행방법위반,건조,맑음,교차로 - 교차로안,승용,남,36세,경상,승용,남,35세,중상
2016112700100048,2016년 11월 27일 01시,일요일,대구광역시 서구 내당동,경상사고,0,0,3,0,차대차 - 측면직각충돌,차로위반,건조,맑음,교차로 - 교차로부근,승합,남,49세,상해없음,승용,남,48세,경상
2016112700100063,2016년 11월 27일 02시,일요일,대구광역시 북구 팔달동,중상사고,0,1,0,0,차대사람 - 길가장자리구역통행중,안전운전불이행,건조,맑음,단일로 - 기타,화물,남,25세,상해없음,보행자,여,53세,중상
2016112700100068,2016년 11월 27일 03시,일요일,대구광역시 서구 평리동,중상사고,0,1,0,0,차대차 - 측면충돌,차로위반,건조,맑음,단일로 - 기타,승용,남,58세,상해없음,이륜,남,17세,중상
2016112700100069,2016년 11월 27일 03시,일요일,대구광역시 북구 관음동,경상사고,0,0,1,1,차대차 - 측면충돌,안전운전불이행,건조,맑음,교차로 - 교차로안,승용,여,57세,상해없음,승용,남,24세,경상
2016112700100077,2016년 11월 27일 04시,일요일,대구광역시 중구 삼덕동1가,경상사고,0,0,1,0,차대사람 - 횡단중,안전운전불이행,건조,맑음,교차로 - 교차로부근,승용,남,27세,상해없음,보행자,남,19세,경상
2016112700100087,2016년 11월 27일 05시,일요일,대구광역시 서구 내당동,중상사고,0,1,0,0,차대사람 - 횡단중,안전운전불이행,건조,맑음,단일로 - 횡단보도상,승용,남,26세,상해없음,보행자,남,20세,중상
2016112700100170,2016년 11월 27일 10시,일요일,대구광역시 북구 칠성동2가,중상사고,0,1,0,0,차량단독 - 전도전복,안전운전불이행,건조,맑음,단일로 - 기타,승용,남,79세,중상,,,,
2016112700100189,2016년 11월 27일 11시,일요일,대구광역시 동구 입석동,경상사고,0,0,1,0,차대차 - 측면충돌,안전운전불이행,건조,맑음,단일로 - 기타,원동기,남,36세,경상,승합,남,37세,상해없음
2016112700100190,2016년 11월 27일 11시,일요일,대구광역시 수성구 삼덕동,경상사고,0,0,1,0,차량단독 - 전도전복,안전운전불이행,건조,맑음,단일로 - 기타,승용,남,55세,경상,,,,
2016112700100191,2016년 11월 27일 11시,일요일,대구광역시 북구 관음동,중상사고,0,1,0,0,차대사람 - 기타,안전운전불이행,건조,맑음,단일로 - 기타,승용,남,60세,상해없음,보행자,남,66세,중상
2016112700100205,2016년 11월 27일 12시,일요일,대구광역시 수성구 만촌동,경상사고,0,0,2,0,차대차 - 측면충돌,교차로운행방법위반,건조,맑음,교차로 - 교차로안,이륜,남,20세,상해없음,화물,남,58세,경상
2016112700100223,2016년 11월 27일 13시,일요일,대구광역시 서구 평리동,중상사고,0,1,0,0,차대사람 - 횡단중,안전운전불이행,건조,맑음,교차로 - 교차로안,승용,남,38세,상해없음,보행자,남,58세,중상
2016112700100253,2016년 11월 27일 14시,일요일,대구광역시 동구 신천동,중상사고,0,1,0,0,차대차 - 기타,안전거리미확보,건조,맑음,단일로 - 기타,화물,남,70세,상해없음,이륜,남,82세,중상
2016112700100254,2016년 11월 27일 14시,일요일,대구광역시 달서구 성당동,경상사고,0,0,1,0,차대사람 - 기타,기타,건조,맑음,단일로 - 기타,승합,남,46세,상해없음,보행자,여,74세,경상
2016112700100289,2016년 11월 27일 15시,일요일,대구광역시 달서구 감삼동,중상사고,0,1,0,0,차대사람 - 횡단중,안전운전불이행,건조,맑음,단일로 - 기타,이륜,남,18세,상해없음,보행자,여,4세,중상
2016112700100290,2016년 11월 27일 15시,일요일,대구광역시 달서구 성당동,경상사고,0,0,1,0,차대사람 - 횡단중,보행자보호의무위반,건조,맑음,단일로 - 횡단보도상,승합,남,49세,상해없음,보행자,남,74세,경상
2016112700100345,2016년 11월 27일 17시,일요일,대구광역시 동구 율하동,경상사고,0,0,1,0,차대사람 - 횡단중,보행자보호의무위반,건조,맑음,단일로 - 횡단보도상,승용,여,34세,상해없음,보행자,여,18세,경상
2016112700100346,2016년 11월 27일 17시,일요일,대구광역시 북구 동천동,중상사고,0,1,1,0,차대차 - 측면충돌,신호위반,건조,맑음,교차로 - 교차로안,이륜,남,20세,경상,이륜,남,51세,중상
2016112700100384,2016년 11월 27일 18시,일요일,대구광역시 중구 달성동,경상사고,0,0,1,1,차대차 - 측면직각충돌,안전운전불이행,건조,맑음,교차로 - 교차로안,이륜,남,21세,부상신고,승용,남,71세,상해없음
2016112700100385,2016년 11월 27일 18시,일요일,대구광역시 북구 태전동,경상사고,0,0,7,0,차대차 - 추돌,안전운전불이행,건조,맑음,단일로 - 기타,승용,남,33세,경상,승용,남,22세,경상
2016112700100419,2016년 11월 27일 19시,일요일,대구광역시 달서구 대천동,경상사고,0,0,1,0,차대차 - 측면충돌,차로위반,건조,맑음,교차로 - 교차로안,승용,여,47세,상해없음,승합,남,44세,상해없음
2016112700100420,2016년 11월 27일 19시,일요일,대구광역시 달서구 본동,중상사고,0,1,0,0,차대사람 - 횡단중,안전운전불이행,건조,맑음,교차로 - 교차로부근,승합,남,53세,상해없음,보행자,남,54세,중상
2016112700100421,2016년 11월 27일 19시,일요일,대구광역시 달성군 다사읍,중상사고,0,1,0,0,차대차 - 정면충돌,안전운전불이행,건조,맑음,교차로 - 교차로안,승용,남,34세,상해없음,승용,남,58세,중상
2016112700100445,2016년 11월 27일 20시,일요일,대구광역시 달서구 감삼동,중상사고,0,1,0,0,차대차 - 기타,안전운전불이행,건조,맑음,단일로 - 기타,승용,남,72세,상해없음,이륜,남,47세,중상
2016112700100502,2016년 11월 27일 23시,일요일,대구광역시 북구 동천동,경상사고,0,0,1,0,차대차 - 측면직각충돌,안전운전불이행,건조,맑음,단일로 - 기타,승용,남,30세,상해없음,승용,남,25세,경상
2016112800100016,2016년 11월 28일 02시,월요일,대구광역시 수성구 지산동,경상사고,0,0,1,0,차대차 - 추돌,안전운전불이행,건조,맑음,단일로 - 기타,승용,여,50세,상해없음,승용,남,29세,경상
2016112800100017,2016년 11월 28일 02시,월요일,대구광역시 수성구 범어동,경상사고,0,0,1,0,차대차 - 기타,안전거리미확보,건조,맑음,단일로 - 기타,이륜,남,18세,상해없음,승용,남,57세,경상
2016112800100018,2016년 11월 28일 02시,월요일,대구광역시 달서구 진천동,경상사고,0,0,3,0,차대차 - 측면직각충돌,직진우회전진행방해,건조,맑음,교차로 - 교차로안,승용,남,53세,상해없음,승용,남,26세,경상
2016112800100022,2016년 11월 28일 03시,월요일,대구광역시 중구 동인동4가,경상사고,0,0,1,1,차대차 - 기타,안전운전불이행,건조,맑음,교차로 - 교차로안,기타불명,기타불명,기타불명,기타불명,승용,남,63세,경상
2016112800100023,2016년 11월 28일 03시,월요일,대구광역시 중구 봉산동,부상신고사고,0,0,0,2,차대차 - 기타,안전거리미확보,건조,맑음,단일로 - 기타,기타불명,기타불명,기타불명,기타불명,승용,남,54세,부상신고
2016112800100042,2016년 11월 28일 05시,월요일,대구광역시 남구 이천동,중상사고,0,1,0,0,차대사람 - 횡단중,안전운전불이행,건조,맑음,단일로 - 횡단보도부근,화물,남,58세,상해없음,보행자,여,68세,중상
2016112800100043,2016년 11월 28일 05시,월요일,대구광역시 달서구 월암동,중상사고,0,1,0,0,차대차 - 추돌,안전운전불이행,건조,맑음,단일로 - 기타,자전거,남,65세,중상,화물,남,63세,기타불명
2016112800100065,2016년 11월 28일 06시,월요일,대구광역시 서구 비산동,중상사고,0,1,0,0,차대사람 - 횡단중,보행자보호의무위반,건조,맑음,단일로 - 기타,승용,남,52세,상해없음,보행자,남,61세,중상
2016112800100139,2016년 11월 28일 08시,월요일,대구광역시 동구 신서동,경상사고,0,0,2,0,차대차 - 측면직각충돌,교차로운행방법위반,건조,맑음,교차로 - 교차로안,승용,여,64세,기타불명,승용,여,39세,경상
2016112800100140,2016년 11월 28일 08시,월요일,대구광역시 수성구 만촌동,부상신고사고,0,0,0,1,차대차 - 측면충돌,차로위반,건조,맑음,단일로 - 기타,이륜,남,19세,부상신고,승용,여,36세,상해없음
2016112800100141,2016년 11월 28일 08시,월요일,대구광역시 중구 동인동3가,부상신고사고,0,0,0,1,차대사람 - 기타,안전운전불이행,건조,맑음,단일로 - 기타,승용,남,30세,상해없음,보행자,남,29세,부상신고
2016112800100181,2016년 11월 28일 09시,월요일,대구광역시 북구 동천동,경상사고,0,0,2,0,차대차 - 추돌,안전운전불이행,건조,맑음,교차로 - 교차로부근,승용,남,41세,상해없음,승용,여,46세,경상
2016112800100223,2016년 11월 28일 10시,월요일,대구광역시 달서구 송현동,경상사고,0,0,2,0,차대차 - 측면직각충돌,교차로운행방법위반,건조,맑음,교차로 - 교차로안,승용,여,50세,상해없음,승용,여,34세,경상
2016112800100224,2016년 11월 28일 10시,월요일,대구광역시 달서구 성당동,경상사고,0,0,1,0,차대사람 - 횡단중,안전운전불이행,건조,맑음,단일로 - 기타,승용,남,37세,상해없음,보행자,남,64세,경상
2016112800100253,2016년 11월 28일 11시,월요일,대구광역시 북구 검단동,중상사고,0,1,0,0,차대사람 - 기타,안전운전불이행,건조,맑음,단일로 - 기타,기타불명,기타불명,기타불명,기타불명,보행자,여,71세,중상
2016112800100281,2016년 11월 28일 12시,월요일,대구광역시 남구 대명동,중상사고,0,1,0,0,차대사람 - 기타,안전운전불이행,건조,맑음,단일로 - 기타,승용,남,77세,상해없음,보행자,여,73세,중상
2016112800100282,2016년 11월 28일 12시,월요일,대구광역시 달서구 월성동,중상사고,0,1,0,0,차대차 - 측면충돌,신호위반,건조,맑음,교차로 - 교차로안,승용,여,50세,상해없음,이륜,남,33세,중상
2016112800100283,2016년 11월 28일 12시,월요일,대구광역시 달서구 신당동,중상사고,0,1,3,0,차대차 - 측면직각충돌,안전운전불이행,건조,맑음,교차로 - 교차로안,화물,남,53세,상해없음,승용,남,47세,경상
2016112800100284,2016년 11월 28일 12시,월요일,대구광역시 북구 국우동,경상사고,0,0,2,0,차대차 - 기타,직진우회전진행방해,건조,맑음,교차로 - 교차로안,승용,여,35세,상해없음,승용,남,44세,경상
2016112800100317,2016년 11월 28일 13시,월요일,대구광역시 동구 각산동,경상사고,0,0,3,0,차대차 - 측면충돌,직진우회전진행방해,건조,맑음,교차로 - 교차로안,승용,남,33세,상해없음,승용,여,38세,경상
2016112800100318,2016년 11월 28일 13시,월요일,대구광역시 중구 동인동4가,경상사고,0,0,1,0,차대차 - 추돌,안전거리미확보,건조,맑음,단일로 - 기타,승용,남,23세,상해없음,승용,남,66세,상해없음
2016112800100358,2016년 11월 28일 14시,월요일,대구광역시 수성구 범어동,중상사고,0,1,0,0,차대사람 - 기타,보행자보호의무위반,건조,맑음,단일로 - 횡단보도상,승용,남,52세,상해없음,보행자,남,54세,중상
2016112800100427,2016년 11월 28일 16시,월요일,대구광역시 동구 신암동,경상사고,0,0,1,0,차대차 - 측면직각충돌,안전거리미확보,건조,맑음,단일로 - 기타,승용,여,44세,상해없음,화물,남,54세,경상
2016112800100428,2016년 11월 28일 16시,월요일,대구광역시 수성구 만촌동,경상사고,0,0,1,0,차대차 - 추돌,안전거리미확보,건조,맑음,단일로 - 기타,승용,남,58세,상해없음,승용,남,60세,경상