사고번호,사고일시,요일,시군구,사고내용,사망자수,중상자수,경상자수,부상신고자수,사고유형,법규위반,노면상태,기상상태,도로형태,가해운전자 차종,가해운전자 성별,가해운전자 연령,가해운전자 상해정도,피해운전자 차종,피해운전자 성별,피해운전자 연령,피해운전자 상해정도
2016112800100429,2016년 11월 28일 16시,월요일,대구광역시 중구 대신동,중상사고,0,1,0,0,차대사람 - 길가장자리구역통행중,안전운전불이행,건조,맑음,단일로 - 기타,승용,남,67세,상해없음,보행자,여,66세,중상
2016112800100474,2016년 11월 28일 17시,월요일,대구광역시 달성군 논공읍,경상사고,0,0,1,0,차대차 - 측면직각충돌,안전운전불이행,건조,맑음,교차로 - 교차로안,이륜,남,48세,경상,승용,남,67세,상해없음
2016112800100531,2016년 11월 28일 18시,월요일,대구광역시 동구 효목동,경상사고,0,0,1,0,차대차 - 측면충돌,안전거리미확보,건조,맑음,단일로 - 기타,건설기계,남,53세,상해없음,승용,여,68세,경상
2016112800100532,2016년 11월 28일 18시,월요일,대구광역시 달성군 화원읍,경상사고,0,0,1,0,차대차 - 기타,안전운전불이행,건조,맑음,교차로 - 교차로안,승용,남,57세,상해없음,승용,남,25세,경상
2016112800100533,2016년 11월 28일 18시,월요일,대구광역시 서구 비산동,경상사고,0,0,1,0,차대차 - 추돌,안전운전불이행,건조,맑음,단일로 - 기타,승용,여,50세,상해없음,승용,여,59세,상해없음
2016112800100534,2016년 11월 28일 18시,월요일,대구광역시 남구 대명동,경상사고,0,0,1,0,차대차 - 측면충돌,안전운전불이행,건조,맑음,단일로 - 기타,승용,남,73세,상해없음,이륜,남,27세,경상
2016112800100576,2016년 11월 28일 19시,월요일,대구광역시 달서구 월성동,경상사고,0,0,1,0,차대차 - 측면충돌,안전운전불이행,건조,맑음,교차로 - 교차로안,자전거,남,14세,경상,승용,남,66세,상해없음
2016112800100577,2016년 11월 28일 19시,월요일,대구광역시 서구 내당동,중상사고,0,1,1,1,차대차 - 측면충돌,차로위반,건조,맑음,단일로 - 기타,승용,남,24세,부상신고,이륜,남,17세,중상
2016112800100578,2016년 11월 28일 19시,월요일,대구광역시 중구 동인동3가,중상사고,0,1,0,1,차대차 - 정면충돌,안전운전불이행,건조,맑음,단일로 - 기타,승용,여,41세,부상신고,화물,남,55세,중상
2016112800100615,2016년 11월 28일 20시,월요일,대구광역시 수성구 수성동4가,경상사고,0,0,1,0,차대차 - 측면충돌,안전운전불이행,건조,맑음,단일로 - 기타,승용,남,54세,상해없음,승용,남,36세,경상
2016112800100616,2016년 11월 28일 20시,월요일,대구광역시 서구 평리동,중상사고,0,1,1,0,차대차 - 추돌,안전운전불이행,건조,맑음,단일로 - 기타,승용,남,63세,상해없음,승용,남,55세,중상
2016112800100617,2016년 11월 28일 20시,월요일,대구광역시 달서구 두류동,경상사고,0,0,2,0,차대차 - 추돌,안전운전불이행,건조,맑음,단일로 - 기타,승용,여,26세,상해없음,승용,남,26세,경상
2016112800100635,2016년 11월 28일 21시,월요일,대구광역시 남구 대명동,중상사고,0,1,0,0,차대사람 - 길가장자리구역통행중,안전운전불이행,건조,맑음,단일로 - 기타,승용,남,40세,상해없음,보행자,남,44세,중상
2016112800100636,2016년 11월 28일 21시,월요일,대구광역시 북구 칠성동2가,중상사고,0,1,1,1,차대차 - 측면직각충돌,교차로운행방법위반,건조,맑음,교차로 - 교차로안,승용,남,59세,부상신고,화물,남,23세,경상
2016112800100637,2016년 11월 28일 21시,월요일,대구광역시 북구 노원동3가,중상사고,0,1,0,1,차대차 - 추돌,안전운전불이행,건조,맑음,단일로 - 기타,승용,남,43세,부상신고,화물,남,52세,중상
2016112800100655,2016년 11월 28일 22시,월요일,대구광역시 남구 대명동,중상사고,0,1,1,0,차대차 - 정면충돌,신호위반,건조,맑음,교차로 - 교차로안,승용,남,25세,상해없음,승용,남,63세,경상
2016112900100024,2016년 11월 29일 02시,화요일,대구광역시 달서구 호림동,중상사고,0,2,1,0,차대차 - 측면직각충돌,교차로운행방법위반,건조,맑음,교차로 - 교차로안,승용,남,74세,상해없음,승용,남,24세,중상
2016112900100032,2016년 11월 29일 03시,화요일,대구광역시 북구 검단동,중상사고,0,1,1,0,차대차 - 측면직각충돌,교차로운행방법위반,건조,맑음,교차로 - 교차로안,승용,남,45세,경상,화물,남,57세,중상
2016112900100040,2016년 11월 29일 04시,화요일,대구광역시 중구 삼덕동2가,경상사고,0,0,1,0,차대차 - 추돌,안전운전불이행,건조,맑음,단일로 - 기타,승용,남,64세,상해없음,승용,남,70세,경상
2016112900100041,2016년 11월 29일 04시,화요일,대구광역시 중구 삼덕동2가,경상사고,0,0,1,0,차대차 - 추돌,안전운전불이행,건조,맑음,단일로 - 기타,승용,남,64세,상해없음,승용,남,70세,경상
2016112900100063,2016년 11월 29일 06시,화요일,대구광역시 서구 상리동,경상사고,0,0,2,0,차대차 - 측면충돌,안전운전불이행,건조,맑음,교차로 - 교차로부근,승용,여,47세,경상,승용,남,58세,경상
2016112900100138,2016년 11월 29일 08시,화요일,대구광역시 달성군 논공읍,경상사고,0,0,1,0,차대차 - 측면충돌,안전운전불이행,건조,맑음,단일로 - 기타,승용,여,62세,상해없음,승용,여,48세,경상
2016112900100183,2016년 11월 29일 09시,화요일,대구광역시 중구 문화동,중상사고,0,1,0,0,차대차 - 정면충돌,신호위반,건조,맑음,교차로 - 교차로안,이륜,남,34세,중상,승용,남,26세,상해없음
2016112900100268,2016년 11월 29일 12시,화요일,대구광역시 동구 금강동,경상사고,0,0,2,0,차대차 - 기타,안전운전불이행,건조,맑음,교차로 - 교차로안,승합,남,34세,상해없음,화물,남,33세,경상
2016112900100300,2016년 11월 29일 13시,화요일,대구광역시 달서구 장기동,경상사고,0,0,1,0,차대사람 - 기타,안전운전불이행,건조,맑음,교차로 - 교차로부근,승용,남,56세,상해없음,보행자,여,57세,경상
2016112900100332,2016년 11월 29일 14시,화요일,대구광역시 중구 덕산동,중상사고,0,1,0,0,차량단독 - 기타,기타,건조,맑음,단일로 - 기타,승합,남,39세,상해없음,,,,
2016112900100333,2016년 11월 29일 14시,화요일,대구광역시 중구 남산동,경상사고,0,0,1,0,차대차 - 측면직각충돌,안전운전불이행,건조,맑음,단일로 - 기타,승용,남,45세,상해없음,승용,여,61세,경상
2016112900100334,2016년 11월 29일 14시,화요일,대구광역시 달서구 성당동,중상사고,0,1,0,0,차대사람 - 횡단중,안전운전불이행,건조,맑음,단일로 - 기타,화물,남,57세,상해없음,보행자,여,87세,중상
2016112900100371,2016년 11월 29일 15시,화요일,대구광역시 북구 산격동,중상사고,0,1,0,0,차대사람 - 길가장자리구역통행중,안전운전불이행,건조,맑음,단일로 - 기타,승용,남,26세,상해없음,보행자,남,68세,중상
2016112900100372,2016년 11월 29일 15시,화요일,대구광역시 달서구 용산동,경상사고,0,0,1,0,차대차 - 측면충돌,안전운전불이행,건조,맑음,단일로 - 기타,화물,남,45세,기타불명,승용,여,45세,경상
2016112900100373,2016년 11월 29일 15시,화요일,대구광역시 북구 구암동,중상사고,0,1,1,0,차대차 - 측면충돌,안전운전불이행,건조,맑음,단일로 - 기타,승용,여,44세,상해없음,승용,여,46세,중상
2016112900100402,2016년 11월 29일 16시,화요일,대구광역시 남구 봉덕동,부상신고사고,0,0,0,2,차대차 - 기타,안전거리미확보,건조,맑음,단일로 - 기타,이륜,남,16세,부상신고,승용,여,28세,상해없음
2016112900100403,2016년 11월 29일 16시,화요일,대구광역시 서구 평리동,경상사고,0,0,1,0,차대차 - 측면충돌,안전거리미확보,건조,맑음,단일로 - 기타,승용,여,27세,상해없음,승용,남,62세,경상
2016112900100452,2016년 11월 29일 17시,화요일,대구광역시 서구 중리동,경상사고,0,0,1,0,차대차 - 측면직각충돌,안전거리미확보,건조,흐림,단일로 - 기타,승용,여,60세,경상,승용,남,28세,상해없음
2016112900100502,2016년 11월 29일 18시,화요일,대구광역시 동구 신암동,경상사고,0,0,1,0,차대차 - 측면직각충돌,안전거리미확보,습기,비,교차로 - 교차로부근,승용,남,67세,기타불명,승용,남,33세,경상
2016112900100503,2016년 11월 29일 18시,화요일,대구광역시 달서구 용산동,경상사고,0,0,3,0,차대차 - 측면직각충돌,차로위반,건조,맑음,교차로 - 교차로부근,승용,여,49세,경상,승용,남,19세,경상
2016112900100504,2016년 11월 29일 18시,화요일,대구광역시 북구 읍내동,중상사고,0,1,0,0,차대사람 - 횡단중,안전운전불이행,건조,맑음,단일로 - 기타,화물,남,52세,상해없음,보행자,여,51세,중상
2016112900100544,2016년 11월 29일 19시,화요일,대구광역시 달서구 송현동,부상신고사고,0,0,0,1,차대차 - 측면충돌,안전운전불이행,건조,맑음,교차로 - 교차로부근,이륜,남,25세,부상신고,승용,남,35세,상해없음
2016112900100545,2016년 11월 29일 19시,화요일,대구광역시 달성군 다사읍,경상사고,0,0,1,0,차대차 - 측면충돌,차로위반,건조,맑음,교차로 - 교차로부근,승용,남,46세,상해없음,승용,여,51세,경상
2016112900100546,2016년 11월 29일 19시,화요일,대구광역시 달서구 파호동,중상사고,0,1,0,0,차대사람 - 횡단중,보행자보호의무위반,건조,맑음,단일로 - 기타,승용,남,23세,상해없음,보행자,남,57세,중상
2016112900100547,2016년 11월 29일 19시,화요일,대구광역시 달서구 용산동,경상사고,0,0,2,0,차대차 - 측면충돌,안전운전불이행,건조,맑음,교차로 - 교차로부근,승용,남,47세,상해없음,이륜,남,17세,경상
2016112900100548,2016년 11월 29일 19시,화요일,대구광역시 달서구 감삼동,경상사고,0,0,1,0,차대사람 - 기타,안전운전불이행,건조,맑음,단일로 - 기타,승합,남,51세,상해없음,보행자,여,19세,경상
2016112900100549,2016년 11월 29일 19시,화요일,대구광역시 달서구 신당동,경상사고,0,0,1,0,차대차 - 측면직각충돌,안전거리미확보,건조,맑음,단일로 - 기타,승용,남,32세,상해없음,이륜,남,19세,경상
2016112900100577,2016년 11월 29일 20시,화요일,대구광역시 달서구 진천동,중상사고,0,1,0,0,차대사람 - 횡단중,보행자보호의무위반,건조,맑음,단일로 - 횡단보도상,승용,남,25세,상해없음,보행자,여,54세,중상
2016112900100578,2016년 11월 29일 20시,화요일,대구광역시 서구 비산동,경상사고,0,0,1,0,차대차 - 측면직각충돌,안전운전불이행,건조,맑음,교차로 - 교차로안,승용,남,65세,경상,승용,남,48세,상해없음
2016112900100604,2016년 11월 29일 21시,화요일,대구광역시 동구 각산동,경상사고,0,0,1,0,차대사람 - 횡단중,신호위반,건조,맑음,교차로 - 교차로안,승용,남,54세,상해없음,보행자,여,28세,경상
2016112900100605,2016년 11월 29일 21시,화요일,대구광역시 중구 삼덕동1가,경상사고,0,0,1,0,차대사람 - 기타,안전운전불이행,건조,맑음,교차로 - 교차로부근,승용,남,25세,상해없음,보행자,남,9세,경상
2016112900100651,2016년 11월 29일 23시,화요일,대구광역시 달서구 송현동,중상사고,0,1,0,0,차대차 - 추돌,안전운전불이행,건조,맑음,교차로 - 교차로부근,승용,남,49세,상해없음,승용,남,59세,중상
2016112900100652,2016년 11월 29일 23시,화요일,대구광역시 달성군 다사읍,중상사고,0,1,0,0,차대차 - 측면직각충돌,기타,건조,맑음,교차로 - 교차로안,이륜,남,43세,중상,화물,남,44세,상해없음
2016113000100022,2016년 11월 30일 01시,수요일,대구광역시 수성구 수성동4가,경상사고,0,0,2,0,차대차 - 추돌,안전거리미확보,건조,맑음,단일로 - 기타,승용,여,66세,상해없음,승용,남,56세,경상
2016113000100071,2016년 11월 30일 06시,수요일,대구광역시 동구 율하동,부상신고사고,0,0,0,1,차대차 - 측면충돌,안전운전불이행,건조,맑음,교차로 - 교차로안,자전거,남,60세,부상신고,승합,남,41세,상해없음
2016113000100095,2016년 11월 30일 07시,수요일,대구광역시 달서구 용산동,경상사고,0,0,2,0,차대차 - 측면직각충돌,교차로운행방법위반,건조,맑음,교차로 - 교차로안,승용,남,48세,경상,승용,남,60세,경상
2016113000100096,2016년 11월 30일 07시,수요일,대구광역시 달서구 감삼동,부상신고사고,0,0,0,1,차대사람 - 횡단중,안전운전불이행,건조,맑음,단일로 - 기타,기타불명,기타불명,기타불명,기타불명,보행자,남,22세,부상신고
2016113000100124,2016년 11월 30일 08시,수요일,대구광역시 남구 이천동,경상사고,0,0,1,0,차대차 - 측면직각충돌,안전운전불이행,건조,흐림,교차로 - 교차로부근,자전거,남,61세,경상,화물,남,39세,상해없음
2016113000100125,2016년 11월 30일 08시,수요일,대구광역시 동구 동호동,부상신고사고,0,0,0,1,차대차 - 측면직각충돌,안전운전불이행,건조,맑음,교차로 - 교차로안,자전거,여,48세,부상신고,화물,남,50세,상해없음
2016113000100126,2016년 11월 30일 08시,수요일,대구광역시 수성구 두산동,중상사고,0,1,0,0,차대사람 - 횡단중,안전운전불이행,건조,맑음,단일로 - 횡단보도상,승용,남,31세,상해없음,보행자,여,27세,중상
2016113000100157,2016년 11월 30일 09시,수요일,대구광역시 서구 원대동1가,중상사고,0,1,0,0,차대차 - 측면직각충돌,신호위반,건조,맑음,교차로 - 교차로안,승용,남,33세,상해없음,이륜,남,67세,중상
2016113000100202,2016년 11월 30일 11시,수요일,대구광역시 수성구 중동,경상사고,0,0,1,1,차대차 - 측면충돌,불법유턴,건조,맑음,교차로 - 교차로부근,이륜,남,28세,부상신고,승용,남,71세,경상
2016113000100221,2016년 11월 30일 12시,수요일,대구광역시 달서구 도원동,경상사고,0,0,1,0,차대차 - 기타,기타,건조,맑음,단일로 - 기타,화물,남,47세,상해없음,승용,여,28세,경상
2016113000100222,2016년 11월 30일 12시,수요일,대구광역시 북구 복현동,경상사고,0,0,1,0,차대차 - 측면충돌,안전운전불이행,건조,맑음,교차로 - 교차로부근,자전거,남,77세,경상,승용,남,61세,상해없음
2016113000100243,2016년 11월 30일 13시,수요일,대구광역시 남구 대명동,중상사고,0,1,0,0,차대차 - 정면충돌,안전거리미확보,건조,맑음,교차로 - 교차로안,이륜,남,77세,중상,승용,남,25세,상해없음
2016113000100244,2016년 11월 30일 13시,수요일,대구광역시 남구 대명동,경상사고,0,0,1,0,차대사람 - 길가장자리구역통행중,안전운전불이행,건조,맑음,단일로 - 기타,승용,여,50세,상해없음,보행자,여,48세,경상
2016113000100245,2016년 11월 30일 13시,수요일,대구광역시 수성구 범어동,부상신고사고,0,0,0,1,차대차 - 측면충돌,안전운전불이행,건조,맑음,단일로 - 기타,승용,여,43세,상해없음,이륜,남,24세,부상신고
2016113000100246,2016년 11월 30일 13시,수요일,대구광역시 달서구 상인동,경상사고,0,0,1,0,차대차 - 측면직각충돌,교차로운행방법위반,건조,맑음,교차로 - 교차로안,승용,여,56세,상해없음,승용,여,59세,경상
2016113000100247,2016년 11월 30일 13시,수요일,대구광역시 달서구 송현동,경상사고,0,0,1,0,차대사람 - 횡단중,보행자보호의무위반,건조,맑음,단일로 - 기타,승용,여,64세,상해없음,보행자,남,9세,경상
2016113000100248,2016년 11월 30일 13시,수요일,대구광역시 서구 이현동,중상사고,0,3,2,0,차대차 - 추돌,안전거리미확보,건조,맑음,단일로 - 기타,화물,남,65세,경상,승용,남,42세,중상
2016113000100273,2016년 11월 30일 14시,수요일,대구광역시 동구 방촌동,중상사고,0,1,1,0,차대차 - 추돌,안전운전불이행,건조,맑음,단일로 - 기타,승용,여,51세,상해없음,승용,여,54세,경상
2016113000100274,2016년 11월 30일 14시,수요일,대구광역시 서구 원대동3가,경상사고,0,0,1,0,차대차 - 측면직각충돌,안전운전불이행,건조,맑음,단일로 - 기타,이륜,여,55세,경상,승용,여,69세,상해없음
2016113000100275,2016년 11월 30일 14시,수요일,대구광역시 달서구 호산동,경상사고,0,0,2,0,차대차 - 측면직각충돌,신호위반,건조,맑음,교차로 - 교차로안,화물,남,80세,경상,승용,남,60세,경상
2016113000100441,2016년 11월 30일 18시,수요일,대구광역시 남구 봉덕동,경상사고,0,0,2,0,차대차 - 정면충돌,안전운전불이행,습기,비,교차로 - 교차로부근,승용,남,57세,상해없음,승용,남,34세,경상
2016113000100442,2016년 11월 30일 18시,수요일,대구광역시 동구 신암동,중상사고,0,1,1,0,차대차 - 측면충돌,안전거리미확보,습기,비,단일로 - 기타,승용,남,63세,중상,승용,남,39세,경상
2016113000100443,2016년 11월 30일 18시,수요일,대구광역시 수성구 범어동,경상사고,0,0,1,0,차대사람 - 기타,안전운전불이행,습기,비,교차로 - 교차로부근,승용,남,47세,상해없음,보행자,남,56세,경상
2016113000100483,2016년 11월 30일 19시,수요일,대구광역시 달서구 송현동,경상사고,0,0,2,0,차대차 - 추돌,차로위반,습기,비,교차로 - 교차로부근,승용,남,69세,상해없음,승합,남,56세,상해없음
2016113000100513,2016년 11월 30일 20시,수요일,대구광역시 수성구 지산동,경상사고,0,0,1,0,차대차 - 기타,안전거리미확보,습기,맑음,단일로 - 기타,승합,남,66세,상해없음,이륜,남,23세,경상
2016113000100514,2016년 11월 30일 20시,수요일,대구광역시 중구 종로1가,경상사고,0,0,1,0,차대차 - 기타,안전거리미확보,습기,흐림,교차로 - 교차로부근,승용,남,57세,상해없음,이륜,남,17세,경상
2016113000100515,2016년 11월 30일 20시,수요일,대구광역시 중구 남산동,경상사고,0,0,1,0,차대사람 - 보도통행중,기타,습기,흐림,단일로 - 기타,기타불명,기타불명,기타불명,기타불명,보행자,여,51세,경상
2016113000100557,2016년 11월 30일 21시,수요일,대구광역시 북구 서변동,경상사고,0,0,2,0,차대차 - 추돌,안전운전불이행,건조,맑음,단일로 - 기타,승용,여,58세,상해없음,승용,남,53세,경상
2016113000100585,2016년 11월 30일 22시,수요일,대구광역시 동구 신천동,경상사고,0,0,3,0,차대차 - 추돌,안전운전불이행,건조,맑음,교차로 - 교차로부근,승용,여,52세,경상,승용,남,20세,경상
2016113000100586,2016년 11월 30일 22시,수요일,대구광역시 서구 내당동,경상사고,0,0,4,0,차대차 - 추돌,안전운전불이행,습기,비,단일로 - 기타,승용,남,56세,상해없음,승용,남,25세,경상
2016113000100587,2016년 11월 30일 22시,수요일,대구광역시 북구 관음동,중상사고,0,1,0,0,차대차 - 기타,중앙선침범,건조,맑음,단일로 - 기타,이륜,남,24세,상해없음,이륜,남,18세,중상
2016113000100627,2016년 11월 30일 23시,수요일,대구광역시 달서구 두류동,중상사고,0,1,1,0,차대차 - 측면충돌,신호위반,건조,맑음,교차로 - 교차로안,승용,남,59세,상해없음,승용,남,56세,경상
2016120100100021,2016년 12월 1일 00시,목요일,대구광역시 달서구 상인동,경상사고,0,0,1,0,차대사람 - 횡단중,안전운전불이행,건조,맑음,교차로 - 교차로안,승용,남,58세,상해없음,보행자,여,36세,경상
2016120100100022,2016년 12월 1일 00시,목요일,대구광역시 달서구 성당동,부상신고사고,0,0,0,1,차대차 - 기타,교차로운행방법위반,습기,흐림,교차로 - 교차로안,화물,남,47세,상해없음,이륜,남,39세,부상신고
2016120100100067,2016년 12월 1일 05시,목요일,대구광역시 서구 이현동,경상사고,0,0,1,0,차대차 - 측면충돌,중앙선침범,건조,맑음,단일로 - 기타,승용,남,51세,상해없음,화물,남,69세,경상
2016120100100085,2016년 12월 1일 06시,목요일,대구광역시 동구 도동,사망사고,1,0,0,0,차대차 - 추돌,안전운전불이행,습기,흐림,단일로 - 기타,화물,남,47세,상해없음,화물,남,67세,사망
2016120100100086,2016년 12월 1일 06시,목요일,대구광역시 동구 도동,중상사고,0,2,0,0,차대차 - 추돌,안전운전불이행,건조,맑음,단일로 - 기타,화물,남,55세,상해없음,화물,남,62세,중상
2016120100100090,2016년 12월 1일 06시,목요일,대구광역시 서구 원대동1가,중상사고,0,1,0,0,차대사람 - 횡단중,안전운전불이행,습기,흐림,교차로 - 교차로부근,승용,남,62세,상해없음,보행자,남,42세,중상
2016120100100091,2016년 12월 1일 06시,목요일,대구광역시 달서구 이곡동,경상사고,0,0,1,0,차대사람 - 횡단중,안전운전불이행,습기,비,교차로 - 교차로안,승용,남,53세,상해없음,보행자,남,31세,경상
2016120100100115,2016년 12월 1일 07시,목요일,대구광역시 달서구 상인동,경상사고,0,0,1,0,차대차 - 기타,안전운전불이행,건조,맑음,교차로 - 교차로부근,기타불명,기타불명,기타불명,기타불명,자전거,남,16세,경상
2016120100100116,2016년 12월 1일 07시,목요일,대구광역시 달서구 용산동,경상사고,0,0,1,0,차대차 - 추돌,안전운전불이행,건조,맑음,교차로 - 교차로안,승용,여,39세,상해없음,화물,남,38세,경상
2016120100100117,2016년 12월 1일 07시,목요일,대구광역시 달서구 성당동,경상사고,0,0,1,0,차대차 - 측면직각충돌,교차로운행방법위반,습기,흐림,교차로 - 교차로부근,승용,남,63세,상해없음,자전거,남,73세,경상
2016120100100157,2016년 12월 1일 08시,목요일,대구광역시 동구 신천동,경상사고,0,0,1,0,차대차 - 추돌,안전거리미확보,건조,맑음,교차로 - 교차로부근,승용,여,59세,상해없음,승용,남,42세,경상
2016120100100200,2016년 12월 1일 09시,목요일,대구광역시 달성군 다사읍,경상사고,0,0,1,1,차대차 - 측면충돌,안전운전불이행,습기,맑음,교차로 - 교차로안,화물,남,35세,부상신고,승용,남,48세,경상
2016120100100225,2016년 12월 1일 10시,목요일,대구광역시 수성구 만촌동,경상사고,0,0,1,0,차대차 - 측면충돌,안전운전불이행,건조,맑음,기타 - 기타,화물,남,23세,상해없음,자전거,남,14세,경상
2016120100100300,2016년 12월 1일 13시,목요일,대구광역시 남구 대명동,경상사고,0,0,1,0,차대차 - 추돌,안전거리미확보,건조,맑음,단일로 - 기타,원동기,여,37세,상해없음,승용,여,57세,경상
2016120100100301,2016년 12월 1일 13시,목요일,대구광역시 동구 신서동,경상사고,0,0,1,0,차대차 - 측면충돌,신호위반,건조,맑음,교차로 - 교차로안,승용,남,44세,상해없음,자전거,여,23세,경상
2016120100100302,2016년 12월 1일 13시,목요일,대구광역시 달서구 송현동,중상사고,0,1,0,0,차대사람 - 횡단중,안전운전불이행,건조,맑음,단일로 - 기타,승용,남,52세,상해없음,보행자,여,68세,중상
2016120100100303,2016년 12월 1일 13시,목요일,대구광역시 중구 대신동,경상사고,0,0,1,0,차대차 - 기타,안전운전불이행,건조,맑음,단일로 - 기타,승용,남,57세,상해없음,승용,여,46세,경상
2016120100100336,2016년 12월 1일 14시,목요일,대구광역시 달서구 송현동,경상사고,0,0,1,0,차대차 - 측면직각충돌,안전거리미확보,건조,맑음,단일로 - 기타,승용,여,55세,경상,승합,남,50세,상해없음
2016120100100337,2016년 12월 1일 14시,목요일,대구광역시 중구 대신동,경상사고,0,0,1,0,차대차 - 측면충돌,기타,건조,맑음,단일로 - 기타,승용,남,65세,상해없음,이륜,남,37세,경상
2016120100100368,2016년 12월 1일 15시,목요일,대구광역시 중구 대신동,부상신고사고,0,0,0,1,차대차 - 측면충돌,신호위반,건조,맑음,교차로 - 교차로안,자전거,남,86세,부상신고,승용,여,37세,상해없음
2016120100100409,2016년 12월 1일 16시,목요일,대구광역시 달서구 죽전동,중상사고,0,1,0,0,차대차 - 추돌,안전운전불이행,건조,맑음,단일로 - 기타,화물,남,48세,상해없음,승용,남,57세,중상
2016120100100465,2016년 12월 1일 17시,목요일,대구광역시 달서구 성당동,중상사고,0,1,0,0,차대사람 - 기타,안전운전불이행,건조,맑음,기타 - 기타,승용,남,34세,상해없음,보행자,남,57세,중상
2016120100100513,2016년 12월 1일 18시,목요일,대구광역시 동구 각산동,경상사고,0,0,1,0,차대사람 - 횡단중,안전운전불이행,건조,맑음,교차로 - 교차로안,승용,남,66세,상해없음,보행자,여,17세,경상
2016120100100514,2016년 12월 1일 18시,목요일,대구광역시 동구 신기동,중상사고,0,1,0,0,차대차 - 추돌,안전운전불이행,건조,맑음,단일로 - 기타,승용,여,65세,상해없음,승용,여,48세,상해없음
2016120100100515,2016년 12월 1일 18시,목요일,대구광역시 달성군 유가면,중상사고,0,2,1,0,차대차 - 추돌,안전운전불이행,건조,맑음,단일로 - 기타,화물,남,56세,중상,승용,남,30세,경상
2016120100100516,2016년 12월 1일 18시,목요일,대구광역시 서구 비산동,중상사고,0,1,0,0,차대차 - 정면충돌,안전운전불이행,건조,맑음,단일로 - 기타,원동기,남,32세,상해없음,자전거,남,67세,중상
2016120100100548,2016년 12월 1일 19시,목요일,대구광역시 서구 평리동,중상사고,0,1,0,1,차대사람 - 길가장자리구역통행중,안전운전불이행,건조,맑음,교차로 - 교차로안,이륜,남,47세,부상신고,보행자,여,64세,중상
2016120100100549,2016년 12월 1일 19시,목요일,대구광역시 달서구 감삼동,중상사고,0,1,3,0,차대차 - 기타,차로위반,건조,맑음,단일로 - 기타,승용,여,49세,상해없음,승용,남,20세,경상
2016120100100581,2016년 12월 1일 20시,목요일,대구광역시 수성구 지산동,중상사고,0,1,0,0,차대사람 - 횡단중,보행자보호의무위반,건조,맑음,교차로 - 교차로안,승용,여,56세,상해없음,보행자,남,13세,중상
2016120100100616,2016년 12월 1일 21시,목요일,대구광역시 수성구 범어동,경상사고,0,0,2,0,차대차 - 측면직각충돌,교차로운행방법위반,건조,맑음,교차로 - 교차로부근,승용,남,26세,상해없음,승용,남,61세,경상
2016120100100656,2016년 12월 1일 23시,목요일,대구광역시 남구 봉덕동,경상사고,0,0,1,2,차대차 - 정면충돌,안전운전불이행,건조,맑음,단일로 - 교량,승용,남,60세,상해없음,승용,남,56세,부상신고
2016120100100657,2016년 12월 1일 23시,목요일,대구광역시 남구 이천동,경상사고,0,0,3,0,차대차 - 측면충돌,안전거리미확보,건조,맑음,단일로 - 기타,승용,남,50세,상해없음,화물,남,32세,상해없음
2016120100100658,2016년 12월 1일 23시,목요일,대구광역시 동구 신서동,경상사고,0,0,1,0,차대사람 - 횡단중,보행자보호의무위반,건조,맑음,단일로 - 기타,승용,남,28세,상해없음,보행자,남,58세,경상
2016120100100659,2016년 12월 1일 23시,목요일,대구광역시 달서구 대천동,사망사고,1,0,0,0,차대차 - 측면충돌,중앙선침범,건조,맑음,단일로 - 기타,이륜,남,41세,사망,승용,여,36세,상해없음
2016120200100013,2016년 12월 2일 00시,금요일,대구광역시 동구 율하동,중상사고,0,1,1,0,차대차 - 추돌,안전운전불이행,건조,맑음,단일로 - 기타,승용,남,40세,기타불명,승용,남,48세,중상
2016120200100030,2016년 12월 2일 01시,금요일,대구광역시 달서구 죽전동,부상신고사고,0,0,0,1,차대차 - 기타,안전운전불이행,건조,맑음,단일로 - 기타,승용,남,26세,부상신고,승합,남,60세,기타불명
2016120200100046,2016년 12월 2일 03시,금요일,대구광역시 중구 남산동,경상사고,0,0,2,0,차대차 - 측면직각충돌,차로위반,건조,맑음,교차로 - 교차로부근,승용,남,51세,상해없음,승용,남,61세,경상
2016120200100086,2016년 12월 2일 06시,금요일,대구광역시 동구 검사동,경상사고,0,0,2,0,차대차 - 추돌,안전운전불이행,건조,맑음,단일로 - 기타,승용,남,45세,상해없음,승용,여,42세,경상
2016120200100087,2016년 12월 2일 06시,금요일,대구광역시 수성구 수성동2가,중상사고,0,1,0,0,차대차 - 기타,안전운전불이행,건조,맑음,교차로 - 교차로부근,승용,남,32세,상해없음,승용,남,64세,상해없음
2016120200100088,2016년 12월 2일 06시,금요일,대구광역시 북구 태전동,중상사고,0,1,0,0,차대사람 - 횡단중,보행자보호의무위반,건조,맑음,단일로 - 횡단보도상,승용,여,42세,상해없음,보행자,여,43세,중상
2016120200100110,2016년 12월 2일 07시,금요일,대구광역시 동구 신서동,중상사고,0,1,0,0,차대사람 - 횡단중,신호위반,건조,맑음,교차로 - 교차로부근,승용,남,52세,상해없음,보행자,여,67세,중상