사고번호,사고일시,요일,시군구,사고내용,사망자수,중상자수,경상자수,부상신고자수,사고유형,법규위반,노면상태,기상상태,도로형태,가해운전자 차종,가해운전자 성별,가해운전자 연령,가해운전자 상해정도,피해운전자 차종,피해운전자 성별,피해운전자 연령,피해운전자 상해정도
2016120500100333,2016년 12월 5일 16시,월요일,대구광역시 수성구 지산동,중상사고,0,1,0,0,차대사람 - 기타,보행자보호의무위반,건조,맑음,단일로 - 횡단보도부근,화물,남,47세,상해없음,보행자,남,16세,중상
2016120500100370,2016년 12월 5일 17시,월요일,대구광역시 달성군 다사읍,중상사고,0,1,0,0,차대차 - 측면직각충돌,안전운전불이행,건조,맑음,교차로 - 교차로안,승용,남,28세,상해없음,이륜,남,76세,중상
2016120500100371,2016년 12월 5일 17시,월요일,대구광역시 달서구 장기동,중상사고,0,1,0,0,차대사람 - 횡단중,안전운전불이행,건조,흐림,단일로 - 기타,승용,남,55세,상해없음,보행자,여,76세,중상
2016120500100434,2016년 12월 5일 18시,월요일,대구광역시 동구 신암동,경상사고,0,0,1,0,차대사람 - 횡단중,보행자보호의무위반,건조,맑음,단일로 - 횡단보도상,승용,남,34세,상해없음,보행자,남,68세,경상
2016120500100435,2016년 12월 5일 18시,월요일,대구광역시 수성구 범어동,중상사고,0,1,1,0,차대차 - 기타,안전운전불이행,건조,맑음,단일로 - 기타,승용,남,41세,상해없음,승용,여,41세,중상
2016120500100436,2016년 12월 5일 18시,월요일,대구광역시 달서구 성당동,경상사고,0,0,1,0,차대차 - 측면충돌,안전운전불이행,건조,맑음,단일로 - 기타,승용,여,62세,상해없음,자전거,남,75세,경상
2016120500100437,2016년 12월 5일 18시,월요일,대구광역시 달서구 신당동,경상사고,0,0,1,0,차대차 - 추돌,안전운전불이행,건조,맑음,단일로 - 기타,승용,남,48세,상해없음,화물,남,58세,경상
2016120500100482,2016년 12월 5일 19시,월요일,대구광역시 남구 대명동,중상사고,0,1,0,0,차대차 - 기타,안전운전불이행,건조,맑음,기타 - 기타,자전거,남,18세,중상,승용,남,27세,상해없음
2016120500100483,2016년 12월 5일 19시,월요일,대구광역시 수성구 사월동,경상사고,0,0,1,0,차대차 - 측면충돌,안전운전불이행,건조,맑음,단일로 - 기타,승용,남,31세,상해없음,승용,여,56세,경상
2016120500100484,2016년 12월 5일 19시,월요일,대구광역시 달성군 화원읍,경상사고,0,0,1,0,차대차 - 정면충돌,안전운전불이행,건조,맑음,교차로 - 교차로안,승용,여,45세,상해없음,자전거,남,72세,경상
2016120500100485,2016년 12월 5일 19시,월요일,대구광역시 달서구 신당동,경상사고,0,0,2,0,차대차 - 측면충돌,안전거리미확보,건조,맑음,단일로 - 기타,승용,남,27세,상해없음,승용,여,28세,경상
2016120500100517,2016년 12월 5일 20시,월요일,대구광역시 달서구 송현동,경상사고,0,0,1,0,차대차 - 측면직각충돌,안전운전불이행,건조,맑음,교차로 - 교차로안,승용,여,39세,상해없음,자전거,남,17세,경상
2016120500100518,2016년 12월 5일 20시,월요일,대구광역시 달서구 상인동,중상사고,0,1,1,0,차대차 - 기타,안전운전불이행,건조,맑음,단일로 - 기타,이륜,남,17세,상해없음,승합,남,53세,상해없음
2016120500100520,2016년 12월 5일 20시,월요일,대구광역시 서구 내당동,중상사고,0,1,0,1,차대차 - 측면직각충돌,교차로운행방법위반,건조,맑음,교차로 - 교차로안,승용,남,65세,부상신고,승용,남,29세,중상
2016120500100548,2016년 12월 5일 21시,월요일,대구광역시 수성구 두산동,경상사고,0,0,2,0,차대차 - 정면충돌,안전운전불이행,건조,맑음,교차로 - 교차로안,승용,여,56세,상해없음,승용,여,34세,경상
2016120500100549,2016년 12월 5일 21시,월요일,대구광역시 중구 대봉동,경상사고,0,0,1,0,차대사람 - 길가장자리구역통행중,안전운전불이행,건조,맑음,단일로 - 기타,승용,남,62세,상해없음,보행자,남,36세,경상
2016120500100598,2016년 12월 5일 23시,월요일,대구광역시 달성군 논공읍,중상사고,0,1,0,0,차대사람 - 횡단중,보행자보호의무위반,건조,맑음,교차로 - 교차로안,화물,남,48세,상해없음,보행자,남,38세,중상
2016120500100599,2016년 12월 5일 23시,월요일,대구광역시 북구 태전동,중상사고,0,1,0,0,차대사람 - 기타,안전운전불이행,건조,맑음,단일로 - 기타,승용,남,32세,상해없음,보행자,남,38세,중상
2016120600100063,2016년 12월 6일 06시,화요일,대구광역시 남구 봉덕동,경상사고,0,0,2,0,차대차 - 추돌,안전거리미확보,건조,맑음,단일로 - 기타,승합,남,55세,상해없음,승용,남,42세,경상
2016120600100081,2016년 12월 6일 07시,화요일,대구광역시 동구 신평동,경상사고,0,0,1,0,차대사람 - 기타,기타,건조,맑음,단일로 - 기타,승용,여,64세,상해없음,보행자,남,16세,경상
2016120600100082,2016년 12월 6일 07시,화요일,대구광역시 북구 노원동3가,경상사고,0,0,1,0,차대차 - 측면충돌,안전거리미확보,건조,맑음,단일로 - 기타,승용,여,61세,상해없음,승용,여,53세,경상
2016120600100114,2016년 12월 6일 08시,화요일,대구광역시 달서구 장기동,경상사고,0,0,1,0,차대차 - 기타,안전거리미확보,건조,맑음,단일로 - 기타,화물,남,35세,기타불명,승용,여,46세,경상
2016120600100115,2016년 12월 6일 08시,화요일,대구광역시 북구 서변동,중상사고,0,1,1,0,차대차 - 추돌,안전거리미확보,건조,맑음,미분류 - 미분류,승용,남,47세,중상,승용,여,46세,상해없음
2016120600100165,2016년 12월 6일 10시,화요일,대구광역시 남구 봉덕동,경상사고,0,0,2,0,차대차 - 기타,중앙선침범,건조,맑음,단일로 - 기타,승용,남,23세,상해없음,승용,남,32세,경상
2016120600100166,2016년 12월 6일 10시,화요일,대구광역시 북구 태전동,부상신고사고,0,0,0,1,차대차 - 측면충돌,안전운전불이행,건조,맑음,교차로 - 교차로부근,자전거,여,44세,부상신고,승용,남,32세,상해없음
2016120600100196,2016년 12월 6일 11시,화요일,대구광역시 남구 대명동,경상사고,0,0,1,0,차대차 - 기타,안전운전불이행,건조,맑음,단일로 - 기타,원동기,남,36세,경상,승용,남,41세,상해없음
2016120600100222,2016년 12월 6일 12시,화요일,대구광역시 동구 검사동,부상신고사고,0,0,0,1,차대차 - 기타,안전거리미확보,건조,맑음,단일로 - 기타,자전거,남,73세,부상신고,승용,남,60세,상해없음
2016120600100249,2016년 12월 6일 13시,화요일,대구광역시 수성구 만촌동,경상사고,0,0,1,0,차대차 - 측면충돌,안전운전불이행,건조,맑음,교차로 - 교차로안,화물,남,29세,상해없음,화물,남,77세,경상
2016120600100250,2016년 12월 6일 13시,화요일,대구광역시 수성구 범어동,중상사고,0,1,0,0,차대차 - 측면충돌,안전거리미확보,건조,맑음,단일로 - 기타,승용,여,59세,상해없음,이륜,남,29세,중상
2016120600100251,2016년 12월 6일 13시,화요일,대구광역시 수성구 만촌동,중상사고,0,1,0,0,차대차 - 측면충돌,안전운전불이행,건조,맑음,단일로 - 횡단보도상,승용,여,58세,상해없음,자전거,남,59세,중상
2016120600100252,2016년 12월 6일 13시,화요일,대구광역시 달서구 송현동,경상사고,0,0,2,0,차대차 - 측면직각충돌,안전거리미확보,건조,맑음,교차로 - 교차로부근,승용,남,37세,상해없음,승용,남,62세,경상
2016120600100253,2016년 12월 6일 13시,화요일,대구광역시 서구 평리동,중상사고,0,1,0,0,차대차 - 추돌,안전운전불이행,건조,맑음,단일로 - 기타,승용,남,48세,상해없음,이륜,남,32세,중상
2016120600100254,2016년 12월 6일 13시,화요일,대구광역시 서구 평리동,부상신고사고,0,0,0,1,차대차 - 측면충돌,안전운전불이행,건조,맑음,교차로 - 교차로안,이륜,남,53세,부상신고,승용,남,26세,상해없음
2016120600100255,2016년 12월 6일 13시,화요일,대구광역시 중구 동인동4가,부상신고사고,0,0,0,1,차대사람 - 횡단중,안전운전불이행,건조,맑음,단일로 - 기타,승용,여,37세,상해없음,보행자,여,36세,부상신고
2016120600100278,2016년 12월 6일 14시,화요일,대구광역시 남구 봉덕동,경상사고,0,0,1,0,차대차 - 추돌,안전운전불이행,건조,맑음,교차로 - 교차로부근,화물,여,43세,기타불명,승용,여,27세,경상
2016120600100279,2016년 12월 6일 14시,화요일,대구광역시 달성군 현풍면,중상사고,0,1,0,0,차대사람 - 기타,안전운전불이행,건조,맑음,교차로 - 교차로안,승용,남,60세,상해없음,보행자,남,83세,중상
2016120600100307,2016년 12월 6일 15시,화요일,대구광역시 동구 신암동,중상사고,0,1,0,0,차대사람 - 기타,안전운전불이행,건조,맑음,단일로 - 기타,승용,남,52세,상해없음,보행자,남,24세,중상
2016120600100308,2016년 12월 6일 15시,화요일,대구광역시 서구 비산동,경상사고,0,0,2,0,차대차 - 측면직각충돌,안전운전불이행,건조,맑음,교차로 - 교차로부근,승용,남,28세,상해없음,승합,남,44세,경상
2016120600100309,2016년 12월 6일 15시,화요일,대구광역시 중구 계산동2가,경상사고,0,0,1,0,차대차 - 측면직각충돌,안전거리미확보,건조,맑음,단일로 - 기타,승용,남,33세,상해없음,화물,남,28세,상해없음
2016120600100342,2016년 12월 6일 16시,화요일,대구광역시 달서구 장기동,경상사고,0,0,1,0,차대차 - 측면충돌,안전운전불이행,건조,맑음,단일로 - 기타,승용,남,30세,상해없음,이륜,남,46세,경상
2016120600100391,2016년 12월 6일 17시,화요일,대구광역시 중구 대봉동,경상사고,0,0,1,0,차대차 - 측면직각충돌,안전운전불이행,건조,맑음,단일로 - 기타,승용,여,73세,상해없음,화물,남,46세,경상
2016120600100392,2016년 12월 6일 17시,화요일,대구광역시 달서구 용산동,경상사고,0,0,1,0,차대차 - 측면충돌,안전운전불이행,건조,맑음,교차로 - 교차로안,이륜,남,57세,경상,승용,남,54세,상해없음
2016120600100431,2016년 12월 6일 18시,화요일,대구광역시 달서구 상인동,경상사고,0,0,1,0,차대차 - 측면직각충돌,차로위반,건조,맑음,단일로 - 기타,승용,여,44세,상해없음,원동기,남,18세,경상
2016120600100432,2016년 12월 6일 18시,화요일,대구광역시 달서구 대곡동,경상사고,0,0,1,0,차량단독 - 공작물충돌,안전운전불이행,건조,맑음,단일로 - 기타,자전거,남,69세,경상,,,,
2016120600100433,2016년 12월 6일 18시,화요일,대구광역시 북구 산격동,부상신고사고,0,0,0,1,차대차 - 기타,안전운전불이행,건조,맑음,단일로 - 기타,이륜,남,57세,부상신고,승용,남,30세,상해없음
2016120600100434,2016년 12월 6일 18시,화요일,대구광역시 서구 중리동,중상사고,0,1,0,0,차대차 - 추돌,안전운전불이행,건조,맑음,교차로 - 교차로안,승용,남,43세,상해없음,승용,남,53세,중상
2016120600100435,2016년 12월 6일 18시,화요일,대구광역시 북구 태전동,경상사고,0,0,1,0,차대사람 - 보도통행중,안전운전불이행,건조,맑음,단일로 - 기타,승용,남,30세,상해없음,보행자,남,33세,경상
2016120600100471,2016년 12월 6일 19시,화요일,대구광역시 달서구 이곡동,경상사고,0,0,1,0,차대차 - 기타,안전운전불이행,건조,맑음,단일로 - 기타,이륜,남,24세,경상,건설기계,남,55세,기타불명
2016120600100519,2016년 12월 6일 21시,화요일,대구광역시 북구 조야동,경상사고,0,0,2,0,차대차 - 기타,안전운전불이행,건조,맑음,단일로 - 기타,기타불명,기타불명,기타불명,기타불명,승용,여,31세,경상
2016120600100523,2016년 12월 6일 21시,화요일,대구광역시 달서구 월성동,중상사고,0,1,0,0,차대사람 - 횡단중,보행자보호의무위반,건조,맑음,단일로 - 기타,승용,여,42세,상해없음,보행자,여,37세,중상
2016120600100552,2016년 12월 6일 22시,화요일,대구광역시 달서구 장기동,경상사고,0,0,1,0,차대사람 - 횡단중,보행자보호의무위반,건조,맑음,교차로 - 교차로부근,승용,남,47세,상해없음,보행자,남,43세,경상
2016120600100574,2016년 12월 6일 23시,화요일,대구광역시 달서구 성당동,경상사고,0,0,1,0,차대사람 - 기타,기타,건조,맑음,단일로 - 기타,승용,남,60세,상해없음,보행자,남,61세,경상
2016120700100012,2016년 12월 7일 00시,수요일,대구광역시 수성구 상동,경상사고,0,0,1,0,차대차 - 정면충돌,안전거리미확보,건조,맑음,단일로 - 기타,승용,남,44세,상해없음,승용,남,39세,경상
2016120700100013,2016년 12월 7일 00시,수요일,대구광역시 중구 종로1가,경상사고,0,0,2,0,차대차 - 측면직각충돌,신호위반,건조,맑음,교차로 - 교차로안,승용,남,31세,상해없음,승용,남,63세,경상
2016120700100027,2016년 12월 7일 01시,수요일,대구광역시 수성구 범물동,경상사고,0,0,1,0,차대사람 - 횡단중,보행자보호의무위반,건조,맑음,단일로 - 기타,승용,남,75세,상해없음,보행자,남,26세,경상
2016120700100043,2016년 12월 7일 03시,수요일,대구광역시 중구 남산동,경상사고,0,0,1,0,차대차 - 정면충돌,안전운전불이행,건조,맑음,교차로 - 교차로부근,이륜,남,28세,상해없음,승용,남,53세,경상
2016120700100044,2016년 12월 7일 03시,수요일,대구광역시 중구 삼덕동1가,경상사고,0,0,1,0,차대사람 - 기타,안전운전불이행,건조,맑음,단일로 - 기타,승용,남,19세,상해없음,보행자,여,20세,경상
2016120700100072,2016년 12월 7일 06시,수요일,대구광역시 동구 신천동,중상사고,0,1,0,0,차대사람 - 횡단중,안전운전불이행,건조,맑음,기타 - 기타,승용,남,42세,상해없음,보행자,남,52세,중상
2016120700100101,2016년 12월 7일 07시,수요일,대구광역시 서구 평리동,중상사고,0,1,0,0,차대차 - 측면직각충돌,신호위반,건조,맑음,교차로 - 교차로안,승용,여,39세,상해없음,승용,남,64세,중상
2016120700100102,2016년 12월 7일 07시,수요일,대구광역시 달서구 신당동,경상사고,0,0,2,0,차대차 - 측면직각충돌,안전운전불이행,건조,맑음,단일로 - 기타,승용,남,24세,상해없음,승용,남,24세,상해없음
2016120700100103,2016년 12월 7일 07시,수요일,대구광역시 북구 읍내동,경상사고,0,0,3,0,차대차 - 측면직각충돌,신호위반,건조,맑음,교차로 - 교차로안,승용,여,37세,상해없음,승합,남,46세,상해없음
2016120700100175,2016년 12월 7일 09시,수요일,대구광역시 서구 중리동,중상사고,0,1,0,0,차대사람 - 기타,안전운전불이행,건조,맑음,단일로 - 기타,승합,남,55세,상해없음,보행자,남,81세,중상
2016120700100176,2016년 12월 7일 09시,수요일,대구광역시 달서구 용산동,경상사고,0,0,1,0,차대차 - 추돌,안전운전불이행,건조,맑음,교차로 - 교차로부근,승용,남,25세,상해없음,승용,여,49세,경상
2016120700100200,2016년 12월 7일 10시,수요일,대구광역시 남구 대명동,중상사고,0,1,0,0,차대차 - 측면충돌,중앙선침범,건조,맑음,단일로 - 기타,승용,남,62세,상해없음,이륜,남,73세,중상
2016120700100228,2016년 12월 7일 11시,수요일,대구광역시 동구 신서동,경상사고,0,0,2,0,차대차 - 정면충돌,안전운전불이행,건조,맑음,단일로 - 기타,승합,남,54세,상해없음,승용,여,48세,경상
2016120700100229,2016년 12월 7일 11시,수요일,대구광역시 수성구 범어동,경상사고,0,0,2,0,차대차 - 추돌,안전운전불이행,건조,맑음,단일로 - 기타,승용,남,69세,상해없음,승용,여,35세,경상
2016120700100283,2016년 12월 7일 13시,수요일,대구광역시 달서구 감삼동,경상사고,0,0,1,0,차대차 - 측면충돌,안전거리미확보,건조,맑음,단일로 - 기타,기타불명,기타불명,기타불명,기타불명,이륜,남,18세,경상
2016120700100309,2016년 12월 7일 14시,수요일,대구광역시 동구 각산동,경상사고,0,0,2,0,차대차 - 추돌,안전운전불이행,건조,맑음,단일로 - 기타,승용,여,56세,상해없음,승용,남,38세,경상
2016120700100310,2016년 12월 7일 14시,수요일,대구광역시 수성구 만촌동,경상사고,0,0,1,0,차대차 - 추돌,안전거리미확보,건조,맑음,교차로 - 교차로안,승합,남,38세,상해없음,승용,남,56세,상해없음
2016120700100333,2016년 12월 7일 15시,수요일,대구광역시 동구 입석동,경상사고,0,0,2,0,차대사람 - 차도통행중,안전운전불이행,건조,맑음,단일로 - 기타,승용,여,68세,상해없음,보행자,여,46세,경상
2016120700100334,2016년 12월 7일 15시,수요일,대구광역시 수성구 두산동,경상사고,0,0,2,0,차대차 - 측면직각충돌,안전운전불이행,건조,맑음,단일로 - 기타,승용,여,63세,상해없음,승용,남,42세,상해없음
2016120700100335,2016년 12월 7일 15시,수요일,대구광역시 북구 침산동,경상사고,0,0,1,0,차대차 - 추돌,안전거리미확보,건조,맑음,단일로 - 기타,화물,남,57세,상해없음,승용,남,37세,경상
2016120700100336,2016년 12월 7일 15시,수요일,대구광역시 중구 인교동,경상사고,0,0,1,0,차대차 - 측면직각충돌,교차로운행방법위반,건조,맑음,교차로 - 교차로부근,이륜,남,42세,경상,승용,남,59세,상해없음
2016120700100373,2016년 12월 7일 16시,수요일,대구광역시 달서구 유천동,경상사고,0,0,1,0,차대차 - 측면직각충돌,안전거리미확보,건조,맑음,단일로 - 기타,승용,여,42세,상해없음,승용,남,56세,경상
2016120700100403,2016년 12월 7일 17시,수요일,대구광역시 서구 내당동,중상사고,0,1,0,0,차대사람 - 기타,안전운전불이행,건조,흐림,교차로 - 교차로부근,화물,남,38세,상해없음,보행자,남,50세,중상
2016120700100404,2016년 12월 7일 17시,수요일,대구광역시 달서구 두류동,경상사고,0,0,1,0,차대차 - 정면충돌,신호위반,건조,맑음,교차로 - 교차로안,화물,남,61세,상해없음,이륜,남,77세,경상
2016120700100502,2016년 12월 7일 19시,수요일,대구광역시 수성구 수성동3가,경상사고,0,0,1,0,차대차 - 추돌,안전운전불이행,건조,맑음,교차로 - 교차로부근,승용,남,63세,상해없음,승용,남,49세,상해없음
2016120700100503,2016년 12월 7일 19시,수요일,대구광역시 달성군 다사읍,경상사고,0,0,1,0,차대차 - 측면직각충돌,안전거리미확보,건조,맑음,단일로 - 기타,승용,남,52세,상해없음,이륜,남,19세,경상
2016120700100504,2016년 12월 7일 19시,수요일,대구광역시 서구 내당동,경상사고,0,0,1,0,차대차 - 추돌,안전운전불이행,건조,맑음,단일로 - 기타,승용,남,69세,상해없음,승용,여,48세,경상
2016120700100543,2016년 12월 7일 20시,수요일,대구광역시 동구 효목동,경상사고,0,0,1,0,차대사람 - 횡단중,보행자보호의무위반,건조,맑음,단일로 - 기타,화물,남,67세,상해없음,보행자,남,51세,경상
2016120700100544,2016년 12월 7일 20시,수요일,대구광역시 수성구 만촌동,중상사고,0,1,0,0,차대차 - 추돌,안전운전불이행,건조,맑음,단일로 - 기타,승용,남,70세,상해없음,승용,남,37세,중상
2016120700100545,2016년 12월 7일 20시,수요일,대구광역시 달서구 장기동,경상사고,0,0,1,0,차대차 - 기타,교차로운행방법위반,건조,맑음,교차로 - 교차로안,승용,남,49세,상해없음,이륜,남,50세,경상
2016120700100572,2016년 12월 7일 21시,수요일,대구광역시 달서구 죽전동,경상사고,0,0,2,0,차대차 - 측면직각충돌,차로위반,건조,맑음,기타 - 기타,승용,여,29세,경상,승용,남,52세,경상
2016120700100595,2016년 12월 7일 22시,수요일,대구광역시 수성구 두산동,경상사고,0,0,1,0,차대사람 - 기타,안전운전불이행,건조,맑음,단일로 - 횡단보도부근,승용,여,25세,상해없음,보행자,남,43세,경상
2016120700100613,2016년 12월 7일 23시,수요일,대구광역시 서구 평리동,경상사고,0,0,4,0,차대차 - 측면직각충돌,안전운전불이행,건조,맑음,교차로 - 교차로부근,승용,여,26세,경상,승용,남,65세,경상
2016120800100036,2016년 12월 8일 01시,목요일,대구광역시 달서구 월성동,경상사고,0,0,1,0,차대차 - 측면충돌,안전운전불이행,건조,맑음,교차로 - 교차로안,승용,남,31세,상해없음,원동기,남,16세,경상
2016120800100056,2016년 12월 8일 03시,목요일,대구광역시 수성구 수성동4가,경상사고,0,0,1,0,차대차 - 측면직각충돌,신호위반,건조,맑음,교차로 - 교차로부근,승용,남,18세,상해없음,승합,남,62세,경상
2016120800100136,2016년 12월 8일 07시,목요일,대구광역시 중구 동인동2가,부상신고사고,0,0,0,1,차대차 - 측면직각충돌,교차로운행방법위반,건조,맑음,교차로 - 교차로안,승용,남,62세,상해없음,이륜,남,58세,부상신고
2016120800100194,2016년 12월 8일 08시,목요일,대구광역시 달서구 대천동,부상신고사고,0,0,0,1,차대사람 - 횡단중,보행자보호의무위반,건조,맑음,단일로 - 횡단보도상,기타불명,기타불명,기타불명,기타불명,보행자,남,25세,부상신고
2016120800100195,2016년 12월 8일 08시,목요일,대구광역시 달서구 용산동,중상사고,0,1,0,0,차대사람 - 횡단중,안전운전불이행,건조,맑음,기타 - 기타,승용,여,37세,상해없음,보행자,남,23세,중상
2016120800100251,2016년 12월 8일 10시,목요일,대구광역시 수성구 범물동,경상사고,0,0,1,0,차량단독 - 기타,안전운전불이행,건조,맑음,단일로 - 기타,승합,남,41세,상해없음,,,,
2016120800100312,2016년 12월 8일 12시,목요일,대구광역시 수성구 매호동,경상사고,0,0,1,0,차대차 - 정면충돌,교차로운행방법위반,건조,맑음,교차로 - 교차로안,승용,여,46세,상해없음,이륜,남,43세,경상
2016120800100313,2016년 12월 8일 12시,목요일,대구광역시 북구 읍내동,경상사고,0,0,1,0,차대사람 - 기타,안전운전불이행,건조,맑음,단일로 - 기타,승용,남,32세,상해없음,보행자,여,77세,경상
2016120800100404,2016년 12월 8일 15시,목요일,대구광역시 수성구 수성동4가,경상사고,0,0,1,0,차대차 - 측면충돌,안전운전불이행,건조,맑음,교차로 - 교차로부근,승용,남,62세,상해없음,이륜,남,70세,경상
2016120800100405,2016년 12월 8일 15시,목요일,대구광역시 달서구 송현동,경상사고,0,0,1,0,차대사람 - 횡단중,보행자보호의무위반,건조,맑음,교차로 - 교차로안,승용,남,78세,상해없음,보행자,남,15세,경상
2016120800100406,2016년 12월 8일 15시,목요일,대구광역시 달서구 진천동,경상사고,0,0,1,0,차대차 - 측면충돌,안전거리미확보,건조,맑음,단일로 - 기타,승용,남,58세,상해없음,원동기,남,23세,경상
2016120800100433,2016년 12월 8일 16시,목요일,대구광역시 중구 태평로2가,경상사고,0,0,1,0,차대차 - 측면직각충돌,안전거리미확보,건조,맑음,교차로 - 교차로부근,승용,남,50세,상해없음,승용,남,37세,경상
2016120800100434,2016년 12월 8일 16시,목요일,대구광역시 북구 동천동,경상사고,0,0,1,0,차대사람 - 횡단중,안전운전불이행,건조,맑음,단일로 - 기타,이륜,남,43세,상해없음,보행자,여,7세,경상
2016120800100476,2016년 12월 8일 17시,목요일,대구광역시 달성군 구지면,사망사고,1,0,0,0,차대차 - 추돌,안전운전불이행,건조,맑음,단일로 - 기타,화물,남,54세,사망,특수,남,52세,상해없음
2016120800100477,2016년 12월 8일 17시,목요일,대구광역시 남구 대명동,경상사고,0,0,1,0,차대차 - 측면충돌,차로위반,건조,맑음,단일로 - 기타,승용,여,32세,경상,승용,여,44세,상해없음
2016120800100521,2016년 12월 8일 18시,목요일,대구광역시 남구 대명동,경상사고,0,0,2,0,차대차 - 추돌,안전운전불이행,건조,맑음,교차로 - 교차로안,승용,남,64세,상해없음,승용,남,48세,경상
2016120800100522,2016년 12월 8일 18시,목요일,대구광역시 동구 신암동,경상사고,0,0,1,0,차대사람 - 기타,안전운전불이행,건조,맑음,단일로 - 기타,승용,남,66세,상해없음,보행자,여,67세,경상
2016120800100523,2016년 12월 8일 18시,목요일,대구광역시 수성구 매호동,경상사고,0,0,1,0,차대차 - 측면직각충돌,안전운전불이행,건조,맑음,교차로 - 교차로안,승용,여,31세,상해없음,승용,남,53세,경상
2016120800100524,2016년 12월 8일 18시,목요일,대구광역시 수성구 수성동1가,경상사고,0,0,1,0,차대차 - 측면직각충돌,신호위반,건조,맑음,교차로 - 교차로안,승용,여,43세,상해없음,승용,여,34세,경상
2016120800100525,2016년 12월 8일 18시,목요일,대구광역시 북구 칠성동1가,경상사고,0,0,1,0,차대차 - 측면충돌,신호위반,건조,맑음,교차로 - 교차로안,승용,남,27세,상해없음,원동기,남,30세,경상
2016120800100526,2016년 12월 8일 18시,목요일,대구광역시 북구 동천동,경상사고,0,0,1,0,차대사람 - 길가장자리구역통행중,안전운전불이행,건조,맑음,단일로 - 기타,기타불명,기타불명,27세,기타불명,보행자,여,15세,경상
2016120800100572,2016년 12월 8일 19시,목요일,대구광역시 수성구 사월동,경상사고,0,0,1,0,차대사람 - 기타,기타,건조,맑음,단일로 - 기타,승합,남,37세,상해없음,보행자,남,49세,경상
2016120800100573,2016년 12월 8일 19시,목요일,대구광역시 수성구 만촌동,부상신고사고,0,0,0,1,차대사람 - 횡단중,안전운전불이행,건조,맑음,단일로 - 기타,기타불명,기타불명,기타불명,기타불명,보행자,남,65세,부상신고
2016120800100574,2016년 12월 8일 19시,목요일,대구광역시 달서구 감삼동,경상사고,0,0,1,0,차대차 - 측면충돌,안전운전불이행,건조,맑음,단일로 - 기타,화물,남,50세,기타불명,자전거,남,16세,경상
2016120800100615,2016년 12월 8일 20시,목요일,대구광역시 수성구 범어동,경상사고,0,0,1,0,차대차 - 측면충돌,안전운전불이행,건조,맑음,교차로 - 교차로안,승용,남,25세,상해없음,원동기,남,39세,경상
2016120800100616,2016년 12월 8일 20시,목요일,대구광역시 수성구 범어동,경상사고,0,0,1,1,차대차 - 기타,기타,건조,맑음,교차로 - 교차로안,승용,남,43세,기타불명,승용,남,35세,경상
2016120800100617,2016년 12월 8일 20시,목요일,대구광역시 수성구 범어동,경상사고,0,0,2,0,차대차 - 측면직각충돌,안전거리미확보,건조,맑음,교차로 - 교차로부근,승용,여,32세,경상,승용,남,50세,경상
2016120800100618,2016년 12월 8일 20시,목요일,대구광역시 달서구 월암동,경상사고,0,0,1,0,차대차 - 추돌,안전운전불이행,건조,맑음,교차로 - 교차로안,승용,남,59세,상해없음,승용,남,26세,경상
2016120800100666,2016년 12월 8일 21시,목요일,대구광역시 동구 효목동,경상사고,0,0,1,0,차대차 - 정면충돌,안전운전불이행,건조,맑음,단일로 - 기타,승용,여,50세,기타불명,승용,남,31세,기타불명
2016120800100667,2016년 12월 8일 21시,목요일,대구광역시 북구 구암동,경상사고,0,0,1,0,차대사람 - 보도통행중,안전운전불이행,건조,맑음,단일로 - 기타,승용,남,55세,상해없음,보행자,여,46세,경상
2016120800100709,2016년 12월 8일 22시,목요일,대구광역시 달서구 용산동,중상사고,0,2,3,0,차대차 - 정면충돌,중앙선침범,건조,맑음,단일로 - 기타,승용,남,61세,상해없음,승용,여,31세,중상
2016120800100710,2016년 12월 8일 22시,목요일,대구광역시 달서구 신당동,경상사고,0,0,4,0,차대차 - 측면충돌,차로위반,건조,맑음,단일로 - 기타,화물,남,57세,상해없음,승용,남,46세,경상
2016120800100741,2016년 12월 8일 23시,목요일,대구광역시 달서구 상인동,경상사고,0,0,1,0,차대차 - 측면충돌,안전거리미확보,건조,맑음,교차로 - 교차로안,승용,여,36세,상해없음,원동기,남,34세,경상
2016120800100742,2016년 12월 8일 23시,목요일,대구광역시 중구 태평로2가,부상신고사고,0,0,0,1,차대차 - 기타,교차로운행방법위반,건조,맑음,교차로 - 교차로안,자전거,남,33세,부상신고,승용,남,43세,상해없음
2016120900100040,2016년 12월 9일 01시,금요일,대구광역시 달서구 용산동,경상사고,0,0,2,0,차대차 - 추돌,안전거리미확보,습기,비,교차로 - 교차로부근,승용,남,33세,상해없음,승용,남,48세,경상
2016120900100056,2016년 12월 9일 02시,금요일,대구광역시 중구 삼덕동1가,경상사고,0,0,1,0,차대사람 - 기타,안전운전불이행,건조,맑음,단일로 - 기타,승용,남,23세,상해없음,보행자,남,26세,경상
2016120900100084,2016년 12월 9일 05시,금요일,대구광역시 동구 신기동,경상사고,0,0,1,0,차대차 - 측면직각충돌,신호위반,건조,맑음,교차로 - 교차로안,승용,남,59세,상해없음,승용,여,51세,경상
2016120900100085,2016년 12월 9일 05시,금요일,대구광역시 수성구 수성동4가,중상사고,0,2,0,0,차대차 - 정면충돌,안전거리미확보,건조,맑음,교차로 - 교차로부근,화물,남,51세,기타불명,승용,남,64세,상해없음