사고번호,사고일시,요일,시군구,사고내용,사망자수,중상자수,경상자수,부상신고자수,사고유형,법규위반,노면상태,기상상태,도로형태,가해운전자 차종,가해운전자 성별,가해운전자 연령,가해운전자 상해정도,피해운전자 차종,피해운전자 성별,피해운전자 연령,피해운전자 상해정도
2016121500100516,2016년 12월 15일 19시,목요일,대구광역시 서구 내당동,경상사고,0,0,2,0,차대차 - 측면충돌,안전거리미확보,건조,맑음,단일로 - 기타,승용,남,51세,경상,승용,여,40세,경상
2016121500100517,2016년 12월 15일 19시,목요일,대구광역시 달서구 두류동,중상사고,0,1,0,0,차대사람 - 횡단중,안전운전불이행,건조,맑음,단일로 - 기타,화물,남,57세,상해없음,보행자,여,54세,중상
2016121500100542,2016년 12월 15일 20시,목요일,대구광역시 달서구 진천동,부상신고사고,0,0,0,1,차대사람 - 보도통행중,안전운전불이행,건조,맑음,단일로 - 기타,자전거,기타불명,기타불명,기타불명,보행자,남,67세,부상신고
2016121500100543,2016년 12월 15일 20시,목요일,대구광역시 달성군 옥포면,중상사고,0,2,0,0,차대차 - 정면충돌,중앙선침범,건조,맑음,단일로 - 기타,승용,남,53세,상해없음,승용,여,22세,중상
2016121500100544,2016년 12월 15일 20시,목요일,대구광역시 북구 복현동,중상사고,0,2,0,0,차대차 - 추돌,안전운전불이행,건조,맑음,단일로 - 교량,승용,남,36세,상해없음,승용,남,46세,중상
2016121500100573,2016년 12월 15일 21시,목요일,대구광역시 서구 중리동,경상사고,0,0,2,0,차대차 - 측면충돌,안전거리미확보,건조,맑음,단일로 - 기타,승용,남,57세,상해없음,승용,남,37세,경상
2016121500100574,2016년 12월 15일 21시,목요일,대구광역시 달서구 감삼동,중상사고,0,1,0,0,차대차 - 기타,안전운전불이행,건조,맑음,교차로 - 교차로안,승용,남,33세,상해없음,자전거,남,52세,중상
2016121500100604,2016년 12월 15일 22시,목요일,대구광역시 달서구 감삼동,중상사고,0,1,0,0,차대사람 - 횡단중,안전운전불이행,건조,맑음,단일로 - 기타,자전거,남,15세,상해없음,보행자,여,64세,중상
2016121500100633,2016년 12월 15일 23시,목요일,대구광역시 달서구 신당동,경상사고,0,0,2,0,차대차 - 측면충돌,안전운전불이행,건조,맑음,단일로 - 기타,승용,남,49세,상해없음,이륜,남,30세,경상
2016121500100634,2016년 12월 15일 23시,목요일,대구광역시 북구 구암동,경상사고,0,0,3,0,차대차 - 측면충돌,안전거리미확보,건조,맑음,단일로 - 기타,승용,남,48세,상해없음,승용,남,49세,경상
2016121600100013,2016년 12월 16일 00시,금요일,대구광역시 달서구 진천동,중상사고,0,1,0,0,차대사람 - 횡단중,안전운전불이행,건조,맑음,교차로 - 교차로부근,승용,남,60세,상해없음,보행자,남,47세,중상
2016121600100014,2016년 12월 16일 00시,금요일,대구광역시 북구 관음동,경상사고,0,0,1,0,차대차 - 추돌,안전운전불이행,건조,맑음,교차로 - 교차로부근,승용,여,43세,상해없음,승용,남,58세,상해없음
2016121600100029,2016년 12월 16일 01시,금요일,대구광역시 중구 동인동1가,중상사고,0,1,0,0,차량단독 - 전도전복,안전운전불이행,건조,맑음,단일로 - 기타,승용,남,32세,중상,,,,
2016121600100044,2016년 12월 16일 02시,금요일,대구광역시 북구 노원동3가,경상사고,0,0,1,0,차대차 - 추돌,안전운전불이행,건조,맑음,단일로 - 기타,승용,남,57세,상해없음,승용,남,64세,경상
2016121600100054,2016년 12월 16일 03시,금요일,대구광역시 북구 노원동3가,중상사고,0,2,1,0,차대차 - 측면충돌,신호위반,건조,맑음,교차로 - 교차로안,승용,남,61세,중상,화물,남,43세,경상
2016121600100068,2016년 12월 16일 05시,금요일,대구광역시 북구 관음동,중상사고,0,1,0,0,차대사람 - 횡단중,보행자보호의무위반,건조,맑음,단일로 - 기타,화물,남,48세,상해없음,보행자,남,31세,중상
2016121600100087,2016년 12월 16일 06시,금요일,대구광역시 달서구 용산동,경상사고,0,0,1,0,차대차 - 기타,신호위반,건조,맑음,교차로 - 교차로안,승용,여,36세,상해없음,승용,남,40세,경상
2016121600100114,2016년 12월 16일 07시,금요일,대구광역시 달서구 송현동,경상사고,0,0,1,0,차대사람 - 횡단중,보행자보호의무위반,건조,맑음,교차로 - 교차로안,승합,남,49세,상해없음,보행자,여,15세,경상
2016121600100115,2016년 12월 16일 07시,금요일,대구광역시 달서구 송현동,경상사고,0,0,3,0,차대차 - 측면직각충돌,교차로운행방법위반,건조,맑음,교차로 - 교차로안,승용,남,33세,경상,승용,여,48세,경상
2016121600100152,2016년 12월 16일 08시,금요일,대구광역시 남구 대명동,경상사고,0,0,1,0,차량단독 - 공작물충돌,안전운전불이행,건조,맑음,교차로 - 교차로안,승용,남,72세,상해없음,,,,
2016121600100154,2016년 12월 16일 08시,금요일,대구광역시 달성군 다사읍,경상사고,0,0,2,0,차대차 - 측면직각충돌,안전운전불이행,건조,맑음,교차로 - 교차로안,승용,여,48세,경상,승용,남,34세,경상
2016121600100155,2016년 12월 16일 08시,금요일,대구광역시 달성군 화원읍,중상사고,0,1,1,0,차대차 - 측면충돌,안전운전불이행,건조,맑음,교차로 - 교차로안,승용,여,60세,경상,승용,남,39세,중상
2016121600100156,2016년 12월 16일 08시,금요일,대구광역시 달성군 다사읍,경상사고,0,0,2,0,차대차 - 추돌,안전거리미확보,건조,맑음,단일로 - 기타,화물,남,41세,경상,승합,남,54세,경상
2016121600100157,2016년 12월 16일 08시,금요일,대구광역시 서구 중리동,부상신고사고,0,0,0,1,차대사람 - 보도통행중,안전운전불이행,건조,맑음,단일로 - 기타,승용,남,41세,상해없음,보행자,남,17세,부상신고
2016121600100186,2016년 12월 16일 09시,금요일,대구광역시 동구 신천동,중상사고,0,1,1,0,차대차 - 측면직각충돌,안전거리미확보,건조,맑음,단일로 - 기타,승용,여,66세,중상,승용,남,63세,상해없음
2016121600100187,2016년 12월 16일 09시,금요일,대구광역시 동구 신천동,부상신고사고,0,0,0,1,차대차 - 기타,중앙선침범,건조,맑음,단일로 - 기타,자전거,남,15세,부상신고,승용,남,58세,상해없음
2016121600100216,2016년 12월 16일 10시,금요일,대구광역시 수성구 시지동,중상사고,0,1,0,0,차대사람 - 횡단중,안전운전불이행,건조,맑음,단일로 - 횡단보도부근,승용,여,49세,상해없음,보행자,여,59세,중상
2016121600100217,2016년 12월 16일 10시,금요일,대구광역시 북구 읍내동,경상사고,0,0,1,0,차대사람 - 기타,안전운전불이행,건조,맑음,단일로 - 기타,승용,여,61세,기타불명,보행자,남,31세,경상
2016121600100242,2016년 12월 16일 11시,금요일,대구광역시 수성구 두산동,경상사고,0,0,1,0,차대차 - 측면직각충돌,교차로운행방법위반,건조,맑음,교차로 - 교차로안,승용,남,72세,상해없음,승용,남,25세,경상
2016121600100243,2016년 12월 16일 11시,금요일,대구광역시 달서구 송현동,경상사고,0,0,1,0,차대차 - 기타,안전거리미확보,건조,맑음,단일로 - 기타,기타불명,기타불명,기타불명,기타불명,이륜,남,20세,경상
2016121600100244,2016년 12월 16일 11시,금요일,대구광역시 북구 고성동3가,경상사고,0,0,1,0,차대차 - 측면충돌,안전운전불이행,건조,맑음,교차로 - 교차로안,자전거,여,63세,경상,승용,남,36세,상해없음
2016121600100245,2016년 12월 16일 11시,금요일,대구광역시 달서구 장기동,중상사고,0,1,0,0,차대사람 - 횡단중,안전운전불이행,건조,맑음,단일로 - 기타,화물,남,42세,상해없음,보행자,남,22세,중상
2016121600100246,2016년 12월 16일 11시,금요일,대구광역시 달서구 본리동,중상사고,0,1,1,0,차대차 - 측면충돌,기타,건조,맑음,단일로 - 기타,승용,남,22세,상해없음,이륜,남,48세,경상
2016121600100266,2016년 12월 16일 12시,금요일,대구광역시 수성구 만촌동,중상사고,0,1,0,0,차대차 - 기타,신호위반,건조,맑음,교차로 - 교차로안,승용,남,39세,상해없음,이륜,남,24세,중상
2016121600100267,2016년 12월 16일 12시,금요일,대구광역시 달서구 상인동,경상사고,0,0,2,0,차대차 - 기타,안전거리미확보,건조,맑음,교차로 - 교차로부근,승합,남,23세,상해없음,승합,남,62세,상해없음
2016121600100268,2016년 12월 16일 12시,금요일,대구광역시 북구 산격동,중상사고,0,1,0,0,차대사람 - 횡단중,신호위반,건조,맑음,단일로 - 기타,승용,여,58세,상해없음,보행자,여,76세,중상
2016121600100269,2016년 12월 16일 12시,금요일,대구광역시 서구 비산동,경상사고,0,0,1,0,차대차 - 추돌,안전거리미확보,건조,맑음,교차로 - 교차로부근,이륜,남,48세,경상,승용,남,62세,상해없음
2016121600100310,2016년 12월 16일 13시,금요일,대구광역시 남구 봉덕동,부상신고사고,0,0,0,1,차대차 - 기타,안전운전불이행,건조,맑음,기타 - 기타,승용,남,35세,상해없음,승용,여,41세,부상신고
2016121600100311,2016년 12월 16일 13시,금요일,대구광역시 수성구 수성동2가,중상사고,0,1,0,0,차대차 - 정면충돌,신호위반,건조,맑음,교차로 - 교차로안,승용,남,33세,상해없음,승용,여,64세,중상
2016121600100312,2016년 12월 16일 13시,금요일,대구광역시 중구 동산동,부상신고사고,0,0,0,1,차대차 - 정면충돌,안전운전불이행,건조,맑음,단일로 - 기타,이륜,남,28세,상해없음,자전거,남,38세,부상신고
2016121600100313,2016년 12월 16일 13시,금요일,대구광역시 북구 태전동,경상사고,0,0,1,0,차대차 - 추돌,안전운전불이행,건조,맑음,단일로 - 기타,승합,남,35세,상해없음,승용,남,73세,경상
2016121600100355,2016년 12월 16일 14시,금요일,대구광역시 달서구 진천동,경상사고,0,0,1,0,차대차 - 측면직각충돌,안전운전불이행,건조,맑음,교차로 - 교차로부근,승합,남,61세,상해없음,승용,여,38세,경상
2016121600100392,2016년 12월 16일 15시,금요일,대구광역시 달서구 감삼동,경상사고,0,0,1,0,차대차 - 기타,안전운전불이행,건조,맑음,교차로 - 교차로부근,화물,남,34세,기타불명,승합,남,52세,경상
2016121600100434,2016년 12월 16일 16시,금요일,대구광역시 북구 관음동,경상사고,0,0,4,0,차대차 - 측면충돌,안전운전불이행,건조,맑음,교차로 - 교차로부근,승용,남,64세,상해없음,승용,여,52세,경상
2016121600100479,2016년 12월 16일 17시,금요일,대구광역시 동구 신암동,중상사고,0,2,4,0,차대차 - 추돌,안전거리미확보,건조,맑음,단일로 - 기타,승용,남,71세,상해없음,승용,남,74세,상해없음
2016121600100480,2016년 12월 16일 17시,금요일,대구광역시 북구 노원동1가,경상사고,0,0,1,0,차대차 - 측면직각충돌,안전거리미확보,건조,맑음,단일로 - 기타,자전거,남,72세,경상,승용,남,59세,상해없음
2016121600100481,2016년 12월 16일 17시,금요일,대구광역시 북구 산격동,중상사고,0,1,0,0,차대사람 - 횡단중,보행자보호의무위반,건조,맑음,교차로 - 교차로부근,승용,남,62세,상해없음,보행자,여,34세,중상
2016121600100482,2016년 12월 16일 17시,금요일,대구광역시 서구 비산동,경상사고,0,0,1,0,차대차 - 추돌,안전거리미확보,건조,맑음,단일로 - 기타,승용,남,56세,상해없음,이륜,남,22세,경상
2016121600100521,2016년 12월 16일 18시,금요일,대구광역시 북구 노원동1가,경상사고,0,0,1,0,차대차 - 측면충돌,신호위반,건조,맑음,단일로 - 횡단보도상,승용,여,21세,상해없음,원동기,여,59세,경상
2016121600100522,2016년 12월 16일 18시,금요일,대구광역시 중구 대신동,사망사고,1,0,0,0,차대사람 - 횡단중,안전운전불이행,건조,맑음,단일로 - 기타,승용,남,74세,상해없음,보행자,여,77세,사망
2016121600100523,2016년 12월 16일 18시,금요일,대구광역시 달서구 호림동,경상사고,0,0,1,0,차대차 - 측면충돌,신호위반,건조,맑음,단일로 - 횡단보도상,승용,여,32세,상해없음,자전거,남,32세,경상
2016121600100524,2016년 12월 16일 18시,금요일,대구광역시 북구 읍내동,중상사고,0,1,0,0,차대사람 - 기타,안전운전불이행,건조,맑음,단일로 - 기타,승합,남,44세,상해없음,보행자,여,49세,중상
2016121600100525,2016년 12월 16일 18시,금요일,대구광역시 북구 읍내동,부상신고사고,0,0,0,1,차대차 - 측면충돌,안전운전불이행,건조,맑음,단일로 - 기타,기타불명,기타불명,27세,기타불명,이륜,남,30세,부상신고
2016121600100567,2016년 12월 16일 19시,금요일,대구광역시 북구 복현동,경상사고,0,0,1,0,차대차 - 추돌,안전운전불이행,건조,맑음,단일로 - 기타,이륜,남,44세,상해없음,승용,남,62세,경상
2016121600100601,2016년 12월 16일 20시,금요일,대구광역시 동구 신암동,경상사고,0,0,2,0,차대차 - 기타,안전운전불이행,건조,맑음,기타 - 기타,승용,남,56세,상해없음,이륜,남,16세,경상
2016121600100602,2016년 12월 16일 20시,금요일,대구광역시 동구 신암동,부상신고사고,0,0,0,1,차대차 - 측면직각충돌,안전운전불이행,건조,맑음,교차로 - 교차로안,승합,남,55세,상해없음,승용,남,57세,상해없음
2016121600100628,2016년 12월 16일 21시,금요일,대구광역시 남구 대명동,경상사고,0,0,2,0,차대차 - 측면충돌,안전운전불이행,건조,맑음,교차로 - 교차로부근,승용,남,53세,상해없음,승용,남,28세,경상
2016121600100629,2016년 12월 16일 21시,금요일,대구광역시 수성구 황금동,경상사고,0,0,2,0,차량단독 - 공작물충돌,안전운전불이행,건조,맑음,단일로 - 기타,승용,남,48세,상해없음,,,,
2016121600100630,2016년 12월 16일 21시,금요일,대구광역시 달서구 월성동,부상신고사고,0,0,0,1,차대차 - 측면충돌,중앙선침범,건조,맑음,단일로 - 기타,이륜,남,28세,부상신고,승용,남,39세,상해없음
2016121600100661,2016년 12월 16일 22시,금요일,대구광역시 수성구 상동,경상사고,0,0,1,0,차대사람 - 횡단중,안전운전불이행,건조,맑음,단일로 - 기타,승용,남,45세,상해없음,보행자,남,57세,경상
2016121600100688,2016년 12월 16일 23시,금요일,대구광역시 남구 대명동,경상사고,0,0,1,0,차대차 - 추돌,안전거리미확보,건조,맑음,단일로 - 기타,승용,남,48세,상해없음,승용,여,26세,경상
2016121700100016,2016년 12월 17일 00시,토요일,대구광역시 동구 신천동,경상사고,0,0,2,0,차대차 - 측면충돌,안전운전불이행,건조,맑음,교차로 - 교차로부근,승용,남,45세,상해없음,승용,여,39세,경상
2016121700100017,2016년 12월 17일 00시,토요일,대구광역시 북구 칠성동1가,중상사고,0,1,0,0,차대차 - 추돌,차로위반,건조,맑음,미분류 - 미분류,승용,여,30세,중상,승용,남,31세,상해없음
2016121700100018,2016년 12월 17일 00시,토요일,대구광역시 서구 중리동,중상사고,0,1,0,0,차대차 - 기타,안전운전불이행,건조,맑음,단일로 - 기타,승용,남,26세,상해없음,원동기,남,55세,중상
2016121700100050,2016년 12월 17일 01시,토요일,대구광역시 달서구 상인동,중상사고,0,1,0,0,차대차 - 측면충돌,차로위반,건조,맑음,단일로 - 기타,승용,남,63세,상해없음,승용,남,43세,중상
2016121700100051,2016년 12월 17일 01시,토요일,대구광역시 북구 태전동,경상사고,0,0,1,0,차대사람 - 기타,불법유턴,건조,맑음,단일로 - 기타,승용,여,50세,상해없음,보행자,여,23세,경상
2016121700100081,2016년 12월 17일 03시,토요일,대구광역시 북구 매천동,경상사고,0,0,1,0,차대차 - 측면충돌,교차로운행방법위반,건조,맑음,교차로 - 교차로안,화물,남,54세,상해없음,화물,남,58세,경상
2016121700100095,2016년 12월 17일 05시,토요일,대구광역시 동구 지저동,중상사고,0,1,0,0,차대사람 - 횡단중,안전운전불이행,건조,맑음,단일로 - 기타,승용,남,35세,상해없음,보행자,여,77세,중상
2016121700100112,2016년 12월 17일 06시,토요일,대구광역시 북구 고성동2가,경상사고,0,0,1,0,차대사람 - 기타,보행자보호의무위반,건조,맑음,단일로 - 횡단보도상,승용,여,45세,상해없음,보행자,남,21세,경상
2016121700100126,2016년 12월 17일 07시,토요일,대구광역시 달성군 논공읍,중상사고,0,1,0,0,차대사람 - 길가장자리구역통행중,안전운전불이행,건조,맑음,교차로 - 교차로부근,승용,남,30세,상해없음,보행자,여,24세,중상
2016121700100127,2016년 12월 17일 07시,토요일,대구광역시 달서구 감삼동,경상사고,0,0,1,0,차대사람 - 횡단중,안전운전불이행,건조,맑음,단일로 - 기타,승용,남,34세,상해없음,보행자,남,33세,경상
2016121700100165,2016년 12월 17일 09시,토요일,대구광역시 달성군 화원읍,중상사고,0,1,0,0,차대사람 - 횡단중,안전운전불이행,건조,맑음,교차로 - 교차로부근,승용,여,49세,상해없음,보행자,남,67세,중상
2016121700100166,2016년 12월 17일 09시,토요일,대구광역시 북구 구암동,경상사고,0,0,4,0,차대차 - 측면충돌,신호위반,건조,맑음,교차로 - 교차로안,승용,남,67세,경상,승용,여,26세,경상
2016121700100222,2016년 12월 17일 11시,토요일,대구광역시 북구 대현동,경상사고,0,0,1,0,차량단독 - 전도전복,안전운전불이행,건조,맑음,단일로 - 기타,이륜,남,50세,경상,,,,
2016121700100223,2016년 12월 17일 11시,토요일,대구광역시 북구 침산동,경상사고,0,0,1,0,차대차 - 측면직각충돌,안전거리미확보,건조,맑음,단일로 - 기타,승용,남,40세,상해없음,승용,여,38세,경상
2016121700100224,2016년 12월 17일 11시,토요일,대구광역시 중구 삼덕동2가,경상사고,0,0,2,0,차대차 - 측면직각충돌,안전거리미확보,건조,맑음,단일로 - 기타,승용,남,60세,상해없음,승용,남,67세,경상
2016121700100225,2016년 12월 17일 11시,토요일,대구광역시 북구 태전동,경상사고,0,0,1,0,차대차 - 추돌,안전거리미확보,건조,맑음,단일로 - 기타,승용,여,24세,상해없음,화물,남,24세,경상
2016121700100316,2016년 12월 17일 14시,토요일,대구광역시 동구 율하동,중상사고,0,2,2,0,차대차 - 측면충돌,직진우회전진행방해,건조,맑음,교차로 - 교차로안,승용,여,65세,중상,승용,남,61세,경상
2016121700100317,2016년 12월 17일 14시,토요일,대구광역시 달서구 신당동,경상사고,0,0,1,0,차대차 - 추돌,안전운전불이행,건조,맑음,단일로 - 기타,승용,남,37세,상해없음,승용,여,40세,경상
2016121700100318,2016년 12월 17일 14시,토요일,대구광역시 북구 구암동,경상사고,0,0,2,0,차대차 - 측면직각충돌,교차로운행방법위반,건조,맑음,교차로 - 교차로안,승용,남,29세,경상,승용,남,41세,경상
2016121700100357,2016년 12월 17일 15시,토요일,대구광역시 수성구 범어동,경상사고,0,0,4,0,차대차 - 기타,기타,건조,맑음,교차로 - 교차로안,승용,남,57세,상해없음,승용,남,48세,경상
2016121700100358,2016년 12월 17일 15시,토요일,대구광역시 서구 내당동,경상사고,0,0,2,0,차대차 - 기타,안전운전불이행,건조,흐림,단일로 - 기타,승용,남,63세,상해없음,승용,남,26세,경상
2016121700100381,2016년 12월 17일 16시,토요일,대구광역시 동구 효목동,경상사고,0,0,2,0,차대차 - 추돌,안전운전불이행,건조,맑음,단일로 - 기타,승용,남,72세,상해없음,이륜,남,23세,경상
2016121700100382,2016년 12월 17일 16시,토요일,대구광역시 북구 산격동,경상사고,0,0,1,0,차대차 - 측면직각충돌,안전운전불이행,건조,맑음,단일로 - 기타,승용,남,39세,상해없음,원동기,남,27세,경상
2016121700100466,2016년 12월 17일 18시,토요일,대구광역시 동구 방촌동,경상사고,0,0,1,0,차대사람 - 횡단중,안전운전불이행,건조,맑음,교차로 - 교차로안,승용,남,42세,상해없음,보행자,남,60세,경상
2016121700100467,2016년 12월 17일 18시,토요일,대구광역시 달성군 옥포면,경상사고,0,0,4,0,차대차 - 추돌,안전운전불이행,건조,맑음,교차로 - 교차로부근,승합,남,36세,상해없음,승용,남,26세,경상
2016121700100468,2016년 12월 17일 18시,토요일,대구광역시 중구 종로1가,경상사고,0,0,3,0,차대차 - 측면직각충돌,교차로운행방법위반,건조,맑음,교차로 - 교차로부근,승용,여,50세,경상,승용,남,34세,경상
2016121700100530,2016년 12월 17일 19시,토요일,대구광역시 수성구 황금동,경상사고,0,0,1,0,차대차 - 추돌,안전운전불이행,건조,맑음,단일로 - 기타,승용,남,69세,상해없음,승용,남,55세,경상
2016121700100569,2016년 12월 17일 20시,토요일,대구광역시 북구 복현동,중상사고,0,1,1,0,차대사람 - 보도통행중,기타,건조,맑음,기타 - 기타,화물,남,63세,상해없음,보행자,여,40세,중상
2016121700100601,2016년 12월 17일 21시,토요일,대구광역시 북구 산격동,경상사고,0,0,1,0,차대사람 - 기타,안전운전불이행,건조,맑음,단일로 - 기타,승합,남,48세,상해없음,보행자,남,60세,경상
2016121700100602,2016년 12월 17일 21시,토요일,대구광역시 북구 노원동3가,경상사고,0,0,1,0,차대차 - 측면직각충돌,안전거리미확보,건조,맑음,단일로 - 기타,승용,남,47세,상해없음,승용,남,28세,상해없음
2016121700100633,2016년 12월 17일 22시,토요일,대구광역시 달서구 감삼동,경상사고,0,0,1,0,차대사람 - 횡단중,안전운전불이행,건조,흐림,단일로 - 기타,승합,남,66세,상해없음,보행자,남,45세,경상
2016121800100022,2016년 12월 18일 00시,일요일,대구광역시 수성구 지산동,부상신고사고,0,0,0,1,차대차 - 기타,안전운전불이행,건조,맑음,단일로 - 기타,이륜,남,17세,부상신고,승용,남,29세,상해없음
2016121800100070,2016년 12월 18일 03시,일요일,대구광역시 서구 내당동,경상사고,0,0,1,0,차대차 - 추돌,안전운전불이행,건조,맑음,교차로 - 교차로부근,승용,남,47세,상해없음,승용,남,61세,상해없음
2016121800100092,2016년 12월 18일 05시,일요일,대구광역시 남구 대명동,경상사고,0,0,2,0,차대차 - 측면직각충돌,안전거리미확보,건조,맑음,단일로 - 기타,승합,남,56세,상해없음,승합,남,54세,경상
2016121800100118,2016년 12월 18일 07시,일요일,대구광역시 서구 비산동,경상사고,0,0,1,0,차대차 - 측면직각충돌,교차로운행방법위반,건조,흐림,교차로 - 교차로안,승용,남,60세,상해없음,승용,남,49세,경상
2016121800100146,2016년 12월 18일 09시,일요일,대구광역시 달서구 본동,중상사고,0,2,1,0,차대차 - 측면충돌,안전운전불이행,건조,맑음,교차로 - 교차로부근,승용,여,59세,상해없음,승용,남,69세,경상
2016121800100181,2016년 12월 18일 11시,일요일,대구광역시 달서구 월암동,중상사고,0,1,3,0,차대차 - 측면충돌,신호위반,건조,맑음,교차로 - 교차로안,승용,여,42세,경상,승용,남,25세,중상
2016121800100192,2016년 12월 18일 12시,일요일,대구광역시 북구 칠성동1가,경상사고,0,0,2,0,차대차 - 측면직각충돌,직진우회전진행방해,건조,맑음,교차로 - 교차로안,승용,남,39세,상해없음,승용,여,22세,경상
2016121800100193,2016년 12월 18일 12시,일요일,대구광역시 북구 태전동,중상사고,0,1,1,0,차대차 - 측면충돌,안전운전불이행,건조,맑음,단일로 - 기타,이륜,남,15세,경상,승용,여,기타불명,상해없음
2016121800100213,2016년 12월 18일 13시,일요일,대구광역시 중구 공평동,경상사고,0,0,1,0,차대사람 - 횡단중,안전운전불이행,건조,맑음,단일로 - 기타,승용,여,16세,상해없음,보행자,여,24세,경상
2016121800100231,2016년 12월 18일 14시,일요일,대구광역시 남구 대명동,경상사고,0,0,1,0,차대사람 - 차도통행중,안전운전불이행,건조,맑음,단일로 - 기타,승용,남,57세,상해없음,보행자,남,59세,경상
2016121800100232,2016년 12월 18일 14시,일요일,대구광역시 달서구 파호동,경상사고,0,0,1,0,차대차 - 기타,안전운전불이행,건조,맑음,교차로 - 교차로부근,자전거,남,11세,경상,승용,여,23세,상해없음
2016121800100255,2016년 12월 18일 15시,일요일,대구광역시 중구 공평동,경상사고,0,0,1,0,차대사람 - 기타,안전운전불이행,건조,맑음,단일로 - 기타,승용,남,31세,상해없음,보행자,남,17세,경상
2016121800100256,2016년 12월 18일 15시,일요일,대구광역시 중구 삼덕동1가,경상사고,0,0,1,0,차대사람 - 길가장자리구역통행중,안전운전불이행,건조,맑음,단일로 - 기타,승용,여,57세,상해없음,보행자,여,21세,경상
2016121800100257,2016년 12월 18일 15시,일요일,대구광역시 북구 학정동,부상신고사고,0,0,0,1,차량단독 - 전도전복,안전운전불이행,건조,맑음,교차로 - 교차로부근,승용,남,19세,상해없음,,,,
2016121800100310,2016년 12월 18일 17시,일요일,대구광역시 동구 입석동,중상사고,0,1,0,0,차대사람 - 기타,안전운전불이행,건조,맑음,단일로 - 기타,승용,남,48세,상해없음,보행자,남,42세,중상
2016121800100311,2016년 12월 18일 17시,일요일,대구광역시 달성군 다사읍,경상사고,0,0,1,0,차대차 - 기타,안전운전불이행,건조,맑음,교차로 - 교차로부근,농기계,남,49세,상해없음,자전거,남,52세,경상
2016121800100312,2016년 12월 18일 17시,일요일,대구광역시 북구 칠성동2가,경상사고,0,0,1,0,차대차 - 기타,신호위반,건조,맑음,교차로 - 교차로안,승용,남,48세,상해없음,승용,남,27세,경상
2016121800100344,2016년 12월 18일 18시,일요일,대구광역시 동구 검사동,중상사고,0,1,0,0,차대사람 - 횡단중,안전운전불이행,건조,맑음,교차로 - 교차로부근,승용,남,56세,상해없음,보행자,여,79세,중상
2016121800100345,2016년 12월 18일 18시,일요일,대구광역시 달서구 상인동,경상사고,0,0,2,0,차대차 - 기타,안전거리미확보,건조,맑음,단일로 - 기타,승용,남,64세,상해없음,승용,남,34세,경상
2016121800100346,2016년 12월 18일 18시,일요일,대구광역시 달서구 상인동,중상사고,0,1,1,0,차대차 - 추돌,안전운전불이행,건조,맑음,교차로 - 교차로부근,승용,남,43세,상해없음,승용,남,22세,중상
2016121800100379,2016년 12월 18일 19시,일요일,대구광역시 남구 봉덕동,경상사고,0,0,1,0,차대차 - 정면충돌,교차로운행방법위반,건조,맑음,단일로 - 기타,이륜,남,31세,경상,승용,남,34세,상해없음
2016121800100406,2016년 12월 18일 20시,일요일,대구광역시 서구 평리동,경상사고,0,0,1,0,차대차 - 정면충돌,안전거리미확보,건조,맑음,단일로 - 기타,승용,여,35세,상해없음,이륜,남,37세,경상
2016121800100407,2016년 12월 18일 20시,일요일,대구광역시 달서구 신당동,중상사고,0,1,0,0,차대사람 - 횡단중,안전운전불이행,건조,맑음,단일로 - 기타,승용,남,41세,상해없음,보행자,여,56세,중상
2016121800100408,2016년 12월 18일 20시,일요일,대구광역시 달서구 용산동,중상사고,0,1,0,0,차대차 - 측면직각충돌,안전거리미확보,건조,맑음,교차로 - 교차로부근,승용,남,33세,상해없음,이륜,남,34세,중상
2016121800100479,2016년 12월 18일 23시,일요일,대구광역시 서구 내당동,중상사고,0,1,0,0,차대사람 - 횡단중,보행자보호의무위반,건조,맑음,단일로 - 기타,승용,남,61세,상해없음,보행자,남,7세,중상
2016121800100480,2016년 12월 18일 23시,일요일,대구광역시 달서구 파호동,경상사고,0,0,1,0,차대차 - 추돌,안전거리미확보,건조,맑음,단일로 - 기타,승용,남,55세,상해없음,승용,여,47세,경상
2016121900100017,2016년 12월 19일 01시,월요일,대구광역시 서구 비산동,중상사고,0,1,0,0,차대차 - 기타,안전운전불이행,건조,맑음,교차로 - 교차로안,승용,남,62세,상해없음,자전거,여,69세,중상
2016121900100087,2016년 12월 19일 06시,월요일,대구광역시 북구 복현동,중상사고,0,1,0,0,차대차 - 측면직각충돌,안전운전불이행,습기,비,교차로 - 교차로안,승용,여,43세,상해없음,이륜,남,31세,중상
2016121900100088,2016년 12월 19일 06시,월요일,대구광역시 서구 이현동,부상신고사고,0,0,0,1,차대차 - 측면충돌,중앙선침범,습기,비,단일로 - 기타,승용,남,44세,상해없음,이륜,남,61세,부상신고
2016121900100116,2016년 12월 19일 07시,월요일,대구광역시 남구 이천동,경상사고,0,0,1,0,차대차 - 측면직각충돌,신호위반,건조,맑음,교차로 - 교차로안,승용,여,41세,상해없음,원동기,여,64세,경상
2016121900100117,2016년 12월 19일 07시,월요일,대구광역시 동구 율하동,중상사고,0,1,2,0,차대차 - 기타,신호위반,건조,맑음,교차로 - 교차로안,승용,남,50세,기타불명,승용,남,34세,경상