사고번호,사고일시,요일,시군구,사고내용,사망자수,중상자수,경상자수,부상신고자수,사고유형,법규위반,노면상태,기상상태,도로형태,가해운전자 차종,가해운전자 성별,가해운전자 연령,가해운전자 상해정도,피해운전자 차종,피해운전자 성별,피해운전자 연령,피해운전자 상해정도
2016122500100367,2016년 12월 25일 19시,일요일,대구광역시 북구 서변동,중상사고,0,1,0,0,차대차 - 측면충돌,안전운전불이행,건조,맑음,단일로 - 기타,승용,여,55세,상해없음,이륜,남,36세,중상
2016122500100389,2016년 12월 25일 20시,일요일,대구광역시 북구 서변동,경상사고,0,0,2,0,차대차 - 추돌,안전운전불이행,건조,맑음,단일로 - 기타,화물,남,48세,상해없음,승용,남,27세,경상
2016122500100448,2016년 12월 25일 23시,일요일,대구광역시 남구 대명동,경상사고,0,0,1,0,차대차 - 측면충돌,신호위반,건조,맑음,교차로 - 교차로안,승용,여,22세,상해없음,승용,남,33세,경상
2016122500100450,2016년 12월 25일 23시,일요일,대구광역시 중구 공평동,경상사고,0,0,2,0,차대차 - 추돌,안전운전불이행,건조,맑음,단일로 - 기타,승용,남,24세,상해없음,이륜,남,22세,경상
2016122600100010,2016년 12월 26일 00시,월요일,대구광역시 수성구 만촌동,중상사고,0,2,0,0,차대차 - 측면직각충돌,교차로운행방법위반,건조,맑음,교차로 - 교차로안,승용,남,51세,상해없음,승용,여,43세,중상
2016122600100041,2016년 12월 26일 04시,월요일,대구광역시 수성구 신매동,경상사고,0,0,1,1,차대차 - 추돌,안전운전불이행,건조,맑음,교차로 - 교차로부근,승용,남,24세,상해없음,승용,남,59세,상해없음
2016122600100055,2016년 12월 26일 05시,월요일,대구광역시 달서구 송현동,경상사고,0,0,1,0,차대사람 - 기타,안전운전불이행,건조,흐림,단일로 - 기타,승용,남,45세,상해없음,보행자,남,20세,경상
2016122600100056,2016년 12월 26일 05시,월요일,대구광역시 북구 노원동1가,부상신고사고,0,0,0,1,차대차 - 측면충돌,신호위반,건조,맑음,교차로 - 교차로안,승용,남,82세,부상신고,승합,여,60세,상해없음
2016122600100127,2016년 12월 26일 08시,월요일,대구광역시 달서구 월암동,경상사고,0,0,2,0,차대차 - 측면충돌,안전운전불이행,습기,비,단일로 - 기타,화물,남,33세,상해없음,화물,남,44세,경상
2016122600100128,2016년 12월 26일 08시,월요일,대구광역시 북구 학정동,중상사고,0,1,1,0,차대사람 - 횡단중,보행자보호의무위반,습기,흐림,단일로 - 횡단보도상,승용,여,42세,상해없음,보행자,남,9세,중상
2016122600100148,2016년 12월 26일 09시,월요일,대구광역시 달성군 유가면,중상사고,0,1,0,0,차대차 - 기타,안전운전불이행,건조,맑음,교차로 - 교차로안,화물,남,37세,상해없음,화물,남,61세,중상
2016122600100149,2016년 12월 26일 09시,월요일,대구광역시 서구 내당동,경상사고,0,0,1,0,차대차 - 추돌,안전운전불이행,건조,맑음,단일로 - 기타,승용,남,52세,상해없음,승용,남,50세,경상
2016122600100198,2016년 12월 26일 11시,월요일,대구광역시 중구 동인동4가,경상사고,0,0,1,0,차대차 - 측면충돌,교차로운행방법위반,습기,비,교차로 - 교차로안,화물,남,59세,상해없음,승용,여,46세,경상
2016122600100220,2016년 12월 26일 12시,월요일,대구광역시 중구 봉산동,경상사고,0,0,1,0,차대차 - 기타,기타,습기,비,교차로 - 교차로부근,승용,남,44세,상해없음,이륜,남,75세,경상
2016122600100221,2016년 12월 26일 12시,월요일,대구광역시 북구 읍내동,경상사고,0,0,1,0,차대차 - 추돌,안전운전불이행,습기,비,교차로 - 교차로안,승용,남,53세,상해없음,승용,남,59세,경상
2016122600100253,2016년 12월 26일 13시,월요일,대구광역시 수성구 만촌동,경상사고,0,0,1,0,차대차 - 추돌,안전운전불이행,습기,비,단일로 - 기타,승용,여,60세,상해없음,승용,남,41세,경상
2016122600100254,2016년 12월 26일 13시,월요일,대구광역시 달성군 다사읍,중상사고,0,1,0,0,차대차 - 정면충돌,중앙선침범,습기,비,단일로 - 기타,화물,남,49세,기타불명,승합,남,59세,중상
2016122600100255,2016년 12월 26일 13시,월요일,대구광역시 서구 평리동,경상사고,0,0,2,0,차대차 - 기타,안전거리미확보,습기,비,단일로 - 기타,승용,여,63세,상해없음,승용,남,53세,경상
2016122600100288,2016년 12월 26일 14시,월요일,대구광역시 달서구 본동,중상사고,0,1,0,0,차대사람 - 횡단중,보행자보호의무위반,습기,비,교차로 - 교차로부근,화물,남,45세,상해없음,보행자,남,82세,중상
2016122600100289,2016년 12월 26일 14시,월요일,대구광역시 중구 동인동2가,경상사고,0,0,1,0,차대차 - 측면충돌,차로위반,습기,비,단일로 - 기타,승용,남,68세,상해없음,승용,남,47세,경상
2016122600100315,2016년 12월 26일 15시,월요일,대구광역시 동구 율하동,경상사고,0,0,2,0,차대차 - 기타,안전운전불이행,건조,맑음,교차로 - 교차로부근,승용,여,30세,상해없음,승용,여,43세,경상
2016122600100316,2016년 12월 26일 15시,월요일,대구광역시 중구 대봉동,부상신고사고,0,0,0,1,차대차 - 추돌,안전운전불이행,건조,맑음,단일로 - 기타,승용,여,45세,상해없음,승용,남,34세,부상신고
2016122600100344,2016년 12월 26일 16시,월요일,대구광역시 동구 신천동,중상사고,0,1,0,0,차대차 - 측면충돌,안전운전불이행,습기,비,교차로 - 교차로부근,승용,남,25세,상해없음,승용,남,61세,중상
2016122600100389,2016년 12월 26일 17시,월요일,대구광역시 수성구 신매동,중상사고,0,1,0,0,차대사람 - 횡단중,안전운전불이행,습기,비,교차로 - 교차로안,승용,남,41세,상해없음,보행자,남,75세,중상
2016122600100390,2016년 12월 26일 17시,월요일,대구광역시 북구 노원동3가,경상사고,0,0,2,0,차대차 - 기타,불법유턴,습기,비,단일로 - 기타,이륜,남,67세,상해없음,승용,남,62세,상해없음
2016122600100391,2016년 12월 26일 17시,월요일,대구광역시 북구 노원동3가,경상사고,0,0,2,0,차대차 - 추돌,안전거리미확보,습기,비,교차로 - 교차로부근,승용,여,20세,상해없음,승용,남,56세,경상
2016122600100392,2016년 12월 26일 17시,월요일,대구광역시 서구 비산동,경상사고,0,0,4,0,차대차 - 측면충돌,안전거리미확보,건조,맑음,단일로 - 기타,승용,남,36세,상해없음,승용,남,65세,경상
2016122600100393,2016년 12월 26일 17시,월요일,대구광역시 서구 평리동,경상사고,0,0,2,0,차대차 - 측면직각충돌,안전운전불이행,습기,비,교차로 - 교차로부근,화물,남,50세,상해없음,승용,남,30세,경상
2016122600100394,2016년 12월 26일 17시,월요일,대구광역시 북구 매천동,중상사고,0,1,2,0,차대차 - 정면충돌,안전거리미확보,습기,비,단일로 - 기타,화물,남,54세,상해없음,승용,남,48세,상해없음
2016122600100395,2016년 12월 26일 17시,월요일,대구광역시 북구 동천동,경상사고,0,0,2,0,차대사람 - 횡단중,보행자보호의무위반,건조,맑음,단일로 - 횡단보도상,승용,남,56세,경상,보행자,남,31세,경상
2016122600100453,2016년 12월 26일 18시,월요일,대구광역시 동구 동호동,경상사고,0,0,1,0,차대차 - 측면충돌,안전거리미확보,건조,맑음,교차로 - 교차로안,승용,남,60세,상해없음,이륜,남,36세,경상
2016122600100454,2016년 12월 26일 18시,월요일,대구광역시 달서구 송현동,부상신고사고,0,0,0,1,차대차 - 기타,안전거리미확보,습기,비,단일로 - 기타,기타불명,기타불명,기타불명,기타불명,이륜,남,48세,부상신고
2016122600100455,2016년 12월 26일 18시,월요일,대구광역시 달성군 화원읍,부상신고사고,0,0,0,1,차대사람 - 횡단중,안전운전불이행,건조,맑음,단일로 - 기타,승용,기타불명,기타불명,기타불명,보행자,여,10세,부상신고
2016122600100456,2016년 12월 26일 18시,월요일,대구광역시 서구 내당동,경상사고,0,0,1,0,차대차 - 기타,안전운전불이행,습기,비,단일로 - 기타,승용,남,61세,상해없음,승용,여,27세,경상
2016122600100457,2016년 12월 26일 18시,월요일,대구광역시 북구 구암동,중상사고,0,1,0,0,차대차 - 측면충돌,교차로운행방법위반,건조,맑음,교차로 - 교차로안,승용,여,43세,상해없음,원동기,남,21세,중상
2016122600100497,2016년 12월 26일 19시,월요일,대구광역시 동구 율하동,중상사고,0,1,0,0,차대사람 - 횡단중,보행자보호의무위반,습기,비,교차로 - 교차로부근,승용,남,52세,상해없음,보행자,남,71세,중상
2016122600100498,2016년 12월 26일 19시,월요일,대구광역시 서구 중리동,중상사고,0,1,0,0,차대사람 - 횡단중,안전운전불이행,건조,맑음,단일로 - 기타,승용,남,38세,상해없음,보행자,남,75세,중상
2016122600100499,2016년 12월 26일 19시,월요일,대구광역시 서구 상리동,경상사고,0,0,1,0,차대차 - 측면충돌,교차로운행방법위반,건조,맑음,교차로 - 교차로안,화물,남,34세,경상,화물,남,22세,상해없음
2016122600100500,2016년 12월 26일 19시,월요일,대구광역시 북구 팔달동,경상사고,0,0,1,0,차대차 - 추돌,안전운전불이행,습기,비,교차로 - 교차로부근,승용,남,47세,상해없음,승용,남,65세,상해없음
2016122600100528,2016년 12월 26일 20시,월요일,대구광역시 북구 금호동,경상사고,0,0,1,0,차대차 - 측면직각충돌,안전운전불이행,습기,비,단일로 - 기타,승용,남,64세,상해없음,승용,남,27세,경상
2016122600100536,2016년 12월 26일 20시,월요일,대구광역시 수성구 황금동,부상신고사고,0,0,0,1,차대차 - 정면충돌,신호위반,습기,비,교차로 - 교차로안,이륜,남,38세,부상신고,승용,남,42세,상해없음
2016122600100537,2016년 12월 26일 20시,월요일,대구광역시 달서구 월암동,중상사고,0,1,0,0,차대사람 - 횡단중,보행자보호의무위반,건조,맑음,교차로 - 교차로안,승용,남,48세,상해없음,보행자,남,54세,중상
2016122600100538,2016년 12월 26일 20시,월요일,대구광역시 북구 칠성동2가,중상사고,0,1,1,0,차대차 - 추돌,중앙선침범,습기,비,교차로 - 교차로부근,승용,남,21세,상해없음,승용,남,28세,중상
2016122600100539,2016년 12월 26일 20시,월요일,대구광역시 중구 남산동,부상신고사고,0,0,0,1,차대사람 - 횡단중,안전운전불이행,습기,비,단일로 - 기타,승용,남,56세,상해없음,보행자,남,63세,부상신고
2016122600100566,2016년 12월 26일 21시,월요일,대구광역시 남구 대명동,중상사고,0,1,0,0,차대차 - 정면충돌,교차로운행방법위반,기타,비,교차로 - 교차로안,승용,남,37세,상해없음,이륜,남,17세,중상
2016122600100567,2016년 12월 26일 21시,월요일,대구광역시 북구 대현동,중상사고,0,1,0,0,차대사람 - 횡단중,보행자보호의무위반,습기,비,단일로 - 횡단보도상,승용,남,64세,상해없음,보행자,남,43세,중상
2016122600100568,2016년 12월 26일 21시,월요일,대구광역시 북구 노원동2가,중상사고,0,1,0,0,차대차 - 측면직각충돌,안전운전불이행,습기,비,교차로 - 교차로안,승용,남,62세,상해없음,자전거,남,60세,중상
2016122600100569,2016년 12월 26일 21시,월요일,대구광역시 달서구 용산동,경상사고,0,0,1,0,차대사람 - 기타,안전운전불이행,습기,비,단일로 - 기타,승용,여,30세,상해없음,보행자,남,21세,경상
2016122600100570,2016년 12월 26일 21시,월요일,대구광역시 북구 서변동,경상사고,0,0,1,0,차대차 - 추돌,안전운전불이행,습기,비,단일로 - 기타,승용,여,50세,상해없음,승용,남,30세,경상
2016122600100599,2016년 12월 26일 22시,월요일,대구광역시 수성구 범어동,경상사고,0,0,2,0,차대사람 - 횡단중,보행자보호의무위반,건조,맑음,단일로 - 횡단보도상,승용,여,26세,상해없음,보행자,남,61세,경상
2016122600100601,2016년 12월 26일 22시,월요일,대구광역시 서구 평리동,경상사고,0,0,1,1,차대차 - 측면충돌,안전운전불이행,습기,맑음,단일로 - 기타,승용,남,29세,부상신고,승용,여,45세,경상
2016122600100624,2016년 12월 26일 23시,월요일,대구광역시 수성구 상동,중상사고,0,1,0,0,차대사람 - 횡단중,안전운전불이행,습기,흐림,단일로 - 기타,승용,남,48세,상해없음,보행자,남,35세,중상
2016122600100625,2016년 12월 26일 23시,월요일,대구광역시 서구 비산동,중상사고,0,1,0,0,차대사람 - 횡단중,안전운전불이행,습기,비,단일로 - 횡단보도상,승용,남,49세,상해없음,보행자,남,44세,중상
2016122700100012,2016년 12월 27일 00시,화요일,대구광역시 수성구 지산동,경상사고,0,0,2,0,차대차 - 추돌,안전운전불이행,습기,비,교차로 - 교차로부근,승용,남,37세,상해없음,승용,남,28세,경상
2016122700100013,2016년 12월 27일 00시,화요일,대구광역시 달서구 송현동,경상사고,0,0,1,0,차대차 - 측면충돌,차로위반,습기,흐림,단일로 - 기타,승용,남,62세,상해없음,승용,남,52세,경상
2016122700100014,2016년 12월 27일 00시,화요일,대구광역시 북구 산격동,경상사고,0,0,2,0,차대차 - 측면직각충돌,안전거리미확보,건조,맑음,단일로 - 교량,승용,남,40세,상해없음,화물,남,51세,경상
2016122700100015,2016년 12월 27일 00시,화요일,대구광역시 중구 남산동,경상사고,0,0,2,0,차대차 - 측면충돌,안전운전불이행,건조,맑음,교차로 - 교차로부근,승용,여,45세,상해없음,승용,남,46세,경상
2016122700100016,2016년 12월 27일 00시,화요일,대구광역시 중구 삼덕동3가,중상사고,0,1,3,0,차대차 - 추돌,안전거리미확보,건조,맑음,단일로 - 기타,승용,남,47세,상해없음,승용,여,49세,중상
2016122700100033,2016년 12월 27일 01시,화요일,대구광역시 수성구 신매동,중상사고,0,1,2,1,차대차 - 측면직각충돌,안전거리미확보,습기,비,단일로 - 기타,승용,여,47세,부상신고,승용,남,64세,중상
2016122700100034,2016년 12월 27일 01시,화요일,대구광역시 북구 침산동,경상사고,0,0,1,0,차량단독 - 전도전복,안전운전불이행,습기,비,단일로 - 기타,승용,남,29세,경상,,,,
2016122700100039,2016년 12월 27일 02시,화요일,대구광역시 북구 칠성동1가,중상사고,0,1,0,0,차대차 - 측면충돌,신호위반,건조,맑음,교차로 - 교차로안,승합,남,28세,상해없음,승용,남,54세,중상
2016122700100045,2016년 12월 27일 03시,화요일,대구광역시 동구 용계동,중상사고,0,1,1,0,차대차 - 추돌,안전운전불이행,습기,비,교차로 - 교차로부근,화물,남,41세,상해없음,승용,남,49세,중상
2016122700100060,2016년 12월 27일 05시,화요일,대구광역시 달성군 유가면,중상사고,0,1,0,0,차대차 - 추돌,안전운전불이행,습기,맑음,교차로 - 교차로부근,화물,남,62세,상해없음,승용,남,81세,중상
2016122700100073,2016년 12월 27일 06시,화요일,대구광역시 서구 비산동,중상사고,0,1,0,0,차대차 - 측면충돌,안전운전불이행,건조,맑음,교차로 - 교차로안,승용,남,54세,상해없음,자전거,남,69세,중상
2016122700100128,2016년 12월 27일 08시,화요일,대구광역시 남구 대명동,경상사고,0,0,1,0,차대사람 - 횡단중,보행자보호의무위반,건조,흐림,단일로 - 횡단보도상,승용,남,48세,상해없음,보행자,여,16세,경상
2016122700100129,2016년 12월 27일 08시,화요일,대구광역시 남구 봉덕동,중상사고,0,1,0,0,차대사람 - 기타,기타,건조,맑음,단일로 - 기타,승용,남,48세,상해없음,보행자,여,7세,중상
2016122700100130,2016년 12월 27일 08시,화요일,대구광역시 달서구 이곡동,경상사고,0,0,2,0,차대차 - 기타,안전운전불이행,건조,맑음,단일로 - 기타,화물,남,49세,경상,승용,남,69세,경상
2016122700100152,2016년 12월 27일 09시,화요일,대구광역시 수성구 범어동,경상사고,0,0,4,0,차대차 - 측면충돌,안전운전불이행,건조,맑음,교차로 - 교차로부근,승용,여,46세,상해없음,승용,남,53세,경상
2016122700100153,2016년 12월 27일 09시,화요일,대구광역시 달서구 두류동,경상사고,0,0,2,0,차대차 - 정면충돌,중앙선침범,건조,맑음,교차로 - 교차로부근,승용,남,27세,상해없음,승용,여,28세,경상
2016122700100222,2016년 12월 27일 12시,화요일,대구광역시 수성구 지산동,경상사고,0,0,1,0,차대차 - 측면직각충돌,교차로운행방법위반,건조,맑음,교차로 - 교차로안,승용,여,45세,상해없음,승용,여,33세,경상
2016122700100223,2016년 12월 27일 12시,화요일,대구광역시 북구 침산동,경상사고,0,0,1,0,차대사람 - 횡단중,보행자보호의무위반,건조,맑음,단일로 - 기타,승합,남,64세,상해없음,보행자,여,74세,경상
2016122700100250,2016년 12월 27일 13시,화요일,대구광역시 달성군 화원읍,중상사고,0,2,0,0,차대차 - 기타,안전운전불이행,건조,맑음,교차로 - 교차로안,승용,남,64세,상해없음,승용,여,50세,중상
2016122700100251,2016년 12월 27일 13시,화요일,대구광역시 북구 산격동,중상사고,0,2,1,0,차대차 - 추돌,안전거리미확보,건조,맑음,교차로 - 교차로부근,승용,여,24세,경상,승용,여,51세,중상
2016122700100252,2016년 12월 27일 13시,화요일,대구광역시 북구 학정동,경상사고,0,0,2,0,차대차 - 측면직각충돌,교차로운행방법위반,건조,맑음,교차로 - 교차로안,승용,남,64세,상해없음,승용,여,68세,경상
2016122700100292,2016년 12월 27일 14시,화요일,대구광역시 달서구 상인동,중상사고,0,1,0,0,차대차 - 측면충돌,직진우회전진행방해,건조,맑음,교차로 - 교차로안,승용,여,62세,상해없음,이륜,남,57세,중상
2016122700100330,2016년 12월 27일 15시,화요일,대구광역시 달서구 본동,경상사고,0,0,2,0,차대차 - 측면충돌,안전거리미확보,건조,맑음,단일로 - 기타,승용,남,23세,경상,이륜,남,44세,경상
2016122700100360,2016년 12월 27일 16시,화요일,대구광역시 수성구 지산동,경상사고,0,0,1,0,차대사람 - 길가장자리구역통행중,안전운전불이행,건조,맑음,교차로 - 교차로부근,기타불명,기타불명,기타불명,기타불명,보행자,여,50세,경상
2016122700100361,2016년 12월 27일 16시,화요일,대구광역시 달서구 본동,경상사고,0,0,1,0,차대차 - 기타,안전운전불이행,건조,맑음,교차로 - 교차로부근,승용,남,46세,상해없음,자전거,여,59세,경상
2016122700100362,2016년 12월 27일 16시,화요일,대구광역시 북구 대현동,경상사고,0,0,1,0,차대차 - 측면충돌,안전운전불이행,건조,맑음,단일로 - 기타,원동기,남,25세,경상,화물,남,56세,상해없음
2016122700100392,2016년 12월 27일 17시,화요일,대구광역시 남구 대명동,중상사고,0,1,0,0,차대차 - 측면충돌,안전운전불이행,건조,맑음,단일로 - 기타,승용,여,45세,상해없음,승용,남,26세,중상
2016122700100393,2016년 12월 27일 17시,화요일,대구광역시 달서구 상인동,경상사고,0,0,1,0,차대사람 - 횡단중,안전운전불이행,건조,맑음,단일로 - 기타,기타불명,기타불명,기타불명,기타불명,보행자,남,24세,경상
2016122700100394,2016년 12월 27일 17시,화요일,대구광역시 달성군 가창면,중상사고,0,1,2,0,차대차 - 측면직각충돌,안전운전불이행,건조,맑음,교차로 - 교차로부근,승용,여,68세,경상,승용,남,34세,중상
2016122700100395,2016년 12월 27일 17시,화요일,대구광역시 북구 침산동,경상사고,0,0,1,0,차대사람 - 기타,안전운전불이행,건조,맑음,단일로 - 기타,승용,남,61세,상해없음,보행자,여,16세,경상
2016122700100396,2016년 12월 27일 17시,화요일,대구광역시 서구 중리동,중상사고,0,1,0,0,차대사람 - 횡단중,안전운전불이행,건조,맑음,단일로 - 기타,승용,여,38세,상해없음,보행자,여,64세,중상
2016122700100446,2016년 12월 27일 18시,화요일,대구광역시 북구 구암동,경상사고,0,0,1,0,차대사람 - 횡단중,보행자보호의무위반,건조,맑음,단일로 - 횡단보도상,승용,여,34세,상해없음,보행자,남,59세,경상
2016122700100480,2016년 12월 27일 19시,화요일,대구광역시 달성군 유가면,경상사고,0,0,2,0,차대차 - 추돌,안전운전불이행,건조,맑음,교차로 - 교차로부근,이륜,남,19세,상해없음,승용,여,32세,경상
2016122700100481,2016년 12월 27일 19시,화요일,대구광역시 중구 삼덕동1가,경상사고,0,0,1,0,차대사람 - 기타,안전운전불이행,건조,맑음,교차로 - 교차로부근,승용,남,42세,상해없음,보행자,남,27세,경상
2016122700100505,2016년 12월 27일 20시,화요일,대구광역시 달성군 옥포면,중상사고,0,1,1,0,차대차 - 측면직각충돌,차로위반,건조,맑음,단일로 - 기타,승용,기타불명,기타불명,기타불명,승용,남,33세,중상
2016122700100507,2016년 12월 27일 20시,화요일,대구광역시 수성구 황금동,경상사고,0,0,2,0,차대사람 - 횡단중,보행자보호의무위반,건조,맑음,교차로 - 교차로부근,승용,남,68세,상해없음,보행자,여,44세,경상
2016122700100508,2016년 12월 27일 20시,화요일,대구광역시 달서구 진천동,경상사고,0,0,1,0,차대차 - 추돌,안전거리미확보,건조,맑음,교차로 - 교차로부근,승용,여,35세,상해없음,원동기,남,31세,경상
2016122700100509,2016년 12월 27일 20시,화요일,대구광역시 서구 평리동,경상사고,0,0,1,0,차대차 - 측면충돌,안전거리미확보,건조,맑음,단일로 - 기타,승용,남,23세,상해없음,승합,남,34세,경상
2016122700100538,2016년 12월 27일 21시,화요일,대구광역시 서구 비산동,경상사고,0,0,1,0,차대차 - 측면직각충돌,기타,건조,맑음,단일로 - 기타,승용,남,52세,상해없음,이륜,여,56세,경상
2016122800100016,2016년 12월 28일 00시,수요일,대구광역시 달서구 본동,경상사고,0,0,1,0,차대사람 - 기타,안전운전불이행,건조,맑음,단일로 - 기타,원동기,남,38세,상해없음,보행자,남,35세,경상
2016122800100017,2016년 12월 28일 00시,수요일,대구광역시 북구 동천동,경상사고,0,0,2,0,차대차 - 측면충돌,안전운전불이행,건조,맑음,교차로 - 교차로안,승용,남,31세,상해없음,승용,남,23세,경상
2016122800100029,2016년 12월 28일 01시,수요일,대구광역시 북구 동천동,경상사고,0,0,4,0,차대차 - 추돌,안전운전불이행,건조,맑음,단일로 - 기타,승용,남,59세,상해없음,승용,남,58세,경상
2016122800100040,2016년 12월 28일 02시,수요일,대구광역시 동구 신암동,경상사고,0,0,1,0,차대차 - 측면충돌,안전운전불이행,건조,맑음,교차로 - 교차로부근,승용,남,41세,상해없음,승용,남,66세,경상
2016122800100050,2016년 12월 28일 03시,수요일,대구광역시 달서구 대천동,경상사고,0,0,1,0,차량단독 - 전도전복,안전운전불이행,건조,맑음,교차로 - 교차로안,승용,남,42세,경상,,,,
2016122800100082,2016년 12월 28일 06시,수요일,대구광역시 달서구 유천동,경상사고,0,0,1,0,차대차 - 측면충돌,안전운전불이행,건조,맑음,교차로 - 교차로안,화물,남,56세,상해없음,승용,여,48세,경상
2016122800100134,2016년 12월 28일 08시,수요일,대구광역시 달서구 두류동,경상사고,0,0,1,0,차대차 - 추돌,안전운전불이행,건조,맑음,단일로 - 기타,승용,남,49세,상해없음,승용,여,31세,경상
2016122800100170,2016년 12월 28일 09시,수요일,대구광역시 달성군 현풍면,중상사고,0,1,2,0,차대차 - 측면직각충돌,안전운전불이행,건조,맑음,교차로 - 교차로안,승용,남,64세,경상,승용,남,56세,중상
2016122800100171,2016년 12월 28일 09시,수요일,대구광역시 서구 내당동,부상신고사고,0,0,0,1,차대차 - 측면충돌,안전운전불이행,건조,맑음,단일로 - 기타,이륜,남,72세,부상신고,승용,여,49세,상해없음
2016122800100172,2016년 12월 28일 09시,수요일,대구광역시 서구 내당동,경상사고,0,0,1,0,차대차 - 측면직각충돌,교차로운행방법위반,건조,맑음,교차로 - 교차로안,승용,남,57세,상해없음,자전거,남,43세,경상
2016122800100173,2016년 12월 28일 09시,수요일,대구광역시 중구 삼덕동3가,중상사고,0,1,0,0,차대차 - 추돌,안전거리미확보,건조,맑음,단일로 - 기타,화물,남,56세,상해없음,승용,여,63세,중상
2016122800100202,2016년 12월 28일 10시,수요일,대구광역시 달서구 도원동,경상사고,0,0,1,0,차대차 - 측면충돌,중앙선침범,건조,맑음,단일로 - 기타,승용,남,68세,상해없음,승용,남,74세,경상
2016122800100231,2016년 12월 28일 11시,수요일,대구광역시 달서구 진천동,경상사고,0,0,1,0,차대차 - 측면충돌,신호위반,건조,맑음,단일로 - 횡단보도상,승용,남,85세,상해없음,자전거,여,64세,경상
2016122800100254,2016년 12월 28일 12시,수요일,대구광역시 동구 신천동,중상사고,0,1,0,0,차량단독 - 기타,안전운전불이행,건조,맑음,단일로 - 기타,승합,남,47세,상해없음,,,,
2016122800100256,2016년 12월 28일 12시,수요일,대구광역시 북구 고성동1가,경상사고,0,0,1,0,차대차 - 측면충돌,직진우회전진행방해,건조,맑음,교차로 - 교차로안,화물,남,53세,상해없음,이륜,남,36세,경상
2016122800100284,2016년 12월 28일 13시,수요일,대구광역시 수성구 만촌동,경상사고,0,0,1,0,차대차 - 측면충돌,중앙선침범,건조,맑음,교차로 - 교차로부근,이륜,남,63세,경상,승용,여,77세,상해없음
2016122800100285,2016년 12월 28일 13시,수요일,대구광역시 달서구 도원동,중상사고,0,1,0,0,차대사람 - 횡단중,안전운전불이행,건조,맑음,단일로 - 기타,승용,여,55세,기타불명,보행자,남,11세,중상
2016122800100286,2016년 12월 28일 13시,수요일,대구광역시 서구 내당동,경상사고,0,0,1,0,차대차 - 추돌,안전운전불이행,건조,맑음,교차로 - 교차로부근,승용,남,61세,상해없음,승용,남,79세,상해없음
2016122800100322,2016년 12월 28일 14시,수요일,대구광역시 수성구 범어동,경상사고,0,0,3,0,차대차 - 측면충돌,안전운전불이행,건조,맑음,단일로 - 기타,화물,남,69세,상해없음,승용,남,67세,경상
2016122800100323,2016년 12월 28일 14시,수요일,대구광역시 수성구 수성동2가,부상신고사고,0,0,0,1,차대차 - 추돌,안전운전불이행,건조,맑음,교차로 - 교차로부근,이륜,남,16세,부상신고,승용,여,42세,상해없음
2016122800100324,2016년 12월 28일 14시,수요일,대구광역시 중구 남산동,경상사고,0,0,3,0,차대차 - 정면충돌,안전거리미확보,건조,맑음,단일로 - 기타,승용,여,29세,경상,화물,남,31세,상해없음
2016122800100361,2016년 12월 28일 15시,수요일,대구광역시 중구 대봉동,경상사고,0,0,1,0,차대차 - 기타,안전운전불이행,건조,맑음,단일로 - 기타,승용,남,35세,상해없음,승용,남,29세,경상
2016122800100393,2016년 12월 28일 16시,수요일,대구광역시 달서구 이곡동,경상사고,0,0,1,0,차대차 - 추돌,안전운전불이행,건조,맑음,기타 - 기타,이륜,남,38세,경상,승합,남,43세,상해없음
2016122800100425,2016년 12월 28일 17시,수요일,대구광역시 서구 내당동,중상사고,0,1,0,0,차대사람 - 길가장자리구역통행중,안전운전불이행,건조,맑음,단일로 - 기타,승용,남,17세,상해없음,보행자,여,58세,중상
2016122800100483,2016년 12월 28일 18시,수요일,대구광역시 달서구 송현동,중상사고,0,1,0,0,차대차 - 기타,안전거리미확보,건조,맑음,단일로 - 기타,승용,남,67세,상해없음,이륜,남,41세,중상
2016122800100484,2016년 12월 28일 18시,수요일,대구광역시 서구 내당동,경상사고,0,0,3,0,차대차 - 측면충돌,차로위반,건조,맑음,단일로 - 기타,승용,여,45세,상해없음,승용,남,18세,경상
2016122800100485,2016년 12월 28일 18시,수요일,대구광역시 서구 내당동,부상신고사고,0,0,0,1,차대사람 - 횡단중,안전운전불이행,건조,맑음,교차로 - 교차로부근,승합,남,55세,상해없음,보행자,남,67세,부상신고
2016122800100486,2016년 12월 28일 18시,수요일,대구광역시 중구 동인동2가,경상사고,0,0,2,0,차대차 - 측면직각충돌,안전거리미확보,건조,맑음,단일로 - 기타,승용,남,33세,경상,화물,남,53세,경상
2016122800100525,2016년 12월 28일 19시,수요일,대구광역시 수성구 만촌동,경상사고,0,0,1,0,차대차 - 기타,안전운전불이행,건조,맑음,단일로 - 기타,승용,여,28세,상해없음,이륜,남,38세,경상
2016122800100526,2016년 12월 28일 19시,수요일,대구광역시 서구 비산동,경상사고,0,0,1,0,차대차 - 측면충돌,안전거리미확보,건조,맑음,단일로 - 기타,화물,남,50세,상해없음,승용,남,59세,경상
2016122800100527,2016년 12월 28일 19시,수요일,대구광역시 달서구 용산동,경상사고,0,0,1,0,차대차 - 측면직각충돌,신호위반,건조,맑음,교차로 - 교차로부근,승용,여,63세,상해없음,원동기,남,30세,경상